event_id,relative_time_s,source_time_s,beat_position_est,bar_est,beat_in_bar_est,low_energy_ratio,mid_energy_ratio,high_energy_ratio,drum_class_hypothesis,class_confidence,onset_confidence,status,provenance
BE-003:perc:00001,1.439637,709.439637,0.000000,1,1.000000,0.003219,0.982645,0.014136,snare_or_mid_percussion,0.982645,1.000000,EVENT_HYPOTHESIS,shared_audio_intelligence_v0_2;percussive_hpss;owner_supplied_audio
BE-003:perc:00002,1.671837,709.671837,0.312500,1,1.312500,0.115876,0.881250,0.002875,snare_or_mid_percussion,0.881250,1.000000,EVENT_HYPOTHESIS,shared_audio_intelligence_v0_2;percussive_hpss;owner_supplied_audio
BE-003:perc:00003,1.950476,709.950476,0.687500,1,1.687500,0.004223,0.995672,0.000105,snare_or_mid_percussion,0.995672,0.784904,EVENT_HYPOTHESIS,shared_audio_intelligence_v0_2;percussive_hpss;owner_supplied_audio
BE-003:perc:00004,2.182676,710.182676,1.000000,1,2.000000,0.009401,0.974093,0.016506,snare_or_mid_percussion,0.974093,1.000000,EVENT_HYPOTHESIS,shared_audio_intelligence_v0_2;percussive_hpss;owner_supplied_audio
BE-003:perc:00005,2.623855,710.623855,1.678571,1,2.678571,0.001960,0.971478,0.026562,snare_or_mid_percussion,0.971478,1.000000,EVENT_HYPOTHESIS,shared_audio_intelligence_v0_2;percussive_hpss;owner_supplied_audio
BE-003:perc:00006,2.832834,710.832834,2.000000,1,3.000000,0.129352,0.863849,0.006799,snare_or_mid_percussion,0.863849,1.000000,EVENT_HYPOTHESIS,shared_audio_intelligence_v0_2;percussive_hpss;owner_supplied_audio
BE-003:perc:00007,3.065034,711.065034,2.454545,1,3.454545,0.004268,0.987441,0.008290,snare_or_mid_percussion,0.987441,1.000000,EVENT_HYPOTHESIS,shared_audio_intelligence_v0_2;percussive_hpss;owner_supplied_audio
BE-003:perc:00008,3.320454,711.320454,2.954545,1,3.954545,0.003732,0.981252,0.015016,snare_or_mid_percussion,0.981252,1.000000,EVENT_HYPOTHESIS,shared_audio_intelligence_v0_2;percussive_hpss;owner_supplied_audio
BE-003:perc:00009,3.738413,711.738413,3.607143,1,4.607143,0.003582,0.952778,0.043640,snare_or_mid_percussion,0.952778,1.000000,EVENT_HYPOTHESIS,shared_audio_intelligence_v0_2;percussive_hpss;owner_supplied_audio
BE-003:perc:00010,3.993832,711.993832,4.000000,2,1.000000,0.437372,0.560207,0.002421,kick_or_low_percussion,0.437372,1.000000,EVENT_HYPOTHESIS,shared_audio_intelligence_v0_2;percussive_hpss;owner_supplied_audio
BE-003:perc:00011,4.202812,712.202812,4.450000,2,1.450000,0.071956,0.919675,0.008369,snare_or_mid_percussion,0.919675,1.000000,EVENT_HYPOTHESIS,shared_audio_intelligence_v0_2;percussive_hpss;owner_supplied_audio
BE-003:perc:00012,4.435011,712.435011,4.950000,2,1.950000,0.004034,0.988314,0.007652,snare_or_mid_percussion,0.988314,1.000000,EVENT_HYPOTHESIS,shared_audio_intelligence_v0_2;percussive_hpss;owner_supplied_audio
BE-003:perc:00013,4.852971,712.852971,5.653846,2,2.653846,0.012489,0.956078,0.031433,snare_or_mid_percussion,0.956078,1.000000,EVENT_HYPOTHESIS,shared_audio_intelligence_v0_2;percussive_hpss;owner_supplied_audio
BE-003:perc:00014,5.061950,713.061950,6.000000,2,3.000000,0.162494,0.836768,0.000738,snare_or_mid_percussion,0.836768,0.959877,EVENT_HYPOTHESIS,shared_audio_intelligence_v0_2;percussive_hpss;owner_supplied_audio
BE-003:perc:00015,5.317370,713.317370,6.478261,2,3.478261,0.236562,0.762057,0.001381,snare_or_mid_percussion,0.762057,0.615924,EVENT_HYPOTHESIS,shared_audio_intelligence_v0_2;percussive_hpss;owner_supplied_audio
BE-003:perc:00016,5.433469,713.433469,6.695652,2,3.695652,0.075929,0.918511,0.005561,snare_or_mid_percussion,0.918511,0.678320,EVENT_HYPOTHESIS,shared_audio_intelligence_v0_2;percussive_hpss;owner_supplied_audio
BE-003:perc:00017,5.572789,713.572789,6.956522,2,3.956522,0.001066,0.985481,0.013452,snare_or_mid_percussion,0.985481,1.000000,EVENT_HYPOTHESIS,shared_audio_intelligence_v0_2;percussive_hpss;owner_supplied_audio
BE-003:perc:00018,5.990748,713.990748,7.680000,2,4.680000,0.001310,0.994400,0.004290,snare_or_mid_percussion,0.994400,1.000000,EVENT_HYPOTHESIS,shared_audio_intelligence_v0_2;percussive_hpss;owner_supplied_audio
BE-003:perc:00019,6.176508,714.176508,8.000000,3,1.000000,0.042936,0.942191,0.014873,snare_or_mid_percussion,0.942191,1.000000,EVENT_HYPOTHESIS,shared_audio_intelligence_v0_2;percussive_hpss;owner_supplied_audio
BE-003:perc:00020,6.431927,714.431927,8.578947,3,1.578947,0.006527,0.991201,0.002272,snare_or_mid_percussion,0.991201,0.542911,EVENT_HYPOTHESIS,shared_audio_intelligence_v0_2;percussive_hpss;owner_supplied_audio
BE-003:perc:00021,6.594467,714.594467,8.947368,3,1.947368,0.117747,0.863068,0.019185,snare_or_mid_percussion,0.863068,1.000000,EVENT_HYPOTHESIS,shared_audio_intelligence_v0_2;percussive_hpss;owner_supplied_audio
BE-003:perc:00022,7.082086,715.082086,9.952381,3,2.952381,0.001849,0.990302,0.007849,snare_or_mid_percussion,0.990302,1.000000,EVENT_HYPOTHESIS,shared_audio_intelligence_v0_2;percussive_hpss;owner_supplied_audio
BE-003:perc:00023,7.267846,715.267846,10.269231,3,3.269231,0.243688,0.747736,0.008576,snare_or_mid_percussion,0.747736,0.961736,EVENT_HYPOTHESIS,shared_audio_intelligence_v0_2;percussive_hpss;owner_supplied_audio
BE-003:perc:00024,7.523265,715.523265,10.692308,3,3.692308,0.159931,0.805232,0.034838,snare_or_mid_percussion,0.805232,0.871576,EVENT_HYPOTHESIS,shared_audio_intelligence_v0_2;percussive_hpss;owner_supplied_audio
BE-003:perc:00025,7.709025,715.709025,11.000000,3,4.000000,0.053787,0.932286,0.013926,snare_or_mid_percussion,0.932286,1.000000,EVENT_HYPOTHESIS,shared_audio_intelligence_v0_2;percussive_hpss;owner_supplied_audio
BE-003:perc:00026,8.150204,716.150204,11.950000,3,4.950000,0.008445,0.948019,0.043537,snare_or_mid_percussion,0.948019,1.000000,EVENT_HYPOTHESIS,shared_audio_intelligence_v0_2;percussive_hpss;owner_supplied_audio
BE-003:perc:00027,8.382404,716.382404,12.333333,4,1.333333,0.425226,0.571236,0.003539,kick_or_low_percussion,0.425226,1.000000,EVENT_HYPOTHESIS,shared_audio_intelligence_v0_2;percussive_hpss;owner_supplied_audio
BE-003:perc:00028,8.614603,716.614603,12.703704,4,1.703704,0.284215,0.707172,0.008613,snare_or_mid_percussion,0.707172,0.556908,EVENT_HYPOTHESIS,shared_audio_intelligence_v0_2;percussive_hpss;owner_supplied_audio
BE-003:perc:00029,8.777143,716.777143,12.962963,4,1.962963,0.017851,0.976445,0.005704,snare_or_mid_percussion,0.976445,0.900174,EVENT_HYPOTHESIS,shared_audio_intelligence_v0_2;percussive_hpss;owner_supplied_audio
BE-003:perc:00030,9.218322,717.218322,13.947368,4,2.947368,0.082915,0.905454,0.011632,snare_or_mid_percussion,0.905454,0.952850,EVENT_HYPOTHESIS,shared_audio_intelligence_v0_2;percussive_hpss;owner_supplied_audio
BE-003:perc:00031,9.798821,717.798821,14.960000,4,3.960000,0.019757,0.978012,0.002231,snare_or_mid_percussion,0.978012,0.905268,EVENT_HYPOTHESIS,shared_audio_intelligence_v0_2;percussive_hpss;owner_supplied_audio
BE-003:perc:00032,9.961361,717.961361,15.272727,4,4.272727,0.025268,0.972651,0.002082,snare_or_mid_percussion,0.972651,0.653378,EVENT_HYPOTHESIS,shared_audio_intelligence_v0_2;percussive_hpss;owner_supplied_audio
BE-003:perc:00033,10.216780,718.216780,15.772727,4,4.772727,0.027394,0.969725,0.002881,snare_or_mid_percussion,0.969725,0.683772,EVENT_HYPOTHESIS,shared_audio_intelligence_v0_2;percussive_hpss;owner_supplied_audio
BE-003:perc:00034,10.518639,718.518639,16.363636,5,1.363636,0.170111,0.706868,0.123021,snare_or_mid_percussion,0.706868,1.000000,EVENT_HYPOTHESIS,shared_audio_intelligence_v0_2;percussive_hpss;owner_supplied_audio
BE-003:perc:00035,10.820499,718.820499,16.954545,5,1.954545,0.068833,0.323079,0.608088,cymbal_or_hi_hat,0.608088,0.859135,EVENT_HYPOTHESIS,shared_audio_intelligence_v0_2;percussive_hpss;owner_supplied_audio
BE-003:perc:00036,11.168798,719.168798,17.560000,5,2.560000,0.002133,0.997505,0.000363,snare_or_mid_percussion,0.997505,1.000000,EVENT_HYPOTHESIS,shared_audio_intelligence_v0_2;percussive_hpss;owner_supplied_audio
BE-003:perc:00037,11.400998,719.400998,17.960000,5,2.960000,0.538721,0.367482,0.093797,kick_or_low_percussion,0.538721,0.743748,EVENT_HYPOTHESIS,shared_audio_intelligence_v0_2;percussive_hpss;owner_supplied_audio
BE-003:perc:00038,11.633197,719.633197,18.391304,5,3.391304,0.012560,0.986497,0.000944,snare_or_mid_percussion,0.986497,0.714523,EVENT_HYPOTHESIS,shared_audio_intelligence_v0_2;percussive_hpss;owner_supplied_audio
BE-003:perc:00039,11.911837,719.911837,18.913043,5,3.913043,0.048852,0.926419,0.024729,snare_or_mid_percussion,0.926419,1.000000,EVENT_HYPOTHESIS,shared_audio_intelligence_v0_2;percussive_hpss;owner_supplied_audio
BE-003:perc:00040,12.236916,720.236916,19.413793,5,4.413793,0.001686,0.997253,0.001060,snare_or_mid_percussion,0.997253,0.791530,EVENT_HYPOTHESIS,shared_audio_intelligence_v0_2;percussive_hpss;owner_supplied_audio
BE-003:perc:00041,12.538776,720.538776,19.862069,5,4.862069,0.064749,0.912580,0.022672,snare_or_mid_percussion,0.912580,0.871642,EVENT_HYPOTHESIS,shared_audio_intelligence_v0_2;percussive_hpss;owner_supplied_audio
BE-003:perc:00042,12.631655,720.631655,20.000000,6,1.000000,0.025206,0.952353,0.022441,snare_or_mid_percussion,0.952353,1.000000,EVENT_HYPOTHESIS,shared_audio_intelligence_v0_2;percussive_hpss;owner_supplied_audio
BE-003:perc:00043,12.956735,720.956735,20.538462,6,1.538462,0.008799,0.936490,0.054711,snare_or_mid_percussion,0.936490,1.000000,EVENT_HYPOTHESIS,shared_audio_intelligence_v0_2;percussive_hpss;owner_supplied_audio
BE-003:perc:00044,13.235374,721.235374,21.000000,6,2.000000,0.091532,0.424721,0.483746,unresolved_percussive_event,0.483746,0.761359,EVENT_HYPOTHESIS,shared_audio_intelligence_v0_2;percussive_hpss;owner_supplied_audio
BE-003:perc:00045,13.537234,721.537234,21.520000,6,2.520000,0.411288,0.581343,0.007369,kick_or_low_percussion,0.411288,0.903022,EVENT_HYPOTHESIS,shared_audio_intelligence_v0_2;percussive_hpss;owner_supplied_audio
BE-003:perc:00046,13.815873,721.815873,22.000000,6,3.000000,0.739985,0.149461,0.110554,kick_or_low_percussion,0.739985,0.793775,EVENT_HYPOTHESIS,shared_audio_intelligence_v0_2;percussive_hpss;owner_supplied_audio
BE-003:perc:00047,14.024853,722.024853,22.409091,6,3.409091,0.001807,0.994517,0.003676,snare_or_mid_percussion,0.994517,1.000000,EVENT_HYPOTHESIS,shared_audio_intelligence_v0_2;percussive_hpss;owner_supplied_audio
BE-003:perc:00048,14.326712,722.326712,23.000000,6,4.000000,0.648316,0.341289,0.010394,kick_or_low_percussion,0.648316,1.000000,EVENT_HYPOTHESIS,shared_audio_intelligence_v0_2;percussive_hpss;owner_supplied_audio
BE-003:perc:00049,14.419592,722.419592,23.160000,6,4.160000,0.094135,0.541233,0.364633,snare_or_mid_percussion,0.541233,0.738354,EVENT_HYPOTHESIS,shared_audio_intelligence_v0_2;percussive_hpss;owner_supplied_audio
BE-003:perc:00050,14.721451,722.721451,23.680000,6,4.680000,0.843629,0.154656,0.001716,kick_or_low_percussion,0.843629,0.765001,EVENT_HYPOTHESIS,shared_audio_intelligence_v0_2;percussive_hpss;owner_supplied_audio
BE-003:perc:00051,14.883991,722.883991,23.960000,6,4.960000,0.004583,0.985492,0.009925,snare_or_mid_percussion,0.985492,1.000000,EVENT_HYPOTHESIS,shared_audio_intelligence_v0_2;percussive_hpss;owner_supplied_audio
BE-003:perc:00052,15.301950,723.301950,24.653846,7,1.653846,0.005860,0.950701,0.043439,snare_or_mid_percussion,0.950701,1.000000,EVENT_HYPOTHESIS,shared_audio_intelligence_v0_2;percussive_hpss;owner_supplied_audio
BE-003:perc:00053,15.487710,723.487710,24.961538,7,1.961538,0.496719,0.495973,0.007308,kick_or_low_percussion,0.496719,1.000000,EVENT_HYPOTHESIS,shared_audio_intelligence_v0_2;percussive_hpss;owner_supplied_audio
BE-003:perc:00054,16.091429,724.091429,26.000000,7,3.000000,0.009752,0.988027,0.002221,snare_or_mid_percussion,0.988027,0.968455,EVENT_HYPOTHESIS,shared_audio_intelligence_v0_2;percussive_hpss;owner_supplied_audio
BE-003:perc:00055,16.207528,724.207528,26.192308,7,3.192308,0.656035,0.254840,0.089125,kick_or_low_percussion,0.656035,0.845463,EVENT_HYPOTHESIS,shared_audio_intelligence_v0_2;percussive_hpss;owner_supplied_audio
BE-003:perc:00056,16.370068,724.370068,26.461538,7,3.461538,0.022309,0.977146,0.000545,snare_or_mid_percussion,0.977146,0.779974,EVENT_HYPOTHESIS,shared_audio_intelligence_v0_2;percussive_hpss;owner_supplied_audio
BE-003:perc:00057,16.695147,724.695147,27.000000,7,4.000000,0.219136,0.777115,0.003749,snare_or_mid_percussion,0.777115,1.000000,EVENT_HYPOTHESIS,shared_audio_intelligence_v0_2;percussive_hpss;owner_supplied_audio
BE-003:perc:00058,17.089887,725.089887,27.708333,7,4.708333,0.083689,0.897888,0.018423,snare_or_mid_percussion,0.897888,1.000000,EVENT_HYPOTHESIS,shared_audio_intelligence_v0_2;percussive_hpss;owner_supplied_audio
BE-003:perc:00059,17.252426,725.252426,28.000000,8,1.000000,0.004213,0.883923,0.111864,snare_or_mid_percussion,0.883923,1.000000,EVENT_HYPOTHESIS,shared_audio_intelligence_v0_2;percussive_hpss;owner_supplied_audio
BE-003:perc:00060,17.577506,725.577506,28.538462,8,1.538462,0.129504,0.868152,0.002344,snare_or_mid_percussion,0.868152,0.737852,EVENT_HYPOTHESIS,shared_audio_intelligence_v0_2;percussive_hpss;owner_supplied_audio
BE-003:perc:00061,17.693605,725.693605,28.730769,8,1.730769,0.003602,0.979160,0.017238,snare_or_mid_percussion,0.979160,0.626615,EVENT_HYPOTHESIS,shared_audio_intelligence_v0_2;percussive_hpss;owner_supplied_audio
BE-003:perc:00062,17.856145,725.856145,29.000000,8,2.000000,0.156988,0.807099,0.035913,snare_or_mid_percussion,0.807099,1.000000,EVENT_HYPOTHESIS,shared_audio_intelligence_v0_2;percussive_hpss;owner_supplied_audio
BE-003:perc:00063,18.297324,726.297324,29.730769,8,2.730769,0.012370,0.982825,0.004806,snare_or_mid_percussion,0.982825,1.000000,EVENT_HYPOTHESIS,shared_audio_intelligence_v0_2;percussive_hpss;owner_supplied_audio
BE-003:perc:00064,18.877823,726.877823,30.692308,8,3.692308,0.016765,0.955401,0.027835,snare_or_mid_percussion,0.955401,1.000000,EVENT_HYPOTHESIS,shared_audio_intelligence_v0_2;percussive_hpss;owner_supplied_audio
BE-003:perc:00065,19.063583,727.063583,31.000000,8,4.000000,0.259685,0.738786,0.001529,snare_or_mid_percussion,0.738786,0.777815,EVENT_HYPOTHESIS,shared_audio_intelligence_v0_2;percussive_hpss;owner_supplied_audio
BE-003:perc:00066,19.667302,727.667302,32.000000,9,1.000000,0.134066,0.583557,0.282377,snare_or_mid_percussion,0.583557,0.886281,EVENT_HYPOTHESIS,shared_audio_intelligence_v0_2;percussive_hpss;owner_supplied_audio
BE-003:perc:00067,19.783401,727.783401,32.178571,9,1.178571,0.253455,0.710977,0.035568,snare_or_mid_percussion,0.710977,0.844019,EVENT_HYPOTHESIS,shared_audio_intelligence_v0_2;percussive_hpss;owner_supplied_audio
BE-003:perc:00068,20.062041,728.062041,32.607143,9,1.607143,0.013597,0.954124,0.032280,snare_or_mid_percussion,0.954124,0.999005,EVENT_HYPOTHESIS,shared_audio_intelligence_v0_2;percussive_hpss;owner_supplied_audio
BE-003:perc:00069,20.294240,728.294240,32.964286,9,1.964286,0.581795,0.413240,0.004965,kick_or_low_percussion,0.581795,0.891906,EVENT_HYPOTHESIS,shared_audio_intelligence_v0_2;percussive_hpss;owner_supplied_audio
BE-003:perc:00070,20.665760,728.665760,33.555556,9,2.555556,0.081612,0.883178,0.035210,snare_or_mid_percussion,0.883178,1.000000,EVENT_HYPOTHESIS,shared_audio_intelligence_v0_2;percussive_hpss;owner_supplied_audio
BE-003:perc:00071,20.967619,728.967619,34.043478,9,3.043478,0.595695,0.282809,0.121496,kick_or_low_percussion,0.595695,0.900385,EVENT_HYPOTHESIS,shared_audio_intelligence_v0_2;percussive_hpss;owner_supplied_audio
BE-003:perc:00072,21.176599,729.176599,34.434783,9,3.434783,0.002648,0.990308,0.007045,snare_or_mid_percussion,0.990308,0.990711,EVENT_HYPOTHESIS,shared_audio_intelligence_v0_2;percussive_hpss;owner_supplied_audio
BE-003:perc:00073,21.455238,729.455238,34.956522,9,3.956522,0.349272,0.621285,0.029443,snare_or_mid_percussion,0.621285,1.000000,EVENT_HYPOTHESIS,shared_audio_intelligence_v0_2;percussive_hpss;owner_supplied_audio
BE-003:perc:00074,21.757098,729.757098,35.461538,9,4.461538,0.001255,0.998258,0.000487,snare_or_mid_percussion,0.998258,1.000000,EVENT_HYPOTHESIS,shared_audio_intelligence_v0_2;percussive_hpss;owner_supplied_audio
BE-003:perc:00075,21.896417,729.896417,35.692308,9,4.692308,0.016788,0.964770,0.018443,snare_or_mid_percussion,0.964770,0.834531,EVENT_HYPOTHESIS,shared_audio_intelligence_v0_2;percussive_hpss;owner_supplied_audio
BE-003:perc:00076,22.058957,730.058957,35.961538,9,4.961538,0.004724,0.957349,0.037927,snare_or_mid_percussion,0.957349,0.836767,EVENT_HYPOTHESIS,shared_audio_intelligence_v0_2;percussive_hpss;owner_supplied_audio
BE-003:perc:00077,22.360816,730.360816,36.480000,10,1.480000,0.002385,0.991502,0.006112,snare_or_mid_percussion,0.991502,0.929865,EVENT_HYPOTHESIS,shared_audio_intelligence_v0_2;percussive_hpss;owner_supplied_audio
BE-003:perc:00078,22.476916,730.476916,36.680000,10,1.680000,0.016394,0.969340,0.014265,snare_or_mid_percussion,0.969340,0.790696,EVENT_HYPOTHESIS,shared_audio_intelligence_v0_2;percussive_hpss;owner_supplied_audio
BE-003:perc:00079,22.662676,730.662676,37.000000,10,2.000000,0.874834,0.120849,0.004316,kick_or_low_percussion,0.874834,0.929975,EVENT_HYPOTHESIS,shared_audio_intelligence_v0_2;percussive_hpss;owner_supplied_audio
BE-003:perc:00080,22.755556,730.755556,37.153846,10,2.153846,0.193977,0.719673,0.086350,snare_or_mid_percussion,0.719673,0.968426,EVENT_HYPOTHESIS,shared_audio_intelligence_v0_2;percussive_hpss;owner_supplied_audio
BE-003:perc:00081,23.823673,731.823673,38.960000,10,3.960000,0.422435,0.577089,0.000475,kick_or_low_percussion,0.422435,0.948974,EVENT_HYPOTHESIS,shared_audio_intelligence_v0_2;percussive_hpss;owner_supplied_audio
BE-003:perc:00082,24.125533,732.125533,39.480000,10,4.480000,0.008904,0.978018,0.013078,snare_or_mid_percussion,0.978018,1.000000,EVENT_HYPOTHESIS,shared_audio_intelligence_v0_2;percussive_hpss;owner_supplied_audio
BE-003:perc:00083,24.427392,732.427392,40.000000,11,1.000000,0.013455,0.980811,0.005735,snare_or_mid_percussion,0.980811,1.000000,EVENT_HYPOTHESIS,shared_audio_intelligence_v0_2;percussive_hpss;owner_supplied_audio
BE-003:perc:00084,24.798912,732.798912,40.640000,11,1.640000,0.006500,0.979899,0.013601,snare_or_mid_percussion,0.979899,0.808399,EVENT_HYPOTHESIS,shared_audio_intelligence_v0_2;percussive_hpss;owner_supplied_audio
BE-003:perc:00085,24.984671,732.984671,40.960000,11,1.960000,0.108213,0.786328,0.105459,snare_or_mid_percussion,0.786328,1.000000,EVENT_HYPOTHESIS,shared_audio_intelligence_v0_2;percussive_hpss;owner_supplied_audio
BE-003:perc:00086,25.263311,733.263311,41.392857,11,2.392857,0.005739,0.879026,0.115235,snare_or_mid_percussion,0.879026,0.745387,EVENT_HYPOTHESIS,shared_audio_intelligence_v0_2;percussive_hpss;owner_supplied_audio
BE-003:perc:00087,25.402630,733.402630,41.607143,11,2.607143,0.021919,0.966688,0.011394,snare_or_mid_percussion,0.966688,1.000000,EVENT_HYPOTHESIS,shared_audio_intelligence_v0_2;percussive_hpss;owner_supplied_audio
BE-003:perc:00088,25.681270,733.681270,42.043478,11,3.043478,0.404637,0.401901,0.193462,kick_or_low_percussion,0.404637,0.750544,EVENT_HYPOTHESIS,shared_audio_intelligence_v0_2;percussive_hpss;owner_supplied_audio
BE-003:perc:00089,25.867029,733.867029,42.391304,11,3.391304,0.018350,0.970920,0.010731,snare_or_mid_percussion,0.970920,0.866815,EVENT_HYPOTHESIS,shared_audio_intelligence_v0_2;percussive_hpss;owner_supplied_audio
BE-003:perc:00090,26.168889,734.168889,42.956522,11,3.956522,0.081751,0.917287,0.000963,snare_or_mid_percussion,0.917287,1.000000,EVENT_HYPOTHESIS,shared_audio_intelligence_v0_2;percussive_hpss;owner_supplied_audio
BE-003:perc:00091,26.726168,734.726168,43.958333,11,4.958333,0.178679,0.814162,0.007159,snare_or_mid_percussion,0.814162,1.000000,EVENT_HYPOTHESIS,shared_audio_intelligence_v0_2;percussive_hpss;owner_supplied_audio
BE-003:perc:00092,26.865488,734.865488,44.208333,12,1.208333,0.054840,0.930532,0.014628,snare_or_mid_percussion,0.930532,0.607083,EVENT_HYPOTHESIS,shared_audio_intelligence_v0_2;percussive_hpss;owner_supplied_audio
BE-003:perc:00093,27.120907,735.120907,44.666667,12,1.666667,0.036535,0.933976,0.029489,snare_or_mid_percussion,0.933976,1.000000,EVENT_HYPOTHESIS,shared_audio_intelligence_v0_2;percussive_hpss;owner_supplied_audio
BE-003:perc:00094,27.306667,735.306667,45.000000,12,2.000000,0.017262,0.958539,0.024199,snare_or_mid_percussion,0.958539,1.000000,EVENT_HYPOTHESIS,shared_audio_intelligence_v0_2;percussive_hpss;owner_supplied_audio
BE-003:perc:00095,27.422766,735.422766,45.178571,12,2.178571,0.035269,0.941585,0.023146,snare_or_mid_percussion,0.941585,0.686827,EVENT_HYPOTHESIS,shared_audio_intelligence_v0_2;percussive_hpss;owner_supplied_audio
BE-003:perc:00096,27.724626,735.724626,45.642857,12,2.642857,0.092941,0.865673,0.041385,snare_or_mid_percussion,0.865673,0.610314,EVENT_HYPOTHESIS,shared_audio_intelligence_v0_2;percussive_hpss;owner_supplied_audio
BE-003:perc:00097,28.606984,736.606984,47.000000,12,4.000000,0.057869,0.488217,0.453914,unresolved_percussive_event,0.488217,0.933920,EVENT_HYPOTHESIS,shared_audio_intelligence_v0_2;percussive_hpss;owner_supplied_audio
BE-003:perc:00098,29.094603,737.094603,47.807692,12,4.807692,0.212799,0.773569,0.013632,snare_or_mid_percussion,0.773569,1.000000,EVENT_HYPOTHESIS,shared_audio_intelligence_v0_2;percussive_hpss;owner_supplied_audio
BE-003:perc:00099,29.791202,737.791202,49.000000,13,2.000000,0.304730,0.388196,0.307074,unresolved_percussive_event,0.388196,1.000000,EVENT_HYPOTHESIS,shared_audio_intelligence_v0_2;percussive_hpss;owner_supplied_audio
BE-003:perc:00100,30.093061,738.093061,49.520000,13,2.520000,0.136888,0.861153,0.001959,snare_or_mid_percussion,0.861153,0.827685,EVENT_HYPOTHESIS,shared_audio_intelligence_v0_2;percussive_hpss;owner_supplied_audio
BE-003:perc:00101,30.371701,738.371701,50.000000,13,3.000000,0.534453,0.386160,0.079387,kick_or_low_percussion,0.534453,0.714474,EVENT_HYPOTHESIS,shared_audio_intelligence_v0_2;percussive_hpss;owner_supplied_audio
BE-003:perc:00102,30.905760,738.905760,50.884615,13,3.884615,0.003978,0.994186,0.001837,snare_or_mid_percussion,0.994186,1.000000,EVENT_HYPOTHESIS,shared_audio_intelligence_v0_2;percussive_hpss;owner_supplied_audio
BE-003:perc:00103,31.184399,739.184399,51.360000,13,4.360000,0.228310,0.307541,0.464149,unresolved_percussive_event,0.464149,0.662963,EVENT_HYPOTHESIS,shared_audio_intelligence_v0_2;percussive_hpss;owner_supplied_audio
BE-003:perc:00104,31.277279,739.277279,51.520000,13,4.520000,0.375501,0.597773,0.026726,snare_or_mid_percussion,0.597773,0.791859,EVENT_HYPOTHESIS,shared_audio_intelligence_v0_2;percussive_hpss;owner_supplied_audio
BE-003:perc:00105,31.463039,739.463039,51.840000,13,4.840000,0.002888,0.996051,0.001061,snare_or_mid_percussion,0.996051,0.759539,EVENT_HYPOTHESIS,shared_audio_intelligence_v0_2;percussive_hpss;owner_supplied_audio
BE-003:perc:00106,31.764898,739.764898,52.346154,14,1.346154,0.046514,0.904647,0.048839,snare_or_mid_percussion,0.904647,0.696652,EVENT_HYPOTHESIS,shared_audio_intelligence_v0_2;percussive_hpss;owner_supplied_audio
BE-003:perc:00107,31.880998,739.880998,52.538462,14,1.538462,0.251916,0.726566,0.021518,snare_or_mid_percussion,0.726566,0.696842,EVENT_HYPOTHESIS,shared_audio_intelligence_v0_2;percussive_hpss;owner_supplied_audio
BE-003:perc:00108,32.066757,740.066757,52.846154,14,1.846154,0.046614,0.951513,0.001873,snare_or_mid_percussion,0.951513,0.817206,EVENT_HYPOTHESIS,shared_audio_intelligence_v0_2;percussive_hpss;owner_supplied_audio
BE-003:perc:00109,32.159637,740.159637,53.000000,14,2.000000,0.118529,0.829492,0.051979,snare_or_mid_percussion,0.829492,0.819557,EVENT_HYPOTHESIS,shared_audio_intelligence_v0_2;percussive_hpss;owner_supplied_audio
BE-003:perc:00110,32.368617,740.368617,53.360000,14,2.360000,0.353324,0.436190,0.210486,unresolved_percussive_event,0.436190,0.635048,EVENT_HYPOTHESIS,shared_audio_intelligence_v0_2;percussive_hpss;owner_supplied_audio
BE-003:perc:00111,32.716916,740.716916,53.960000,14,2.960000,0.175485,0.579848,0.244667,snare_or_mid_percussion,0.579848,1.000000,EVENT_HYPOTHESIS,shared_audio_intelligence_v0_2;percussive_hpss;owner_supplied_audio
BE-003:perc:00112,33.018776,741.018776,54.480000,14,3.480000,0.394865,0.467745,0.137390,unresolved_percussive_event,0.467745,0.963814,EVENT_HYPOTHESIS,shared_audio_intelligence_v0_2;percussive_hpss;owner_supplied_audio
BE-003:perc:00113,33.320635,741.320635,55.000000,14,4.000000,0.100188,0.487348,0.412464,unresolved_percussive_event,0.487348,0.894270,EVENT_HYPOTHESIS,shared_audio_intelligence_v0_2;percussive_hpss;owner_supplied_audio
BE-003:perc:00114,33.599274,741.599274,55.480000,14,4.480000,0.136266,0.453203,0.410532,unresolved_percussive_event,0.453203,1.000000,EVENT_HYPOTHESIS,shared_audio_intelligence_v0_2;percussive_hpss;owner_supplied_audio
BE-003:perc:00115,33.901134,741.901134,56.000000,15,1.000000,0.356243,0.571549,0.072208,snare_or_mid_percussion,0.571549,0.975945,EVENT_HYPOTHESIS,shared_audio_intelligence_v0_2;percussive_hpss;owner_supplied_audio
BE-003:perc:00116,34.202993,742.202993,56.590909,15,1.590909,0.217005,0.682625,0.100370,snare_or_mid_percussion,0.682625,1.000000,EVENT_HYPOTHESIS,shared_audio_intelligence_v0_2;percussive_hpss;owner_supplied_audio
BE-003:perc:00117,34.388753,742.388753,56.954545,15,1.954545,0.014726,0.970302,0.014972,snare_or_mid_percussion,0.970302,1.000000,EVENT_HYPOTHESIS,shared_audio_intelligence_v0_2;percussive_hpss;owner_supplied_audio
BE-003:perc:00118,35.062132,743.062132,58.000000,15,3.000000,0.487420,0.445195,0.067385,kick_or_low_percussion,0.487420,1.000000,EVENT_HYPOTHESIS,shared_audio_intelligence_v0_2;percussive_hpss;owner_supplied_audio
BE-003:perc:00119,35.247891,743.247891,58.307692,15,3.307692,0.028440,0.967247,0.004313,snare_or_mid_percussion,0.967247,0.809779,EVENT_HYPOTHESIS,shared_audio_intelligence_v0_2;percussive_hpss;owner_supplied_audio
BE-003:perc:00120,35.572971,743.572971,58.846154,15,3.846154,0.090254,0.812349,0.097396,snare_or_mid_percussion,0.812349,0.706042,EVENT_HYPOTHESIS,shared_audio_intelligence_v0_2;percussive_hpss;owner_supplied_audio
BE-003:perc:00121,35.944490,743.944490,59.480000,15,4.480000,0.075460,0.889664,0.034877,snare_or_mid_percussion,0.889664,1.000000,EVENT_HYPOTHESIS,shared_audio_intelligence_v0_2;percussive_hpss;owner_supplied_audio
BE-003:perc:00122,36.455329,744.455329,60.360000,16,1.360000,0.022337,0.973020,0.004643,snare_or_mid_percussion,0.973020,0.956897,EVENT_HYPOTHESIS,shared_audio_intelligence_v0_2;percussive_hpss;owner_supplied_audio
BE-003:perc:00123,36.594649,744.594649,60.600000,16,1.600000,0.118684,0.871131,0.010185,snare_or_mid_percussion,0.871131,0.666790,EVENT_HYPOTHESIS,shared_audio_intelligence_v0_2;percussive_hpss;owner_supplied_audio
BE-003:perc:00124,36.826848,744.826848,61.000000,16,2.000000,0.031506,0.938026,0.030468,snare_or_mid_percussion,0.938026,1.000000,EVENT_HYPOTHESIS,shared_audio_intelligence_v0_2;percussive_hpss;owner_supplied_audio
BE-003:perc:00125,37.035828,745.035828,61.346154,16,2.346154,0.004883,0.981606,0.013511,snare_or_mid_percussion,0.981606,0.770479,EVENT_HYPOTHESIS,shared_audio_intelligence_v0_2;percussive_hpss;owner_supplied_audio
BE-003:perc:00126,37.430567,745.430567,62.000000,16,3.000000,0.404410,0.467404,0.128186,kick_or_low_percussion,0.404410,0.900786,EVENT_HYPOTHESIS,shared_audio_intelligence_v0_2;percussive_hpss;owner_supplied_audio
BE-003:perc:00127,37.732426,745.732426,62.500000,16,3.500000,0.128994,0.868238,0.002767,snare_or_mid_percussion,0.868238,1.000000,EVENT_HYPOTHESIS,shared_audio_intelligence_v0_2;percussive_hpss;owner_supplied_audio
BE-003:perc:00128,37.918186,745.918186,62.807692,16,3.807692,0.006008,0.979686,0.014305,snare_or_mid_percussion,0.979686,0.902044,EVENT_HYPOTHESIS,shared_audio_intelligence_v0_2;percussive_hpss;owner_supplied_audio
BE-003:perc:00129,38.034286,746.034286,63.000000,16,4.000000,0.268604,0.714848,0.016547,snare_or_mid_percussion,0.714848,0.711588,EVENT_HYPOTHESIS,shared_audio_intelligence_v0_2;percussive_hpss;owner_supplied_audio
BE-003:perc:00130,38.196825,746.196825,63.280000,16,4.280000,0.006619,0.986073,0.007308,snare_or_mid_percussion,0.986073,0.867152,EVENT_HYPOTHESIS,shared_audio_intelligence_v0_2;percussive_hpss;owner_supplied_audio
BE-003:perc:00131,38.312925,746.312925,63.480000,16,4.480000,0.080153,0.890658,0.029189,snare_or_mid_percussion,0.890658,0.828147,EVENT_HYPOTHESIS,shared_audio_intelligence_v0_2;percussive_hpss;owner_supplied_audio
BE-003:perc:00132,38.475465,746.475465,63.760000,16,4.760000,0.011219,0.986859,0.001921,snare_or_mid_percussion,0.986859,0.789410,EVENT_HYPOTHESIS,shared_audio_intelligence_v0_2;percussive_hpss;owner_supplied_audio
BE-003:perc:00133,38.614785,746.614785,64.000000,17,1.000000,0.349539,0.648104,0.002356,snare_or_mid_percussion,0.648104,0.548495,EVENT_HYPOTHESIS,shared_audio_intelligence_v0_2;percussive_hpss;owner_supplied_audio
BE-003:perc:00134,38.777324,746.777324,64.233333,17,1.233333,0.121070,0.875673,0.003256,snare_or_mid_percussion,0.875673,0.726491,EVENT_HYPOTHESIS,shared_audio_intelligence_v0_2;percussive_hpss;owner_supplied_audio
BE-003:perc:00135,39.172063,747.172063,64.800000,17,1.800000,0.142116,0.187982,0.669902,cymbal_or_hi_hat,0.669902,0.714663,EVENT_HYPOTHESIS,shared_audio_intelligence_v0_2;percussive_hpss;owner_supplied_audio
BE-003:perc:00136,39.311383,747.311383,65.000000,17,2.000000,0.008979,0.962180,0.028841,snare_or_mid_percussion,0.962180,1.000000,EVENT_HYPOTHESIS,shared_audio_intelligence_v0_2;percussive_hpss;owner_supplied_audio
BE-003:perc:00137,39.752562,747.752562,65.703704,17,2.703704,0.082991,0.906756,0.010253,snare_or_mid_percussion,0.906756,1.000000,EVENT_HYPOTHESIS,shared_audio_intelligence_v0_2;percussive_hpss;owner_supplied_audio
BE-003:perc:00138,40.588481,748.588481,67.000000,17,4.000000,0.165287,0.264321,0.570393,unresolved_percussive_event,0.570393,0.762306,EVENT_HYPOTHESIS,shared_audio_intelligence_v0_2;percussive_hpss;owner_supplied_audio
BE-003:perc:00139,40.913560,748.913560,67.583333,17,4.583333,0.037876,0.949943,0.012181,snare_or_mid_percussion,0.949943,0.796700,EVENT_HYPOTHESIS,shared_audio_intelligence_v0_2;percussive_hpss;owner_supplied_audio
BE-003:perc:00140,41.772698,749.772698,69.000000,18,2.000000,0.103525,0.871637,0.024838,snare_or_mid_percussion,0.871637,1.000000,EVENT_HYPOTHESIS,shared_audio_intelligence_v0_2;percussive_hpss;owner_supplied_audio
BE-003:perc:00141,42.237098,750.237098,69.800000,18,2.800000,0.050811,0.660590,0.288599,snare_or_mid_percussion,0.660590,1.000000,EVENT_HYPOTHESIS,shared_audio_intelligence_v0_2;percussive_hpss;owner_supplied_audio
BE-003:perc:00142,42.562177,750.562177,70.346154,18,3.346154,0.053137,0.937141,0.009722,snare_or_mid_percussion,0.937141,0.773231,EVENT_HYPOTHESIS,shared_audio_intelligence_v0_2;percussive_hpss;owner_supplied_audio
BE-003:perc:00143,43.119456,751.119456,71.280000,18,4.280000,0.263380,0.293991,0.442629,unresolved_percussive_event,0.442629,0.956243,EVENT_HYPOTHESIS,shared_audio_intelligence_v0_2;percussive_hpss;owner_supplied_audio
BE-003:perc:00144,43.212336,751.212336,71.440000,18,4.440000,0.049220,0.867891,0.082890,snare_or_mid_percussion,0.867891,1.000000,EVENT_HYPOTHESIS,shared_audio_intelligence_v0_2;percussive_hpss;owner_supplied_audio
BE-003:perc:00145,43.514195,751.514195,71.960000,18,4.960000,0.003627,0.949583,0.046790,snare_or_mid_percussion,0.949583,0.806695,EVENT_HYPOTHESIS,shared_audio_intelligence_v0_2;percussive_hpss;owner_supplied_audio
BE-003:perc:00146,43.699955,751.699955,72.269231,19,1.269231,0.153328,0.840494,0.006178,snare_or_mid_percussion,0.840494,1.000000,EVENT_HYPOTHESIS,shared_audio_intelligence_v0_2;percussive_hpss;owner_supplied_audio
BE-003:perc:00147,44.117914,752.117914,72.961538,19,1.961538,0.051999,0.877463,0.070538,snare_or_mid_percussion,0.877463,1.000000,EVENT_HYPOTHESIS,shared_audio_intelligence_v0_2;percussive_hpss;owner_supplied_audio
BE-003:perc:00148,44.651973,752.651973,73.880000,19,2.880000,0.065490,0.907011,0.027499,snare_or_mid_percussion,0.907011,0.667083,EVENT_HYPOTHESIS,shared_audio_intelligence_v0_2;percussive_hpss;owner_supplied_audio
BE-003:perc:00149,44.907392,752.907392,74.307692,19,3.307692,0.151539,0.841134,0.007327,snare_or_mid_percussion,0.841134,1.000000,EVENT_HYPOTHESIS,shared_audio_intelligence_v0_2;percussive_hpss;owner_supplied_audio
BE-003:perc:00150,45.325351,753.325351,75.000000,19,4.000000,0.115631,0.772704,0.111665,snare_or_mid_percussion,0.772704,0.987550,EVENT_HYPOTHESIS,shared_audio_intelligence_v0_2;percussive_hpss;owner_supplied_audio
BE-003:perc:00151,45.812971,753.812971,75.954545,19,4.954545,0.004530,0.992372,0.003098,snare_or_mid_percussion,0.992372,0.819793,EVENT_HYPOTHESIS,shared_audio_intelligence_v0_2;percussive_hpss;owner_supplied_audio
BE-003:perc:00152,46.370249,754.370249,76.821429,20,1.821429,0.615273,0.384031,0.000696,kick_or_low_percussion,0.615273,0.719008,EVENT_HYPOTHESIS,shared_audio_intelligence_v0_2;percussive_hpss;owner_supplied_audio
BE-003:perc:00153,46.463129,754.463129,76.964286,20,1.964286,0.549124,0.442300,0.008576,kick_or_low_percussion,0.549124,0.831293,EVENT_HYPOTHESIS,shared_audio_intelligence_v0_2;percussive_hpss;owner_supplied_audio
BE-003:perc:00154,46.764989,754.764989,77.500000,20,2.500000,0.555508,0.441311,0.003181,kick_or_low_percussion,0.555508,0.975607,EVENT_HYPOTHESIS,shared_audio_intelligence_v0_2;percussive_hpss;owner_supplied_audio
BE-003:perc:00155,47.043628,755.043628,78.000000,20,3.000000,0.413159,0.581667,0.005174,kick_or_low_percussion,0.413159,0.944961,EVENT_HYPOTHESIS,shared_audio_intelligence_v0_2;percussive_hpss;owner_supplied_audio
BE-003:perc:00156,47.368707,755.368707,78.560000,20,3.560000,0.658554,0.339979,0.001467,kick_or_low_percussion,0.658554,0.843966,EVENT_HYPOTHESIS,shared_audio_intelligence_v0_2;percussive_hpss;owner_supplied_audio
BE-003:perc:00157,47.624127,755.624127,79.000000,20,4.000000,0.372451,0.626879,0.000670,snare_or_mid_percussion,0.626879,0.908143,EVENT_HYPOTHESIS,shared_audio_intelligence_v0_2;percussive_hpss;owner_supplied_audio
BE-003:perc:00158,47.809887,755.809887,79.333333,20,4.333333,0.245668,0.741717,0.012616,snare_or_mid_percussion,0.741717,0.676970,EVENT_HYPOTHESIS,shared_audio_intelligence_v0_2;percussive_hpss;owner_supplied_audio
BE-003:perc:00159,47.949206,755.949206,79.583333,20,4.583333,0.372963,0.621825,0.005212,snare_or_mid_percussion,0.621825,0.653979,EVENT_HYPOTHESIS,shared_audio_intelligence_v0_2;percussive_hpss;owner_supplied_audio
BE-003:perc:00160,48.158186,756.158186,79.958333,20,4.958333,0.625545,0.372590,0.001865,kick_or_low_percussion,0.625545,0.787915,EVENT_HYPOTHESIS,shared_audio_intelligence_v0_2;percussive_hpss;owner_supplied_audio
BE-003:perc:00161,48.413605,756.413605,80.357143,21,1.357143,0.412839,0.585448,0.001713,kick_or_low_percussion,0.412839,0.594814,EVENT_HYPOTHESIS,shared_audio_intelligence_v0_2;percussive_hpss;owner_supplied_audio
BE-003:perc:00162,48.692245,756.692245,80.785714,21,1.785714,0.242849,0.754384,0.002766,snare_or_mid_percussion,0.754384,0.542735,EVENT_HYPOTHESIS,shared_audio_intelligence_v0_2;percussive_hpss;owner_supplied_audio
BE-003:perc:00163,48.831565,756.831565,81.000000,21,2.000000,0.727148,0.271563,0.001289,kick_or_low_percussion,0.727148,1.000000,EVENT_HYPOTHESIS,shared_audio_intelligence_v0_2;percussive_hpss;owner_supplied_audio
BE-003:perc:00164,49.295964,757.295964,81.833333,21,2.833333,0.729552,0.269927,0.000521,kick_or_low_percussion,0.729552,0.663839,EVENT_HYPOTHESIS,shared_audio_intelligence_v0_2;percussive_hpss;owner_supplied_audio
BE-003:perc:00165,49.574603,757.574603,82.320000,21,3.320000,0.501604,0.497300,0.001097,kick_or_low_percussion,0.501604,0.953011,EVENT_HYPOTHESIS,shared_audio_intelligence_v0_2;percussive_hpss;owner_supplied_audio
BE-003:perc:00166,49.946122,757.946122,82.960000,21,3.960000,0.797384,0.201804,0.000812,kick_or_low_percussion,0.797384,0.568264,EVENT_HYPOTHESIS,shared_audio_intelligence_v0_2;percussive_hpss;owner_supplied_audio
BE-003:perc:00167,50.433741,758.433741,83.800000,21,4.800000,0.359620,0.635392,0.004988,snare_or_mid_percussion,0.635392,0.577947,EVENT_HYPOTHESIS,shared_audio_intelligence_v0_2;percussive_hpss;owner_supplied_audio
BE-003:perc:00168,50.549841,758.549841,84.000000,22,1.000000,0.365444,0.627513,0.007043,snare_or_mid_percussion,0.627513,0.869895,EVENT_HYPOTHESIS,shared_audio_intelligence_v0_2;percussive_hpss;owner_supplied_audio
BE-003:perc:00169,51.014240,759.014240,84.833333,22,1.833333,0.120856,0.872117,0.007027,snare_or_mid_percussion,0.872117,1.000000,EVENT_HYPOTHESIS,shared_audio_intelligence_v0_2;percussive_hpss;owner_supplied_audio
BE-003:perc:00170,51.107120,759.107120,85.000000,22,2.000000,0.424493,0.572538,0.002969,kick_or_low_percussion,0.424493,0.824931,EVENT_HYPOTHESIS,shared_audio_intelligence_v0_2;percussive_hpss;owner_supplied_audio
BE-003:perc:00171,51.408980,759.408980,85.590909,22,2.590909,0.338843,0.660078,0.001079,snare_or_mid_percussion,0.660078,0.681661,EVENT_HYPOTHESIS,shared_audio_intelligence_v0_2;percussive_hpss;owner_supplied_audio
BE-003:perc:00172,51.571519,759.571519,85.909091,22,2.909091,0.553418,0.444781,0.001801,kick_or_low_percussion,0.553418,0.645252,EVENT_HYPOTHESIS,shared_audio_intelligence_v0_2;percussive_hpss;owner_supplied_audio
BE-003:perc:00173,51.850159,759.850159,86.370370,22,3.370370,0.471456,0.526032,0.002512,kick_or_low_percussion,0.471456,0.597295,EVENT_HYPOTHESIS,shared_audio_intelligence_v0_2;percussive_hpss;owner_supplied_audio
BE-003:perc:00174,51.989478,759.989478,86.592593,22,3.592593,0.709508,0.288930,0.001562,kick_or_low_percussion,0.709508,0.944203,EVENT_HYPOTHESIS,shared_audio_intelligence_v0_2;percussive_hpss;owner_supplied_audio
BE-003:perc:00175,52.477098,760.477098,87.384615,22,4.384615,0.638097,0.360811,0.001091,kick_or_low_percussion,0.638097,0.762664,EVENT_HYPOTHESIS,shared_audio_intelligence_v0_2;percussive_hpss;owner_supplied_audio
BE-003:perc:00176,52.848617,760.848617,88.000000,23,1.000000,0.380971,0.601395,0.017634,snare_or_mid_percussion,0.601395,1.000000,EVENT_HYPOTHESIS,shared_audio_intelligence_v0_2;percussive_hpss;owner_supplied_audio
BE-003:perc:00177,53.313016,761.313016,88.740741,23,1.740741,0.905185,0.094309,0.000506,kick_or_low_percussion,0.905185,0.808044,EVENT_HYPOTHESIS,shared_audio_intelligence_v0_2;percussive_hpss;owner_supplied_audio
BE-003:perc:00178,53.870295,761.870295,89.629630,23,2.629630,0.870007,0.128859,0.001133,kick_or_low_percussion,0.870007,0.647047,EVENT_HYPOTHESIS,shared_audio_intelligence_v0_2;percussive_hpss;owner_supplied_audio
BE-003:perc:00179,54.079274,762.079274,89.962963,23,2.962963,0.428883,0.422136,0.148980,kick_or_low_percussion,0.428883,0.777139,EVENT_HYPOTHESIS,shared_audio_intelligence_v0_2;percussive_hpss;owner_supplied_audio
BE-003:perc:00180,54.404354,762.404354,90.500000,23,3.500000,0.142250,0.851820,0.005930,snare_or_mid_percussion,0.851820,0.641765,EVENT_HYPOTHESIS,shared_audio_intelligence_v0_2;percussive_hpss;owner_supplied_audio
BE-003:perc:00181,54.706213,762.706213,91.000000,23,4.000000,0.689671,0.299636,0.010692,kick_or_low_percussion,0.689671,0.967549,EVENT_HYPOTHESIS,shared_audio_intelligence_v0_2;percussive_hpss;owner_supplied_audio
BE-003:perc:00182,55.333152,763.333152,92.000000,24,1.000000,0.478339,0.499656,0.022005,kick_or_low_percussion,0.478339,0.745116,EVENT_HYPOTHESIS,shared_audio_intelligence_v0_2;percussive_hpss;owner_supplied_audio
BE-003:perc:00183,55.495692,763.495692,92.318182,24,1.318182,0.020016,0.977703,0.002281,snare_or_mid_percussion,0.977703,0.708394,EVENT_HYPOTHESIS,shared_audio_intelligence_v0_2;percussive_hpss;owner_supplied_audio
BE-003:perc:00184,55.820771,763.820771,92.954545,24,1.954545,0.598453,0.400801,0.000747,kick_or_low_percussion,0.598453,0.884898,EVENT_HYPOTHESIS,shared_audio_intelligence_v0_2;percussive_hpss;owner_supplied_audio
BE-003:perc:00185,56.424490,764.424490,93.961538,24,2.961538,0.760576,0.236443,0.002981,kick_or_low_percussion,0.760576,0.731629,EVENT_HYPOTHESIS,shared_audio_intelligence_v0_2;percussive_hpss;owner_supplied_audio
BE-003:perc:00186,56.563810,764.563810,94.192308,24,3.192308,0.674788,0.323820,0.001392,kick_or_low_percussion,0.674788,0.827774,EVENT_HYPOTHESIS,shared_audio_intelligence_v0_2;percussive_hpss;owner_supplied_audio
BE-003:perc:00187,56.726349,764.726349,94.461538,24,3.461538,0.178048,0.818495,0.003458,snare_or_mid_percussion,0.818495,0.546957,EVENT_HYPOTHESIS,shared_audio_intelligence_v0_2;percussive_hpss;owner_supplied_audio
BE-003:perc:00188,57.051429,765.051429,95.000000,24,4.000000,0.693007,0.289872,0.017121,kick_or_low_percussion,0.693007,1.000000,EVENT_HYPOTHESIS,shared_audio_intelligence_v0_2;percussive_hpss;owner_supplied_audio
BE-003:perc:00189,57.515828,765.515828,95.689655,24,4.689655,0.630427,0.367357,0.002216,kick_or_low_percussion,0.630427,0.759083,EVENT_HYPOTHESIS,shared_audio_intelligence_v0_2;percussive_hpss;owner_supplied_audio
BE-003:perc:00190,57.724807,765.724807,96.000000,25,1.000000,0.239234,0.741670,0.019096,snare_or_mid_percussion,0.741670,1.000000,EVENT_HYPOTHESIS,shared_audio_intelligence_v0_2;percussive_hpss;owner_supplied_audio
BE-003:perc:00191,58.003447,766.003447,96.461538,25,1.461538,0.779115,0.218486,0.002399,kick_or_low_percussion,0.779115,0.706078,EVENT_HYPOTHESIS,shared_audio_intelligence_v0_2;percussive_hpss;owner_supplied_audio
BE-003:perc:00192,58.142766,766.142766,96.692308,25,1.692308,0.109898,0.841345,0.048757,snare_or_mid_percussion,0.841345,0.600067,EVENT_HYPOTHESIS,shared_audio_intelligence_v0_2;percussive_hpss;owner_supplied_audio
BE-003:perc:00193,58.258866,766.258866,96.884615,25,1.884615,0.074444,0.925153,0.000403,snare_or_mid_percussion,0.925153,0.794036,EVENT_HYPOTHESIS,shared_audio_intelligence_v0_2;percussive_hpss;owner_supplied_audio
BE-003:perc:00194,58.932245,766.932245,97.962963,25,2.962963,0.749702,0.248169,0.002129,kick_or_low_percussion,0.749702,0.670891,EVENT_HYPOTHESIS,shared_audio_intelligence_v0_2;percussive_hpss;owner_supplied_audio
BE-003:perc:00195,59.234104,767.234104,98.428571,25,3.428571,0.536804,0.462460,0.000736,kick_or_low_percussion,0.536804,0.564217,EVENT_HYPOTHESIS,shared_audio_intelligence_v0_2;percussive_hpss;owner_supplied_audio
BE-003:perc:00196,59.791383,767.791383,99.307692,25,4.307692,0.023908,0.957803,0.018289,snare_or_mid_percussion,0.957803,1.000000,EVENT_HYPOTHESIS,shared_audio_intelligence_v0_2;percussive_hpss;owner_supplied_audio
BE-003:perc:00197,60.093243,768.093243,99.807692,25,4.807692,0.216728,0.781825,0.001448,snare_or_mid_percussion,0.781825,0.751228,EVENT_HYPOTHESIS,shared_audio_intelligence_v0_2;percussive_hpss;owner_supplied_audio
BE-003:perc:00198,60.209342,768.209342,100.000000,26,1.000000,0.018403,0.959144,0.022453,snare_or_mid_percussion,0.959144,1.000000,EVENT_HYPOTHESIS,shared_audio_intelligence_v0_2;percussive_hpss;owner_supplied_audio
BE-003:perc:00199,60.418322,768.418322,100.360000,26,1.360000,0.006402,0.992392,0.001206,snare_or_mid_percussion,0.992392,0.525536,EVENT_HYPOTHESIS,shared_audio_intelligence_v0_2;percussive_hpss;owner_supplied_audio
BE-003:perc:00200,60.789841,768.789841,101.000000,26,2.000000,0.024019,0.971037,0.004944,snare_or_mid_percussion,0.971037,1.000000,EVENT_HYPOTHESIS,shared_audio_intelligence_v0_2;percussive_hpss;owner_supplied_audio
BE-003:perc:00201,60.975601,768.975601,101.307692,26,2.307692,0.002437,0.995336,0.002227,snare_or_mid_percussion,0.995336,1.000000,EVENT_HYPOTHESIS,shared_audio_intelligence_v0_2;percussive_hpss;owner_supplied_audio
BE-003:perc:00202,61.231020,769.231020,101.730769,26,2.730769,0.139745,0.857527,0.002728,snare_or_mid_percussion,0.857527,1.000000,EVENT_HYPOTHESIS,shared_audio_intelligence_v0_2;percussive_hpss;owner_supplied_audio
BE-003:perc:00203,61.672200,769.672200,102.500000,26,3.500000,0.483610,0.514301,0.002089,kick_or_low_percussion,0.483610,0.520353,EVENT_HYPOTHESIS,shared_audio_intelligence_v0_2;percussive_hpss;owner_supplied_audio
BE-003:perc:00204,61.950839,769.950839,103.000000,26,4.000000,0.592062,0.401544,0.006395,kick_or_low_percussion,0.592062,1.000000,EVENT_HYPOTHESIS,shared_audio_intelligence_v0_2;percussive_hpss;owner_supplied_audio
BE-003:perc:00205,62.438458,770.438458,103.840000,26,4.840000,0.476681,0.517493,0.005826,kick_or_low_percussion,0.476681,0.705641,EVENT_HYPOTHESIS,shared_audio_intelligence_v0_2;percussive_hpss;owner_supplied_audio
BE-003:perc:00206,62.531338,770.531338,104.000000,27,1.000000,0.309758,0.684982,0.005261,snare_or_mid_percussion,0.684982,0.765326,EVENT_HYPOTHESIS,shared_audio_intelligence_v0_2;percussive_hpss;owner_supplied_audio
BE-003:perc:00207,62.995737,770.995737,104.869565,27,1.869565,0.651265,0.344439,0.004295,kick_or_low_percussion,0.651265,0.628494,EVENT_HYPOTHESIS,shared_audio_intelligence_v0_2;percussive_hpss;owner_supplied_audio
BE-003:perc:00208,63.344036,771.344036,105.500000,27,2.500000,0.004892,0.995023,0.000084,snare_or_mid_percussion,0.995023,0.874578,EVENT_HYPOTHESIS,shared_audio_intelligence_v0_2;percussive_hpss;owner_supplied_audio
BE-003:perc:00209,63.599456,771.599456,105.958333,27,2.958333,0.182988,0.816475,0.000538,snare_or_mid_percussion,0.816475,0.703965,EVENT_HYPOTHESIS,shared_audio_intelligence_v0_2;percussive_hpss;owner_supplied_audio
BE-003:perc:00210,63.901315,771.901315,106.500000,27,3.500000,0.078563,0.920978,0.000459,snare_or_mid_percussion,0.920978,0.553397,EVENT_HYPOTHESIS,shared_audio_intelligence_v0_2;percussive_hpss;owner_supplied_audio
BE-003:perc:00211,64.156735,772.156735,106.958333,27,3.958333,0.017464,0.977465,0.005071,snare_or_mid_percussion,0.977465,1.000000,EVENT_HYPOTHESIS,shared_audio_intelligence_v0_2;percussive_hpss;owner_supplied_audio
BE-003:perc:00212,64.296054,772.296054,107.200000,27,4.200000,0.017783,0.973997,0.008219,snare_or_mid_percussion,0.973997,0.784016,EVENT_HYPOTHESIS,shared_audio_intelligence_v0_2;percussive_hpss;owner_supplied_audio
BE-003:perc:00213,64.458594,772.458594,107.480000,27,4.480000,0.008088,0.986404,0.005508,snare_or_mid_percussion,0.986404,1.000000,EVENT_HYPOTHESIS,shared_audio_intelligence_v0_2;percussive_hpss;owner_supplied_audio
BE-003:perc:00214,64.574694,772.574694,107.680000,27,4.680000,0.018544,0.923605,0.057851,snare_or_mid_percussion,0.923605,1.000000,EVENT_HYPOTHESIS,shared_audio_intelligence_v0_2;percussive_hpss;owner_supplied_audio
BE-003:perc:00215,64.737234,772.737234,107.960000,27,4.960000,0.017517,0.912397,0.070086,snare_or_mid_percussion,0.912397,1.000000,EVENT_HYPOTHESIS,shared_audio_intelligence_v0_2;percussive_hpss;owner_supplied_audio
BE-003:perc:00216,64.969433,772.969433,108.300000,28,1.300000,0.005588,0.993076,0.001335,snare_or_mid_percussion,0.993076,0.971397,EVENT_HYPOTHESIS,shared_audio_intelligence_v0_2;percussive_hpss;owner_supplied_audio
BE-003:perc:00217,65.155193,773.155193,108.566667,28,1.566667,0.174405,0.824900,0.000695,snare_or_mid_percussion,0.824900,1.000000,EVENT_HYPOTHESIS,shared_audio_intelligence_v0_2;percussive_hpss;owner_supplied_audio
BE-003:perc:00218,65.457052,773.457052,109.000000,28,2.000000,0.375182,0.624733,0.000085,snare_or_mid_percussion,0.624733,0.659085,EVENT_HYPOTHESIS,shared_audio_intelligence_v0_2;percussive_hpss;owner_supplied_audio
BE-003:perc:00219,65.619592,773.619592,109.250000,28,2.250000,0.093518,0.906169,0.000313,snare_or_mid_percussion,0.906169,0.630380,EVENT_HYPOTHESIS,shared_audio_intelligence_v0_2;percussive_hpss;owner_supplied_audio
BE-003:perc:00220,65.758912,773.758912,109.464286,28,2.464286,0.565054,0.425640,0.009305,kick_or_low_percussion,0.565054,0.678890,EVENT_HYPOTHESIS,shared_audio_intelligence_v0_2;percussive_hpss;owner_supplied_audio
BE-003:perc:00221,66.107211,774.107211,110.000000,28,3.000000,0.306635,0.688822,0.004543,snare_or_mid_percussion,0.688822,1.000000,EVENT_HYPOTHESIS,shared_audio_intelligence_v0_2;percussive_hpss;owner_supplied_audio
BE-003:perc:00222,66.269751,774.269751,110.318182,28,3.318182,0.238025,0.745219,0.016756,snare_or_mid_percussion,0.745219,0.961792,EVENT_HYPOTHESIS,shared_audio_intelligence_v0_2;percussive_hpss;owner_supplied_audio
BE-003:perc:00223,66.594830,774.594830,110.954545,28,3.954545,0.389605,0.607643,0.002752,snare_or_mid_percussion,0.607643,0.803679,EVENT_HYPOTHESIS,shared_audio_intelligence_v0_2;percussive_hpss;owner_supplied_audio
BE-003:perc:00224,66.873469,774.873469,111.458333,28,4.458333,0.348920,0.649770,0.001309,snare_or_mid_percussion,0.649770,0.788102,EVENT_HYPOTHESIS,shared_audio_intelligence_v0_2;percussive_hpss;owner_supplied_audio
BE-003:perc:00225,67.175329,775.175329,112.000000,29,1.000000,0.211953,0.781793,0.006254,snare_or_mid_percussion,0.781793,0.912815,EVENT_HYPOTHESIS,shared_audio_intelligence_v0_2;percussive_hpss;owner_supplied_audio
BE-003:perc:00226,67.755828,775.755828,113.000000,29,2.000000,0.478315,0.518445,0.003240,kick_or_low_percussion,0.478315,0.828757,EVENT_HYPOTHESIS,shared_audio_intelligence_v0_2;percussive_hpss;owner_supplied_audio
BE-003:perc:00227,68.638186,776.638186,114.480000,29,3.480000,0.255703,0.742192,0.002105,snare_or_mid_percussion,0.742192,1.000000,EVENT_HYPOTHESIS,shared_audio_intelligence_v0_2;percussive_hpss;owner_supplied_audio
BE-003:perc:00228,69.056145,777.056145,115.200000,29,4.200000,0.173257,0.712411,0.114333,snare_or_mid_percussion,0.712411,0.828197,EVENT_HYPOTHESIS,shared_audio_intelligence_v0_2;percussive_hpss;owner_supplied_audio
BE-003:perc:00229,69.358005,777.358005,115.720000,29,4.720000,0.011827,0.987051,0.001122,snare_or_mid_percussion,0.987051,0.907645,EVENT_HYPOTHESIS,shared_audio_intelligence_v0_2;percussive_hpss;owner_supplied_audio
BE-003:perc:00230,69.520544,777.520544,116.000000,30,1.000000,0.008579,0.935555,0.055866,snare_or_mid_percussion,0.935555,1.000000,EVENT_HYPOTHESIS,shared_audio_intelligence_v0_2;percussive_hpss;owner_supplied_audio
BE-003:perc:00231,69.683084,777.683084,116.269231,30,1.269231,0.023831,0.970844,0.005325,snare_or_mid_percussion,0.970844,0.660997,EVENT_HYPOTHESIS,shared_audio_intelligence_v0_2;percussive_hpss;owner_supplied_audio
BE-003:perc:00232,69.845624,777.845624,116.538462,30,1.538462,0.050218,0.940093,0.009689,snare_or_mid_percussion,0.940093,0.861052,EVENT_HYPOTHESIS,shared_audio_intelligence_v0_2;percussive_hpss;owner_supplied_audio
BE-003:perc:00233,69.938503,777.938503,116.692308,30,1.692308,0.009733,0.982884,0.007382,snare_or_mid_percussion,0.982884,0.971964,EVENT_HYPOTHESIS,shared_audio_intelligence_v0_2;percussive_hpss;owner_supplied_audio
BE-003:perc:00234,70.124263,778.124263,117.000000,30,2.000000,0.019991,0.954065,0.025944,snare_or_mid_percussion,0.954065,1.000000,EVENT_HYPOTHESIS,shared_audio_intelligence_v0_2;percussive_hpss;owner_supplied_audio
BE-003:perc:00235,70.240363,778.240363,117.200000,30,2.200000,0.053828,0.906664,0.039508,snare_or_mid_percussion,0.906664,0.758883,EVENT_HYPOTHESIS,shared_audio_intelligence_v0_2;percussive_hpss;owner_supplied_audio
BE-003:perc:00236,70.402902,778.402902,117.480000,30,2.480000,0.003518,0.993362,0.003120,snare_or_mid_percussion,0.993362,0.656848,EVENT_HYPOTHESIS,shared_audio_intelligence_v0_2;percussive_hpss;owner_supplied_audio
BE-003:perc:00237,70.704762,778.704762,118.000000,30,3.000000,0.923052,0.072234,0.004714,kick_or_low_percussion,0.923052,1.000000,EVENT_HYPOTHESIS,shared_audio_intelligence_v0_2;percussive_hpss;owner_supplied_audio
BE-003:perc:00238,70.820862,778.820862,118.200000,30,3.200000,0.519708,0.469094,0.011198,kick_or_low_percussion,0.519708,1.000000,EVENT_HYPOTHESIS,shared_audio_intelligence_v0_2;percussive_hpss;owner_supplied_audio
BE-003:perc:00239,71.145941,779.145941,118.760000,30,3.760000,0.194058,0.776752,0.029190,snare_or_mid_percussion,0.776752,0.537410,EVENT_HYPOTHESIS,shared_audio_intelligence_v0_2;percussive_hpss;owner_supplied_audio
BE-003:perc:00240,71.285261,779.285261,119.000000,30,4.000000,0.191582,0.794558,0.013860,snare_or_mid_percussion,0.794558,1.000000,EVENT_HYPOTHESIS,shared_audio_intelligence_v0_2;percussive_hpss;owner_supplied_audio
BE-003:perc:00241,71.424580,779.424580,119.250000,30,4.250000,0.089858,0.820223,0.089919,snare_or_mid_percussion,0.820223,0.571550,EVENT_HYPOTHESIS,shared_audio_intelligence_v0_2;percussive_hpss;owner_supplied_audio
BE-003:perc:00242,71.703220,779.703220,119.750000,30,4.750000,0.271368,0.408014,0.320617,unresolved_percussive_event,0.408014,1.000000,EVENT_HYPOTHESIS,shared_audio_intelligence_v0_2;percussive_hpss;owner_supplied_audio
BE-003:perc:00243,72.005079,780.005079,120.291667,31,1.291667,0.569954,0.429537,0.000509,kick_or_low_percussion,0.569954,0.874853,EVENT_HYPOTHESIS,shared_audio_intelligence_v0_2;percussive_hpss;owner_supplied_audio
BE-003:perc:00244,72.144399,780.144399,120.541667,31,1.541667,0.141015,0.857586,0.001398,snare_or_mid_percussion,0.857586,0.731977,EVENT_HYPOTHESIS,shared_audio_intelligence_v0_2;percussive_hpss;owner_supplied_audio
BE-003:perc:00245,72.190839,780.190839,120.625000,31,1.625000,0.141531,0.857534,0.000935,snare_or_mid_percussion,0.857534,0.695130,EVENT_HYPOTHESIS,shared_audio_intelligence_v0_2;percussive_hpss;owner_supplied_audio
BE-003:perc:00246,72.562358,780.562358,121.291667,31,2.291667,0.371628,0.627255,0.001117,snare_or_mid_percussion,0.627255,0.930890,EVENT_HYPOTHESIS,shared_audio_intelligence_v0_2;percussive_hpss;owner_supplied_audio
BE-003:perc:00247,72.771338,780.771338,121.666667,31,2.666667,0.357576,0.640823,0.001601,snare_or_mid_percussion,0.640823,0.640661,EVENT_HYPOTHESIS,shared_audio_intelligence_v0_2;percussive_hpss;owner_supplied_audio
BE-003:perc:00248,72.933878,780.933878,121.958333,31,2.958333,0.073670,0.919960,0.006370,snare_or_mid_percussion,0.919960,0.797802,EVENT_HYPOTHESIS,shared_audio_intelligence_v0_2;percussive_hpss;owner_supplied_audio
BE-003:perc:00249,73.073197,781.073197,122.208333,31,3.208333,0.044900,0.954528,0.000573,snare_or_mid_percussion,0.954528,0.752519,EVENT_HYPOTHESIS,shared_audio_intelligence_v0_2;percussive_hpss;owner_supplied_audio
BE-003:perc:00250,73.235737,781.235737,122.500000,31,3.500000,0.133944,0.865374,0.000683,snare_or_mid_percussion,0.865374,0.904556,EVENT_HYPOTHESIS,shared_audio_intelligence_v0_2;percussive_hpss;owner_supplied_audio
BE-003:perc:00251,74.164535,782.164535,124.173913,32,1.173913,0.504670,0.493712,0.001618,kick_or_low_percussion,0.504670,0.889082,EVENT_HYPOTHESIS,shared_audio_intelligence_v0_2;percussive_hpss;owner_supplied_audio
BE-003:perc:00252,74.280635,782.280635,124.391304,32,1.391304,0.443609,0.552198,0.004193,kick_or_low_percussion,0.443609,0.972369,EVENT_HYPOTHESIS,shared_audio_intelligence_v0_2;percussive_hpss;owner_supplied_audio
BE-003:perc:00253,74.605714,782.605714,125.000000,32,2.000000,0.373759,0.624192,0.002049,snare_or_mid_percussion,0.624192,0.677650,EVENT_HYPOTHESIS,shared_audio_intelligence_v0_2;percussive_hpss;owner_supplied_audio
BE-003:perc:00254,75.046893,783.046893,125.791667,32,2.791667,0.775085,0.221497,0.003417,kick_or_low_percussion,0.775085,0.687463,EVENT_HYPOTHESIS,shared_audio_intelligence_v0_2;percussive_hpss;owner_supplied_audio
BE-003:perc:00255,75.162993,783.162993,126.000000,32,3.000000,0.662243,0.337117,0.000640,kick_or_low_percussion,0.662243,1.000000,EVENT_HYPOTHESIS,shared_audio_intelligence_v0_2;percussive_hpss;owner_supplied_audio
BE-003:perc:00256,75.325533,783.325533,126.333333,32,3.333333,0.715553,0.281451,0.002996,kick_or_low_percussion,0.715553,0.687275,EVENT_HYPOTHESIS,shared_audio_intelligence_v0_2;percussive_hpss;owner_supplied_audio
BE-003:perc:00257,75.371973,783.371973,126.428571,32,3.428571,0.709178,0.289206,0.001615,kick_or_low_percussion,0.709178,0.789569,EVENT_HYPOTHESIS,shared_audio_intelligence_v0_2;percussive_hpss;owner_supplied_audio
BE-003:perc:00258,75.650612,783.650612,127.000000,32,4.000000,0.014145,0.974816,0.011039,snare_or_mid_percussion,0.974816,1.000000,EVENT_HYPOTHESIS,shared_audio_intelligence_v0_2;percussive_hpss;owner_supplied_audio
BE-003:perc:00259,75.789932,783.789932,127.240000,32,4.240000,0.589245,0.409683,0.001072,kick_or_low_percussion,0.589245,0.598149,EVENT_HYPOTHESIS,shared_audio_intelligence_v0_2;percussive_hpss;owner_supplied_audio
BE-003:perc:00260,75.952472,783.952472,127.520000,32,4.520000,0.482522,0.511873,0.005604,kick_or_low_percussion,0.482522,0.924038,EVENT_HYPOTHESIS,shared_audio_intelligence_v0_2;percussive_hpss;owner_supplied_audio
BE-003:perc:00261,76.231111,784.231111,128.000000,33,1.000000,0.050317,0.946277,0.003406,snare_or_mid_percussion,0.946277,0.843251,EVENT_HYPOTHESIS,shared_audio_intelligence_v0_2;percussive_hpss;owner_supplied_audio
BE-003:perc:00262,76.532971,784.532971,128.520000,33,1.520000,0.033315,0.950980,0.015705,snare_or_mid_percussion,0.950980,1.000000,EVENT_HYPOTHESIS,shared_audio_intelligence_v0_2;percussive_hpss;owner_supplied_audio
BE-003:perc:00263,76.649070,784.649070,128.720000,33,1.720000,0.056010,0.935635,0.008355,snare_or_mid_percussion,0.935635,1.000000,EVENT_HYPOTHESIS,shared_audio_intelligence_v0_2;percussive_hpss;owner_supplied_audio
BE-003:perc:00264,76.811610,784.811610,129.000000,33,2.000000,0.113244,0.877720,0.009036,snare_or_mid_percussion,0.877720,1.000000,EVENT_HYPOTHESIS,shared_audio_intelligence_v0_2;percussive_hpss;owner_supplied_audio
BE-003:perc:00265,77.090249,785.090249,129.480000,33,2.480000,0.013322,0.983945,0.002733,snare_or_mid_percussion,0.983945,0.852594,EVENT_HYPOTHESIS,shared_audio_intelligence_v0_2;percussive_hpss;owner_supplied_audio
BE-003:perc:00266,77.229569,785.229569,129.720000,33,2.720000,0.260188,0.736437,0.003375,snare_or_mid_percussion,0.736437,0.900975,EVENT_HYPOTHESIS,shared_audio_intelligence_v0_2;percussive_hpss;owner_supplied_audio
BE-003:perc:00267,77.392109,785.392109,130.000000,33,3.000000,0.014150,0.973706,0.012144,snare_or_mid_percussion,0.973706,1.000000,EVENT_HYPOTHESIS,shared_audio_intelligence_v0_2;percussive_hpss;owner_supplied_audio
BE-003:perc:00268,77.531429,785.531429,130.230769,33,3.230769,0.009799,0.933480,0.056721,snare_or_mid_percussion,0.933480,0.878377,EVENT_HYPOTHESIS,shared_audio_intelligence_v0_2;percussive_hpss;owner_supplied_audio
BE-003:perc:00269,77.670748,785.670748,130.461538,33,3.461538,0.003696,0.990621,0.005684,snare_or_mid_percussion,0.990621,0.709467,EVENT_HYPOTHESIS,shared_audio_intelligence_v0_2;percussive_hpss;owner_supplied_audio
BE-003:perc:00270,77.810068,785.810068,130.692308,33,3.692308,0.004835,0.937303,0.057862,snare_or_mid_percussion,0.937303,1.000000,EVENT_HYPOTHESIS,shared_audio_intelligence_v0_2;percussive_hpss;owner_supplied_audio
BE-003:perc:00271,77.972608,785.972608,130.961538,33,3.961538,0.004019,0.920695,0.075286,snare_or_mid_percussion,0.920695,1.000000,EVENT_HYPOTHESIS,shared_audio_intelligence_v0_2;percussive_hpss;owner_supplied_audio
BE-003:perc:00272,78.669206,786.669206,131.966667,33,4.966667,0.231650,0.629902,0.138448,snare_or_mid_percussion,0.629902,0.983408,EVENT_HYPOTHESIS,shared_audio_intelligence_v0_2;percussive_hpss;owner_supplied_audio
BE-003:perc:00273,78.831746,786.831746,132.240000,34,1.240000,0.726463,0.271224,0.002313,kick_or_low_percussion,0.726463,0.973128,EVENT_HYPOTHESIS,shared_audio_intelligence_v0_2;percussive_hpss;owner_supplied_audio
BE-003:perc:00274,78.924626,786.924626,132.400000,34,1.400000,0.448280,0.535814,0.015906,kick_or_low_percussion,0.448280,0.856572,EVENT_HYPOTHESIS,shared_audio_intelligence_v0_2;percussive_hpss;owner_supplied_audio
BE-003:perc:00275,79.133605,787.133605,132.760000,34,1.760000,0.271446,0.712608,0.015946,snare_or_mid_percussion,0.712608,0.601993,EVENT_HYPOTHESIS,shared_audio_intelligence_v0_2;percussive_hpss;owner_supplied_audio
BE-003:perc:00276,79.296145,787.296145,133.041667,34,2.041667,0.228638,0.761312,0.010050,snare_or_mid_percussion,0.761312,0.747177,EVENT_HYPOTHESIS,shared_audio_intelligence_v0_2;percussive_hpss;owner_supplied_audio
BE-003:perc:00277,79.598005,787.598005,133.583333,34,2.583333,0.464335,0.529817,0.005849,kick_or_low_percussion,0.464335,1.000000,EVENT_HYPOTHESIS,shared_audio_intelligence_v0_2;percussive_hpss;owner_supplied_audio
BE-003:perc:00278,79.830204,787.830204,134.000000,34,3.000000,0.327156,0.666153,0.006691,snare_or_mid_percussion,0.666153,1.000000,EVENT_HYPOTHESIS,shared_audio_intelligence_v0_2;percussive_hpss;owner_supplied_audio
BE-003:perc:00279,80.085624,788.085624,134.478261,34,3.478261,0.655858,0.339656,0.004486,kick_or_low_percussion,0.655858,0.707858,EVENT_HYPOTHESIS,shared_audio_intelligence_v0_2;percussive_hpss;owner_supplied_audio
BE-003:perc:00280,80.224943,788.224943,134.739130,34,3.739130,0.699661,0.298643,0.001695,kick_or_low_percussion,0.699661,0.558283,EVENT_HYPOTHESIS,shared_audio_intelligence_v0_2;percussive_hpss;owner_supplied_audio
BE-003:perc:00281,80.364263,788.364263,135.000000,34,4.000000,0.022321,0.870023,0.107657,snare_or_mid_percussion,0.870023,1.000000,EVENT_HYPOTHESIS,shared_audio_intelligence_v0_2;percussive_hpss;owner_supplied_audio
BE-003:perc:00282,80.503583,788.503583,135.222222,34,4.222222,0.053077,0.940871,0.006052,snare_or_mid_percussion,0.940871,0.699205,EVENT_HYPOTHESIS,shared_audio_intelligence_v0_2;percussive_hpss;owner_supplied_audio
BE-003:perc:00283,80.782222,788.782222,135.666667,34,4.666667,0.007204,0.972685,0.020112,snare_or_mid_percussion,0.972685,0.917440,EVENT_HYPOTHESIS,shared_audio_intelligence_v0_2;percussive_hpss;owner_supplied_audio
BE-003:perc:00284,80.991202,788.991202,136.000000,35,1.000000,0.143810,0.855325,0.000865,snare_or_mid_percussion,0.855325,0.731938,EVENT_HYPOTHESIS,shared_audio_intelligence_v0_2;percussive_hpss;owner_supplied_audio
BE-003:perc:00285,81.107302,789.107302,136.200000,35,1.200000,0.016311,0.977870,0.005818,snare_or_mid_percussion,0.977870,0.706854,EVENT_HYPOTHESIS,shared_audio_intelligence_v0_2;percussive_hpss;owner_supplied_audio
BE-003:perc:00286,81.571701,789.571701,137.000000,35,2.000000,0.005480,0.959724,0.034796,snare_or_mid_percussion,0.959724,1.000000,EVENT_HYPOTHESIS,shared_audio_intelligence_v0_2;percussive_hpss;owner_supplied_audio
BE-003:perc:00287,81.873560,789.873560,137.481481,35,2.481481,0.428217,0.569016,0.002766,kick_or_low_percussion,0.428217,0.599287,EVENT_HYPOTHESIS,shared_audio_intelligence_v0_2;percussive_hpss;owner_supplied_audio
BE-003:perc:00288,82.175420,790.175420,137.962963,35,2.962963,0.024778,0.968322,0.006900,snare_or_mid_percussion,0.968322,1.000000,EVENT_HYPOTHESIS,shared_audio_intelligence_v0_2;percussive_hpss;owner_supplied_audio
BE-003:perc:00289,82.454059,790.454059,138.440000,35,3.440000,0.017079,0.962042,0.020880,snare_or_mid_percussion,0.962042,0.986115,EVENT_HYPOTHESIS,shared_audio_intelligence_v0_2;percussive_hpss;owner_supplied_audio
BE-003:perc:00290,82.639819,790.639819,138.760000,35,3.760000,0.712448,0.285366,0.002186,kick_or_low_percussion,0.712448,0.555281,EVENT_HYPOTHESIS,shared_audio_intelligence_v0_2;percussive_hpss;owner_supplied_audio
BE-003:perc:00291,82.779138,790.779138,139.000000,35,4.000000,0.025180,0.796788,0.178032,snare_or_mid_percussion,0.796788,1.000000,EVENT_HYPOTHESIS,shared_audio_intelligence_v0_2;percussive_hpss;owner_supplied_audio
BE-003:perc:00292,83.080998,791.080998,139.520000,35,4.520000,0.049335,0.941744,0.008921,snare_or_mid_percussion,0.941744,0.513565,EVENT_HYPOTHESIS,shared_audio_intelligence_v0_2;percussive_hpss;owner_supplied_audio
BE-003:perc:00293,83.197098,791.197098,139.720000,35,4.720000,0.057025,0.942072,0.000904,snare_or_mid_percussion,0.942072,0.620514,EVENT_HYPOTHESIS,shared_audio_intelligence_v0_2;percussive_hpss;owner_supplied_audio
BE-003:perc:00294,83.359637,791.359637,140.000000,36,1.000000,0.015227,0.984311,0.000462,snare_or_mid_percussion,0.984311,1.000000,EVENT_HYPOTHESIS,shared_audio_intelligence_v0_2;percussive_hpss;owner_supplied_audio
BE-003:perc:00295,83.661497,791.661497,140.500000,36,1.500000,0.103867,0.894578,0.001555,snare_or_mid_percussion,0.894578,0.871270,EVENT_HYPOTHESIS,shared_audio_intelligence_v0_2;percussive_hpss;owner_supplied_audio
BE-003:perc:00296,83.754376,791.754376,140.653846,36,1.653846,0.432219,0.559763,0.008018,kick_or_low_percussion,0.432219,0.738649,EVENT_HYPOTHESIS,shared_audio_intelligence_v0_2;percussive_hpss;owner_supplied_audio
BE-003:perc:00297,83.940136,791.940136,140.961538,36,1.961538,0.020757,0.674188,0.305055,snare_or_mid_percussion,0.674188,1.000000,EVENT_HYPOTHESIS,shared_audio_intelligence_v0_2;percussive_hpss;owner_supplied_audio
BE-003:perc:00298,84.265215,792.265215,141.520000,36,2.520000,0.198513,0.753646,0.047841,snare_or_mid_percussion,0.753646,1.000000,EVENT_HYPOTHESIS,shared_audio_intelligence_v0_2;percussive_hpss;owner_supplied_audio
BE-003:perc:00299,84.845714,792.845714,142.520000,36,3.520000,0.436165,0.233025,0.330810,kick_or_low_percussion,0.436165,1.000000,EVENT_HYPOTHESIS,shared_audio_intelligence_v0_2;percussive_hpss;owner_supplied_audio
BE-003:perc:00300,85.426213,793.426213,143.500000,36,4.500000,0.129769,0.401382,0.468848,unresolved_percussive_event,0.468848,1.000000,EVENT_HYPOTHESIS,shared_audio_intelligence_v0_2;percussive_hpss;owner_supplied_audio
BE-003:perc:00301,85.728073,793.728073,144.000000,37,1.000000,0.287337,0.414681,0.297983,unresolved_percussive_event,0.414681,1.000000,EVENT_HYPOTHESIS,shared_audio_intelligence_v0_2;percussive_hpss;owner_supplied_audio
BE-003:perc:00302,86.285351,794.285351,144.960000,37,1.960000,0.097690,0.896708,0.005602,snare_or_mid_percussion,0.896708,0.940859,EVENT_HYPOTHESIS,shared_audio_intelligence_v0_2;percussive_hpss;owner_supplied_audio
BE-003:perc:00303,86.912290,794.912290,146.000000,37,3.000000,0.257299,0.740630,0.002071,snare_or_mid_percussion,0.740630,0.653106,EVENT_HYPOTHESIS,shared_audio_intelligence_v0_2;percussive_hpss;owner_supplied_audio
BE-003:perc:00304,87.144490,795.144490,146.357143,37,3.357143,0.008262,0.985916,0.005823,snare_or_mid_percussion,0.985916,1.000000,EVENT_HYPOTHESIS,shared_audio_intelligence_v0_2;percussive_hpss;owner_supplied_audio
BE-003:perc:00305,87.283810,795.283810,146.571429,37,3.571429,0.002667,0.971787,0.025546,snare_or_mid_percussion,0.971787,1.000000,EVENT_HYPOTHESIS,shared_audio_intelligence_v0_2;percussive_hpss;owner_supplied_audio
BE-003:perc:00306,87.423129,795.423129,146.785714,37,3.785714,0.014141,0.937591,0.048268,snare_or_mid_percussion,0.937591,0.851765,EVENT_HYPOTHESIS,shared_audio_intelligence_v0_2;percussive_hpss;owner_supplied_audio
BE-003:perc:00307,87.562449,795.562449,147.000000,37,4.000000,0.003845,0.976844,0.019312,snare_or_mid_percussion,0.976844,1.000000,EVENT_HYPOTHESIS,shared_audio_intelligence_v0_2;percussive_hpss;owner_supplied_audio
BE-003:perc:00308,87.724989,795.724989,147.280000,37,4.280000,0.009474,0.938990,0.051536,snare_or_mid_percussion,0.938990,1.000000,EVENT_HYPOTHESIS,shared_audio_intelligence_v0_2;percussive_hpss;owner_supplied_audio
BE-003:perc:00309,87.864308,795.864308,147.520000,37,4.520000,0.140030,0.796548,0.063422,snare_or_mid_percussion,0.796548,0.867637,EVENT_HYPOTHESIS,shared_audio_intelligence_v0_2;percussive_hpss;owner_supplied_audio
BE-003:perc:00310,88.142948,796.142948,148.000000,38,1.000000,0.006958,0.748021,0.245021,snare_or_mid_percussion,0.748021,1.000000,EVENT_HYPOTHESIS,shared_audio_intelligence_v0_2;percussive_hpss;owner_supplied_audio
BE-003:perc:00311,88.305488,796.305488,148.269231,38,1.269231,0.384753,0.326224,0.289022,unresolved_percussive_event,0.384753,1.000000,EVENT_HYPOTHESIS,shared_audio_intelligence_v0_2;percussive_hpss;owner_supplied_audio
BE-003:perc:00312,88.468027,796.468027,148.538462,38,1.538462,0.413879,0.509588,0.076533,kick_or_low_percussion,0.413879,1.000000,EVENT_HYPOTHESIS,shared_audio_intelligence_v0_2;percussive_hpss;owner_supplied_audio
BE-003:perc:00313,88.607347,796.607347,148.769231,38,1.769231,0.183173,0.756585,0.060242,snare_or_mid_percussion,0.756585,1.000000,EVENT_HYPOTHESIS,shared_audio_intelligence_v0_2;percussive_hpss;owner_supplied_audio
BE-003:perc:00314,88.746667,796.746667,149.000000,38,2.000000,0.008344,0.692524,0.299132,snare_or_mid_percussion,0.692524,0.908568,EVENT_HYPOTHESIS,shared_audio_intelligence_v0_2;percussive_hpss;owner_supplied_audio
BE-003:perc:00315,88.885986,796.885986,149.250000,38,2.250000,0.599307,0.264339,0.136354,kick_or_low_percussion,0.599307,1.000000,EVENT_HYPOTHESIS,shared_audio_intelligence_v0_2;percussive_hpss;owner_supplied_audio
BE-003:perc:00316,89.025306,797.025306,149.500000,38,2.500000,0.256360,0.634930,0.108710,snare_or_mid_percussion,0.634930,1.000000,EVENT_HYPOTHESIS,shared_audio_intelligence_v0_2;percussive_hpss;owner_supplied_audio
BE-003:perc:00317,89.164626,797.164626,149.750000,38,2.750000,0.026276,0.406514,0.567210,unresolved_percussive_event,0.567210,0.966931,EVENT_HYPOTHESIS,shared_audio_intelligence_v0_2;percussive_hpss;owner_supplied_audio
BE-003:perc:00318,89.303946,797.303946,150.000000,38,3.000000,0.428115,0.314817,0.257068,kick_or_low_percussion,0.428115,1.000000,EVENT_HYPOTHESIS,shared_audio_intelligence_v0_2;percussive_hpss;owner_supplied_audio
BE-003:perc:00319,89.791565,797.791565,150.954545,38,3.954545,0.058314,0.870612,0.071074,snare_or_mid_percussion,0.870612,1.000000,EVENT_HYPOTHESIS,shared_audio_intelligence_v0_2;percussive_hpss;owner_supplied_audio
BE-003:perc:00320,90.209524,798.209524,151.708333,38,4.708333,0.004387,0.980283,0.015330,snare_or_mid_percussion,0.980283,1.000000,EVENT_HYPOTHESIS,shared_audio_intelligence_v0_2;percussive_hpss;owner_supplied_audio
BE-003:perc:00321,90.372063,798.372063,152.000000,39,1.000000,0.029373,0.931834,0.038793,snare_or_mid_percussion,0.931834,1.000000,EVENT_HYPOTHESIS,shared_audio_intelligence_v0_2;percussive_hpss;owner_supplied_audio
BE-003:perc:00322,90.650703,798.650703,152.480000,39,1.480000,0.011138,0.972118,0.016743,snare_or_mid_percussion,0.972118,0.680340,EVENT_HYPOTHESIS,shared_audio_intelligence_v0_2;percussive_hpss;owner_supplied_audio
BE-003:perc:00323,90.790023,798.790023,152.720000,39,1.720000,0.092661,0.904012,0.003327,snare_or_mid_percussion,0.904012,0.723560,EVENT_HYPOTHESIS,shared_audio_intelligence_v0_2;percussive_hpss;owner_supplied_audio
BE-003:perc:00324,90.952562,798.952562,153.000000,39,2.000000,0.007916,0.986206,0.005878,snare_or_mid_percussion,0.986206,1.000000,EVENT_HYPOTHESIS,shared_audio_intelligence_v0_2;percussive_hpss;owner_supplied_audio
BE-003:perc:00325,91.300862,799.300862,153.681818,39,2.681818,0.353362,0.639507,0.007131,snare_or_mid_percussion,0.639507,1.000000,EVENT_HYPOTHESIS,shared_audio_intelligence_v0_2;percussive_hpss;owner_supplied_audio
BE-003:perc:00326,91.672381,799.672381,154.409091,39,3.409091,0.512422,0.485422,0.002156,kick_or_low_percussion,0.512422,0.822215,EVENT_HYPOTHESIS,shared_audio_intelligence_v0_2;percussive_hpss;owner_supplied_audio
BE-003:perc:00327,91.858141,799.858141,154.772727,39,3.772727,0.352211,0.623749,0.024040,snare_or_mid_percussion,0.623749,0.778709,EVENT_HYPOTHESIS,shared_audio_intelligence_v0_2;percussive_hpss;owner_supplied_audio
BE-003:perc:00328,91.974240,799.974240,155.000000,39,4.000000,0.035503,0.431892,0.532605,unresolved_percussive_event,0.532605,1.000000,EVENT_HYPOTHESIS,shared_audio_intelligence_v0_2;percussive_hpss;owner_supplied_audio
BE-003:perc:00329,92.252880,800.252880,155.480000,39,4.480000,0.049083,0.448139,0.502777,unresolved_percussive_event,0.502777,0.751864,EVENT_HYPOTHESIS,shared_audio_intelligence_v0_2;percussive_hpss;owner_supplied_audio
BE-003:perc:00330,92.392200,800.392200,155.720000,39,4.720000,0.372820,0.525294,0.101887,snare_or_mid_percussion,0.525294,0.946073,EVENT_HYPOTHESIS,shared_audio_intelligence_v0_2;percussive_hpss;owner_supplied_audio
BE-003:perc:00331,92.554739,800.554739,156.000000,40,1.000000,0.099232,0.438286,0.462482,unresolved_percussive_event,0.462482,1.000000,EVENT_HYPOTHESIS,shared_audio_intelligence_v0_2;percussive_hpss;owner_supplied_audio
BE-003:perc:00332,93.088798,801.088798,156.718750,40,1.718750,0.758792,0.240647,0.000561,kick_or_low_percussion,0.758792,0.687617,EVENT_HYPOTHESIS,shared_audio_intelligence_v0_2;percussive_hpss;owner_supplied_audio
BE-003:perc:00333,93.297778,801.297778,157.000000,40,2.000000,0.018160,0.948983,0.032858,snare_or_mid_percussion,0.948983,1.000000,EVENT_HYPOTHESIS,shared_audio_intelligence_v0_2;percussive_hpss;owner_supplied_audio
BE-003:perc:00334,93.576417,801.576417,157.461538,40,2.461538,0.022050,0.976103,0.001848,snare_or_mid_percussion,0.976103,0.882444,EVENT_HYPOTHESIS,shared_audio_intelligence_v0_2;percussive_hpss;owner_supplied_audio
BE-003:perc:00335,93.901497,801.901497,158.000000,40,3.000000,0.057116,0.934335,0.008549,snare_or_mid_percussion,0.934335,1.000000,EVENT_HYPOTHESIS,shared_audio_intelligence_v0_2;percussive_hpss;owner_supplied_audio
BE-003:perc:00336,93.994376,801.994376,158.160000,40,3.160000,0.002246,0.977857,0.019897,snare_or_mid_percussion,0.977857,1.000000,EVENT_HYPOTHESIS,shared_audio_intelligence_v0_2;percussive_hpss;owner_supplied_audio
BE-003:perc:00337,94.180136,802.180136,158.480000,40,3.480000,0.029442,0.964411,0.006148,snare_or_mid_percussion,0.964411,1.000000,EVENT_HYPOTHESIS,shared_audio_intelligence_v0_2;percussive_hpss;owner_supplied_audio
BE-003:perc:00338,94.296236,802.296236,158.680000,40,3.680000,0.027955,0.965790,0.006256,snare_or_mid_percussion,0.965790,0.635063,EVENT_HYPOTHESIS,shared_audio_intelligence_v0_2;percussive_hpss;owner_supplied_audio
BE-003:perc:00339,94.458776,802.458776,158.960000,40,3.960000,0.005836,0.932103,0.062061,snare_or_mid_percussion,0.932103,1.000000,EVENT_HYPOTHESIS,shared_audio_intelligence_v0_2;percussive_hpss;owner_supplied_audio
BE-003:perc:00340,94.737415,802.737415,159.379310,40,4.379310,0.086910,0.479542,0.433548,unresolved_percussive_event,0.479542,1.000000,EVENT_HYPOTHESIS,shared_audio_intelligence_v0_2;percussive_hpss;owner_supplied_audio
BE-003:perc:00341,95.016054,803.016054,159.793103,40,4.793103,0.009093,0.162022,0.828885,cymbal_or_hi_hat,0.828885,1.000000,EVENT_HYPOTHESIS,shared_audio_intelligence_v0_2;percussive_hpss;owner_supplied_audio
BE-003:perc:00342,95.155374,803.155374,160.000000,41,1.000000,0.279962,0.645394,0.074644,snare_or_mid_percussion,0.645394,1.000000,EVENT_HYPOTHESIS,shared_audio_intelligence_v0_2;percussive_hpss;owner_supplied_audio
BE-003:perc:00343,95.712653,803.712653,160.960000,41,1.960000,0.610921,0.386019,0.003059,kick_or_low_percussion,0.610921,0.869943,EVENT_HYPOTHESIS,shared_audio_intelligence_v0_2;percussive_hpss;owner_supplied_audio
BE-003:perc:00344,95.759093,803.759093,161.040000,41,2.040000,0.575657,0.423054,0.001289,kick_or_low_percussion,0.575657,0.748010,EVENT_HYPOTHESIS,shared_audio_intelligence_v0_2;percussive_hpss;owner_supplied_audio
BE-003:perc:00345,96.014512,804.014512,161.480000,41,2.480000,0.767840,0.229739,0.002421,kick_or_low_percussion,0.767840,0.621635,EVENT_HYPOTHESIS,shared_audio_intelligence_v0_2;percussive_hpss;owner_supplied_audio
BE-003:perc:00346,96.316372,804.316372,162.000000,41,3.000000,0.485590,0.513730,0.000680,kick_or_low_percussion,0.485590,0.715986,EVENT_HYPOTHESIS,shared_audio_intelligence_v0_2;percussive_hpss;owner_supplied_audio
BE-003:perc:00347,96.571791,804.571791,162.423077,41,3.423077,0.598822,0.392153,0.009025,kick_or_low_percussion,0.598822,0.978857,EVENT_HYPOTHESIS,shared_audio_intelligence_v0_2;percussive_hpss;owner_supplied_audio
BE-003:perc:00348,96.920091,804.920091,163.000000,41,4.000000,0.530372,0.469360,0.000268,kick_or_low_percussion,0.530372,1.000000,EVENT_HYPOTHESIS,shared_audio_intelligence_v0_2;percussive_hpss;owner_supplied_audio
BE-003:perc:00349,97.523810,805.523810,163.812500,41,4.812500,0.420301,0.575619,0.004080,kick_or_low_percussion,0.420301,0.582171,EVENT_HYPOTHESIS,shared_audio_intelligence_v0_2;percussive_hpss;owner_supplied_audio
BE-003:perc:00350,97.663129,805.663129,164.000000,42,1.000000,0.067540,0.931309,0.001151,snare_or_mid_percussion,0.931309,0.998015,EVENT_HYPOTHESIS,shared_audio_intelligence_v0_2;percussive_hpss;owner_supplied_audio
BE-003:perc:00351,97.825669,805.825669,164.269231,42,1.269231,0.076254,0.516689,0.407056,snare_or_mid_percussion,0.516689,1.000000,EVENT_HYPOTHESIS,shared_audio_intelligence_v0_2;percussive_hpss;owner_supplied_audio
BE-003:perc:00352,97.964989,805.964989,164.500000,42,1.500000,0.001865,0.960917,0.037218,snare_or_mid_percussion,0.960917,1.000000,EVENT_HYPOTHESIS,shared_audio_intelligence_v0_2;percussive_hpss;owner_supplied_audio
BE-003:perc:00353,98.266848,806.266848,165.000000,42,2.000000,0.024554,0.927723,0.047724,snare_or_mid_percussion,0.927723,1.000000,EVENT_HYPOTHESIS,shared_audio_intelligence_v0_2;percussive_hpss;owner_supplied_audio
BE-003:perc:00354,98.545488,806.545488,165.480000,42,2.480000,0.018433,0.926764,0.054803,snare_or_mid_percussion,0.926764,1.000000,EVENT_HYPOTHESIS,shared_audio_intelligence_v0_2;percussive_hpss;owner_supplied_audio
BE-003:perc:00355,98.847347,806.847347,166.000000,42,3.000000,0.015784,0.932291,0.051925,snare_or_mid_percussion,0.932291,1.000000,EVENT_HYPOTHESIS,shared_audio_intelligence_v0_2;percussive_hpss;owner_supplied_audio
BE-003:perc:00356,98.963447,806.963447,166.192308,42,3.192308,0.075876,0.893641,0.030483,snare_or_mid_percussion,0.893641,1.000000,EVENT_HYPOTHESIS,shared_audio_intelligence_v0_2;percussive_hpss;owner_supplied_audio
BE-003:perc:00357,99.149206,807.149206,166.500000,42,3.500000,0.012219,0.937917,0.049864,snare_or_mid_percussion,0.937917,0.957006,EVENT_HYPOTHESIS,shared_audio_intelligence_v0_2;percussive_hpss;owner_supplied_audio
BE-003:perc:00358,99.242086,807.242086,166.653846,42,3.653846,0.008690,0.831739,0.159571,snare_or_mid_percussion,0.831739,1.000000,EVENT_HYPOTHESIS,shared_audio_intelligence_v0_2;percussive_hpss;owner_supplied_audio
BE-003:perc:00359,99.543946,807.543946,167.160000,42,4.160000,0.134202,0.828143,0.037656,snare_or_mid_percussion,0.828143,1.000000,EVENT_HYPOTHESIS,shared_audio_intelligence_v0_2;percussive_hpss;owner_supplied_audio
BE-003:perc:00360,100.031565,808.031565,168.000000,43,1.000000,0.342678,0.558828,0.098494,snare_or_mid_percussion,0.558828,1.000000,EVENT_HYPOTHESIS,shared_audio_intelligence_v0_2;percussive_hpss;owner_supplied_audio
BE-003:perc:00361,100.170884,808.170884,168.240000,43,1.240000,0.413267,0.585574,0.001158,kick_or_low_percussion,0.413267,0.854658,EVENT_HYPOTHESIS,shared_audio_intelligence_v0_2;percussive_hpss;owner_supplied_audio
BE-003:perc:00362,100.310204,808.310204,168.480000,43,1.480000,0.554015,0.442815,0.003171,kick_or_low_percussion,0.554015,0.885341,EVENT_HYPOTHESIS,shared_audio_intelligence_v0_2;percussive_hpss;owner_supplied_audio
BE-003:perc:00363,100.612063,808.612063,169.000000,43,2.000000,0.540012,0.450447,0.009542,kick_or_low_percussion,0.540012,1.000000,EVENT_HYPOTHESIS,shared_audio_intelligence_v0_2;percussive_hpss;owner_supplied_audio
BE-003:perc:00364,100.751383,808.751383,169.230769,43,2.230769,0.458829,0.535249,0.005921,kick_or_low_percussion,0.458829,0.855785,EVENT_HYPOTHESIS,shared_audio_intelligence_v0_2;percussive_hpss;owner_supplied_audio
BE-003:perc:00365,100.913923,808.913923,169.500000,43,2.500000,0.084583,0.901749,0.013668,snare_or_mid_percussion,0.901749,0.661965,EVENT_HYPOTHESIS,shared_audio_intelligence_v0_2;percussive_hpss;owner_supplied_audio
BE-003:perc:00366,101.006803,809.006803,169.653846,43,2.653846,0.233879,0.763598,0.002523,snare_or_mid_percussion,0.763598,0.654539,EVENT_HYPOTHESIS,shared_audio_intelligence_v0_2;percussive_hpss;owner_supplied_audio
BE-003:perc:00367,101.192562,809.192562,169.961538,43,2.961538,0.387300,0.586371,0.026329,snare_or_mid_percussion,0.586371,0.911145,EVENT_HYPOTHESIS,shared_audio_intelligence_v0_2;percussive_hpss;owner_supplied_audio
BE-003:perc:00368,101.355102,809.355102,170.230769,43,3.230769,0.593235,0.404463,0.002302,kick_or_low_percussion,0.593235,0.795961,EVENT_HYPOTHESIS,shared_audio_intelligence_v0_2;percussive_hpss;owner_supplied_audio
BE-003:perc:00369,101.494422,809.494422,170.461538,43,3.461538,0.035412,0.946087,0.018500,snare_or_mid_percussion,0.946087,1.000000,EVENT_HYPOTHESIS,shared_audio_intelligence_v0_2;percussive_hpss;owner_supplied_audio
BE-003:perc:00370,101.610522,809.610522,170.653846,43,3.653846,0.153043,0.810236,0.036721,snare_or_mid_percussion,0.810236,0.939790,EVENT_HYPOTHESIS,shared_audio_intelligence_v0_2;percussive_hpss;owner_supplied_audio
BE-003:perc:00371,101.819501,809.819501,171.000000,43,4.000000,0.049019,0.934954,0.016027,snare_or_mid_percussion,0.934954,1.000000,EVENT_HYPOTHESIS,shared_audio_intelligence_v0_2;percussive_hpss;owner_supplied_audio
BE-003:perc:00372,102.074921,810.074921,171.392857,43,4.392857,0.027864,0.965664,0.006472,snare_or_mid_percussion,0.965664,0.990184,EVENT_HYPOTHESIS,shared_audio_intelligence_v0_2;percussive_hpss;owner_supplied_audio
BE-003:perc:00373,102.260680,810.260680,171.678571,43,4.678571,0.050457,0.949192,0.000351,snare_or_mid_percussion,0.949192,0.630141,EVENT_HYPOTHESIS,shared_audio_intelligence_v0_2;percussive_hpss;owner_supplied_audio
BE-003:perc:00374,102.353560,810.353560,171.821429,43,4.821429,0.011116,0.988119,0.000765,snare_or_mid_percussion,0.988119,0.796588,EVENT_HYPOTHESIS,shared_audio_intelligence_v0_2;percussive_hpss;owner_supplied_audio
BE-003:perc:00375,102.446440,810.446440,171.964286,43,4.964286,0.004289,0.915428,0.080283,snare_or_mid_percussion,0.915428,1.000000,EVENT_HYPOTHESIS,shared_audio_intelligence_v0_2;percussive_hpss;owner_supplied_audio
BE-003:perc:00376,102.748299,810.748299,172.444444,44,1.444444,0.017248,0.935486,0.047266,snare_or_mid_percussion,0.935486,1.000000,EVENT_HYPOTHESIS,shared_audio_intelligence_v0_2;percussive_hpss;owner_supplied_audio
BE-003:perc:00377,102.934059,810.934059,172.740741,44,1.740741,0.002652,0.985911,0.011437,snare_or_mid_percussion,0.985911,1.000000,EVENT_HYPOTHESIS,shared_audio_intelligence_v0_2;percussive_hpss;owner_supplied_audio
BE-003:perc:00378,103.096599,811.096599,173.000000,44,2.000000,0.039661,0.857039,0.103300,snare_or_mid_percussion,0.857039,1.000000,EVENT_HYPOTHESIS,shared_audio_intelligence_v0_2;percussive_hpss;owner_supplied_audio
BE-003:perc:00379,103.235918,811.235918,173.240000,44,2.240000,0.019626,0.975687,0.004687,snare_or_mid_percussion,0.975687,1.000000,EVENT_HYPOTHESIS,shared_audio_intelligence_v0_2;percussive_hpss;owner_supplied_audio
BE-003:perc:00380,103.352018,811.352018,173.440000,44,2.440000,0.002425,0.967041,0.030534,snare_or_mid_percussion,0.967041,1.000000,EVENT_HYPOTHESIS,shared_audio_intelligence_v0_2;percussive_hpss;owner_supplied_audio
BE-003:perc:00381,103.514558,811.514558,173.720000,44,2.720000,0.001577,0.968851,0.029572,snare_or_mid_percussion,0.968851,1.000000,EVENT_HYPOTHESIS,shared_audio_intelligence_v0_2;percussive_hpss;owner_supplied_audio
BE-003:perc:00382,103.653878,811.653878,173.960000,44,2.960000,0.199064,0.767364,0.033572,snare_or_mid_percussion,0.767364,0.713640,EVENT_HYPOTHESIS,shared_audio_intelligence_v0_2;percussive_hpss;owner_supplied_audio
BE-003:perc:00383,103.816417,811.816417,174.250000,44,3.250000,0.001872,0.969885,0.028243,snare_or_mid_percussion,0.969885,1.000000,EVENT_HYPOTHESIS,shared_audio_intelligence_v0_2;percussive_hpss;owner_supplied_audio
BE-003:perc:00384,104.211156,812.211156,174.958333,44,3.958333,0.037322,0.953105,0.009572,snare_or_mid_percussion,0.953105,0.858964,EVENT_HYPOTHESIS,shared_audio_intelligence_v0_2;percussive_hpss;owner_supplied_audio
BE-003:perc:00385,104.420136,812.420136,175.320000,44,4.320000,0.138965,0.859281,0.001754,snare_or_mid_percussion,0.859281,0.633889,EVENT_HYPOTHESIS,shared_audio_intelligence_v0_2;percussive_hpss;owner_supplied_audio
BE-003:perc:00386,104.791655,812.791655,175.960000,44,4.960000,0.014120,0.310860,0.675020,cymbal_or_hi_hat,0.675020,1.000000,EVENT_HYPOTHESIS,shared_audio_intelligence_v0_2;percussive_hpss;owner_supplied_audio
BE-003:perc:00387,105.279274,813.279274,176.769231,45,1.769231,0.225295,0.748773,0.025932,snare_or_mid_percussion,0.748773,1.000000,EVENT_HYPOTHESIS,shared_audio_intelligence_v0_2;percussive_hpss;owner_supplied_audio
BE-003:perc:00388,105.395374,813.395374,176.961538,45,1.961538,0.208317,0.634617,0.157066,snare_or_mid_percussion,0.634617,1.000000,EVENT_HYPOTHESIS,shared_audio_intelligence_v0_2;percussive_hpss;owner_supplied_audio
BE-003:perc:00389,105.975873,813.975873,177.960000,45,2.960000,0.252063,0.639530,0.108407,snare_or_mid_percussion,0.639530,0.929578,EVENT_HYPOTHESIS,shared_audio_intelligence_v0_2;percussive_hpss;owner_supplied_audio
BE-003:perc:00390,106.486712,814.486712,178.807692,45,3.807692,0.221340,0.664745,0.113915,snare_or_mid_percussion,0.664745,1.000000,EVENT_HYPOTHESIS,shared_audio_intelligence_v0_2;percussive_hpss;owner_supplied_audio
BE-003:perc:00391,106.602812,814.602812,179.000000,45,4.000000,0.672820,0.198220,0.128960,kick_or_low_percussion,0.672820,1.000000,EVENT_HYPOTHESIS,shared_audio_intelligence_v0_2;percussive_hpss;owner_supplied_audio
BE-003:perc:00392,107.067211,815.067211,179.606061,45,4.606061,0.491219,0.503363,0.005418,kick_or_low_percussion,0.491219,1.000000,EVENT_HYPOTHESIS,shared_audio_intelligence_v0_2;percussive_hpss;owner_supplied_audio
BE-003:perc:00393,107.160091,815.160091,179.727273,45,4.727273,0.686709,0.296448,0.016843,kick_or_low_percussion,0.686709,1.000000,EVENT_HYPOTHESIS,shared_audio_intelligence_v0_2;percussive_hpss;owner_supplied_audio
BE-003:perc:00394,107.345850,815.345850,179.969697,45,4.969697,0.009715,0.935665,0.054620,snare_or_mid_percussion,0.935665,1.000000,EVENT_HYPOTHESIS,shared_audio_intelligence_v0_2;percussive_hpss;owner_supplied_audio
BE-003:perc:00395,107.647710,815.647710,180.461538,46,1.461538,0.155473,0.840337,0.004190,snare_or_mid_percussion,0.840337,0.609492,EVENT_HYPOTHESIS,shared_audio_intelligence_v0_2;percussive_hpss;owner_supplied_audio
BE-003:perc:00396,107.763810,815.763810,180.653846,46,1.653846,0.316333,0.671657,0.012010,snare_or_mid_percussion,0.671657,1.000000,EVENT_HYPOTHESIS,shared_audio_intelligence_v0_2;percussive_hpss;owner_supplied_audio
BE-003:perc:00397,108.065669,816.065669,181.160000,46,2.160000,0.003124,0.988603,0.008273,snare_or_mid_percussion,0.988603,1.000000,EVENT_HYPOTHESIS,shared_audio_intelligence_v0_2;percussive_hpss;owner_supplied_audio
BE-003:perc:00398,108.530068,816.530068,181.960000,46,2.960000,0.327363,0.499149,0.173488,unresolved_percussive_event,0.499149,1.000000,EVENT_HYPOTHESIS,shared_audio_intelligence_v0_2;percussive_hpss;owner_supplied_audio
BE-003:perc:00399,108.831927,816.831927,182.500000,46,3.500000,0.378334,0.621498,0.000168,snare_or_mid_percussion,0.621498,0.669965,EVENT_HYPOTHESIS,shared_audio_intelligence_v0_2;percussive_hpss;owner_supplied_audio
BE-003:perc:00400,108.948027,816.948027,182.708333,46,3.708333,0.266343,0.581641,0.152016,snare_or_mid_percussion,0.581641,1.000000,EVENT_HYPOTHESIS,shared_audio_intelligence_v0_2;percussive_hpss;owner_supplied_audio
BE-003:perc:00401,109.110567,817.110567,183.000000,46,4.000000,0.033844,0.906189,0.059967,snare_or_mid_percussion,0.906189,1.000000,EVENT_HYPOTHESIS,shared_audio_intelligence_v0_2;percussive_hpss;owner_supplied_audio
BE-003:perc:00402,109.389206,817.389206,183.444444,46,4.444444,0.141293,0.480192,0.378515,unresolved_percussive_event,0.480192,1.000000,EVENT_HYPOTHESIS,shared_audio_intelligence_v0_2;percussive_hpss;owner_supplied_audio
BE-003:perc:00403,109.528526,817.528526,183.666667,46,4.666667,0.110967,0.765297,0.123736,snare_or_mid_percussion,0.765297,0.831928,EVENT_HYPOTHESIS,shared_audio_intelligence_v0_2;percussive_hpss;owner_supplied_audio
BE-003:perc:00404,109.737506,817.737506,184.000000,47,1.000000,0.523194,0.474099,0.002707,kick_or_low_percussion,0.523194,0.863153,EVENT_HYPOTHESIS,shared_audio_intelligence_v0_2;percussive_hpss;owner_supplied_audio
BE-003:perc:00405,110.016145,818.016145,184.480000,47,1.480000,0.461947,0.536757,0.001296,kick_or_low_percussion,0.461947,0.947545,EVENT_HYPOTHESIS,shared_audio_intelligence_v0_2;percussive_hpss;owner_supplied_audio
BE-003:perc:00406,110.294785,818.294785,184.960000,47,1.960000,0.010076,0.967029,0.022896,snare_or_mid_percussion,0.967029,1.000000,EVENT_HYPOTHESIS,shared_audio_intelligence_v0_2;percussive_hpss;owner_supplied_audio
BE-003:perc:00407,110.573424,818.573424,185.440000,47,2.440000,0.021693,0.965848,0.012459,snare_or_mid_percussion,0.965848,0.838602,EVENT_HYPOTHESIS,shared_audio_intelligence_v0_2;percussive_hpss;owner_supplied_audio
BE-003:perc:00408,110.712744,818.712744,185.680000,47,2.680000,0.016752,0.978412,0.004835,snare_or_mid_percussion,0.978412,1.000000,EVENT_HYPOTHESIS,shared_audio_intelligence_v0_2;percussive_hpss;owner_supplied_audio
BE-003:perc:00409,111.014603,819.014603,186.200000,47,3.200000,0.018315,0.956225,0.025459,snare_or_mid_percussion,0.956225,1.000000,EVENT_HYPOTHESIS,shared_audio_intelligence_v0_2;percussive_hpss;owner_supplied_audio
BE-003:perc:00410,111.200363,819.200363,186.520000,47,3.520000,0.093788,0.883719,0.022494,snare_or_mid_percussion,0.883719,1.000000,EVENT_HYPOTHESIS,shared_audio_intelligence_v0_2;percussive_hpss;owner_supplied_audio
BE-003:perc:00411,111.455782,819.455782,186.960000,47,3.960000,0.023095,0.849128,0.127776,snare_or_mid_percussion,0.849128,1.000000,EVENT_HYPOTHESIS,shared_audio_intelligence_v0_2;percussive_hpss;owner_supplied_audio
BE-003:perc:00412,112.082721,820.082721,188.000000,48,1.000000,0.002448,0.991019,0.006532,snare_or_mid_percussion,0.991019,1.000000,EVENT_HYPOTHESIS,shared_audio_intelligence_v0_2;percussive_hpss;owner_supplied_audio
BE-003:perc:00413,112.477460,820.477460,188.680000,48,1.680000,0.021019,0.961583,0.017398,snare_or_mid_percussion,0.961583,1.000000,EVENT_HYPOTHESIS,shared_audio_intelligence_v0_2;percussive_hpss;owner_supplied_audio
BE-003:perc:00414,112.941859,820.941859,189.480000,48,2.480000,0.091665,0.906448,0.001887,snare_or_mid_percussion,0.906448,0.961438,EVENT_HYPOTHESIS,shared_audio_intelligence_v0_2;percussive_hpss;owner_supplied_audio
BE-003:perc:00415,113.057959,821.057959,189.680000,48,2.680000,0.087345,0.909437,0.003218,snare_or_mid_percussion,0.909437,0.798821,EVENT_HYPOTHESIS,shared_audio_intelligence_v0_2;percussive_hpss;owner_supplied_audio
BE-003:perc:00416,113.243719,821.243719,190.000000,48,3.000000,0.004066,0.994974,0.000960,snare_or_mid_percussion,0.994974,0.553194,EVENT_HYPOTHESIS,shared_audio_intelligence_v0_2;percussive_hpss;owner_supplied_audio
BE-003:perc:00417,113.522358,821.522358,190.480000,48,3.480000,0.030387,0.963640,0.005974,snare_or_mid_percussion,0.963640,1.000000,EVENT_HYPOTHESIS,shared_audio_intelligence_v0_2;percussive_hpss;owner_supplied_audio
BE-003:perc:00418,113.800998,821.800998,190.960000,48,3.960000,0.018038,0.962183,0.019779,snare_or_mid_percussion,0.962183,0.873018,EVENT_HYPOTHESIS,shared_audio_intelligence_v0_2;percussive_hpss;owner_supplied_audio
BE-003:perc:00419,113.847438,821.847438,191.040000,48,4.040000,0.035392,0.885639,0.078969,snare_or_mid_percussion,0.885639,1.000000,EVENT_HYPOTHESIS,shared_audio_intelligence_v0_2;percussive_hpss;owner_supplied_audio
BE-003:perc:00420,114.404717,822.404717,192.000000,49,1.000000,0.458838,0.372845,0.168316,kick_or_low_percussion,0.458838,1.000000,EVENT_HYPOTHESIS,shared_audio_intelligence_v0_2;percussive_hpss;owner_supplied_audio
BE-003:perc:00421,114.683356,822.683356,192.461538,49,1.461538,0.101818,0.791210,0.106972,snare_or_mid_percussion,0.791210,1.000000,EVENT_HYPOTHESIS,shared_audio_intelligence_v0_2;percussive_hpss;owner_supplied_audio
BE-003:perc:00422,115.263855,823.263855,193.440000,49,2.440000,0.608361,0.384664,0.006975,kick_or_low_percussion,0.608361,0.582346,EVENT_HYPOTHESIS,shared_audio_intelligence_v0_2;percussive_hpss;owner_supplied_audio
BE-003:perc:00423,115.379955,823.379955,193.640000,49,2.640000,0.425405,0.572850,0.001745,kick_or_low_percussion,0.425405,1.000000,EVENT_HYPOTHESIS,shared_audio_intelligence_v0_2;percussive_hpss;owner_supplied_audio
BE-003:perc:00424,115.565714,823.565714,193.960000,49,2.960000,0.011098,0.984149,0.004752,snare_or_mid_percussion,0.984149,1.000000,EVENT_HYPOTHESIS,shared_audio_intelligence_v0_2;percussive_hpss;owner_supplied_audio
BE-003:perc:00425,115.844354,823.844354,194.392857,49,3.392857,0.015226,0.943374,0.041399,snare_or_mid_percussion,0.943374,1.000000,EVENT_HYPOTHESIS,shared_audio_intelligence_v0_2;percussive_hpss;owner_supplied_audio
BE-003:perc:00426,116.587392,824.587392,195.535714,49,4.535714,0.228569,0.493372,0.278059,unresolved_percussive_event,0.493372,0.917551,EVENT_HYPOTHESIS,shared_audio_intelligence_v0_2;percussive_hpss;owner_supplied_audio
BE-003:perc:00427,116.749932,824.749932,195.785714,49,4.785714,0.325946,0.671828,0.002226,snare_or_mid_percussion,0.671828,0.773404,EVENT_HYPOTHESIS,shared_audio_intelligence_v0_2;percussive_hpss;owner_supplied_audio
BE-003:perc:00428,116.866032,824.866032,195.964286,49,4.964286,0.016670,0.394770,0.588560,cymbal_or_hi_hat,0.588560,1.000000,EVENT_HYPOTHESIS,shared_audio_intelligence_v0_2;percussive_hpss;owner_supplied_audio
BE-003:perc:00429,117.307211,825.307211,196.782609,50,1.782609,0.581353,0.410625,0.008022,kick_or_low_percussion,0.581353,0.560634,EVENT_HYPOTHESIS,shared_audio_intelligence_v0_2;percussive_hpss;owner_supplied_audio
BE-003:perc:00430,117.725170,825.725170,197.565217,50,2.565217,0.664079,0.314335,0.021585,kick_or_low_percussion,0.664079,0.949112,EVENT_HYPOTHESIS,shared_audio_intelligence_v0_2;percussive_hpss;owner_supplied_audio
BE-003:perc:00431,117.934150,825.934150,197.956522,50,2.956522,0.006927,0.993008,0.000065,snare_or_mid_percussion,0.993008,0.804405,EVENT_HYPOTHESIS,shared_audio_intelligence_v0_2;percussive_hpss;owner_supplied_audio
BE-003:perc:00432,118.352109,826.352109,198.653846,50,3.653846,0.072244,0.925981,0.001775,snare_or_mid_percussion,0.925981,1.000000,EVENT_HYPOTHESIS,shared_audio_intelligence_v0_2;percussive_hpss;owner_supplied_audio
BE-003:perc:00433,118.537868,826.537868,198.961538,50,3.961538,0.080610,0.915902,0.003489,snare_or_mid_percussion,0.915902,0.647309,EVENT_HYPOTHESIS,shared_audio_intelligence_v0_2;percussive_hpss;owner_supplied_audio
BE-003:perc:00434,118.909388,826.909388,199.625000,50,4.625000,0.475018,0.462761,0.062220,kick_or_low_percussion,0.475018,0.875234,EVENT_HYPOTHESIS,shared_audio_intelligence_v0_2;percussive_hpss;owner_supplied_audio
BE-003:perc:00435,119.118367,827.118367,200.000000,51,1.000000,0.341858,0.654189,0.003953,snare_or_mid_percussion,0.654189,0.706488,EVENT_HYPOTHESIS,shared_audio_intelligence_v0_2;percussive_hpss;owner_supplied_audio
BE-003:perc:00436,119.420227,827.420227,200.500000,51,1.500000,0.139545,0.858669,0.001786,snare_or_mid_percussion,0.858669,1.000000,EVENT_HYPOTHESIS,shared_audio_intelligence_v0_2;percussive_hpss;owner_supplied_audio
BE-003:perc:00437,119.466667,827.466667,200.576923,51,1.576923,0.138197,0.861042,0.000761,snare_or_mid_percussion,0.861042,1.000000,EVENT_HYPOTHESIS,shared_audio_intelligence_v0_2;percussive_hpss;owner_supplied_audio
BE-003:perc:00438,119.559546,827.559546,200.730769,51,1.730769,0.120146,0.875916,0.003938,snare_or_mid_percussion,0.875916,0.770830,EVENT_HYPOTHESIS,shared_audio_intelligence_v0_2;percussive_hpss;owner_supplied_audio
BE-003:perc:00439,119.977506,827.977506,201.440000,51,2.440000,0.028980,0.967835,0.003185,snare_or_mid_percussion,0.967835,0.982552,EVENT_HYPOTHESIS,shared_audio_intelligence_v0_2;percussive_hpss;owner_supplied_audio
BE-003:perc:00440,120.302585,828.302585,202.000000,51,3.000000,0.212560,0.785195,0.002245,snare_or_mid_percussion,0.785195,1.000000,EVENT_HYPOTHESIS,shared_audio_intelligence_v0_2;percussive_hpss;owner_supplied_audio
BE-003:perc:00441,120.627664,828.627664,202.583333,51,3.583333,0.195132,0.548366,0.256502,snare_or_mid_percussion,0.548366,0.787812,EVENT_HYPOTHESIS,shared_audio_intelligence_v0_2;percussive_hpss;owner_supplied_audio
BE-003:perc:00442,120.836644,828.836644,202.958333,51,3.958333,0.050165,0.947841,0.001994,snare_or_mid_percussion,0.947841,0.669455,EVENT_HYPOTHESIS,shared_audio_intelligence_v0_2;percussive_hpss;owner_supplied_audio
BE-003:perc:00443,120.975964,828.975964,203.200000,51,4.200000,0.043529,0.954316,0.002155,snare_or_mid_percussion,0.954316,1.000000,EVENT_HYPOTHESIS,shared_audio_intelligence_v0_2;percussive_hpss;owner_supplied_audio
BE-003:perc:00444,121.417143,829.417143,203.960000,51,4.960000,0.095291,0.895345,0.009363,snare_or_mid_percussion,0.895345,0.817617,EVENT_HYPOTHESIS,shared_audio_intelligence_v0_2;percussive_hpss;owner_supplied_audio
BE-003:perc:00445,121.765442,829.765442,204.538462,52,1.538462,0.179564,0.819423,0.001013,snare_or_mid_percussion,0.819423,0.613871,EVENT_HYPOTHESIS,shared_audio_intelligence_v0_2;percussive_hpss;owner_supplied_audio
BE-003:perc:00446,121.881542,829.881542,204.730769,52,1.730769,0.006253,0.992448,0.001299,snare_or_mid_percussion,0.992448,0.957879,EVENT_HYPOTHESIS,shared_audio_intelligence_v0_2;percussive_hpss;owner_supplied_audio
BE-003:perc:00447,122.044082,830.044082,205.000000,52,2.000000,0.147159,0.817747,0.035094,snare_or_mid_percussion,0.817747,1.000000,EVENT_HYPOTHESIS,shared_audio_intelligence_v0_2;percussive_hpss;owner_supplied_audio
BE-003:perc:00448,122.345941,830.345941,205.520000,52,2.520000,0.338970,0.659172,0.001858,snare_or_mid_percussion,0.659172,0.984716,EVENT_HYPOTHESIS,shared_audio_intelligence_v0_2;percussive_hpss;owner_supplied_audio
BE-003:perc:00449,122.462041,830.462041,205.720000,52,2.720000,0.010071,0.969170,0.020758,snare_or_mid_percussion,0.969170,0.980335,EVENT_HYPOTHESIS,shared_audio_intelligence_v0_2;percussive_hpss;owner_supplied_audio
BE-003:perc:00450,122.624580,830.624580,206.000000,52,3.000000,0.261024,0.737052,0.001924,snare_or_mid_percussion,0.737052,0.900507,EVENT_HYPOTHESIS,shared_audio_intelligence_v0_2;percussive_hpss;owner_supplied_audio
BE-003:perc:00451,122.763900,830.763900,206.222222,52,3.222222,0.003239,0.995766,0.000995,snare_or_mid_percussion,0.995766,0.616152,EVENT_HYPOTHESIS,shared_audio_intelligence_v0_2;percussive_hpss;owner_supplied_audio
BE-003:perc:00452,122.926440,830.926440,206.481481,52,3.481481,0.015591,0.970353,0.014055,snare_or_mid_percussion,0.970353,1.000000,EVENT_HYPOTHESIS,shared_audio_intelligence_v0_2;percussive_hpss;owner_supplied_audio
BE-003:perc:00453,123.228299,831.228299,206.962963,52,3.962963,0.034606,0.935977,0.029417,snare_or_mid_percussion,0.935977,1.000000,EVENT_HYPOTHESIS,shared_audio_intelligence_v0_2;percussive_hpss;owner_supplied_audio
BE-003:perc:00454,123.623039,831.623039,207.640000,52,4.640000,0.369546,0.612314,0.018140,snare_or_mid_percussion,0.612314,0.849335,EVENT_HYPOTHESIS,shared_audio_intelligence_v0_2;percussive_hpss;owner_supplied_audio
BE-003:perc:00455,123.832018,831.832018,208.000000,53,1.000000,0.129894,0.864574,0.005532,snare_or_mid_percussion,0.864574,0.647571,EVENT_HYPOTHESIS,shared_audio_intelligence_v0_2;percussive_hpss;owner_supplied_audio
BE-003:perc:00456,124.110658,832.110658,208.480000,53,1.480000,0.073552,0.878933,0.047514,snare_or_mid_percussion,0.878933,1.000000,EVENT_HYPOTHESIS,shared_audio_intelligence_v0_2;percussive_hpss;owner_supplied_audio
BE-003:perc:00457,124.853696,832.853696,209.760000,53,2.760000,0.106901,0.858976,0.034123,snare_or_mid_percussion,0.858976,0.642302,EVENT_HYPOTHESIS,shared_audio_intelligence_v0_2;percussive_hpss;owner_supplied_audio
BE-003:perc:00458,124.993016,832.993016,210.000000,53,3.000000,0.045663,0.914092,0.040245,snare_or_mid_percussion,0.914092,1.000000,EVENT_HYPOTHESIS,shared_audio_intelligence_v0_2;percussive_hpss;owner_supplied_audio
BE-003:perc:00459,125.318095,833.318095,210.500000,53,3.500000,0.007945,0.975823,0.016232,snare_or_mid_percussion,0.975823,0.878583,EVENT_HYPOTHESIS,shared_audio_intelligence_v0_2;percussive_hpss;owner_supplied_audio
BE-003:perc:00460,125.875374,833.875374,211.416667,53,4.416667,0.323299,0.666259,0.010442,snare_or_mid_percussion,0.666259,0.854192,EVENT_HYPOTHESIS,shared_audio_intelligence_v0_2;percussive_hpss;owner_supplied_audio
BE-003:perc:00461,126.177234,834.177234,211.958333,53,4.958333,0.015965,0.881770,0.102264,snare_or_mid_percussion,0.881770,0.838760,EVENT_HYPOTHESIS,shared_audio_intelligence_v0_2;percussive_hpss;owner_supplied_audio
BE-003:perc:00462,126.479093,834.479093,212.480000,54,1.480000,0.343609,0.630081,0.026309,snare_or_mid_percussion,0.630081,0.677979,EVENT_HYPOTHESIS,shared_audio_intelligence_v0_2;percussive_hpss;owner_supplied_audio
BE-003:perc:00463,126.757732,834.757732,212.960000,54,1.960000,0.022483,0.966685,0.010832,snare_or_mid_percussion,0.966685,0.880796,EVENT_HYPOTHESIS,shared_audio_intelligence_v0_2;percussive_hpss;owner_supplied_audio
BE-003:perc:00464,127.059592,835.059592,213.480000,54,2.480000,0.067332,0.825486,0.107182,snare_or_mid_percussion,0.825486,0.655817,EVENT_HYPOTHESIS,shared_audio_intelligence_v0_2;percussive_hpss;owner_supplied_audio
BE-003:perc:00465,127.338231,835.338231,213.960000,54,2.960000,0.006379,0.965147,0.028474,snare_or_mid_percussion,0.965147,0.835442,EVENT_HYPOTHESIS,shared_audio_intelligence_v0_2;percussive_hpss;owner_supplied_audio
BE-003:perc:00466,127.454331,835.454331,214.160000,54,3.160000,0.391255,0.548435,0.060310,snare_or_mid_percussion,0.548435,0.724722,EVENT_HYPOTHESIS,shared_audio_intelligence_v0_2;percussive_hpss;owner_supplied_audio
BE-003:perc:00467,127.756190,835.756190,214.680000,54,3.680000,0.368450,0.605007,0.026544,snare_or_mid_percussion,0.605007,0.771469,EVENT_HYPOTHESIS,shared_audio_intelligence_v0_2;percussive_hpss;owner_supplied_audio
BE-003:perc:00468,127.918730,835.918730,214.960000,54,3.960000,0.059654,0.904379,0.035967,snare_or_mid_percussion,0.904379,0.846078,EVENT_HYPOTHESIS,shared_audio_intelligence_v0_2;percussive_hpss;owner_supplied_audio
BE-003:perc:00469,128.499229,836.499229,215.960000,54,4.960000,0.080433,0.918444,0.001123,snare_or_mid_percussion,0.918444,0.947001,EVENT_HYPOTHESIS,shared_audio_intelligence_v0_2;percussive_hpss;owner_supplied_audio
BE-003:perc:00470,128.777868,836.777868,216.440000,55,1.440000,0.039091,0.928182,0.032726,snare_or_mid_percussion,0.928182,1.000000,EVENT_HYPOTHESIS,shared_audio_intelligence_v0_2;percussive_hpss;owner_supplied_audio
BE-003:perc:00471,129.079728,837.079728,216.960000,55,1.960000,0.009662,0.965162,0.025176,snare_or_mid_percussion,0.965162,0.714238,EVENT_HYPOTHESIS,shared_audio_intelligence_v0_2;percussive_hpss;owner_supplied_audio
BE-003:perc:00472,129.335147,837.335147,217.370370,55,2.370370,0.004316,0.990185,0.005499,snare_or_mid_percussion,0.990185,0.559687,EVENT_HYPOTHESIS,shared_audio_intelligence_v0_2;percussive_hpss;owner_supplied_audio
BE-003:perc:00473,129.497687,837.497687,217.629630,55,2.629630,0.070514,0.868675,0.060812,snare_or_mid_percussion,0.868675,0.941886,EVENT_HYPOTHESIS,shared_audio_intelligence_v0_2;percussive_hpss;owner_supplied_audio
BE-003:perc:00474,129.729887,837.729887,218.000000,55,3.000000,0.464710,0.215315,0.319975,kick_or_low_percussion,0.464710,0.749035,EVENT_HYPOTHESIS,shared_audio_intelligence_v0_2;percussive_hpss;owner_supplied_audio
BE-003:perc:00475,129.938866,837.938866,218.360000,55,3.360000,0.076816,0.792639,0.130545,snare_or_mid_percussion,0.792639,1.000000,EVENT_HYPOTHESIS,shared_audio_intelligence_v0_2;percussive_hpss;owner_supplied_audio
BE-003:perc:00476,130.310385,838.310385,219.000000,55,4.000000,0.287466,0.583015,0.129518,snare_or_mid_percussion,0.583015,0.807506,EVENT_HYPOTHESIS,shared_audio_intelligence_v0_2;percussive_hpss;owner_supplied_audio
BE-003:perc:00477,130.542585,838.542585,219.434783,55,4.434783,0.057499,0.937290,0.005211,snare_or_mid_percussion,0.937290,1.000000,EVENT_HYPOTHESIS,shared_audio_intelligence_v0_2;percussive_hpss;owner_supplied_audio
BE-003:perc:00478,130.821224,838.821224,219.956522,55,4.956522,0.003033,0.962543,0.034424,snare_or_mid_percussion,0.962543,1.000000,EVENT_HYPOTHESIS,shared_audio_intelligence_v0_2;percussive_hpss;owner_supplied_audio
BE-003:perc:00479,131.099864,839.099864,220.392857,56,1.392857,0.043306,0.904183,0.052510,snare_or_mid_percussion,0.904183,0.876291,EVENT_HYPOTHESIS,shared_audio_intelligence_v0_2;percussive_hpss;owner_supplied_audio
BE-003:perc:00480,131.494603,839.494603,221.000000,56,2.000000,0.184086,0.770871,0.045043,snare_or_mid_percussion,0.770871,1.000000,EVENT_HYPOTHESIS,shared_audio_intelligence_v0_2;percussive_hpss;owner_supplied_audio
BE-003:perc:00481,131.726803,839.726803,221.384615,56,2.384615,0.210219,0.759670,0.030111,snare_or_mid_percussion,0.759670,0.671463,EVENT_HYPOTHESIS,shared_audio_intelligence_v0_2;percussive_hpss;owner_supplied_audio
BE-003:perc:00482,132.005442,840.005442,221.846154,56,2.846154,0.019198,0.904648,0.076154,snare_or_mid_percussion,0.904648,0.741923,EVENT_HYPOTHESIS,shared_audio_intelligence_v0_2;percussive_hpss;owner_supplied_audio
BE-003:perc:00483,132.260862,840.260862,222.280000,56,3.280000,0.027346,0.934663,0.037991,snare_or_mid_percussion,0.934663,0.857921,EVENT_HYPOTHESIS,shared_audio_intelligence_v0_2;percussive_hpss;owner_supplied_audio
BE-003:perc:00484,132.678821,840.678821,223.000000,56,4.000000,0.095753,0.854026,0.050221,snare_or_mid_percussion,0.854026,1.000000,EVENT_HYPOTHESIS,shared_audio_intelligence_v0_2;percussive_hpss;owner_supplied_audio
BE-003:perc:00485,132.887800,840.887800,223.409091,56,4.409091,0.012581,0.930398,0.057020,snare_or_mid_percussion,0.930398,0.956681,EVENT_HYPOTHESIS,shared_audio_intelligence_v0_2;percussive_hpss;owner_supplied_audio
BE-003:perc:00486,133.166440,841.166440,223.954545,56,4.954545,0.004288,0.990813,0.004900,snare_or_mid_percussion,0.990813,1.000000,EVENT_HYPOTHESIS,shared_audio_intelligence_v0_2;percussive_hpss;owner_supplied_audio
BE-003:perc:00487,133.468299,841.468299,224.480000,57,1.480000,0.841429,0.118192,0.040379,kick_or_low_percussion,0.841429,0.874410,EVENT_HYPOTHESIS,shared_audio_intelligence_v0_2;percussive_hpss;owner_supplied_audio
BE-003:perc:00488,133.746939,841.746939,224.960000,57,1.960000,0.042247,0.949745,0.008008,snare_or_mid_percussion,0.949745,0.905892,EVENT_HYPOTHESIS,shared_audio_intelligence_v0_2;percussive_hpss;owner_supplied_audio
BE-003:perc:00489,134.048798,842.048798,225.480000,57,2.480000,0.013091,0.976127,0.010782,snare_or_mid_percussion,0.976127,1.000000,EVENT_HYPOTHESIS,shared_audio_intelligence_v0_2;percussive_hpss;owner_supplied_audio
BE-003:perc:00490,134.420317,842.420317,226.120000,57,3.120000,0.376307,0.529001,0.094692,snare_or_mid_percussion,0.529001,0.818351,EVENT_HYPOTHESIS,shared_audio_intelligence_v0_2;percussive_hpss;owner_supplied_audio
BE-003:perc:00491,134.606077,842.606077,226.440000,57,3.440000,0.009449,0.880910,0.109641,snare_or_mid_percussion,0.880910,1.000000,EVENT_HYPOTHESIS,shared_audio_intelligence_v0_2;percussive_hpss;owner_supplied_audio
BE-003:perc:00492,135.024036,843.024036,227.166667,57,4.166667,0.065666,0.826813,0.107520,snare_or_mid_percussion,0.826813,1.000000,EVENT_HYPOTHESIS,shared_audio_intelligence_v0_2;percussive_hpss;owner_supplied_audio
BE-003:perc:00493,135.209796,843.209796,227.500000,57,4.500000,0.028854,0.849937,0.121209,snare_or_mid_percussion,0.849937,0.938276,EVENT_HYPOTHESIS,shared_audio_intelligence_v0_2;percussive_hpss;owner_supplied_audio
BE-003:perc:00494,135.488435,843.488435,228.000000,58,1.000000,0.031457,0.944414,0.024128,snare_or_mid_percussion,0.944414,1.000000,EVENT_HYPOTHESIS,shared_audio_intelligence_v0_2;percussive_hpss;owner_supplied_audio
BE-003:perc:00495,135.883175,843.883175,228.653846,58,1.653846,0.129096,0.852492,0.018412,snare_or_mid_percussion,0.852492,0.878310,EVENT_HYPOTHESIS,shared_audio_intelligence_v0_2;percussive_hpss;owner_supplied_audio
BE-003:perc:00496,136.068934,844.068934,228.961538,58,1.961538,0.013548,0.978591,0.007860,snare_or_mid_percussion,0.978591,0.795825,EVENT_HYPOTHESIS,shared_audio_intelligence_v0_2;percussive_hpss;owner_supplied_audio
BE-003:perc:00497,136.347574,844.347574,229.392857,58,2.392857,0.096186,0.812982,0.090832,snare_or_mid_percussion,0.812982,0.864833,EVENT_HYPOTHESIS,shared_audio_intelligence_v0_2;percussive_hpss;owner_supplied_audio
BE-003:perc:00498,136.742313,844.742313,230.000000,58,3.000000,0.171277,0.746107,0.082616,snare_or_mid_percussion,0.746107,1.000000,EVENT_HYPOTHESIS,shared_audio_intelligence_v0_2;percussive_hpss;owner_supplied_audio
BE-003:perc:00499,136.928073,844.928073,230.307692,58,3.307692,0.015247,0.944797,0.039955,snare_or_mid_percussion,0.944797,0.781521,EVENT_HYPOTHESIS,shared_audio_intelligence_v0_2;percussive_hpss;owner_supplied_audio
BE-003:perc:00500,137.229932,845.229932,230.807692,58,3.807692,0.004844,0.987100,0.008057,snare_or_mid_percussion,0.987100,0.724370,EVENT_HYPOTHESIS,shared_audio_intelligence_v0_2;percussive_hpss;owner_supplied_audio
BE-003:perc:00501,137.346032,845.346032,231.000000,58,4.000000,0.076783,0.899840,0.023376,snare_or_mid_percussion,0.899840,0.732714,EVENT_HYPOTHESIS,shared_audio_intelligence_v0_2;percussive_hpss;owner_supplied_audio
BE-003:perc:00502,137.531791,845.531791,231.320000,58,4.320000,0.094266,0.823554,0.082181,snare_or_mid_percussion,0.823554,0.914825,EVENT_HYPOTHESIS,shared_audio_intelligence_v0_2;percussive_hpss;owner_supplied_audio
BE-003:perc:00503,137.903311,845.903311,231.960000,58,4.960000,0.040697,0.936534,0.022769,snare_or_mid_percussion,0.936534,1.000000,EVENT_HYPOTHESIS,shared_audio_intelligence_v0_2;percussive_hpss;owner_supplied_audio
BE-003:perc:00504,138.483810,846.483810,233.000000,59,2.000000,0.332290,0.499100,0.168610,unresolved_percussive_event,0.499100,0.842896,EVENT_HYPOTHESIS,shared_audio_intelligence_v0_2;percussive_hpss;owner_supplied_audio
BE-003:perc:00505,138.692789,846.692789,233.391304,59,2.391304,0.074352,0.852887,0.072761,snare_or_mid_percussion,0.852887,1.000000,EVENT_HYPOTHESIS,shared_audio_intelligence_v0_2;percussive_hpss;owner_supplied_audio
BE-003:perc:00506,138.832109,846.832109,233.652174,59,2.652174,0.019879,0.921702,0.058418,snare_or_mid_percussion,0.921702,0.751949,EVENT_HYPOTHESIS,shared_audio_intelligence_v0_2;percussive_hpss;owner_supplied_audio
BE-003:perc:00507,138.994649,846.994649,233.956522,59,2.956522,0.012923,0.909394,0.077683,snare_or_mid_percussion,0.909394,0.888339,EVENT_HYPOTHESIS,shared_audio_intelligence_v0_2;percussive_hpss;owner_supplied_audio
BE-003:perc:00508,139.087528,847.087528,234.120000,59,3.120000,0.209551,0.711226,0.079223,snare_or_mid_percussion,0.711226,0.785104,EVENT_HYPOTHESIS,shared_audio_intelligence_v0_2;percussive_hpss;owner_supplied_audio
BE-003:perc:00509,139.389388,847.389388,234.640000,59,3.640000,0.041445,0.927010,0.031545,snare_or_mid_percussion,0.927010,0.886926,EVENT_HYPOTHESIS,shared_audio_intelligence_v0_2;percussive_hpss;owner_supplied_audio
BE-003:perc:00510,139.575147,847.575147,234.960000,59,3.960000,0.011273,0.949826,0.038901,snare_or_mid_percussion,0.949826,0.910253,EVENT_HYPOTHESIS,shared_audio_intelligence_v0_2;percussive_hpss;owner_supplied_audio
BE-003:perc:00511,140.759365,848.759365,236.960000,60,1.960000,0.180966,0.688707,0.130327,snare_or_mid_percussion,0.688707,1.000000,EVENT_HYPOTHESIS,shared_audio_intelligence_v0_2;percussive_hpss;owner_supplied_audio
BE-003:perc:00512,141.409524,849.409524,238.000000,60,3.000000,0.345725,0.369422,0.284853,unresolved_percussive_event,0.369422,1.000000,EVENT_HYPOTHESIS,shared_audio_intelligence_v0_2;percussive_hpss;owner_supplied_audio
BE-003:perc:00513,141.595283,849.595283,238.320000,60,3.320000,0.089808,0.786615,0.123577,snare_or_mid_percussion,0.786615,1.000000,EVENT_HYPOTHESIS,shared_audio_intelligence_v0_2;percussive_hpss;owner_supplied_audio
BE-003:perc:00514,141.990023,849.990023,239.000000,60,4.000000,0.107317,0.809700,0.082983,snare_or_mid_percussion,0.809700,1.000000,EVENT_HYPOTHESIS,shared_audio_intelligence_v0_2;percussive_hpss;owner_supplied_audio
BE-003:perc:00515,142.477642,850.477642,239.954545,60,4.954545,0.064004,0.885843,0.050152,snare_or_mid_percussion,0.885843,1.000000,EVENT_HYPOTHESIS,shared_audio_intelligence_v0_2;percussive_hpss;owner_supplied_audio
BE-003:perc:00516,142.779501,850.779501,240.413793,61,1.413793,0.003620,0.847826,0.148555,snare_or_mid_percussion,0.847826,1.000000,EVENT_HYPOTHESIS,shared_audio_intelligence_v0_2;percussive_hpss;owner_supplied_audio
BE-003:perc:00517,143.174240,851.174240,241.000000,61,2.000000,0.051173,0.870247,0.078580,snare_or_mid_percussion,0.870247,1.000000,EVENT_HYPOTHESIS,shared_audio_intelligence_v0_2;percussive_hpss;owner_supplied_audio
BE-003:perc:00518,143.383220,851.383220,241.391304,61,2.391304,0.150448,0.670811,0.178742,snare_or_mid_percussion,0.670811,0.970513,EVENT_HYPOTHESIS,shared_audio_intelligence_v0_2;percussive_hpss;owner_supplied_audio
BE-003:perc:00519,143.963719,851.963719,242.458333,61,3.458333,0.029728,0.827236,0.143036,snare_or_mid_percussion,0.827236,1.000000,EVENT_HYPOTHESIS,shared_audio_intelligence_v0_2;percussive_hpss;owner_supplied_audio
BE-003:perc:00520,144.242358,852.242358,242.958333,61,3.958333,0.011488,0.985047,0.003464,snare_or_mid_percussion,0.985047,0.991743,EVENT_HYPOTHESIS,shared_audio_intelligence_v0_2;percussive_hpss;owner_supplied_audio
BE-003:perc:00521,144.358458,852.358458,243.160000,61,4.160000,0.053302,0.906487,0.040211,snare_or_mid_percussion,0.906487,1.000000,EVENT_HYPOTHESIS,shared_audio_intelligence_v0_2;percussive_hpss;owner_supplied_audio
BE-003:perc:00522,144.822857,852.822857,243.960000,61,4.960000,0.058297,0.932671,0.009031,snare_or_mid_percussion,0.932671,1.000000,EVENT_HYPOTHESIS,shared_audio_intelligence_v0_2;percussive_hpss;owner_supplied_audio
BE-003:perc:00523,145.124717,853.124717,244.480000,62,1.480000,0.014445,0.906483,0.079072,snare_or_mid_percussion,0.906483,0.771594,EVENT_HYPOTHESIS,shared_audio_intelligence_v0_2;percussive_hpss;owner_supplied_audio
BE-003:perc:00524,145.426576,853.426576,245.000000,62,2.000000,0.005337,0.982811,0.011852,snare_or_mid_percussion,0.982811,1.000000,EVENT_HYPOTHESIS,shared_audio_intelligence_v0_2;percussive_hpss;owner_supplied_audio
BE-003:perc:00525,145.705215,853.705215,245.480000,62,2.480000,0.071522,0.828194,0.100284,snare_or_mid_percussion,0.828194,1.000000,EVENT_HYPOTHESIS,shared_audio_intelligence_v0_2;percussive_hpss;owner_supplied_audio
BE-003:perc:00526,146.007075,854.007075,246.000000,62,3.000000,0.042552,0.880264,0.077184,snare_or_mid_percussion,0.880264,0.961717,EVENT_HYPOTHESIS,shared_audio_intelligence_v0_2;percussive_hpss;owner_supplied_audio
BE-003:perc:00527,146.564354,854.564354,246.960000,62,3.960000,0.071598,0.911596,0.016805,snare_or_mid_percussion,0.911596,1.000000,EVENT_HYPOTHESIS,shared_audio_intelligence_v0_2;percussive_hpss;owner_supplied_audio
BE-003:perc:00528,146.889433,854.889433,247.500000,62,4.500000,0.045318,0.935415,0.019267,snare_or_mid_percussion,0.935415,0.879580,EVENT_HYPOTHESIS,shared_audio_intelligence_v0_2;percussive_hpss;owner_supplied_audio
BE-003:perc:00529,147.446712,855.446712,248.440000,63,1.440000,0.100221,0.807822,0.091957,snare_or_mid_percussion,0.807822,0.784509,EVENT_HYPOTHESIS,shared_audio_intelligence_v0_2;percussive_hpss;owner_supplied_audio
BE-003:perc:00530,147.586032,855.586032,248.680000,63,1.680000,0.107160,0.777650,0.115190,snare_or_mid_percussion,0.777650,0.783996,EVENT_HYPOTHESIS,shared_audio_intelligence_v0_2;percussive_hpss;owner_supplied_audio
BE-003:perc:00531,147.748571,855.748571,248.960000,63,1.960000,0.009325,0.930966,0.059709,snare_or_mid_percussion,0.930966,0.868911,EVENT_HYPOTHESIS,shared_audio_intelligence_v0_2;percussive_hpss;owner_supplied_audio
BE-003:perc:00532,148.166531,856.166531,249.629630,63,2.629630,0.120306,0.818554,0.061140,snare_or_mid_percussion,0.818554,0.909026,EVENT_HYPOTHESIS,shared_audio_intelligence_v0_2;percussive_hpss;owner_supplied_audio
BE-003:perc:00533,148.398730,856.398730,250.000000,63,3.000000,0.284310,0.585612,0.130079,snare_or_mid_percussion,0.585612,1.000000,EVENT_HYPOTHESIS,shared_audio_intelligence_v0_2;percussive_hpss;owner_supplied_audio
BE-003:perc:00534,148.630930,856.630930,250.434783,63,3.434783,0.013428,0.865744,0.120828,snare_or_mid_percussion,0.865744,1.000000,EVENT_HYPOTHESIS,shared_audio_intelligence_v0_2;percussive_hpss;owner_supplied_audio
BE-003:perc:00535,148.932789,856.932789,251.000000,63,4.000000,0.173762,0.775462,0.050776,snare_or_mid_percussion,0.775462,0.928160,EVENT_HYPOTHESIS,shared_audio_intelligence_v0_2;percussive_hpss;owner_supplied_audio
BE-003:perc:00536,149.188209,857.188209,251.423077,63,4.423077,0.054749,0.782286,0.162965,snare_or_mid_percussion,0.782286,1.000000,EVENT_HYPOTHESIS,shared_audio_intelligence_v0_2;percussive_hpss;owner_supplied_audio
BE-003:perc:00537,149.513288,857.513288,251.961538,63,4.961538,0.016372,0.970191,0.013437,snare_or_mid_percussion,0.970191,1.000000,EVENT_HYPOTHESIS,shared_audio_intelligence_v0_2;percussive_hpss;owner_supplied_audio
BE-003:perc:00538,149.861587,857.861587,252.538462,64,1.538462,0.090074,0.873790,0.036136,snare_or_mid_percussion,0.873790,0.908938,EVENT_HYPOTHESIS,shared_audio_intelligence_v0_2;percussive_hpss;owner_supplied_audio
BE-003:perc:00539,150.209887,858.209887,253.130435,64,2.130435,0.030930,0.911929,0.057141,snare_or_mid_percussion,0.911929,0.953596,EVENT_HYPOTHESIS,shared_audio_intelligence_v0_2;percussive_hpss;owner_supplied_audio
BE-003:perc:00540,150.349206,858.349206,253.391304,64,2.391304,0.011237,0.980057,0.008706,snare_or_mid_percussion,0.980057,0.818041,EVENT_HYPOTHESIS,shared_audio_intelligence_v0_2;percussive_hpss;owner_supplied_audio
BE-003:perc:00541,150.651066,858.651066,253.956522,64,2.956522,0.033178,0.928455,0.038367,snare_or_mid_percussion,0.928455,1.000000,EVENT_HYPOTHESIS,shared_audio_intelligence_v0_2;percussive_hpss;owner_supplied_audio
BE-003:perc:00542,151.022585,859.022585,254.600000,64,3.600000,0.409364,0.505584,0.085053,kick_or_low_percussion,0.409364,0.785779,EVENT_HYPOTHESIS,shared_audio_intelligence_v0_2;percussive_hpss;owner_supplied_audio
BE-003:perc:00543,151.231565,859.231565,254.960000,64,3.960000,0.005668,0.982945,0.011387,snare_or_mid_percussion,0.982945,0.934566,EVENT_HYPOTHESIS,shared_audio_intelligence_v0_2;percussive_hpss;owner_supplied_audio
BE-003:perc:00544,151.533424,859.533424,255.480000,64,4.480000,0.057506,0.921095,0.021400,snare_or_mid_percussion,0.921095,0.891799,EVENT_HYPOTHESIS,shared_audio_intelligence_v0_2;percussive_hpss;owner_supplied_audio
BE-003:perc:00545,151.835283,859.835283,256.000000,65,1.000000,0.237196,0.726770,0.036034,snare_or_mid_percussion,0.726770,0.657403,EVENT_HYPOTHESIS,shared_audio_intelligence_v0_2;percussive_hpss;owner_supplied_audio
BE-003:perc:00546,152.090703,860.090703,256.440000,65,1.440000,0.037200,0.675977,0.286823,snare_or_mid_percussion,0.675977,0.770236,EVENT_HYPOTHESIS,shared_audio_intelligence_v0_2;percussive_hpss;owner_supplied_audio
BE-003:perc:00547,152.230023,860.230023,256.680000,65,1.680000,0.137148,0.780727,0.082125,snare_or_mid_percussion,0.780727,0.635906,EVENT_HYPOTHESIS,shared_audio_intelligence_v0_2;percussive_hpss;owner_supplied_audio
BE-003:perc:00548,152.415782,860.415782,257.000000,65,2.000000,0.015957,0.974818,0.009225,snare_or_mid_percussion,0.974818,0.810527,EVENT_HYPOTHESIS,shared_audio_intelligence_v0_2;percussive_hpss;owner_supplied_audio
BE-003:perc:00549,152.694422,860.694422,257.500000,65,2.500000,0.058887,0.808475,0.132638,snare_or_mid_percussion,0.808475,0.736053,EVENT_HYPOTHESIS,shared_audio_intelligence_v0_2;percussive_hpss;owner_supplied_audio
BE-003:perc:00550,152.949841,860.949841,257.958333,65,2.958333,0.019066,0.860998,0.119936,snare_or_mid_percussion,0.860998,1.000000,EVENT_HYPOTHESIS,shared_audio_intelligence_v0_2;percussive_hpss;owner_supplied_audio
BE-003:perc:00551,153.251701,861.251701,258.461538,65,3.461538,0.009726,0.678610,0.311664,snare_or_mid_percussion,0.678610,0.800653,EVENT_HYPOTHESIS,shared_audio_intelligence_v0_2;percussive_hpss;owner_supplied_audio
BE-003:perc:00552,153.367800,861.367800,258.653846,65,3.653846,0.169115,0.710121,0.120764,snare_or_mid_percussion,0.710121,0.797323,EVENT_HYPOTHESIS,shared_audio_intelligence_v0_2;percussive_hpss;owner_supplied_audio
BE-003:perc:00553,153.553560,861.553560,258.961538,65,3.961538,0.008416,0.979975,0.011609,snare_or_mid_percussion,0.979975,1.000000,EVENT_HYPOTHESIS,shared_audio_intelligence_v0_2;percussive_hpss;owner_supplied_audio
BE-003:perc:00554,153.832200,861.832200,259.440000,65,4.440000,0.171158,0.729558,0.099284,snare_or_mid_percussion,0.729558,0.799946,EVENT_HYPOTHESIS,shared_audio_intelligence_v0_2;percussive_hpss;owner_supplied_audio
BE-003:perc:00555,153.971519,861.971519,259.680000,65,4.680000,0.104052,0.801647,0.094301,snare_or_mid_percussion,0.801647,0.591099,EVENT_HYPOTHESIS,shared_audio_intelligence_v0_2;percussive_hpss;owner_supplied_audio
BE-003:perc:00556,154.226939,862.226939,260.125000,66,1.125000,0.078243,0.891737,0.030020,snare_or_mid_percussion,0.891737,0.824176,EVENT_HYPOTHESIS,shared_audio_intelligence_v0_2;percussive_hpss;owner_supplied_audio
BE-003:perc:00557,154.412698,862.412698,260.458333,66,1.458333,0.002045,0.946403,0.051552,snare_or_mid_percussion,0.946403,0.739071,EVENT_HYPOTHESIS,shared_audio_intelligence_v0_2;percussive_hpss;owner_supplied_audio
BE-003:perc:00558,154.528798,862.528798,260.666667,66,1.666667,0.066271,0.902969,0.030760,snare_or_mid_percussion,0.902969,0.880620,EVENT_HYPOTHESIS,shared_audio_intelligence_v0_2;percussive_hpss;owner_supplied_audio
BE-003:perc:00559,154.691338,862.691338,260.958333,66,1.958333,0.004107,0.865723,0.130169,snare_or_mid_percussion,0.865723,0.966339,EVENT_HYPOTHESIS,shared_audio_intelligence_v0_2;percussive_hpss;owner_supplied_audio
BE-003:perc:00560,154.993197,862.993197,261.480000,66,2.480000,0.052158,0.867960,0.079882,snare_or_mid_percussion,0.867960,1.000000,EVENT_HYPOTHESIS,shared_audio_intelligence_v0_2;percussive_hpss;owner_supplied_audio
BE-003:perc:00561,155.132517,863.132517,261.720000,66,2.720000,0.015722,0.943549,0.040730,snare_or_mid_percussion,0.943549,0.752462,EVENT_HYPOTHESIS,shared_audio_intelligence_v0_2;percussive_hpss;owner_supplied_audio
BE-003:perc:00562,155.295057,863.295057,262.000000,66,3.000000,0.014189,0.926919,0.058892,snare_or_mid_percussion,0.926919,1.000000,EVENT_HYPOTHESIS,shared_audio_intelligence_v0_2;percussive_hpss;owner_supplied_audio
BE-003:perc:00563,155.596916,863.596916,262.520000,66,3.520000,0.013310,0.963653,0.023037,snare_or_mid_percussion,0.963653,0.697949,EVENT_HYPOTHESIS,shared_audio_intelligence_v0_2;percussive_hpss;owner_supplied_audio
BE-003:perc:00564,155.875556,863.875556,263.000000,66,4.000000,0.025945,0.954909,0.019146,snare_or_mid_percussion,0.954909,0.909404,EVENT_HYPOTHESIS,shared_audio_intelligence_v0_2;percussive_hpss;owner_supplied_audio
BE-003:perc:00565,156.154195,864.154195,263.480000,66,4.480000,0.043754,0.868331,0.087915,snare_or_mid_percussion,0.868331,1.000000,EVENT_HYPOTHESIS,shared_audio_intelligence_v0_2;percussive_hpss;owner_supplied_audio
BE-003:perc:00566,156.456054,864.456054,264.000000,67,1.000000,0.017273,0.976190,0.006537,snare_or_mid_percussion,0.976190,0.967882,EVENT_HYPOTHESIS,shared_audio_intelligence_v0_2;percussive_hpss;owner_supplied_audio
BE-003:perc:00567,156.734694,864.734694,264.480000,67,1.480000,0.029170,0.884462,0.086368,snare_or_mid_percussion,0.884462,0.915519,EVENT_HYPOTHESIS,shared_audio_intelligence_v0_2;percussive_hpss;owner_supplied_audio
BE-003:perc:00568,156.874014,864.874014,264.720000,67,1.720000,0.068692,0.917490,0.013818,snare_or_mid_percussion,0.917490,0.593912,EVENT_HYPOTHESIS,shared_audio_intelligence_v0_2;percussive_hpss;owner_supplied_audio
BE-003:perc:00569,157.013333,865.013333,264.960000,67,1.960000,0.050759,0.941649,0.007592,snare_or_mid_percussion,0.941649,0.730662,EVENT_HYPOTHESIS,shared_audio_intelligence_v0_2;percussive_hpss;owner_supplied_audio
BE-003:perc:00570,157.617052,865.617052,266.000000,67,3.000000,0.021252,0.971892,0.006856,snare_or_mid_percussion,0.971892,1.000000,EVENT_HYPOTHESIS,shared_audio_intelligence_v0_2;percussive_hpss;owner_supplied_audio
BE-003:perc:00571,157.709932,865.709932,266.160000,67,3.160000,0.011785,0.909220,0.078995,snare_or_mid_percussion,0.909220,0.952970,EVENT_HYPOTHESIS,shared_audio_intelligence_v0_2;percussive_hpss;owner_supplied_audio
BE-003:perc:00572,157.895692,865.895692,266.480000,67,3.480000,0.024797,0.884964,0.090239,snare_or_mid_percussion,0.884964,1.000000,EVENT_HYPOTHESIS,shared_audio_intelligence_v0_2;percussive_hpss;owner_supplied_audio
BE-003:perc:00573,158.174331,866.174331,266.960000,67,3.960000,0.014039,0.975873,0.010088,snare_or_mid_percussion,0.975873,0.995078,EVENT_HYPOTHESIS,shared_audio_intelligence_v0_2;percussive_hpss;owner_supplied_audio
BE-003:perc:00574,158.476190,866.476190,267.461538,67,4.461538,0.392334,0.416602,0.191064,unresolved_percussive_event,0.416602,0.901447,EVENT_HYPOTHESIS,shared_audio_intelligence_v0_2;percussive_hpss;owner_supplied_audio
BE-003:perc:00575,158.592290,866.592290,267.653846,67,4.653846,0.125035,0.792242,0.082723,snare_or_mid_percussion,0.792242,0.986238,EVENT_HYPOTHESIS,shared_audio_intelligence_v0_2;percussive_hpss;owner_supplied_audio
BE-003:perc:00576,158.778050,866.778050,267.961538,67,4.961538,0.027625,0.957521,0.014853,snare_or_mid_percussion,0.957521,0.880992,EVENT_HYPOTHESIS,shared_audio_intelligence_v0_2;percussive_hpss;owner_supplied_audio
BE-003:perc:00577,159.056689,867.056689,268.458333,68,1.458333,0.475131,0.443189,0.081680,kick_or_low_percussion,0.475131,0.736781,EVENT_HYPOTHESIS,shared_audio_intelligence_v0_2;percussive_hpss;owner_supplied_audio
BE-003:perc:00578,159.358549,867.358549,269.000000,68,2.000000,0.028646,0.954384,0.016970,snare_or_mid_percussion,0.954384,0.665162,EVENT_HYPOTHESIS,shared_audio_intelligence_v0_2;percussive_hpss;owner_supplied_audio
BE-003:perc:00579,159.474649,867.474649,269.192308,68,2.192308,0.107063,0.858349,0.034588,snare_or_mid_percussion,0.858349,0.646957,EVENT_HYPOTHESIS,shared_audio_intelligence_v0_2;percussive_hpss;owner_supplied_audio
BE-003:perc:00580,159.660408,867.660408,269.500000,68,2.500000,0.668533,0.269916,0.061551,kick_or_low_percussion,0.668533,0.699081,EVENT_HYPOTHESIS,shared_audio_intelligence_v0_2;percussive_hpss;owner_supplied_audio
BE-003:perc:00581,159.939048,867.939048,269.961538,68,2.961538,0.018257,0.974955,0.006788,snare_or_mid_percussion,0.974955,1.000000,EVENT_HYPOTHESIS,shared_audio_intelligence_v0_2;percussive_hpss;owner_supplied_audio
BE-003:perc:00582,160.240907,868.240907,270.480000,68,3.480000,0.591607,0.340829,0.067565,kick_or_low_percussion,0.591607,1.000000,EVENT_HYPOTHESIS,shared_audio_intelligence_v0_2;percussive_hpss;owner_supplied_audio
BE-003:perc:00583,160.357007,868.357007,270.680000,68,3.680000,0.002045,0.983411,0.014543,snare_or_mid_percussion,0.983411,1.000000,EVENT_HYPOTHESIS,shared_audio_intelligence_v0_2;percussive_hpss;owner_supplied_audio
BE-003:perc:00584,160.542766,868.542766,271.000000,68,4.000000,0.028258,0.962746,0.008996,snare_or_mid_percussion,0.962746,0.948252,EVENT_HYPOTHESIS,shared_audio_intelligence_v0_2;percussive_hpss;owner_supplied_audio
BE-003:perc:00585,160.658866,868.658866,271.192308,68,4.192308,0.026950,0.912730,0.060320,snare_or_mid_percussion,0.912730,0.691538,EVENT_HYPOTHESIS,shared_audio_intelligence_v0_2;percussive_hpss;owner_supplied_audio
BE-003:perc:00586,160.821406,868.821406,271.461538,68,4.461538,0.475707,0.500283,0.024010,kick_or_low_percussion,0.475707,0.827396,EVENT_HYPOTHESIS,shared_audio_intelligence_v0_2;percussive_hpss;owner_supplied_audio
BE-003:perc:00587,160.960726,868.960726,271.692308,68,4.692308,0.013524,0.960025,0.026451,snare_or_mid_percussion,0.960025,0.709777,EVENT_HYPOTHESIS,shared_audio_intelligence_v0_2;percussive_hpss;owner_supplied_audio
BE-003:perc:00588,161.239365,869.239365,272.160000,69,1.160000,0.040648,0.808840,0.150512,snare_or_mid_percussion,0.808840,1.000000,EVENT_HYPOTHESIS,shared_audio_intelligence_v0_2;percussive_hpss;owner_supplied_audio
BE-003:perc:00589,161.401905,869.401905,272.440000,69,1.440000,0.118483,0.852483,0.029034,snare_or_mid_percussion,0.852483,0.899314,EVENT_HYPOTHESIS,shared_audio_intelligence_v0_2;percussive_hpss;owner_supplied_audio
BE-003:perc:00590,161.541224,869.541224,272.680000,69,1.680000,0.006197,0.947849,0.045954,snare_or_mid_percussion,0.947849,0.573751,EVENT_HYPOTHESIS,shared_audio_intelligence_v0_2;percussive_hpss;owner_supplied_audio
BE-003:perc:00591,161.726984,869.726984,273.000000,69,2.000000,0.037254,0.851118,0.111628,snare_or_mid_percussion,0.851118,0.919482,EVENT_HYPOTHESIS,shared_audio_intelligence_v0_2;percussive_hpss;owner_supplied_audio
BE-003:perc:00592,161.982404,869.982404,273.440000,69,2.440000,0.114565,0.862773,0.022662,snare_or_mid_percussion,0.862773,0.868626,EVENT_HYPOTHESIS,shared_audio_intelligence_v0_2;percussive_hpss;owner_supplied_audio
BE-003:perc:00593,162.284263,870.284263,273.960000,69,2.960000,0.003854,0.977852,0.018293,snare_or_mid_percussion,0.977852,0.925597,EVENT_HYPOTHESIS,shared_audio_intelligence_v0_2;percussive_hpss;owner_supplied_audio
BE-003:perc:00594,162.586122,870.586122,274.480000,69,3.480000,0.149479,0.830809,0.019713,snare_or_mid_percussion,0.830809,0.849591,EVENT_HYPOTHESIS,shared_audio_intelligence_v0_2;percussive_hpss;owner_supplied_audio
BE-003:perc:00595,162.702222,870.702222,274.680000,69,3.680000,0.001262,0.990077,0.008661,snare_or_mid_percussion,0.990077,0.647202,EVENT_HYPOTHESIS,shared_audio_intelligence_v0_2;percussive_hpss;owner_supplied_audio
BE-003:perc:00596,162.864762,870.864762,274.960000,69,3.960000,0.118165,0.807804,0.074031,snare_or_mid_percussion,0.807804,0.962497,EVENT_HYPOTHESIS,shared_audio_intelligence_v0_2;percussive_hpss;owner_supplied_audio
BE-003:perc:00597,163.143401,871.143401,275.458333,69,4.458333,0.007115,0.975766,0.017119,snare_or_mid_percussion,0.975766,0.676552,EVENT_HYPOTHESIS,shared_audio_intelligence_v0_2;percussive_hpss;owner_supplied_audio
BE-003:perc:00598,163.282721,871.282721,275.708333,69,4.708333,0.036248,0.930199,0.033554,snare_or_mid_percussion,0.930199,0.559759,EVENT_HYPOTHESIS,shared_audio_intelligence_v0_2;percussive_hpss;owner_supplied_audio
BE-003:perc:00599,163.445261,871.445261,276.000000,70,1.000000,0.006869,0.973604,0.019527,snare_or_mid_percussion,0.973604,1.000000,EVENT_HYPOTHESIS,shared_audio_intelligence_v0_2;percussive_hpss;owner_supplied_audio
BE-003:perc:00600,163.723900,871.723900,276.480000,70,1.480000,0.107758,0.835723,0.056519,snare_or_mid_percussion,0.835723,0.851665,EVENT_HYPOTHESIS,shared_audio_intelligence_v0_2;percussive_hpss;owner_supplied_audio
BE-003:perc:00601,164.025760,872.025760,277.000000,70,2.000000,0.010985,0.983126,0.005889,snare_or_mid_percussion,0.983126,1.000000,EVENT_HYPOTHESIS,shared_audio_intelligence_v0_2;percussive_hpss;owner_supplied_audio
BE-003:perc:00602,164.304399,872.304399,277.461538,70,2.461538,0.046995,0.893749,0.059257,snare_or_mid_percussion,0.893749,1.000000,EVENT_HYPOTHESIS,shared_audio_intelligence_v0_2;percussive_hpss;owner_supplied_audio
BE-003:perc:00603,164.699138,872.699138,278.120000,70,3.120000,0.086661,0.773111,0.140228,snare_or_mid_percussion,0.773111,0.812295,EVENT_HYPOTHESIS,shared_audio_intelligence_v0_2;percussive_hpss;owner_supplied_audio
BE-003:perc:00604,165.024218,873.024218,278.680000,70,3.680000,0.034869,0.901832,0.063299,snare_or_mid_percussion,0.901832,0.582361,EVENT_HYPOTHESIS,shared_audio_intelligence_v0_2;percussive_hpss;owner_supplied_audio
BE-003:perc:00605,165.163537,873.163537,278.920000,70,3.920000,0.020127,0.970142,0.009731,snare_or_mid_percussion,0.970142,0.757680,EVENT_HYPOTHESIS,shared_audio_intelligence_v0_2;percussive_hpss;owner_supplied_audio
BE-003:perc:00606,165.465397,873.465397,279.458333,70,4.458333,0.219108,0.725584,0.055308,snare_or_mid_percussion,0.725584,1.000000,EVENT_HYPOTHESIS,shared_audio_intelligence_v0_2;percussive_hpss;owner_supplied_audio
BE-003:perc:00607,165.744036,873.744036,279.958333,70,4.958333,0.016308,0.948287,0.035406,snare_or_mid_percussion,0.948287,0.877708,EVENT_HYPOTHESIS,shared_audio_intelligence_v0_2;percussive_hpss;owner_supplied_audio
BE-003:perc:00608,166.069116,874.069116,280.520000,71,1.520000,0.577499,0.404006,0.018496,kick_or_low_percussion,0.577499,0.714638,EVENT_HYPOTHESIS,shared_audio_intelligence_v0_2;percussive_hpss;owner_supplied_audio
BE-003:perc:00609,166.161995,874.161995,280.680000,71,1.680000,0.003656,0.930442,0.065901,snare_or_mid_percussion,0.930442,0.935947,EVENT_HYPOTHESIS,shared_audio_intelligence_v0_2;percussive_hpss;owner_supplied_audio
BE-003:perc:00610,166.347755,874.347755,281.000000,71,2.000000,0.040478,0.919258,0.040264,snare_or_mid_percussion,0.919258,1.000000,EVENT_HYPOTHESIS,shared_audio_intelligence_v0_2;percussive_hpss;owner_supplied_audio
BE-003:perc:00611,166.626395,874.626395,281.480000,71,2.480000,0.104822,0.836470,0.058708,snare_or_mid_percussion,0.836470,0.793866,EVENT_HYPOTHESIS,shared_audio_intelligence_v0_2;percussive_hpss;owner_supplied_audio
BE-003:perc:00612,166.765714,874.765714,281.720000,71,2.720000,0.001560,0.976849,0.021591,snare_or_mid_percussion,0.976849,0.825971,EVENT_HYPOTHESIS,shared_audio_intelligence_v0_2;percussive_hpss;owner_supplied_audio
BE-003:perc:00613,166.905034,874.905034,281.960000,71,2.960000,0.006566,0.984286,0.009148,snare_or_mid_percussion,0.984286,0.968365,EVENT_HYPOTHESIS,shared_audio_intelligence_v0_2;percussive_hpss;owner_supplied_audio
BE-003:perc:00614,167.206893,875.206893,282.480000,71,3.480000,0.068614,0.889482,0.041905,snare_or_mid_percussion,0.889482,1.000000,EVENT_HYPOTHESIS,shared_audio_intelligence_v0_2;percussive_hpss;owner_supplied_audio
BE-003:perc:00615,167.764172,875.764172,283.440000,71,4.440000,0.157079,0.826993,0.015928,snare_or_mid_percussion,0.826993,1.000000,EVENT_HYPOTHESIS,shared_audio_intelligence_v0_2;percussive_hpss;owner_supplied_audio
BE-003:perc:00616,168.066032,876.066032,283.960000,71,4.960000,0.007174,0.896021,0.096806,snare_or_mid_percussion,0.896021,1.000000,EVENT_HYPOTHESIS,shared_audio_intelligence_v0_2;percussive_hpss;owner_supplied_audio
BE-003:perc:00617,168.344671,876.344671,284.423077,72,1.423077,0.048842,0.854734,0.096424,snare_or_mid_percussion,0.854734,1.000000,EVENT_HYPOTHESIS,shared_audio_intelligence_v0_2;percussive_hpss;owner_supplied_audio
BE-003:perc:00618,168.716190,876.716190,285.043478,72,2.043478,0.023031,0.945015,0.031954,snare_or_mid_percussion,0.945015,0.826892,EVENT_HYPOTHESIS,shared_audio_intelligence_v0_2;percussive_hpss;owner_supplied_audio
BE-003:perc:00619,169.227029,877.227029,286.000000,72,3.000000,0.093643,0.840516,0.065841,snare_or_mid_percussion,0.840516,1.000000,EVENT_HYPOTHESIS,shared_audio_intelligence_v0_2;percussive_hpss;owner_supplied_audio
BE-003:perc:00620,169.505669,877.505669,286.500000,72,3.500000,0.051637,0.935801,0.012562,snare_or_mid_percussion,0.935801,0.609824,EVENT_HYPOTHESIS,shared_audio_intelligence_v0_2;percussive_hpss;owner_supplied_audio
BE-003:perc:00621,169.761088,877.761088,286.958333,72,3.958333,0.004104,0.981295,0.014601,snare_or_mid_percussion,0.981295,0.858661,EVENT_HYPOTHESIS,shared_audio_intelligence_v0_2;percussive_hpss;owner_supplied_audio
BE-003:perc:00622,170.225488,878.225488,287.730769,72,4.730769,0.013176,0.948684,0.038140,snare_or_mid_percussion,0.948684,0.834196,EVENT_HYPOTHESIS,shared_audio_intelligence_v0_2;percussive_hpss;owner_supplied_audio
BE-003:perc:00623,170.364807,878.364807,287.961538,72,4.961538,0.001937,0.972191,0.025871,snare_or_mid_percussion,0.972191,0.976213,EVENT_HYPOTHESIS,shared_audio_intelligence_v0_2;percussive_hpss;owner_supplied_audio
BE-003:perc:00624,170.666667,878.666667,288.500000,73,1.500000,0.045675,0.847330,0.106994,snare_or_mid_percussion,0.847330,1.000000,EVENT_HYPOTHESIS,shared_audio_intelligence_v0_2;percussive_hpss;owner_supplied_audio
BE-003:perc:00625,170.945306,878.945306,289.000000,73,2.000000,0.012816,0.949786,0.037398,snare_or_mid_percussion,0.949786,0.847360,EVENT_HYPOTHESIS,shared_audio_intelligence_v0_2;percussive_hpss;owner_supplied_audio
BE-003:perc:00626,171.061406,879.061406,289.200000,73,2.200000,0.324842,0.610635,0.064523,snare_or_mid_percussion,0.610635,1.000000,EVENT_HYPOTHESIS,shared_audio_intelligence_v0_2;percussive_hpss;owner_supplied_audio
BE-003:perc:00627,171.223946,879.223946,289.480000,73,2.480000,0.002373,0.988104,0.009523,snare_or_mid_percussion,0.988104,0.794051,EVENT_HYPOTHESIS,shared_audio_intelligence_v0_2;percussive_hpss;owner_supplied_audio
BE-003:perc:00628,171.525805,879.525805,290.000000,73,3.000000,0.004621,0.970121,0.025258,snare_or_mid_percussion,0.970121,1.000000,EVENT_HYPOTHESIS,shared_audio_intelligence_v0_2;percussive_hpss;owner_supplied_audio
BE-003:perc:00629,171.920544,879.920544,290.680000,73,3.680000,0.014140,0.982006,0.003854,snare_or_mid_percussion,0.982006,1.000000,EVENT_HYPOTHESIS,shared_audio_intelligence_v0_2;percussive_hpss;owner_supplied_audio
BE-003:perc:00630,172.106304,880.106304,291.000000,73,4.000000,0.001535,0.994609,0.003855,snare_or_mid_percussion,0.994609,1.000000,EVENT_HYPOTHESIS,shared_audio_intelligence_v0_2;percussive_hpss;owner_supplied_audio
BE-003:perc:00631,172.408163,880.408163,291.520000,73,4.520000,0.113198,0.776784,0.110017,snare_or_mid_percussion,0.776784,1.000000,EVENT_HYPOTHESIS,shared_audio_intelligence_v0_2;percussive_hpss;owner_supplied_audio
BE-003:perc:00632,172.663583,880.663583,291.960000,73,4.960000,0.000897,0.984970,0.014132,snare_or_mid_percussion,0.984970,0.926533,EVENT_HYPOTHESIS,shared_audio_intelligence_v0_2;percussive_hpss;owner_supplied_audio
BE-003:perc:00633,172.802902,880.802902,292.200000,74,1.200000,0.267424,0.718648,0.013928,snare_or_mid_percussion,0.718648,0.757977,EVENT_HYPOTHESIS,shared_audio_intelligence_v0_2;percussive_hpss;owner_supplied_audio
BE-003:perc:00634,173.081542,881.081542,292.680000,74,1.680000,0.119733,0.873356,0.006910,snare_or_mid_percussion,0.873356,0.994810,EVENT_HYPOTHESIS,shared_audio_intelligence_v0_2;percussive_hpss;owner_supplied_audio
BE-003:perc:00635,173.267302,881.267302,293.000000,74,2.000000,0.014758,0.922227,0.063015,snare_or_mid_percussion,0.922227,1.000000,EVENT_HYPOTHESIS,shared_audio_intelligence_v0_2;percussive_hpss;owner_supplied_audio
BE-003:perc:00636,173.383401,881.383401,293.172414,74,2.172414,0.041636,0.896569,0.061795,snare_or_mid_percussion,0.896569,0.773218,EVENT_HYPOTHESIS,shared_audio_intelligence_v0_2;percussive_hpss;owner_supplied_audio
BE-003:perc:00637,173.569161,881.569161,293.448276,74,2.448276,0.074807,0.908215,0.016978,snare_or_mid_percussion,0.908215,0.726159,EVENT_HYPOTHESIS,shared_audio_intelligence_v0_2;percussive_hpss;owner_supplied_audio
BE-003:perc:00638,173.940680,881.940680,294.000000,74,3.000000,0.489477,0.412050,0.098474,kick_or_low_percussion,0.489477,1.000000,EVENT_HYPOTHESIS,shared_audio_intelligence_v0_2;percussive_hpss;owner_supplied_audio
BE-003:perc:00639,174.103220,882.103220,294.280000,74,3.280000,0.044527,0.875500,0.079973,snare_or_mid_percussion,0.875500,0.932632,EVENT_HYPOTHESIS,shared_audio_intelligence_v0_2;percussive_hpss;owner_supplied_audio
BE-003:perc:00640,174.405079,882.405079,294.800000,74,3.800000,0.002577,0.996237,0.001186,snare_or_mid_percussion,0.996237,0.830153,EVENT_HYPOTHESIS,shared_audio_intelligence_v0_2;percussive_hpss;owner_supplied_audio
BE-003:perc:00641,174.521179,882.521179,295.000000,74,4.000000,0.014167,0.923948,0.061885,snare_or_mid_percussion,0.923948,1.000000,EVENT_HYPOTHESIS,shared_audio_intelligence_v0_2;percussive_hpss;owner_supplied_audio
BE-003:perc:00642,174.799819,882.799819,295.480000,74,4.480000,0.290232,0.671619,0.038149,snare_or_mid_percussion,0.671619,1.000000,EVENT_HYPOTHESIS,shared_audio_intelligence_v0_2;percussive_hpss;owner_supplied_audio
BE-003:perc:00643,175.008798,883.008798,295.840000,74,4.840000,0.051684,0.917317,0.030999,snare_or_mid_percussion,0.917317,0.618617,EVENT_HYPOTHESIS,shared_audio_intelligence_v0_2;percussive_hpss;owner_supplied_audio
BE-003:perc:00644,175.287438,883.287438,296.320000,75,1.320000,0.199062,0.738882,0.062056,snare_or_mid_percussion,0.738882,1.000000,EVENT_HYPOTHESIS,shared_audio_intelligence_v0_2;percussive_hpss;owner_supplied_audio
BE-003:perc:00645,175.589297,883.589297,296.840000,75,1.840000,0.004204,0.976654,0.019142,snare_or_mid_percussion,0.976654,1.000000,EVENT_HYPOTHESIS,shared_audio_intelligence_v0_2;percussive_hpss;owner_supplied_audio
BE-003:perc:00646,175.984036,883.984036,297.520000,75,2.520000,0.255270,0.707855,0.036875,snare_or_mid_percussion,0.707855,0.858623,EVENT_HYPOTHESIS,shared_audio_intelligence_v0_2;percussive_hpss;owner_supplied_audio
BE-003:perc:00647,176.169796,884.169796,297.840000,75,2.840000,0.024528,0.924250,0.051222,snare_or_mid_percussion,0.924250,1.000000,EVENT_HYPOTHESIS,shared_audio_intelligence_v0_2;percussive_hpss;owner_supplied_audio
BE-003:perc:00648,176.425215,884.425215,298.280000,75,3.280000,0.007176,0.961915,0.030909,snare_or_mid_percussion,0.961915,0.834430,EVENT_HYPOTHESIS,shared_audio_intelligence_v0_2;percussive_hpss;owner_supplied_audio
BE-003:perc:00649,176.727075,884.727075,298.800000,75,3.800000,0.001121,0.988237,0.010643,snare_or_mid_percussion,0.988237,0.725164,EVENT_HYPOTHESIS,shared_audio_intelligence_v0_2;percussive_hpss;owner_supplied_audio
BE-003:perc:00650,176.843175,884.843175,299.000000,75,4.000000,0.011307,0.973439,0.015254,snare_or_mid_percussion,0.973439,1.000000,EVENT_HYPOTHESIS,shared_audio_intelligence_v0_2;percussive_hpss;owner_supplied_audio
BE-003:perc:00651,177.028934,885.028934,299.320000,75,4.320000,0.110134,0.818986,0.070880,snare_or_mid_percussion,0.818986,0.695936,EVENT_HYPOTHESIS,shared_audio_intelligence_v0_2;percussive_hpss;owner_supplied_audio
BE-003:perc:00652,177.307574,885.307574,299.800000,75,4.800000,0.021284,0.978122,0.000594,snare_or_mid_percussion,0.978122,0.785345,EVENT_HYPOTHESIS,shared_audio_intelligence_v0_2;percussive_hpss;owner_supplied_audio
BE-003:perc:00653,177.423673,885.423673,300.000000,76,1.000000,0.055872,0.924535,0.019593,snare_or_mid_percussion,0.924535,0.803229,EVENT_HYPOTHESIS,shared_audio_intelligence_v0_2;percussive_hpss;owner_supplied_audio
BE-003:perc:00654,177.888073,885.888073,300.800000,76,1.800000,0.014442,0.913710,0.071848,snare_or_mid_percussion,0.913710,1.000000,EVENT_HYPOTHESIS,shared_audio_intelligence_v0_2;percussive_hpss;owner_supplied_audio
BE-003:perc:00655,178.004172,886.004172,301.000000,76,2.000000,0.399602,0.481886,0.118511,unresolved_percussive_event,0.481886,0.732193,EVENT_HYPOTHESIS,shared_audio_intelligence_v0_2;percussive_hpss;owner_supplied_audio
BE-003:perc:00656,178.189932,886.189932,301.333333,76,2.333333,0.148092,0.834482,0.017427,snare_or_mid_percussion,0.834482,1.000000,EVENT_HYPOTHESIS,shared_audio_intelligence_v0_2;percussive_hpss;owner_supplied_audio
BE-003:perc:00657,178.468571,886.468571,301.833333,76,2.833333,0.001169,0.982824,0.016007,snare_or_mid_percussion,0.982824,0.838149,EVENT_HYPOTHESIS,shared_audio_intelligence_v0_2;percussive_hpss;owner_supplied_audio
BE-003:perc:00658,178.584671,886.584671,302.045455,76,3.045455,0.254468,0.574820,0.170712,snare_or_mid_percussion,0.574820,1.000000,EVENT_HYPOTHESIS,shared_audio_intelligence_v0_2;percussive_hpss;owner_supplied_audio
BE-003:perc:00659,178.909751,886.909751,302.681818,76,3.681818,0.020375,0.935508,0.044117,snare_or_mid_percussion,0.935508,0.653699,EVENT_HYPOTHESIS,shared_audio_intelligence_v0_2;percussive_hpss;owner_supplied_audio
BE-003:perc:00660,179.072290,887.072290,303.000000,76,4.000000,0.049027,0.859938,0.091035,snare_or_mid_percussion,0.859938,1.000000,EVENT_HYPOTHESIS,shared_audio_intelligence_v0_2;percussive_hpss;owner_supplied_audio
BE-003:perc:00661,179.350930,887.350930,303.480000,76,4.480000,0.233863,0.602565,0.163573,snare_or_mid_percussion,0.602565,1.000000,EVENT_HYPOTHESIS,shared_audio_intelligence_v0_2;percussive_hpss;owner_supplied_audio
BE-003:perc:00662,179.954649,887.954649,304.500000,77,1.500000,0.146196,0.687632,0.166172,snare_or_mid_percussion,0.687632,0.740708,EVENT_HYPOTHESIS,shared_audio_intelligence_v0_2;percussive_hpss;owner_supplied_audio
BE-003:perc:00663,180.047528,888.047528,304.653846,77,1.653846,0.293954,0.678059,0.027986,snare_or_mid_percussion,0.678059,0.705651,EVENT_HYPOTHESIS,shared_audio_intelligence_v0_2;percussive_hpss;owner_supplied_audio
BE-003:perc:00664,180.256508,888.256508,305.000000,77,2.000000,0.064397,0.885248,0.050355,snare_or_mid_percussion,0.885248,0.862124,EVENT_HYPOTHESIS,shared_audio_intelligence_v0_2;percussive_hpss;owner_supplied_audio
BE-003:perc:00665,180.837007,888.837007,306.000000,77,3.000000,0.068652,0.918479,0.012868,snare_or_mid_percussion,0.918479,0.856600,EVENT_HYPOTHESIS,shared_audio_intelligence_v0_2;percussive_hpss;owner_supplied_audio
BE-003:perc:00666,181.092426,889.092426,306.458333,77,3.458333,0.050463,0.856565,0.092972,snare_or_mid_percussion,0.856565,1.000000,EVENT_HYPOTHESIS,shared_audio_intelligence_v0_2;percussive_hpss;owner_supplied_audio
BE-003:perc:00667,181.394286,889.394286,307.000000,77,4.000000,0.105433,0.839442,0.055125,snare_or_mid_percussion,0.839442,1.000000,EVENT_HYPOTHESIS,shared_audio_intelligence_v0_2;percussive_hpss;owner_supplied_audio
BE-003:perc:00668,181.510385,889.510385,307.192308,77,4.192308,0.141514,0.783046,0.075440,snare_or_mid_percussion,0.783046,0.810082,EVENT_HYPOTHESIS,shared_audio_intelligence_v0_2;percussive_hpss;owner_supplied_audio
BE-003:perc:00669,181.672925,889.672925,307.461538,77,4.461538,0.190395,0.720202,0.089403,snare_or_mid_percussion,0.720202,0.729883,EVENT_HYPOTHESIS,shared_audio_intelligence_v0_2;percussive_hpss;owner_supplied_audio
BE-003:perc:00670,182.090884,890.090884,308.160000,78,1.160000,0.012685,0.909024,0.078291,snare_or_mid_percussion,0.909024,0.658546,EVENT_HYPOTHESIS,shared_audio_intelligence_v0_2;percussive_hpss;owner_supplied_audio
BE-003:perc:00671,182.253424,890.253424,308.440000,78,1.440000,0.188689,0.786044,0.025267,snare_or_mid_percussion,0.786044,0.977842,EVENT_HYPOTHESIS,shared_audio_intelligence_v0_2;percussive_hpss;owner_supplied_audio
BE-003:perc:00672,182.578503,890.578503,309.000000,78,2.000000,0.134868,0.752586,0.112546,snare_or_mid_percussion,0.752586,0.882358,EVENT_HYPOTHESIS,shared_audio_intelligence_v0_2;percussive_hpss;owner_supplied_audio
BE-003:perc:00673,183.228662,891.228662,310.000000,78,3.000000,0.013098,0.935155,0.051747,snare_or_mid_percussion,0.935155,1.000000,EVENT_HYPOTHESIS,shared_audio_intelligence_v0_2;percussive_hpss;owner_supplied_audio
BE-003:perc:00674,183.414422,891.414422,310.363636,78,3.363636,0.027316,0.963675,0.009009,snare_or_mid_percussion,0.963675,0.789138,EVENT_HYPOTHESIS,shared_audio_intelligence_v0_2;percussive_hpss;owner_supplied_audio
BE-003:perc:00675,183.693061,891.693061,310.909091,78,3.909091,0.068402,0.868949,0.062649,snare_or_mid_percussion,0.868949,0.795977,EVENT_HYPOTHESIS,shared_audio_intelligence_v0_2;percussive_hpss;owner_supplied_audio
BE-003:perc:00676,183.971701,891.971701,311.357143,78,4.357143,0.065701,0.858956,0.075343,snare_or_mid_percussion,0.858956,0.877887,EVENT_HYPOTHESIS,shared_audio_intelligence_v0_2;percussive_hpss;owner_supplied_audio
BE-003:perc:00677,184.273560,892.273560,311.821429,78,4.821429,0.005929,0.984592,0.009479,snare_or_mid_percussion,0.984592,0.703097,EVENT_HYPOTHESIS,shared_audio_intelligence_v0_2;percussive_hpss;owner_supplied_audio
BE-003:perc:00678,184.389660,892.389660,312.000000,79,1.000000,0.058306,0.900825,0.040869,snare_or_mid_percussion,0.900825,0.928888,EVENT_HYPOTHESIS,shared_audio_intelligence_v0_2;percussive_hpss;owner_supplied_audio
BE-003:perc:00679,184.575420,892.575420,312.320000,79,1.320000,0.023768,0.792880,0.183352,snare_or_mid_percussion,0.792880,1.000000,EVENT_HYPOTHESIS,shared_audio_intelligence_v0_2;percussive_hpss;owner_supplied_audio
BE-003:perc:00680,185.132698,893.132698,313.291667,79,2.291667,0.422032,0.432230,0.145739,kick_or_low_percussion,0.422032,0.800245,EVENT_HYPOTHESIS,shared_audio_intelligence_v0_2;percussive_hpss;owner_supplied_audio
BE-003:perc:00681,185.527438,893.527438,314.000000,79,3.000000,0.008661,0.976540,0.014799,snare_or_mid_percussion,0.976540,0.784275,EVENT_HYPOTHESIS,shared_audio_intelligence_v0_2;percussive_hpss;owner_supplied_audio
BE-003:perc:00682,185.713197,893.713197,314.363636,79,3.363636,0.001028,0.968063,0.030909,snare_or_mid_percussion,0.968063,0.657988,EVENT_HYPOTHESIS,shared_audio_intelligence_v0_2;percussive_hpss;owner_supplied_audio
BE-003:perc:00683,186.015057,894.015057,314.954545,79,3.954545,0.036427,0.934135,0.029438,snare_or_mid_percussion,0.934135,1.000000,EVENT_HYPOTHESIS,shared_audio_intelligence_v0_2;percussive_hpss;owner_supplied_audio
BE-003:perc:00684,186.293696,894.293696,315.392857,79,4.392857,0.006396,0.987338,0.006267,snare_or_mid_percussion,0.987338,0.766092,EVENT_HYPOTHESIS,shared_audio_intelligence_v0_2;percussive_hpss;owner_supplied_audio
BE-003:perc:00685,186.572336,894.572336,315.821429,79,4.821429,0.028847,0.811413,0.159740,snare_or_mid_percussion,0.811413,0.794769,EVENT_HYPOTHESIS,shared_audio_intelligence_v0_2;percussive_hpss;owner_supplied_audio
BE-003:perc:00686,186.688435,894.688435,316.000000,80,1.000000,0.626149,0.253225,0.120626,kick_or_low_percussion,0.626149,1.000000,EVENT_HYPOTHESIS,shared_audio_intelligence_v0_2;percussive_hpss;owner_supplied_audio
BE-003:perc:00687,186.874195,894.874195,316.320000,80,1.320000,0.115407,0.795076,0.089517,snare_or_mid_percussion,0.795076,1.000000,EVENT_HYPOTHESIS,shared_audio_intelligence_v0_2;percussive_hpss;owner_supplied_audio
BE-003:perc:00688,187.176054,895.176054,316.840000,80,1.840000,0.054185,0.929617,0.016198,snare_or_mid_percussion,0.929617,1.000000,EVENT_HYPOTHESIS,shared_audio_intelligence_v0_2;percussive_hpss;owner_supplied_audio
BE-003:perc:00689,187.268934,895.268934,317.000000,80,2.000000,0.223346,0.706720,0.069934,snare_or_mid_percussion,0.706720,1.000000,EVENT_HYPOTHESIS,shared_audio_intelligence_v0_2;percussive_hpss;owner_supplied_audio
BE-003:perc:00690,187.477914,895.477914,317.409091,80,2.409091,0.018175,0.972740,0.009085,snare_or_mid_percussion,0.972740,0.722576,EVENT_HYPOTHESIS,shared_audio_intelligence_v0_2;percussive_hpss;owner_supplied_audio
BE-003:perc:00691,187.594014,895.594014,317.636364,80,2.636364,0.003671,0.981339,0.014991,snare_or_mid_percussion,0.981339,0.720814,EVENT_HYPOTHESIS,shared_audio_intelligence_v0_2;percussive_hpss;owner_supplied_audio
BE-003:perc:00692,187.756553,895.756553,317.954545,80,2.954545,0.080152,0.889499,0.030348,snare_or_mid_percussion,0.889499,1.000000,EVENT_HYPOTHESIS,shared_audio_intelligence_v0_2;percussive_hpss;owner_supplied_audio
BE-003:perc:00693,188.058413,896.058413,318.480000,80,3.480000,0.014698,0.948738,0.036564,snare_or_mid_percussion,0.948738,0.701924,EVENT_HYPOTHESIS,shared_audio_intelligence_v0_2;percussive_hpss;owner_supplied_audio
BE-003:perc:00694,188.337052,896.337052,318.960000,80,3.960000,0.010253,0.985691,0.004055,snare_or_mid_percussion,0.985691,1.000000,EVENT_HYPOTHESIS,shared_audio_intelligence_v0_2;percussive_hpss;owner_supplied_audio
BE-003:perc:00695,188.731791,896.731791,319.571429,80,4.571429,0.113939,0.871269,0.014792,snare_or_mid_percussion,0.871269,0.747399,EVENT_HYPOTHESIS,shared_audio_intelligence_v0_2;percussive_hpss;owner_supplied_audio
BE-003:perc:00696,189.010431,897.010431,320.000000,81,1.000000,0.009910,0.976653,0.013437,snare_or_mid_percussion,0.976653,1.000000,EVENT_HYPOTHESIS,shared_audio_intelligence_v0_2;percussive_hpss;owner_supplied_audio
BE-003:perc:00697,189.172971,897.172971,320.280000,81,1.280000,0.022811,0.967831,0.009358,snare_or_mid_percussion,0.967831,0.922393,EVENT_HYPOTHESIS,shared_audio_intelligence_v0_2;percussive_hpss;owner_supplied_audio
BE-003:perc:00698,189.567710,897.567710,320.960000,81,1.960000,0.019694,0.927474,0.052833,snare_or_mid_percussion,0.927474,1.000000,EVENT_HYPOTHESIS,shared_audio_intelligence_v0_2;percussive_hpss;owner_supplied_audio
BE-003:perc:00699,189.892789,897.892789,321.619048,81,2.619048,0.434426,0.436730,0.128844,kick_or_low_percussion,0.434426,0.715825,EVENT_HYPOTHESIS,shared_audio_intelligence_v0_2;percussive_hpss;owner_supplied_audio
BE-003:perc:00700,190.055329,898.055329,321.952381,81,2.952381,0.064704,0.919457,0.015839,snare_or_mid_percussion,0.919457,1.000000,EVENT_HYPOTHESIS,shared_audio_intelligence_v0_2;percussive_hpss;owner_supplied_audio
BE-003:perc:00701,190.357188,898.357188,322.480000,81,3.480000,0.016909,0.945971,0.037120,snare_or_mid_percussion,0.945971,0.920984,EVENT_HYPOTHESIS,shared_audio_intelligence_v0_2;percussive_hpss;owner_supplied_audio
BE-003:perc:00702,190.728707,898.728707,323.125000,81,4.125000,0.049411,0.736466,0.214123,snare_or_mid_percussion,0.736466,0.989434,EVENT_HYPOTHESIS,shared_audio_intelligence_v0_2;percussive_hpss;owner_supplied_audio
BE-003:perc:00703,191.193107,899.193107,323.958333,81,4.958333,0.044744,0.916573,0.038683,snare_or_mid_percussion,0.916573,0.803407,EVENT_HYPOTHESIS,shared_audio_intelligence_v0_2;percussive_hpss;owner_supplied_audio
BE-003:perc:00704,191.518186,899.518186,324.520000,82,1.520000,0.088640,0.762642,0.148718,snare_or_mid_percussion,0.762642,0.905009,EVENT_HYPOTHESIS,shared_audio_intelligence_v0_2;percussive_hpss;owner_supplied_audio
BE-003:perc:00705,192.354104,900.354104,325.960000,82,2.960000,0.041373,0.949314,0.009313,snare_or_mid_percussion,0.949314,0.972984,EVENT_HYPOTHESIS,shared_audio_intelligence_v0_2;percussive_hpss;owner_supplied_audio
BE-003:perc:00706,192.655964,900.655964,326.480000,82,3.480000,0.048656,0.865688,0.085657,snare_or_mid_percussion,0.865688,1.000000,EVENT_HYPOTHESIS,shared_audio_intelligence_v0_2;percussive_hpss;owner_supplied_audio
BE-003:perc:00707,193.050703,901.050703,327.166667,82,4.166667,0.103957,0.860888,0.035155,snare_or_mid_percussion,0.860888,0.664577,EVENT_HYPOTHESIS,shared_audio_intelligence_v0_2;percussive_hpss;owner_supplied_audio
BE-003:perc:00708,193.515102,901.515102,328.000000,83,1.000000,0.055648,0.940317,0.004035,snare_or_mid_percussion,0.940317,1.000000,EVENT_HYPOTHESIS,shared_audio_intelligence_v0_2;percussive_hpss;owner_supplied_audio
BE-003:perc:00709,193.816961,901.816961,328.520000,83,1.520000,0.023921,0.926515,0.049563,snare_or_mid_percussion,0.926515,1.000000,EVENT_HYPOTHESIS,shared_audio_intelligence_v0_2;percussive_hpss;owner_supplied_audio
BE-003:perc:00710,194.211701,902.211701,329.200000,83,2.200000,0.079933,0.822605,0.097462,snare_or_mid_percussion,0.822605,1.000000,EVENT_HYPOTHESIS,shared_audio_intelligence_v0_2;percussive_hpss;owner_supplied_audio
BE-003:perc:00711,194.490340,902.490340,329.680000,83,2.680000,0.527746,0.314165,0.158089,kick_or_low_percussion,0.527746,0.775608,EVENT_HYPOTHESIS,shared_audio_intelligence_v0_2;percussive_hpss;owner_supplied_audio
BE-003:perc:00712,194.676100,902.676100,330.000000,83,3.000000,0.093721,0.881325,0.024954,snare_or_mid_percussion,0.881325,1.000000,EVENT_HYPOTHESIS,shared_audio_intelligence_v0_2;percussive_hpss;owner_supplied_audio
BE-003:perc:00713,195.070839,903.070839,330.653846,83,3.653846,0.414923,0.518830,0.066248,kick_or_low_percussion,0.414923,0.688110,EVENT_HYPOTHESIS,shared_audio_intelligence_v0_2;percussive_hpss;owner_supplied_audio
BE-003:perc:00714,195.256599,903.256599,330.961538,83,3.961538,0.079280,0.890028,0.030692,snare_or_mid_percussion,0.890028,0.819398,EVENT_HYPOTHESIS,shared_audio_intelligence_v0_2;percussive_hpss;owner_supplied_audio
BE-003:perc:00715,195.558458,903.558458,331.500000,83,4.500000,0.289379,0.606540,0.104081,snare_or_mid_percussion,0.606540,0.796311,EVENT_HYPOTHESIS,shared_audio_intelligence_v0_2;percussive_hpss;owner_supplied_audio
BE-003:perc:00716,195.837098,903.837098,332.000000,84,1.000000,0.072374,0.851269,0.076357,snare_or_mid_percussion,0.851269,1.000000,EVENT_HYPOTHESIS,shared_audio_intelligence_v0_2;percussive_hpss;owner_supplied_audio
BE-003:perc:00717,196.115737,904.115737,332.480000,84,1.480000,0.037540,0.849028,0.113432,snare_or_mid_percussion,0.849028,0.908987,EVENT_HYPOTHESIS,shared_audio_intelligence_v0_2;percussive_hpss;owner_supplied_audio
BE-003:perc:00718,196.417596,904.417596,333.000000,84,2.000000,0.012626,0.974867,0.012507,snare_or_mid_percussion,0.974867,1.000000,EVENT_HYPOTHESIS,shared_audio_intelligence_v0_2;percussive_hpss;owner_supplied_audio
BE-003:perc:00719,196.510476,904.510476,333.142857,84,2.142857,0.106621,0.839589,0.053789,snare_or_mid_percussion,0.839589,0.792943,EVENT_HYPOTHESIS,shared_audio_intelligence_v0_2;percussive_hpss;owner_supplied_audio
BE-003:perc:00720,196.835556,904.835556,333.642857,84,2.642857,0.097443,0.862967,0.039590,snare_or_mid_percussion,0.862967,0.745420,EVENT_HYPOTHESIS,shared_audio_intelligence_v0_2;percussive_hpss;owner_supplied_audio
BE-003:perc:00721,197.114195,905.114195,334.076923,84,3.076923,0.060017,0.828545,0.111437,snare_or_mid_percussion,0.828545,0.754632,EVENT_HYPOTHESIS,shared_audio_intelligence_v0_2;percussive_hpss;owner_supplied_audio
BE-003:perc:00722,197.276735,905.276735,334.346154,84,3.346154,0.064861,0.817080,0.118059,snare_or_mid_percussion,0.817080,0.999904,EVENT_HYPOTHESIS,shared_audio_intelligence_v0_2;percussive_hpss;owner_supplied_audio
BE-003:perc:00723,197.671474,905.671474,335.000000,84,4.000000,0.320063,0.630278,0.049659,snare_or_mid_percussion,0.630278,1.000000,EVENT_HYPOTHESIS,shared_audio_intelligence_v0_2;percussive_hpss;owner_supplied_audio
BE-003:perc:00724,197.880454,905.880454,335.346154,84,4.346154,0.041589,0.941237,0.017174,snare_or_mid_percussion,0.941237,0.776093,EVENT_HYPOTHESIS,shared_audio_intelligence_v0_2;percussive_hpss;owner_supplied_audio
BE-003:perc:00725,198.159093,906.159093,335.807692,84,4.807692,0.058397,0.814016,0.127587,snare_or_mid_percussion,0.814016,1.000000,EVENT_HYPOTHESIS,shared_audio_intelligence_v0_2;percussive_hpss;owner_supplied_audio
BE-003:perc:00726,198.507392,906.507392,336.416667,85,1.416667,0.096879,0.881988,0.021132,snare_or_mid_percussion,0.881988,1.000000,EVENT_HYPOTHESIS,shared_audio_intelligence_v0_2;percussive_hpss;owner_supplied_audio
BE-003:perc:00727,198.832472,906.832472,337.000000,85,2.000000,0.144185,0.695097,0.160718,snare_or_mid_percussion,0.695097,0.703850,EVENT_HYPOTHESIS,shared_audio_intelligence_v0_2;percussive_hpss;owner_supplied_audio
BE-003:perc:00728,198.995011,906.995011,337.280000,85,2.280000,0.031366,0.909707,0.058926,snare_or_mid_percussion,0.909707,0.921687,EVENT_HYPOTHESIS,shared_audio_intelligence_v0_2;percussive_hpss;owner_supplied_audio
BE-003:perc:00729,199.320091,907.320091,337.840000,85,2.840000,0.016145,0.956477,0.027377,snare_or_mid_percussion,0.956477,0.889952,EVENT_HYPOTHESIS,shared_audio_intelligence_v0_2;percussive_hpss;owner_supplied_audio
BE-003:perc:00730,199.598730,907.598730,338.320000,85,3.320000,0.018834,0.950846,0.030320,snare_or_mid_percussion,0.950846,0.983939,EVENT_HYPOTHESIS,shared_audio_intelligence_v0_2;percussive_hpss;owner_supplied_audio
BE-003:perc:00731,199.714830,907.714830,338.520000,85,3.520000,0.007561,0.980145,0.012294,snare_or_mid_percussion,0.980145,0.731065,EVENT_HYPOTHESIS,shared_audio_intelligence_v0_2;percussive_hpss;owner_supplied_audio
BE-003:perc:00732,199.900590,907.900590,338.840000,85,3.840000,0.009542,0.967103,0.023354,snare_or_mid_percussion,0.967103,0.757478,EVENT_HYPOTHESIS,shared_audio_intelligence_v0_2;percussive_hpss;owner_supplied_audio
BE-003:perc:00733,199.970249,907.970249,338.960000,85,3.960000,0.073071,0.709304,0.217625,snare_or_mid_percussion,0.709304,0.844958,EVENT_HYPOTHESIS,shared_audio_intelligence_v0_2;percussive_hpss;owner_supplied_audio
BE-003:perc:00734,200.179229,908.179229,339.320000,85,4.320000,0.028587,0.955167,0.016246,snare_or_mid_percussion,0.955167,1.000000,EVENT_HYPOTHESIS,shared_audio_intelligence_v0_2;percussive_hpss;owner_supplied_audio
BE-003:perc:00735,200.481088,908.481088,339.840000,85,4.840000,0.587558,0.365940,0.046502,kick_or_low_percussion,0.587558,0.732917,EVENT_HYPOTHESIS,shared_audio_intelligence_v0_2;percussive_hpss;owner_supplied_audio
BE-003:perc:00736,200.573968,908.573968,340.000000,86,1.000000,0.117866,0.787346,0.094788,snare_or_mid_percussion,0.787346,0.875117,EVENT_HYPOTHESIS,shared_audio_intelligence_v0_2;percussive_hpss;owner_supplied_audio
BE-003:perc:00737,201.108027,909.108027,340.958333,86,1.958333,0.298031,0.570116,0.131853,snare_or_mid_percussion,0.570116,0.972188,EVENT_HYPOTHESIS,shared_audio_intelligence_v0_2;percussive_hpss;owner_supplied_audio
BE-003:perc:00738,201.340227,909.340227,341.360000,86,2.360000,0.062057,0.766435,0.171508,snare_or_mid_percussion,0.766435,1.000000,EVENT_HYPOTHESIS,shared_audio_intelligence_v0_2;percussive_hpss;owner_supplied_audio
BE-003:perc:00739,201.711746,909.711746,342.000000,86,3.000000,0.509454,0.302480,0.188066,kick_or_low_percussion,0.509454,0.890805,EVENT_HYPOTHESIS,shared_audio_intelligence_v0_2;percussive_hpss;owner_supplied_audio
BE-003:perc:00740,202.013605,910.013605,342.565217,86,3.565217,0.070439,0.896621,0.032939,snare_or_mid_percussion,0.896621,1.000000,EVENT_HYPOTHESIS,shared_audio_intelligence_v0_2;percussive_hpss;owner_supplied_audio
BE-003:perc:00741,202.222585,910.222585,342.956522,86,3.956522,0.025999,0.911521,0.062480,snare_or_mid_percussion,0.911521,0.819754,EVENT_HYPOTHESIS,shared_audio_intelligence_v0_2;percussive_hpss;owner_supplied_audio
BE-003:perc:00742,202.501224,910.501224,343.440000,86,4.440000,0.011892,0.945182,0.042926,snare_or_mid_percussion,0.945182,0.694425,EVENT_HYPOTHESIS,shared_audio_intelligence_v0_2;percussive_hpss;owner_supplied_audio
BE-003:perc:00743,202.617324,910.617324,343.640000,86,4.640000,0.355575,0.635660,0.008765,snare_or_mid_percussion,0.635660,0.881309,EVENT_HYPOTHESIS,shared_audio_intelligence_v0_2;percussive_hpss;owner_supplied_audio
BE-003:perc:00744,202.803084,910.803084,343.960000,86,4.960000,0.004976,0.879101,0.115923,snare_or_mid_percussion,0.879101,1.000000,EVENT_HYPOTHESIS,shared_audio_intelligence_v0_2;percussive_hpss;owner_supplied_audio
BE-003:perc:00745,203.058503,911.058503,344.416667,87,1.416667,0.018954,0.957092,0.023953,snare_or_mid_percussion,0.957092,1.000000,EVENT_HYPOTHESIS,shared_audio_intelligence_v0_2;percussive_hpss;owner_supplied_audio
BE-003:perc:00746,203.360363,911.360363,344.958333,87,1.958333,0.165284,0.816454,0.018261,snare_or_mid_percussion,0.816454,0.757660,EVENT_HYPOTHESIS,shared_audio_intelligence_v0_2;percussive_hpss;owner_supplied_audio
BE-003:perc:00747,203.476463,911.476463,345.160000,87,2.160000,0.137325,0.841403,0.021273,snare_or_mid_percussion,0.841403,0.890856,EVENT_HYPOTHESIS,shared_audio_intelligence_v0_2;percussive_hpss;owner_supplied_audio
BE-003:perc:00748,203.662222,911.662222,345.480000,87,2.480000,0.005152,0.959700,0.035148,snare_or_mid_percussion,0.959700,0.757324,EVENT_HYPOTHESIS,shared_audio_intelligence_v0_2;percussive_hpss;owner_supplied_audio
BE-003:perc:00749,203.940862,911.940862,345.960000,87,2.960000,0.052029,0.933255,0.014716,snare_or_mid_percussion,0.933255,1.000000,EVENT_HYPOTHESIS,shared_audio_intelligence_v0_2;percussive_hpss;owner_supplied_audio
BE-003:perc:00750,204.358821,912.358821,346.653846,87,3.653846,0.141156,0.782013,0.076831,snare_or_mid_percussion,0.782013,0.825710,EVENT_HYPOTHESIS,shared_audio_intelligence_v0_2;percussive_hpss;owner_supplied_audio
BE-003:perc:00751,204.544580,912.544580,346.961538,87,3.961538,0.311853,0.650249,0.037898,snare_or_mid_percussion,0.650249,0.831589,EVENT_HYPOTHESIS,shared_audio_intelligence_v0_2;percussive_hpss;owner_supplied_audio
BE-003:perc:00752,204.800000,912.800000,347.370370,87,4.370370,0.058269,0.899585,0.042146,snare_or_mid_percussion,0.899585,1.000000,EVENT_HYPOTHESIS,shared_audio_intelligence_v0_2;percussive_hpss;owner_supplied_audio
BE-003:perc:00753,205.194739,913.194739,348.000000,88,1.000000,0.161484,0.797330,0.041186,snare_or_mid_percussion,0.797330,1.000000,EVENT_HYPOTHESIS,shared_audio_intelligence_v0_2;percussive_hpss;owner_supplied_audio
BE-003:perc:00754,205.775238,913.775238,349.000000,88,2.000000,0.169855,0.757689,0.072456,snare_or_mid_percussion,0.757689,0.902662,EVENT_HYPOTHESIS,shared_audio_intelligence_v0_2;percussive_hpss;owner_supplied_audio
BE-003:perc:00755,205.984218,913.984218,349.409091,88,2.409091,0.286438,0.633575,0.079987,snare_or_mid_percussion,0.633575,1.000000,EVENT_HYPOTHESIS,shared_audio_intelligence_v0_2;percussive_hpss;owner_supplied_audio
BE-003:perc:00756,206.286077,914.286077,350.000000,88,3.000000,0.012197,0.956116,0.031686,snare_or_mid_percussion,0.956116,0.768029,EVENT_HYPOTHESIS,shared_audio_intelligence_v0_2;percussive_hpss;owner_supplied_audio
BE-003:perc:00757,206.355737,914.355737,350.125000,88,3.125000,0.144939,0.595823,0.259239,snare_or_mid_percussion,0.595823,0.749007,EVENT_HYPOTHESIS,shared_audio_intelligence_v0_2;percussive_hpss;owner_supplied_audio
BE-003:perc:00758,206.657596,914.657596,350.666667,88,3.666667,0.745843,0.206724,0.047432,kick_or_low_percussion,0.745843,0.723194,EVENT_HYPOTHESIS,shared_audio_intelligence_v0_2;percussive_hpss;owner_supplied_audio
BE-003:perc:00759,206.820136,914.820136,350.958333,88,3.958333,0.085216,0.882218,0.032566,snare_or_mid_percussion,0.882218,1.000000,EVENT_HYPOTHESIS,shared_audio_intelligence_v0_2;percussive_hpss;owner_supplied_audio
BE-003:perc:00760,207.214875,915.214875,351.571429,88,4.571429,0.252894,0.718233,0.028873,snare_or_mid_percussion,0.718233,1.000000,EVENT_HYPOTHESIS,shared_audio_intelligence_v0_2;percussive_hpss;owner_supplied_audio
BE-003:perc:00761,207.656054,915.656054,352.280000,89,1.280000,0.018242,0.910452,0.071306,snare_or_mid_percussion,0.910452,0.681273,EVENT_HYPOTHESIS,shared_audio_intelligence_v0_2;percussive_hpss;owner_supplied_audio
BE-003:perc:00762,207.772154,915.772154,352.480000,89,1.480000,0.032240,0.958357,0.009403,snare_or_mid_percussion,0.958357,1.000000,EVENT_HYPOTHESIS,shared_audio_intelligence_v0_2;percussive_hpss;owner_supplied_audio
BE-003:perc:00763,208.074014,916.074014,353.000000,89,2.000000,0.018357,0.959394,0.022249,snare_or_mid_percussion,0.959394,1.000000,EVENT_HYPOTHESIS,shared_audio_intelligence_v0_2;percussive_hpss;owner_supplied_audio
BE-003:perc:00764,208.259773,916.259773,353.380952,89,2.380952,0.037523,0.941405,0.021072,snare_or_mid_percussion,0.941405,1.000000,EVENT_HYPOTHESIS,shared_audio_intelligence_v0_2;percussive_hpss;owner_supplied_audio
BE-003:perc:00765,208.538413,916.538413,353.952381,89,2.952381,0.002034,0.083269,0.914697,cymbal_or_hi_hat,0.914697,0.661980,EVENT_HYPOTHESIS,shared_audio_intelligence_v0_2;percussive_hpss;owner_supplied_audio
BE-003:perc:00766,208.677732,916.677732,354.200000,89,3.200000,0.005226,0.017257,0.977517,cymbal_or_hi_hat,0.977517,0.947523,EVENT_HYPOTHESIS,shared_audio_intelligence_v0_2;percussive_hpss;owner_supplied_audio
BE-003:perc:00767,208.840272,916.840272,354.480000,89,3.480000,0.000808,0.981714,0.017478,snare_or_mid_percussion,0.981714,0.879398,EVENT_HYPOTHESIS,shared_audio_intelligence_v0_2;percussive_hpss;owner_supplied_audio
BE-003:perc:00768,208.979592,916.979592,354.720000,89,3.720000,0.034233,0.950405,0.015362,snare_or_mid_percussion,0.950405,0.809023,EVENT_HYPOTHESIS,shared_audio_intelligence_v0_2;percussive_hpss;owner_supplied_audio
BE-003:perc:00769,209.118912,917.118912,354.960000,89,3.960000,0.001926,0.996825,0.001249,snare_or_mid_percussion,0.996825,0.936749,EVENT_HYPOTHESIS,shared_audio_intelligence_v0_2;percussive_hpss;owner_supplied_audio
BE-003:perc:00770,209.443991,917.443991,355.520000,89,4.520000,0.489660,0.468730,0.041610,kick_or_low_percussion,0.489660,1.000000,EVENT_HYPOTHESIS,shared_audio_intelligence_v0_2;percussive_hpss;owner_supplied_audio
BE-003:perc:00771,209.722630,917.722630,356.000000,90,1.000000,0.048077,0.947687,0.004236,snare_or_mid_percussion,0.947687,0.910517,EVENT_HYPOTHESIS,shared_audio_intelligence_v0_2;percussive_hpss;owner_supplied_audio
BE-003:perc:00772,210.024490,918.024490,356.500000,90,1.500000,0.094251,0.752289,0.153460,snare_or_mid_percussion,0.752289,0.751192,EVENT_HYPOTHESIS,shared_audio_intelligence_v0_2;percussive_hpss;owner_supplied_audio
BE-003:perc:00773,210.140590,918.140590,356.692308,90,1.692308,0.026109,0.957903,0.015988,snare_or_mid_percussion,0.957903,1.000000,EVENT_HYPOTHESIS,shared_audio_intelligence_v0_2;percussive_hpss;owner_supplied_audio
BE-003:perc:00774,210.303129,918.303129,356.961538,90,1.961538,0.019654,0.950797,0.029549,snare_or_mid_percussion,0.950797,1.000000,EVENT_HYPOTHESIS,shared_audio_intelligence_v0_2;percussive_hpss;owner_supplied_audio
BE-003:perc:00775,210.581769,918.581769,357.458333,90,2.458333,0.065108,0.847376,0.087515,snare_or_mid_percussion,0.847376,0.721611,EVENT_HYPOTHESIS,shared_audio_intelligence_v0_2;percussive_hpss;owner_supplied_audio
BE-003:perc:00776,210.883628,918.883628,358.000000,90,3.000000,0.004752,0.990592,0.004656,snare_or_mid_percussion,0.990592,0.727986,EVENT_HYPOTHESIS,shared_audio_intelligence_v0_2;percussive_hpss;owner_supplied_audio
BE-003:perc:00777,210.976508,918.976508,358.160000,90,3.160000,0.199134,0.775690,0.025177,snare_or_mid_percussion,0.775690,0.920405,EVENT_HYPOTHESIS,shared_audio_intelligence_v0_2;percussive_hpss;owner_supplied_audio
BE-003:perc:00778,211.162268,919.162268,358.480000,90,3.480000,0.022680,0.928375,0.048944,snare_or_mid_percussion,0.928375,0.547082,EVENT_HYPOTHESIS,shared_audio_intelligence_v0_2;percussive_hpss;owner_supplied_audio
BE-003:perc:00779,211.278367,919.278367,358.680000,90,3.680000,0.409115,0.571279,0.019606,kick_or_low_percussion,0.409115,0.588718,EVENT_HYPOTHESIS,shared_audio_intelligence_v0_2;percussive_hpss;owner_supplied_audio
BE-003:perc:00780,211.440907,919.440907,358.960000,90,3.960000,0.196314,0.781610,0.022076,snare_or_mid_percussion,0.781610,0.842048,EVENT_HYPOTHESIS,shared_audio_intelligence_v0_2;percussive_hpss;owner_supplied_audio
BE-003:perc:00781,212.021406,920.021406,359.960000,90,4.960000,0.197626,0.796838,0.005535,snare_or_mid_percussion,0.796838,0.932476,EVENT_HYPOTHESIS,shared_audio_intelligence_v0_2;percussive_hpss;owner_supplied_audio
BE-003:perc:00782,212.323265,920.323265,360.428571,91,1.428571,0.045013,0.901456,0.053531,snare_or_mid_percussion,0.901456,0.669958,EVENT_HYPOTHESIS,shared_audio_intelligence_v0_2;percussive_hpss;owner_supplied_audio
BE-003:perc:00783,212.601905,920.601905,360.857143,91,1.857143,0.244294,0.737526,0.018180,snare_or_mid_percussion,0.737526,0.692276,EVENT_HYPOTHESIS,shared_audio_intelligence_v0_2;percussive_hpss;owner_supplied_audio
BE-003:perc:00784,212.694785,920.694785,361.000000,91,2.000000,0.144481,0.765378,0.090141,snare_or_mid_percussion,0.765378,0.772419,EVENT_HYPOTHESIS,shared_audio_intelligence_v0_2;percussive_hpss;owner_supplied_audio
BE-003:perc:00785,212.903764,920.903764,361.346154,91,2.346154,0.004702,0.967504,0.027795,snare_or_mid_percussion,0.967504,0.761285,EVENT_HYPOTHESIS,shared_audio_intelligence_v0_2;percussive_hpss;owner_supplied_audio
BE-003:perc:00786,213.019864,921.019864,361.538462,91,2.538462,0.009639,0.950740,0.039621,snare_or_mid_percussion,0.950740,1.000000,EVENT_HYPOTHESIS,shared_audio_intelligence_v0_2;percussive_hpss;owner_supplied_audio
BE-003:perc:00787,213.484263,921.484263,362.333333,91,3.333333,0.062942,0.864640,0.072419,snare_or_mid_percussion,0.864640,1.000000,EVENT_HYPOTHESIS,shared_audio_intelligence_v0_2;percussive_hpss;owner_supplied_audio
BE-003:perc:00788,214.041542,922.041542,363.320000,91,4.320000,0.079014,0.846224,0.074763,snare_or_mid_percussion,0.846224,0.824103,EVENT_HYPOTHESIS,shared_audio_intelligence_v0_2;percussive_hpss;owner_supplied_audio
BE-003:perc:00789,214.436281,922.436281,364.000000,92,1.000000,0.064628,0.901934,0.033438,snare_or_mid_percussion,0.901934,0.736368,EVENT_HYPOTHESIS,shared_audio_intelligence_v0_2;percussive_hpss;owner_supplied_audio
BE-003:perc:00790,214.738141,922.738141,364.590909,92,1.590909,0.118504,0.809737,0.071759,snare_or_mid_percussion,0.809737,0.674239,EVENT_HYPOTHESIS,shared_audio_intelligence_v0_2;percussive_hpss;owner_supplied_audio
BE-003:perc:00791,214.923900,922.923900,364.954545,92,1.954545,0.099102,0.863661,0.037237,snare_or_mid_percussion,0.863661,1.000000,EVENT_HYPOTHESIS,shared_audio_intelligence_v0_2;percussive_hpss;owner_supplied_audio
BE-003:perc:00792,215.597279,923.597279,366.000000,92,3.000000,0.122905,0.549299,0.327796,snare_or_mid_percussion,0.549299,0.891070,EVENT_HYPOTHESIS,shared_audio_intelligence_v0_2;percussive_hpss;owner_supplied_audio
BE-003:perc:00793,215.875918,923.875918,366.461538,92,3.461538,0.055252,0.937187,0.007561,snare_or_mid_percussion,0.937187,0.968873,EVENT_HYPOTHESIS,shared_audio_intelligence_v0_2;percussive_hpss;owner_supplied_audio
BE-003:perc:00794,216.758277,924.758277,367.960000,92,4.960000,0.013353,0.937516,0.049131,snare_or_mid_percussion,0.937516,1.000000,EVENT_HYPOTHESIS,shared_audio_intelligence_v0_2;percussive_hpss;owner_supplied_audio
BE-003:perc:00795,216.944036,924.944036,368.291667,93,1.291667,0.001366,0.994879,0.003756,snare_or_mid_percussion,0.994879,1.000000,EVENT_HYPOTHESIS,shared_audio_intelligence_v0_2;percussive_hpss;owner_supplied_audio
BE-003:perc:00796,217.222676,925.222676,368.791667,93,1.791667,0.000774,0.995352,0.003873,snare_or_mid_percussion,0.995352,0.614132,EVENT_HYPOTHESIS,shared_audio_intelligence_v0_2;percussive_hpss;owner_supplied_audio
BE-003:perc:00797,217.338776,925.338776,369.000000,93,2.000000,0.143682,0.829788,0.026530,snare_or_mid_percussion,0.829788,1.000000,EVENT_HYPOTHESIS,shared_audio_intelligence_v0_2;percussive_hpss;owner_supplied_audio
BE-003:perc:00798,217.687075,925.687075,369.681818,93,2.681818,0.007245,0.975053,0.017702,snare_or_mid_percussion,0.975053,0.915835,EVENT_HYPOTHESIS,shared_audio_intelligence_v0_2;percussive_hpss;owner_supplied_audio
BE-003:perc:00799,217.826395,925.826395,369.954545,93,2.954545,0.105094,0.573205,0.321701,snare_or_mid_percussion,0.573205,0.632402,EVENT_HYPOTHESIS,shared_audio_intelligence_v0_2;percussive_hpss;owner_supplied_audio
BE-003:perc:00800,217.942494,925.942494,370.160000,93,3.160000,0.051198,0.942096,0.006707,snare_or_mid_percussion,0.942096,0.769306,EVENT_HYPOTHESIS,shared_audio_intelligence_v0_2;percussive_hpss;owner_supplied_audio
BE-003:perc:00801,218.081814,926.081814,370.400000,93,3.400000,0.042395,0.903968,0.053637,snare_or_mid_percussion,0.903968,0.678920,EVENT_HYPOTHESIS,shared_audio_intelligence_v0_2;percussive_hpss;owner_supplied_audio
BE-003:perc:00802,218.406893,926.406893,370.960000,93,3.960000,0.024404,0.958689,0.016907,snare_or_mid_percussion,0.958689,1.000000,EVENT_HYPOTHESIS,shared_audio_intelligence_v0_2;percussive_hpss;owner_supplied_audio
BE-003:perc:00803,218.824853,926.824853,371.708333,93,4.708333,0.011575,0.978978,0.009447,snare_or_mid_percussion,0.978978,0.867647,EVENT_HYPOTHESIS,shared_audio_intelligence_v0_2;percussive_hpss;owner_supplied_audio
BE-003:perc:00804,218.964172,926.964172,371.958333,93,4.958333,0.057901,0.896472,0.045627,snare_or_mid_percussion,0.896472,0.931030,EVENT_HYPOTHESIS,shared_audio_intelligence_v0_2;percussive_hpss;owner_supplied_audio
BE-003:perc:00805,219.242812,927.242812,372.392857,94,1.392857,0.005859,0.982726,0.011414,snare_or_mid_percussion,0.982726,0.611235,EVENT_HYPOTHESIS,shared_audio_intelligence_v0_2;percussive_hpss;owner_supplied_audio
BE-003:perc:00806,219.637551,927.637551,373.000000,94,2.000000,0.097547,0.874316,0.028137,snare_or_mid_percussion,0.874316,0.930088,EVENT_HYPOTHESIS,shared_audio_intelligence_v0_2;percussive_hpss;owner_supplied_audio
BE-003:perc:00807,219.823311,927.823311,373.320000,94,2.320000,0.076990,0.913339,0.009672,snare_or_mid_percussion,0.913339,0.721247,EVENT_HYPOTHESIS,shared_audio_intelligence_v0_2;percussive_hpss;owner_supplied_audio
BE-003:perc:00808,220.218050,928.218050,374.000000,94,3.000000,0.126170,0.799330,0.074499,snare_or_mid_percussion,0.799330,0.899166,EVENT_HYPOTHESIS,shared_audio_intelligence_v0_2;percussive_hpss;owner_supplied_audio
BE-003:perc:00809,220.403810,928.403810,374.307692,94,3.307692,0.011845,0.917646,0.070509,snare_or_mid_percussion,0.917646,0.743282,EVENT_HYPOTHESIS,shared_audio_intelligence_v0_2;percussive_hpss;owner_supplied_audio
BE-003:perc:00810,220.543129,928.543129,374.538462,94,3.538462,0.162245,0.809544,0.028211,snare_or_mid_percussion,0.809544,0.871943,EVENT_HYPOTHESIS,shared_audio_intelligence_v0_2;percussive_hpss;owner_supplied_audio
BE-003:perc:00811,220.682449,928.682449,374.769231,94,3.769231,0.015523,0.975947,0.008530,snare_or_mid_percussion,0.975947,0.929856,EVENT_HYPOTHESIS,shared_audio_intelligence_v0_2;percussive_hpss;owner_supplied_audio
BE-003:perc:00812,221.379048,929.379048,376.000000,95,1.000000,0.265810,0.526535,0.207655,snare_or_mid_percussion,0.526535,0.853411,EVENT_HYPOTHESIS,shared_audio_intelligence_v0_2;percussive_hpss;owner_supplied_audio
BE-003:perc:00813,221.564807,929.564807,376.320000,95,1.320000,0.002058,0.993071,0.004871,snare_or_mid_percussion,0.993071,0.823700,EVENT_HYPOTHESIS,shared_audio_intelligence_v0_2;percussive_hpss;owner_supplied_audio
BE-003:perc:00814,221.843447,929.843447,376.800000,95,1.800000,0.051321,0.853777,0.094902,snare_or_mid_percussion,0.853777,0.772566,EVENT_HYPOTHESIS,shared_audio_intelligence_v0_2;percussive_hpss;owner_supplied_audio
BE-003:perc:00815,222.191746,930.191746,377.400000,95,2.400000,0.011686,0.971875,0.016439,snare_or_mid_percussion,0.971875,0.825145,EVENT_HYPOTHESIS,shared_audio_intelligence_v0_2;percussive_hpss;owner_supplied_audio
BE-003:perc:00816,222.284626,930.284626,377.560000,95,2.560000,0.021468,0.909471,0.069061,snare_or_mid_percussion,0.909471,0.968290,EVENT_HYPOTHESIS,shared_audio_intelligence_v0_2;percussive_hpss;owner_supplied_audio
BE-003:perc:00817,222.540045,930.540045,378.000000,95,3.000000,0.288114,0.563397,0.148490,snare_or_mid_percussion,0.563397,1.000000,EVENT_HYPOTHESIS,shared_audio_intelligence_v0_2;percussive_hpss;owner_supplied_audio
BE-003:perc:00818,222.725805,930.725805,378.320000,95,3.320000,0.012848,0.976682,0.010470,snare_or_mid_percussion,0.976682,1.000000,EVENT_HYPOTHESIS,shared_audio_intelligence_v0_2;percussive_hpss;owner_supplied_audio
BE-003:perc:00819,223.027664,931.027664,378.840000,95,3.840000,0.122618,0.853396,0.023986,snare_or_mid_percussion,0.853396,0.664410,EVENT_HYPOTHESIS,shared_audio_intelligence_v0_2;percussive_hpss;owner_supplied_audio
BE-003:perc:00820,223.143764,931.143764,379.045455,95,4.045455,0.271467,0.624705,0.103828,snare_or_mid_percussion,0.624705,0.736923,EVENT_HYPOTHESIS,shared_audio_intelligence_v0_2;percussive_hpss;owner_supplied_audio
BE-003:perc:00821,223.445624,931.445624,379.636364,95,4.636364,0.055172,0.845948,0.098881,snare_or_mid_percussion,0.845948,0.964277,EVENT_HYPOTHESIS,shared_audio_intelligence_v0_2;percussive_hpss;owner_supplied_audio
BE-003:perc:00822,223.608163,931.608163,379.954545,95,4.954545,0.014368,0.956592,0.029040,snare_or_mid_percussion,0.956592,1.000000,EVENT_HYPOTHESIS,shared_audio_intelligence_v0_2;percussive_hpss;owner_supplied_audio
BE-003:perc:00823,223.933243,931.933243,380.520000,96,1.520000,0.088274,0.841123,0.070603,snare_or_mid_percussion,0.841123,1.000000,EVENT_HYPOTHESIS,shared_audio_intelligence_v0_2;percussive_hpss;owner_supplied_audio
BE-003:perc:00824,224.211882,932.211882,381.000000,96,2.000000,0.004217,0.987394,0.008389,snare_or_mid_percussion,0.987394,0.673573,EVENT_HYPOTHESIS,shared_audio_intelligence_v0_2;percussive_hpss;owner_supplied_audio
BE-003:perc:00825,224.606621,932.606621,381.708333,96,2.708333,0.102677,0.794858,0.102464,snare_or_mid_percussion,0.794858,0.809139,EVENT_HYPOTHESIS,shared_audio_intelligence_v0_2;percussive_hpss;owner_supplied_audio
BE-003:perc:00826,224.769161,932.769161,382.000000,96,3.000000,0.001532,0.984798,0.013670,snare_or_mid_percussion,0.984798,1.000000,EVENT_HYPOTHESIS,shared_audio_intelligence_v0_2;percussive_hpss;owner_supplied_audio
BE-003:perc:00827,225.047800,933.047800,382.480000,96,3.480000,0.211078,0.718702,0.070220,snare_or_mid_percussion,0.718702,0.984819,EVENT_HYPOTHESIS,shared_audio_intelligence_v0_2;percussive_hpss;owner_supplied_audio
BE-003:perc:00828,225.210340,933.210340,382.760000,96,3.760000,0.112016,0.798834,0.089151,snare_or_mid_percussion,0.798834,0.665433,EVENT_HYPOTHESIS,shared_audio_intelligence_v0_2;percussive_hpss;owner_supplied_audio
BE-003:perc:00829,225.349660,933.349660,383.000000,96,4.000000,0.003275,0.982347,0.014378,snare_or_mid_percussion,0.982347,1.000000,EVENT_HYPOTHESIS,shared_audio_intelligence_v0_2;percussive_hpss;owner_supplied_audio
BE-003:perc:00830,225.930159,933.930159,383.961538,96,4.961538,0.007924,0.982688,0.009388,snare_or_mid_percussion,0.982688,1.000000,EVENT_HYPOTHESIS,shared_audio_intelligence_v0_2;percussive_hpss;owner_supplied_audio
BE-003:perc:00831,226.232018,934.232018,384.480000,97,1.480000,0.545741,0.389309,0.064950,kick_or_low_percussion,0.545741,0.621981,EVENT_HYPOTHESIS,shared_audio_intelligence_v0_2;percussive_hpss;owner_supplied_audio
BE-003:perc:00832,226.371338,934.371338,384.720000,97,1.720000,0.009581,0.974373,0.016046,snare_or_mid_percussion,0.974373,0.832488,EVENT_HYPOTHESIS,shared_audio_intelligence_v0_2;percussive_hpss;owner_supplied_audio
BE-003:perc:00833,226.533878,934.533878,385.000000,97,2.000000,0.005525,0.959147,0.035327,snare_or_mid_percussion,0.959147,1.000000,EVENT_HYPOTHESIS,shared_audio_intelligence_v0_2;percussive_hpss;owner_supplied_audio
BE-003:perc:00834,226.905397,934.905397,385.640000,97,2.640000,0.013961,0.902973,0.083066,snare_or_mid_percussion,0.902973,0.971332,EVENT_HYPOTHESIS,shared_audio_intelligence_v0_2;percussive_hpss;owner_supplied_audio
BE-003:perc:00835,227.114376,935.114376,386.000000,97,3.000000,0.011115,0.978002,0.010884,snare_or_mid_percussion,0.978002,1.000000,EVENT_HYPOTHESIS,shared_audio_intelligence_v0_2;percussive_hpss;owner_supplied_audio
BE-003:perc:00836,227.393016,935.393016,386.461538,97,3.461538,0.053316,0.865259,0.081424,snare_or_mid_percussion,0.865259,1.000000,EVENT_HYPOTHESIS,shared_audio_intelligence_v0_2;percussive_hpss;owner_supplied_audio
BE-003:perc:00837,227.810975,935.810975,387.160000,97,4.160000,0.077857,0.846354,0.075790,snare_or_mid_percussion,0.846354,0.914244,EVENT_HYPOTHESIS,shared_audio_intelligence_v0_2;percussive_hpss;owner_supplied_audio
BE-003:perc:00838,227.973515,935.973515,387.440000,97,4.440000,0.176439,0.807412,0.016149,snare_or_mid_percussion,0.807412,0.879453,EVENT_HYPOTHESIS,shared_audio_intelligence_v0_2;percussive_hpss;owner_supplied_audio
BE-003:perc:00839,228.275374,936.275374,387.960000,97,4.960000,0.021515,0.967387,0.011099,snare_or_mid_percussion,0.967387,0.826597,EVENT_HYPOTHESIS,shared_audio_intelligence_v0_2;percussive_hpss;owner_supplied_audio
BE-003:perc:00840,228.577234,936.577234,388.480000,98,1.480000,0.337249,0.616014,0.046738,snare_or_mid_percussion,0.616014,0.955524,EVENT_HYPOTHESIS,shared_audio_intelligence_v0_2;percussive_hpss;owner_supplied_audio
BE-003:perc:00841,228.971973,936.971973,389.160000,98,2.160000,0.437951,0.524468,0.037581,kick_or_low_percussion,0.437951,0.686916,EVENT_HYPOTHESIS,shared_audio_intelligence_v0_2;percussive_hpss;owner_supplied_audio
BE-003:perc:00842,229.436372,937.436372,389.960000,98,2.960000,0.019729,0.948771,0.031500,snare_or_mid_percussion,0.948771,0.697930,EVENT_HYPOTHESIS,shared_audio_intelligence_v0_2;percussive_hpss;owner_supplied_audio
BE-003:perc:00843,229.761451,937.761451,390.520000,98,3.520000,0.169075,0.816952,0.013974,snare_or_mid_percussion,0.816952,0.743177,EVENT_HYPOTHESIS,shared_audio_intelligence_v0_2;percussive_hpss;owner_supplied_audio
BE-003:perc:00844,230.040091,938.040091,391.000000,98,4.000000,0.035768,0.946241,0.017991,snare_or_mid_percussion,0.946241,0.713586,EVENT_HYPOTHESIS,shared_audio_intelligence_v0_2;percussive_hpss;owner_supplied_audio
BE-003:perc:00845,230.272290,938.272290,391.400000,98,4.400000,0.613771,0.338868,0.047362,kick_or_low_percussion,0.613771,0.605585,EVENT_HYPOTHESIS,shared_audio_intelligence_v0_2;percussive_hpss;owner_supplied_audio
BE-003:perc:00846,230.597370,938.597370,391.960000,98,4.960000,0.001739,0.993804,0.004456,snare_or_mid_percussion,0.993804,1.000000,EVENT_HYPOTHESIS,shared_audio_intelligence_v0_2;percussive_hpss;owner_supplied_audio
BE-003:perc:00847,230.899229,938.899229,392.461538,99,1.461538,0.825154,0.126511,0.048334,kick_or_low_percussion,0.825154,0.815184,EVENT_HYPOTHESIS,shared_audio_intelligence_v0_2;percussive_hpss;owner_supplied_audio
BE-003:perc:00848,231.015329,939.015329,392.653846,99,1.653846,0.118190,0.731901,0.149909,snare_or_mid_percussion,0.731901,0.857978,EVENT_HYPOTHESIS,shared_audio_intelligence_v0_2;percussive_hpss;owner_supplied_audio
BE-003:perc:00849,231.224308,939.224308,393.000000,99,2.000000,0.001311,0.994810,0.003879,snare_or_mid_percussion,0.994810,0.971067,EVENT_HYPOTHESIS,shared_audio_intelligence_v0_2;percussive_hpss;owner_supplied_audio
BE-003:perc:00850,231.317188,939.317188,393.166667,99,2.166667,0.008139,0.959094,0.032767,snare_or_mid_percussion,0.959094,0.747685,EVENT_HYPOTHESIS,shared_audio_intelligence_v0_2;percussive_hpss;owner_supplied_audio
BE-003:perc:00851,231.479728,939.479728,393.458333,99,2.458333,0.338509,0.620456,0.041035,snare_or_mid_percussion,0.620456,0.516192,EVENT_HYPOTHESIS,shared_audio_intelligence_v0_2;percussive_hpss;owner_supplied_audio
BE-003:perc:00852,231.758367,939.758367,393.958333,99,2.958333,0.012448,0.984215,0.003337,snare_or_mid_percussion,0.984215,1.000000,EVENT_HYPOTHESIS,shared_audio_intelligence_v0_2;percussive_hpss;owner_supplied_audio
BE-003:perc:00853,232.083447,940.083447,394.541667,99,3.541667,0.651873,0.231756,0.116371,kick_or_low_percussion,0.651873,0.801946,EVENT_HYPOTHESIS,shared_audio_intelligence_v0_2;percussive_hpss;owner_supplied_audio
BE-003:perc:00854,232.315646,940.315646,394.958333,99,3.958333,0.030647,0.966268,0.003085,snare_or_mid_percussion,0.966268,0.714922,EVENT_HYPOTHESIS,shared_audio_intelligence_v0_2;percussive_hpss;owner_supplied_audio
BE-003:perc:00855,232.640726,940.640726,395.520000,99,4.520000,0.049374,0.888225,0.062401,snare_or_mid_percussion,0.888225,1.000000,EVENT_HYPOTHESIS,shared_audio_intelligence_v0_2;percussive_hpss;owner_supplied_audio
BE-003:perc:00856,232.919365,940.919365,396.000000,100,1.000000,0.016986,0.978365,0.004648,snare_or_mid_percussion,0.978365,1.000000,EVENT_HYPOTHESIS,shared_audio_intelligence_v0_2;percussive_hpss;owner_supplied_audio
BE-003:perc:00857,233.221224,941.221224,396.520000,100,1.520000,0.454484,0.506927,0.038589,kick_or_low_percussion,0.454484,0.915858,EVENT_HYPOTHESIS,shared_audio_intelligence_v0_2;percussive_hpss;owner_supplied_audio
BE-003:perc:00858,233.592744,941.592744,397.160000,100,2.160000,0.069364,0.844877,0.085759,snare_or_mid_percussion,0.844877,0.872531,EVENT_HYPOTHESIS,shared_audio_intelligence_v0_2;percussive_hpss;owner_supplied_audio
BE-003:perc:00859,233.801723,941.801723,397.520000,100,2.520000,0.037888,0.959059,0.003053,snare_or_mid_percussion,0.959059,1.000000,EVENT_HYPOTHESIS,shared_audio_intelligence_v0_2;percussive_hpss;owner_supplied_audio
BE-003:perc:00860,234.057143,942.057143,397.960000,100,2.960000,0.034952,0.930395,0.034653,snare_or_mid_percussion,0.930395,0.850353,EVENT_HYPOTHESIS,shared_audio_intelligence_v0_2;percussive_hpss;owner_supplied_audio
BE-003:perc:00861,234.498322,942.498322,398.692308,100,3.692308,0.350504,0.617392,0.032104,snare_or_mid_percussion,0.617392,0.726741,EVENT_HYPOTHESIS,shared_audio_intelligence_v0_2;percussive_hpss;owner_supplied_audio
BE-003:perc:00862,234.660862,942.660862,398.961538,100,3.961538,0.014322,0.959075,0.026603,snare_or_mid_percussion,0.959075,1.000000,EVENT_HYPOTHESIS,shared_audio_intelligence_v0_2;percussive_hpss;owner_supplied_audio
BE-003:perc:00863,234.962721,942.962721,399.461538,100,4.461538,0.148986,0.741558,0.109457,snare_or_mid_percussion,0.741558,1.000000,EVENT_HYPOTHESIS,shared_audio_intelligence_v0_2;percussive_hpss;owner_supplied_audio
BE-003:perc:00864,235.264580,943.264580,399.961538,100,4.961538,0.097204,0.897222,0.005575,snare_or_mid_percussion,0.897222,0.628922,EVENT_HYPOTHESIS,shared_audio_intelligence_v0_2;percussive_hpss;owner_supplied_audio
BE-003:perc:00865,235.543220,943.543220,400.392857,101,1.392857,0.013688,0.962492,0.023819,snare_or_mid_percussion,0.962492,1.000000,EVENT_HYPOTHESIS,shared_audio_intelligence_v0_2;percussive_hpss;owner_supplied_audio
BE-003:perc:00866,235.914739,943.914739,400.964286,101,1.964286,0.355487,0.509913,0.134600,snare_or_mid_percussion,0.509913,0.866067,EVENT_HYPOTHESIS,shared_audio_intelligence_v0_2;percussive_hpss;owner_supplied_audio
BE-003:perc:00867,236.704218,944.704218,402.320000,101,3.320000,0.045604,0.853716,0.100681,snare_or_mid_percussion,0.853716,1.000000,EVENT_HYPOTHESIS,shared_audio_intelligence_v0_2;percussive_hpss;owner_supplied_audio
BE-003:perc:00868,237.122177,945.122177,403.045455,101,4.045455,0.371056,0.607168,0.021776,snare_or_mid_percussion,0.607168,0.640254,EVENT_HYPOTHESIS,shared_audio_intelligence_v0_2;percussive_hpss;owner_supplied_audio
BE-003:perc:00869,237.400816,945.400816,403.590909,101,4.590909,0.712123,0.247049,0.040828,kick_or_low_percussion,0.712123,0.979247,EVENT_HYPOTHESIS,shared_audio_intelligence_v0_2;percussive_hpss;owner_supplied_audio
BE-003:perc:00870,237.586576,945.586576,403.954545,101,4.954545,0.052357,0.919889,0.027754,snare_or_mid_percussion,0.919889,1.000000,EVENT_HYPOTHESIS,shared_audio_intelligence_v0_2;percussive_hpss;owner_supplied_audio
BE-003:perc:00871,238.190295,946.190295,405.000000,102,2.000000,0.011358,0.851415,0.137228,snare_or_mid_percussion,0.851415,0.919205,EVENT_HYPOTHESIS,shared_audio_intelligence_v0_2;percussive_hpss;owner_supplied_audio
BE-003:perc:00872,238.468934,946.468934,405.480000,102,2.480000,0.052477,0.907005,0.040518,snare_or_mid_percussion,0.907005,0.801379,EVENT_HYPOTHESIS,shared_audio_intelligence_v0_2;percussive_hpss;owner_supplied_audio
BE-003:perc:00873,238.770794,946.770794,406.000000,102,3.000000,0.002061,0.987962,0.009977,snare_or_mid_percussion,0.987962,0.800786,EVENT_HYPOTHESIS,shared_audio_intelligence_v0_2;percussive_hpss;owner_supplied_audio
BE-003:perc:00874,239.026213,947.026213,406.440000,102,3.440000,0.005969,0.983908,0.010123,snare_or_mid_percussion,0.983908,0.580305,EVENT_HYPOTHESIS,shared_audio_intelligence_v0_2;percussive_hpss;owner_supplied_audio
BE-003:perc:00875,239.165533,947.165533,406.680000,102,3.680000,0.170043,0.810546,0.019411,snare_or_mid_percussion,0.810546,0.652682,EVENT_HYPOTHESIS,shared_audio_intelligence_v0_2;percussive_hpss;owner_supplied_audio
BE-003:perc:00876,239.444172,947.444172,407.166667,102,4.166667,0.555899,0.335826,0.108275,kick_or_low_percussion,0.555899,0.683155,EVENT_HYPOTHESIS,shared_audio_intelligence_v0_2;percussive_hpss;owner_supplied_audio
BE-003:perc:00877,239.629932,947.629932,407.500000,102,4.500000,0.218596,0.604851,0.176553,snare_or_mid_percussion,0.604851,1.000000,EVENT_HYPOTHESIS,shared_audio_intelligence_v0_2;percussive_hpss;owner_supplied_audio
BE-003:perc:00878,239.885351,947.885351,407.958333,102,4.958333,0.026472,0.949111,0.024417,snare_or_mid_percussion,0.949111,1.000000,EVENT_HYPOTHESIS,shared_audio_intelligence_v0_2;percussive_hpss;owner_supplied_audio
BE-003:perc:00879,240.024671,948.024671,408.200000,103,1.200000,0.103581,0.855245,0.041174,snare_or_mid_percussion,0.855245,0.948579,EVENT_HYPOTHESIS,shared_audio_intelligence_v0_2;percussive_hpss;owner_supplied_audio
BE-003:perc:00880,240.303311,948.303311,408.680000,103,1.680000,0.440645,0.501609,0.057746,kick_or_low_percussion,0.440645,0.632435,EVENT_HYPOTHESIS,shared_audio_intelligence_v0_2;percussive_hpss;owner_supplied_audio
BE-003:perc:00881,240.465850,948.465850,408.960000,103,1.960000,0.034956,0.805455,0.159589,snare_or_mid_percussion,0.805455,0.725628,EVENT_HYPOTHESIS,shared_audio_intelligence_v0_2;percussive_hpss;owner_supplied_audio
BE-003:perc:00882,240.605170,948.605170,409.178571,103,2.178571,0.563543,0.348074,0.088382,kick_or_low_percussion,0.563543,0.927085,EVENT_HYPOTHESIS,shared_audio_intelligence_v0_2;percussive_hpss;owner_supplied_audio
BE-003:perc:00883,240.790930,948.790930,409.464286,103,2.464286,0.089341,0.749314,0.161345,snare_or_mid_percussion,0.749314,0.902022,EVENT_HYPOTHESIS,shared_audio_intelligence_v0_2;percussive_hpss;owner_supplied_audio
BE-003:perc:00884,241.162449,949.162449,410.038462,103,3.038462,0.259860,0.687634,0.052506,snare_or_mid_percussion,0.687634,0.782608,EVENT_HYPOTHESIS,shared_audio_intelligence_v0_2;percussive_hpss;owner_supplied_audio
BE-003:perc:00885,241.650068,949.650068,410.846154,103,3.846154,0.027554,0.854839,0.117608,snare_or_mid_percussion,0.854839,0.877455,EVENT_HYPOTHESIS,shared_audio_intelligence_v0_2;percussive_hpss;owner_supplied_audio
BE-003:perc:00886,241.951927,949.951927,411.360000,103,4.360000,0.402069,0.514134,0.083797,kick_or_low_percussion,0.402069,0.759703,EVENT_HYPOTHESIS,shared_audio_intelligence_v0_2;percussive_hpss;owner_supplied_audio
BE-003:perc:00887,242.300227,950.300227,411.960000,103,4.960000,0.037177,0.920288,0.042535,snare_or_mid_percussion,0.920288,0.861719,EVENT_HYPOTHESIS,shared_audio_intelligence_v0_2;percussive_hpss;owner_supplied_audio
BE-003:perc:00888,242.509206,950.509206,412.320000,104,1.320000,0.019250,0.927362,0.053388,snare_or_mid_percussion,0.927362,0.558709,EVENT_HYPOTHESIS,shared_audio_intelligence_v0_2;percussive_hpss;owner_supplied_audio
BE-003:perc:00889,242.625306,950.625306,412.520000,104,1.520000,0.251656,0.731274,0.017070,snare_or_mid_percussion,0.731274,0.663725,EVENT_HYPOTHESIS,shared_audio_intelligence_v0_2;percussive_hpss;owner_supplied_audio
BE-003:perc:00890,242.880726,950.880726,412.960000,104,1.960000,0.178821,0.687231,0.133948,snare_or_mid_percussion,0.687231,0.832262,EVENT_HYPOTHESIS,shared_audio_intelligence_v0_2;percussive_hpss;owner_supplied_audio
BE-003:perc:00891,243.089705,951.089705,413.320000,104,2.320000,0.029064,0.870096,0.100840,snare_or_mid_percussion,0.870096,0.901176,EVENT_HYPOTHESIS,shared_audio_intelligence_v0_2;percussive_hpss;owner_supplied_audio
BE-003:perc:00892,243.461224,951.461224,413.960000,104,2.960000,0.297881,0.551982,0.150137,snare_or_mid_percussion,0.551982,1.000000,EVENT_HYPOTHESIS,shared_audio_intelligence_v0_2;percussive_hpss;owner_supplied_audio
BE-003:perc:00893,243.763084,951.763084,414.480000,104,3.480000,0.330640,0.597793,0.071567,snare_or_mid_percussion,0.597793,0.786896,EVENT_HYPOTHESIS,shared_audio_intelligence_v0_2;percussive_hpss;owner_supplied_audio
BE-003:perc:00894,243.948844,951.948844,414.800000,104,3.800000,0.008617,0.988993,0.002390,snare_or_mid_percussion,0.988993,0.696206,EVENT_HYPOTHESIS,shared_audio_intelligence_v0_2;percussive_hpss;owner_supplied_audio
BE-003:perc:00895,244.064943,952.064943,415.000000,104,4.000000,0.171939,0.633034,0.195027,snare_or_mid_percussion,0.633034,0.869196,EVENT_HYPOTHESIS,shared_audio_intelligence_v0_2;percussive_hpss;owner_supplied_audio
BE-003:perc:00896,244.250703,952.250703,415.320000,104,4.320000,0.175755,0.737489,0.086756,snare_or_mid_percussion,0.737489,0.881258,EVENT_HYPOTHESIS,shared_audio_intelligence_v0_2;percussive_hpss;owner_supplied_audio
BE-003:perc:00897,244.575782,952.575782,415.880000,104,4.880000,0.014478,0.943040,0.042482,snare_or_mid_percussion,0.943040,0.724918,EVENT_HYPOTHESIS,shared_audio_intelligence_v0_2;percussive_hpss;owner_supplied_audio
BE-003:perc:00898,244.668662,952.668662,416.043478,105,1.043478,0.115037,0.809096,0.075868,snare_or_mid_percussion,0.809096,0.816131,EVENT_HYPOTHESIS,shared_audio_intelligence_v0_2;percussive_hpss;owner_supplied_audio
BE-003:perc:00899,244.854422,952.854422,416.391304,105,1.391304,0.011092,0.971100,0.017808,snare_or_mid_percussion,0.971100,0.821018,EVENT_HYPOTHESIS,shared_audio_intelligence_v0_2;percussive_hpss;owner_supplied_audio
BE-003:perc:00900,244.947302,952.947302,416.565217,105,1.565217,0.058990,0.934984,0.006026,snare_or_mid_percussion,0.934984,0.760327,EVENT_HYPOTHESIS,shared_audio_intelligence_v0_2;percussive_hpss;owner_supplied_audio
BE-003:perc:00901,245.156281,953.156281,416.956522,105,1.956522,0.003329,0.958646,0.038025,snare_or_mid_percussion,0.958646,1.000000,EVENT_HYPOTHESIS,shared_audio_intelligence_v0_2;percussive_hpss;owner_supplied_audio
BE-003:perc:00902,245.713560,953.713560,417.958333,105,2.958333,0.000471,0.958869,0.040660,snare_or_mid_percussion,0.958869,1.000000,EVENT_HYPOTHESIS,shared_audio_intelligence_v0_2;percussive_hpss;owner_supplied_audio
BE-003:perc:00903,246.015420,954.015420,418.461538,105,3.461538,0.032001,0.906936,0.061062,snare_or_mid_percussion,0.906936,1.000000,EVENT_HYPOTHESIS,shared_audio_intelligence_v0_2;percussive_hpss;owner_supplied_audio
BE-003:perc:00904,246.340499,954.340499,419.000000,105,4.000000,0.058054,0.919608,0.022338,snare_or_mid_percussion,0.919608,0.737589,EVENT_HYPOTHESIS,shared_audio_intelligence_v0_2;percussive_hpss;owner_supplied_audio
BE-003:perc:00905,246.712018,954.712018,419.695652,105,4.695652,0.601765,0.318688,0.079547,kick_or_low_percussion,0.601765,0.563840,EVENT_HYPOTHESIS,shared_audio_intelligence_v0_2;percussive_hpss;owner_supplied_audio
BE-003:perc:00906,246.851338,954.851338,419.956522,105,4.956522,0.004480,0.971689,0.023831,snare_or_mid_percussion,0.971689,1.000000,EVENT_HYPOTHESIS,shared_audio_intelligence_v0_2;percussive_hpss;owner_supplied_audio
BE-003:perc:00907,247.176417,955.176417,420.433333,106,1.433333,0.046923,0.938851,0.014225,snare_or_mid_percussion,0.938851,1.000000,EVENT_HYPOTHESIS,shared_audio_intelligence_v0_2;percussive_hpss;owner_supplied_audio
BE-003:perc:00908,247.571156,955.571156,421.000000,106,2.000000,0.051541,0.902285,0.046175,snare_or_mid_percussion,0.902285,1.000000,EVENT_HYPOTHESIS,shared_audio_intelligence_v0_2;percussive_hpss;owner_supplied_audio
BE-003:perc:00909,248.058776,956.058776,421.840000,106,2.840000,0.104291,0.767907,0.127801,snare_or_mid_percussion,0.767907,0.689555,EVENT_HYPOTHESIS,shared_audio_intelligence_v0_2;percussive_hpss;owner_supplied_audio
BE-003:perc:00910,248.151655,956.151655,422.000000,106,3.000000,0.188652,0.713478,0.097870,snare_or_mid_percussion,0.713478,0.882671,EVENT_HYPOTHESIS,shared_audio_intelligence_v0_2;percussive_hpss;owner_supplied_audio
BE-003:perc:00911,248.337415,956.337415,422.320000,106,3.320000,0.028103,0.924039,0.047858,snare_or_mid_percussion,0.924039,1.000000,EVENT_HYPOTHESIS,shared_audio_intelligence_v0_2;percussive_hpss;owner_supplied_audio
BE-003:perc:00912,248.639274,956.639274,422.840000,106,3.840000,0.019801,0.970684,0.009515,snare_or_mid_percussion,0.970684,0.659950,EVENT_HYPOTHESIS,shared_audio_intelligence_v0_2;percussive_hpss;owner_supplied_audio
BE-003:perc:00913,248.732154,956.732154,423.000000,106,4.000000,0.181594,0.727811,0.090596,snare_or_mid_percussion,0.727811,0.830861,EVENT_HYPOTHESIS,shared_audio_intelligence_v0_2;percussive_hpss;owner_supplied_audio
BE-003:perc:00914,249.010794,957.010794,423.571429,106,4.571429,0.137946,0.842759,0.019295,snare_or_mid_percussion,0.842759,0.752382,EVENT_HYPOTHESIS,shared_audio_intelligence_v0_2;percussive_hpss;owner_supplied_audio
BE-003:perc:00915,249.196553,957.196553,423.952381,106,4.952381,0.088713,0.885432,0.025854,snare_or_mid_percussion,0.885432,0.975596,EVENT_HYPOTHESIS,shared_audio_intelligence_v0_2;percussive_hpss;owner_supplied_audio
BE-003:perc:00916,249.544853,957.544853,424.583333,107,1.583333,0.075828,0.855307,0.068865,snare_or_mid_percussion,0.855307,0.868783,EVENT_HYPOTHESIS,shared_audio_intelligence_v0_2;percussive_hpss;owner_supplied_audio
BE-003:perc:00917,249.777052,957.777052,425.000000,107,2.000000,0.036992,0.866055,0.096953,snare_or_mid_percussion,0.866055,0.698790,EVENT_HYPOTHESIS,shared_audio_intelligence_v0_2;percussive_hpss;owner_supplied_audio
BE-003:perc:00918,249.986032,957.986032,425.360000,107,2.360000,0.008845,0.974485,0.016671,snare_or_mid_percussion,0.974485,0.743870,EVENT_HYPOTHESIS,shared_audio_intelligence_v0_2;percussive_hpss;owner_supplied_audio
BE-003:perc:00919,250.357551,958.357551,426.000000,107,3.000000,0.036539,0.949731,0.013729,snare_or_mid_percussion,0.949731,0.858410,EVENT_HYPOTHESIS,shared_audio_intelligence_v0_2;percussive_hpss;owner_supplied_audio
BE-003:perc:00920,250.450431,958.450431,426.153846,107,3.153846,0.290122,0.647979,0.061899,snare_or_mid_percussion,0.647979,0.734666,EVENT_HYPOTHESIS,shared_audio_intelligence_v0_2;percussive_hpss;owner_supplied_audio
BE-003:perc:00921,250.752290,958.752290,426.653846,107,3.653846,0.017375,0.951348,0.031278,snare_or_mid_percussion,0.951348,0.956319,EVENT_HYPOTHESIS,shared_audio_intelligence_v0_2;percussive_hpss;owner_supplied_audio
BE-003:perc:00922,250.938050,958.938050,426.961538,107,3.961538,0.054384,0.872607,0.073009,snare_or_mid_percussion,0.872607,0.717706,EVENT_HYPOTHESIS,shared_audio_intelligence_v0_2;percussive_hpss;owner_supplied_audio
BE-003:perc:00923,251.239909,959.239909,427.480000,107,4.480000,0.113420,0.788287,0.098293,snare_or_mid_percussion,0.788287,0.773312,EVENT_HYPOTHESIS,shared_audio_intelligence_v0_2;percussive_hpss;owner_supplied_audio
BE-003:perc:00924,251.541769,959.541769,428.000000,108,1.000000,0.085480,0.844956,0.069564,snare_or_mid_percussion,0.844956,0.700420,EVENT_HYPOTHESIS,shared_audio_intelligence_v0_2;percussive_hpss;owner_supplied_audio
BE-003:perc:00925,252.099048,960.099048,428.960000,108,1.960000,0.157718,0.797927,0.044355,snare_or_mid_percussion,0.797927,0.670985,EVENT_HYPOTHESIS,shared_audio_intelligence_v0_2;percussive_hpss;owner_supplied_audio
BE-003:perc:00926,252.470567,960.470567,429.555556,108,2.555556,0.290217,0.572791,0.136992,snare_or_mid_percussion,0.572791,0.616973,EVENT_HYPOTHESIS,shared_audio_intelligence_v0_2;percussive_hpss;owner_supplied_audio
BE-003:perc:00927,252.749206,960.749206,430.000000,108,3.000000,0.050934,0.599433,0.349633,snare_or_mid_percussion,0.599433,1.000000,EVENT_HYPOTHESIS,shared_audio_intelligence_v0_2;percussive_hpss;owner_supplied_audio
BE-003:perc:00928,253.329705,961.329705,430.961538,108,3.961538,0.361033,0.515785,0.123182,snare_or_mid_percussion,0.515785,0.722629,EVENT_HYPOTHESIS,shared_audio_intelligence_v0_2;percussive_hpss;owner_supplied_audio
BE-003:perc:00929,253.561905,961.561905,431.375000,108,4.375000,0.194105,0.768327,0.037568,snare_or_mid_percussion,0.768327,1.000000,EVENT_HYPOTHESIS,shared_audio_intelligence_v0_2;percussive_hpss;owner_supplied_audio
BE-003:perc:00930,253.886984,961.886984,431.958333,108,4.958333,0.011501,0.970693,0.017805,snare_or_mid_percussion,0.970693,0.927612,EVENT_HYPOTHESIS,shared_audio_intelligence_v0_2;percussive_hpss;owner_supplied_audio
BE-003:perc:00931,254.119184,962.119184,432.346154,109,1.346154,0.013004,0.909301,0.077695,snare_or_mid_percussion,0.909301,0.733592,EVENT_HYPOTHESIS,shared_audio_intelligence_v0_2;percussive_hpss;owner_supplied_audio
BE-003:perc:00932,254.513923,962.513923,433.000000,109,2.000000,0.178125,0.714583,0.107292,snare_or_mid_percussion,0.714583,1.000000,EVENT_HYPOTHESIS,shared_audio_intelligence_v0_2;percussive_hpss;owner_supplied_audio
BE-003:perc:00933,254.699683,962.699683,433.333333,109,2.333333,0.002927,0.963912,0.033161,snare_or_mid_percussion,0.963912,0.863745,EVENT_HYPOTHESIS,shared_audio_intelligence_v0_2;percussive_hpss;owner_supplied_audio
BE-003:perc:00934,254.931882,962.931882,433.750000,109,2.750000,0.155173,0.820316,0.024510,snare_or_mid_percussion,0.820316,0.579723,EVENT_HYPOTHESIS,shared_audio_intelligence_v0_2;percussive_hpss;owner_supplied_audio
BE-003:perc:00935,255.094422,963.094422,434.047619,109,3.047619,0.409742,0.523280,0.066977,kick_or_low_percussion,0.409742,0.743583,EVENT_HYPOTHESIS,shared_audio_intelligence_v0_2;percussive_hpss;owner_supplied_audio
BE-003:perc:00936,255.303401,963.303401,434.476190,109,3.476190,0.054637,0.877639,0.067723,snare_or_mid_percussion,0.877639,1.000000,EVENT_HYPOTHESIS,shared_audio_intelligence_v0_2;percussive_hpss;owner_supplied_audio
BE-003:perc:00937,255.535601,963.535601,434.952381,109,3.952381,0.004466,0.988640,0.006895,snare_or_mid_percussion,0.988640,0.690136,EVENT_HYPOTHESIS,shared_audio_intelligence_v0_2;percussive_hpss;owner_supplied_audio
BE-003:perc:00938,255.953560,963.953560,435.680000,109,4.680000,0.109986,0.771634,0.118380,snare_or_mid_percussion,0.771634,0.814281,EVENT_HYPOTHESIS,shared_audio_intelligence_v0_2;percussive_hpss;owner_supplied_audio
BE-003:perc:00939,256.116100,964.116100,435.960000,109,4.960000,0.060765,0.904575,0.034661,snare_or_mid_percussion,0.904575,1.000000,EVENT_HYPOTHESIS,shared_audio_intelligence_v0_2;percussive_hpss;owner_supplied_audio
BE-003:perc:00940,256.557279,964.557279,436.642857,110,1.642857,0.471528,0.464527,0.063945,kick_or_low_percussion,0.471528,0.615530,EVENT_HYPOTHESIS,shared_audio_intelligence_v0_2;percussive_hpss;owner_supplied_audio
BE-003:perc:00941,256.789478,964.789478,437.000000,110,2.000000,0.179614,0.553959,0.266427,snare_or_mid_percussion,0.553959,1.000000,EVENT_HYPOTHESIS,shared_audio_intelligence_v0_2;percussive_hpss;owner_supplied_audio
BE-003:perc:00942,256.975238,964.975238,437.347826,110,2.347826,0.050352,0.883216,0.066432,snare_or_mid_percussion,0.883216,1.000000,EVENT_HYPOTHESIS,shared_audio_intelligence_v0_2;percussive_hpss;owner_supplied_audio
BE-003:perc:00943,257.300317,965.300317,437.956522,110,2.956522,0.058703,0.926840,0.014457,snare_or_mid_percussion,0.926840,1.000000,EVENT_HYPOTHESIS,shared_audio_intelligence_v0_2;percussive_hpss;owner_supplied_audio
BE-003:perc:00944,258.159456,966.159456,439.521739,110,4.521739,0.221131,0.700291,0.078578,snare_or_mid_percussion,0.700291,1.000000,EVENT_HYPOTHESIS,shared_audio_intelligence_v0_2;percussive_hpss;owner_supplied_audio
BE-003:perc:00945,258.438095,966.438095,440.050000,111,1.050000,0.021420,0.966131,0.012449,snare_or_mid_percussion,0.966131,1.000000,EVENT_HYPOTHESIS,shared_audio_intelligence_v0_2;percussive_hpss;owner_supplied_audio
BE-003:perc:00946,258.856054,966.856054,440.950000,111,1.950000,0.050027,0.848808,0.101164,snare_or_mid_percussion,0.848808,0.881649,EVENT_HYPOTHESIS,shared_audio_intelligence_v0_2;percussive_hpss;owner_supplied_audio
BE-003:perc:00947,259.041814,967.041814,441.291667,111,2.291667,0.095592,0.850590,0.053818,snare_or_mid_percussion,0.850590,0.802492,EVENT_HYPOTHESIS,shared_audio_intelligence_v0_2;percussive_hpss;owner_supplied_audio
BE-003:perc:00948,259.320454,967.320454,441.791667,111,2.791667,0.042541,0.912646,0.044813,snare_or_mid_percussion,0.912646,0.784610,EVENT_HYPOTHESIS,shared_audio_intelligence_v0_2;percussive_hpss;owner_supplied_audio
BE-003:perc:00949,259.436553,967.436553,442.000000,111,3.000000,0.031945,0.942764,0.025291,snare_or_mid_percussion,0.942764,0.693256,EVENT_HYPOTHESIS,shared_audio_intelligence_v0_2;percussive_hpss;owner_supplied_audio
BE-003:perc:00950,259.622313,967.622313,442.333333,111,3.333333,0.001528,0.991022,0.007450,snare_or_mid_percussion,0.991022,0.785573,EVENT_HYPOTHESIS,shared_audio_intelligence_v0_2;percussive_hpss;owner_supplied_audio
BE-003:perc:00951,259.924172,967.924172,442.875000,111,3.875000,0.051298,0.908989,0.039713,snare_or_mid_percussion,0.908989,0.769807,EVENT_HYPOTHESIS,shared_audio_intelligence_v0_2;percussive_hpss;owner_supplied_audio
BE-003:perc:00952,259.993832,967.993832,443.000000,111,4.000000,0.077616,0.881868,0.040517,snare_or_mid_percussion,0.881868,0.830578,EVENT_HYPOTHESIS,shared_audio_intelligence_v0_2;percussive_hpss;owner_supplied_audio
BE-003:perc:00953,260.318912,968.318912,443.636364,111,4.636364,0.115513,0.860616,0.023871,snare_or_mid_percussion,0.860616,0.595121,EVENT_HYPOTHESIS,shared_audio_intelligence_v0_2;percussive_hpss;owner_supplied_audio
BE-003:perc:00954,260.481451,968.481451,443.954545,111,4.954545,0.014017,0.933949,0.052034,snare_or_mid_percussion,0.933949,1.000000,EVENT_HYPOTHESIS,shared_audio_intelligence_v0_2;percussive_hpss;owner_supplied_audio
BE-003:perc:00955,260.760091,968.760091,444.458333,112,1.458333,0.121247,0.804053,0.074700,snare_or_mid_percussion,0.804053,0.928049,EVENT_HYPOTHESIS,shared_audio_intelligence_v0_2;percussive_hpss;owner_supplied_audio
BE-003:perc:00956,261.433469,969.433469,445.640000,112,2.640000,0.249224,0.667983,0.082793,snare_or_mid_percussion,0.667983,1.000000,EVENT_HYPOTHESIS,shared_audio_intelligence_v0_2;percussive_hpss;owner_supplied_audio
BE-003:perc:00957,261.619229,969.619229,445.960000,112,2.960000,0.113819,0.776467,0.109714,snare_or_mid_percussion,0.776467,0.718804,EVENT_HYPOTHESIS,shared_audio_intelligence_v0_2;percussive_hpss;owner_supplied_audio
BE-003:perc:00958,261.897868,969.897868,446.440000,112,3.440000,0.022371,0.925245,0.052384,snare_or_mid_percussion,0.925245,0.844357,EVENT_HYPOTHESIS,shared_audio_intelligence_v0_2;percussive_hpss;owner_supplied_audio
BE-003:perc:00959,262.780227,970.780227,448.000000,113,1.000000,0.013825,0.898944,0.087231,snare_or_mid_percussion,0.898944,1.000000,EVENT_HYPOTHESIS,shared_audio_intelligence_v0_2;percussive_hpss;owner_supplied_audio
BE-003:perc:00960,263.174966,971.174966,448.653846,113,1.653846,0.625899,0.299767,0.074334,kick_or_low_percussion,0.625899,0.650421,EVENT_HYPOTHESIS,shared_audio_intelligence_v0_2;percussive_hpss;owner_supplied_audio
BE-003:perc:00961,263.453605,971.453605,449.120000,113,2.120000,0.264163,0.698958,0.036879,snare_or_mid_percussion,0.698958,0.859245,EVENT_HYPOTHESIS,shared_audio_intelligence_v0_2;percussive_hpss;owner_supplied_audio
BE-003:perc:00962,263.685805,971.685805,449.520000,113,2.520000,0.043048,0.854232,0.102721,snare_or_mid_percussion,0.854232,0.728603,EVENT_HYPOTHESIS,shared_audio_intelligence_v0_2;percussive_hpss;owner_supplied_audio
BE-003:perc:00963,263.941224,971.941224,449.960000,113,2.960000,0.105778,0.676495,0.217727,snare_or_mid_percussion,0.676495,1.000000,EVENT_HYPOTHESIS,shared_audio_intelligence_v0_2;percussive_hpss;owner_supplied_audio
BE-003:perc:00964,264.243084,972.243084,450.480000,113,3.480000,0.007475,0.942436,0.050089,snare_or_mid_percussion,0.942436,1.000000,EVENT_HYPOTHESIS,shared_audio_intelligence_v0_2;percussive_hpss;owner_supplied_audio
BE-003:perc:00965,264.637823,972.637823,451.160000,113,4.160000,0.102384,0.860750,0.036866,snare_or_mid_percussion,0.860750,1.000000,EVENT_HYPOTHESIS,shared_audio_intelligence_v0_2;percussive_hpss;owner_supplied_audio
BE-003:perc:00966,264.846803,972.846803,451.520000,113,4.520000,0.025593,0.906868,0.067538,snare_or_mid_percussion,0.906868,0.780179,EVENT_HYPOTHESIS,shared_audio_intelligence_v0_2;percussive_hpss;owner_supplied_audio
BE-003:perc:00967,265.102222,973.102222,451.960000,113,4.960000,0.238325,0.645956,0.115718,snare_or_mid_percussion,0.645956,0.998950,EVENT_HYPOTHESIS,shared_audio_intelligence_v0_2;percussive_hpss;owner_supplied_audio
BE-003:perc:00968,265.380862,973.380862,452.440000,114,1.440000,0.010637,0.947280,0.042083,snare_or_mid_percussion,0.947280,1.000000,EVENT_HYPOTHESIS,shared_audio_intelligence_v0_2;percussive_hpss;owner_supplied_audio
BE-003:perc:00969,265.682721,973.682721,452.960000,114,1.960000,0.031823,0.927456,0.040721,snare_or_mid_percussion,0.927456,0.817101,EVENT_HYPOTHESIS,shared_audio_intelligence_v0_2;percussive_hpss;owner_supplied_audio
BE-003:perc:00970,265.822041,973.822041,453.178571,114,2.178571,0.032220,0.953724,0.014055,snare_or_mid_percussion,0.953724,0.576622,EVENT_HYPOTHESIS,shared_audio_intelligence_v0_2;percussive_hpss;owner_supplied_audio
BE-003:perc:00971,266.077460,974.077460,453.571429,114,2.571429,0.239833,0.701037,0.059131,snare_or_mid_percussion,0.701037,0.651617,EVENT_HYPOTHESIS,shared_audio_intelligence_v0_2;percussive_hpss;owner_supplied_audio
BE-003:perc:00972,266.356100,974.356100,454.000000,114,3.000000,0.853685,0.117373,0.028942,kick_or_low_percussion,0.853685,0.551480,EVENT_HYPOTHESIS,shared_audio_intelligence_v0_2;percussive_hpss;owner_supplied_audio
BE-003:perc:00973,266.518639,974.518639,454.280000,114,3.280000,0.019640,0.971025,0.009335,snare_or_mid_percussion,0.971025,1.000000,EVENT_HYPOTHESIS,shared_audio_intelligence_v0_2;percussive_hpss;owner_supplied_audio
BE-003:perc:00974,266.936599,974.936599,455.000000,114,4.000000,0.206221,0.787315,0.006463,snare_or_mid_percussion,0.787315,0.863369,EVENT_HYPOTHESIS,shared_audio_intelligence_v0_2;percussive_hpss;owner_supplied_audio
BE-003:perc:00975,267.215238,975.215238,455.571429,114,4.571429,0.319353,0.583803,0.096845,snare_or_mid_percussion,0.583803,0.671602,EVENT_HYPOTHESIS,shared_audio_intelligence_v0_2;percussive_hpss;owner_supplied_audio
BE-003:perc:00976,267.400998,975.400998,455.952381,114,4.952381,0.048922,0.779894,0.171184,snare_or_mid_percussion,0.779894,0.942654,EVENT_HYPOTHESIS,shared_audio_intelligence_v0_2;percussive_hpss;owner_supplied_audio
BE-003:perc:00977,267.679637,975.679637,456.440000,115,1.440000,0.008345,0.989558,0.002098,snare_or_mid_percussion,0.989558,0.723640,EVENT_HYPOTHESIS,shared_audio_intelligence_v0_2;percussive_hpss;owner_supplied_audio
BE-003:perc:00978,267.981497,975.981497,456.960000,115,1.960000,0.179962,0.781963,0.038075,snare_or_mid_percussion,0.781963,1.000000,EVENT_HYPOTHESIS,shared_audio_intelligence_v0_2;percussive_hpss;owner_supplied_audio
BE-003:perc:00979,268.399456,976.399456,457.680000,115,2.680000,0.109236,0.869339,0.021425,snare_or_mid_percussion,0.869339,1.000000,EVENT_HYPOTHESIS,shared_audio_intelligence_v0_2;percussive_hpss;owner_supplied_audio
BE-003:perc:00980,268.585215,976.585215,458.000000,115,3.000000,0.521666,0.416144,0.062190,kick_or_low_percussion,0.521666,0.548646,EVENT_HYPOTHESIS,shared_audio_intelligence_v0_2;percussive_hpss;owner_supplied_audio
BE-003:perc:00981,268.840635,976.840635,458.440000,115,3.440000,0.050470,0.919983,0.029547,snare_or_mid_percussion,0.919983,0.840444,EVENT_HYPOTHESIS,shared_audio_intelligence_v0_2;percussive_hpss;owner_supplied_audio
BE-003:perc:00982,269.165714,977.165714,459.000000,115,4.000000,0.106971,0.824457,0.068572,snare_or_mid_percussion,0.824457,1.000000,EVENT_HYPOTHESIS,shared_audio_intelligence_v0_2;percussive_hpss;owner_supplied_audio
BE-003:perc:00983,269.722993,977.722993,459.960000,115,4.960000,0.023819,0.916578,0.059603,snare_or_mid_percussion,0.916578,0.671226,EVENT_HYPOTHESIS,shared_audio_intelligence_v0_2;percussive_hpss;owner_supplied_audio
BE-003:perc:00984,270.326712,978.326712,461.000000,116,2.000000,0.134926,0.761506,0.103568,snare_or_mid_percussion,0.761506,0.932702,EVENT_HYPOTHESIS,shared_audio_intelligence_v0_2;percussive_hpss;owner_supplied_audio
BE-003:perc:00985,270.605351,978.605351,461.413793,116,2.413793,0.025609,0.972950,0.001441,snare_or_mid_percussion,0.972950,0.780857,EVENT_HYPOTHESIS,shared_audio_intelligence_v0_2;percussive_hpss;owner_supplied_audio
BE-003:perc:00986,270.698231,978.698231,461.551724,116,2.551724,0.210300,0.747914,0.041787,snare_or_mid_percussion,0.747914,1.000000,EVENT_HYPOTHESIS,shared_audio_intelligence_v0_2;percussive_hpss;owner_supplied_audio
BE-003:perc:00987,271.000091,979.000091,462.000000,116,3.000000,0.052757,0.941503,0.005740,snare_or_mid_percussion,0.941503,0.970442,EVENT_HYPOTHESIS,shared_audio_intelligence_v0_2;percussive_hpss;owner_supplied_audio
BE-003:perc:00988,272.648707,980.648707,464.807692,117,1.807692,0.105824,0.851923,0.042253,snare_or_mid_percussion,0.851923,0.988563,EVENT_HYPOTHESIS,shared_audio_intelligence_v0_2;percussive_hpss;owner_supplied_audio
BE-003:perc:00989,273.043447,981.043447,465.480000,117,2.480000,0.077572,0.877250,0.045178,snare_or_mid_percussion,0.877250,0.984076,EVENT_HYPOTHESIS,shared_audio_intelligence_v0_2;percussive_hpss;owner_supplied_audio
BE-003:perc:00990,273.345306,981.345306,466.000000,117,3.000000,0.590306,0.299029,0.110665,kick_or_low_percussion,0.590306,0.544147,EVENT_HYPOTHESIS,shared_audio_intelligence_v0_2;percussive_hpss;owner_supplied_audio
BE-003:perc:00991,273.507846,981.507846,466.280000,117,3.280000,0.026294,0.911461,0.062246,snare_or_mid_percussion,0.911461,1.000000,EVENT_HYPOTHESIS,shared_audio_intelligence_v0_2;percussive_hpss;owner_supplied_audio
BE-003:perc:00992,273.925805,981.925805,467.000000,117,4.000000,0.158172,0.831884,0.009944,snare_or_mid_percussion,0.831884,0.988418,EVENT_HYPOTHESIS,shared_audio_intelligence_v0_2;percussive_hpss;owner_supplied_audio
BE-003:perc:00993,274.204444,982.204444,467.500000,117,4.500000,0.017657,0.948927,0.033416,snare_or_mid_percussion,0.948927,0.789399,EVENT_HYPOTHESIS,shared_audio_intelligence_v0_2;percussive_hpss;owner_supplied_audio
BE-003:perc:00994,274.390204,982.390204,467.833333,117,4.833333,0.031334,0.958397,0.010269,snare_or_mid_percussion,0.958397,0.733689,EVENT_HYPOTHESIS,shared_audio_intelligence_v0_2;percussive_hpss;owner_supplied_audio
BE-003:perc:00995,274.668844,982.668844,468.347826,118,1.347826,0.327076,0.657885,0.015038,snare_or_mid_percussion,0.657885,0.817863,EVENT_HYPOTHESIS,shared_audio_intelligence_v0_2;percussive_hpss;owner_supplied_audio
BE-003:perc:00996,275.017143,983.017143,469.000000,118,2.000000,0.221937,0.730339,0.047723,snare_or_mid_percussion,0.730339,0.840530,EVENT_HYPOTHESIS,shared_audio_intelligence_v0_2;percussive_hpss;owner_supplied_audio
BE-003:perc:00997,275.574422,983.574422,470.000000,118,3.000000,0.043785,0.938789,0.017426,snare_or_mid_percussion,0.938789,1.000000,EVENT_HYPOTHESIS,shared_audio_intelligence_v0_2;percussive_hpss;owner_supplied_audio
BE-003:perc:00998,275.876281,983.876281,470.520000,118,3.520000,0.160870,0.836989,0.002141,snare_or_mid_percussion,0.836989,0.767300,EVENT_HYPOTHESIS,shared_audio_intelligence_v0_2;percussive_hpss;owner_supplied_audio
BE-003:perc:00999,276.131701,984.131701,470.960000,118,3.960000,0.118551,0.873120,0.008329,snare_or_mid_percussion,0.873120,0.647620,EVENT_HYPOTHESIS,shared_audio_intelligence_v0_2;percussive_hpss;owner_supplied_audio
BE-003:perc:01000,276.271020,984.271020,471.200000,118,4.200000,0.062555,0.934123,0.003321,snare_or_mid_percussion,0.934123,0.621892,EVENT_HYPOTHESIS,shared_audio_intelligence_v0_2;percussive_hpss;owner_supplied_audio
BE-003:perc:01001,276.735420,984.735420,472.000000,119,1.000000,0.169738,0.727826,0.102435,snare_or_mid_percussion,0.727826,1.000000,EVENT_HYPOTHESIS,shared_audio_intelligence_v0_2;percussive_hpss;owner_supplied_audio
BE-003:perc:01002,277.130159,985.130159,472.680000,119,1.680000,0.602542,0.380798,0.016660,kick_or_low_percussion,0.602542,0.634732,EVENT_HYPOTHESIS,shared_audio_intelligence_v0_2;percussive_hpss;owner_supplied_audio
BE-003:perc:01003,277.687438,985.687438,473.615385,119,2.615385,0.002638,0.975060,0.022302,snare_or_mid_percussion,0.975060,1.000000,EVENT_HYPOTHESIS,shared_audio_intelligence_v0_2;percussive_hpss;owner_supplied_audio
BE-003:perc:01004,277.919637,985.919637,474.000000,119,3.000000,0.288867,0.587466,0.123668,snare_or_mid_percussion,0.587466,0.884737,EVENT_HYPOTHESIS,shared_audio_intelligence_v0_2;percussive_hpss;owner_supplied_audio
BE-003:perc:01005,278.593016,986.593016,475.166667,119,4.166667,0.592634,0.362660,0.044705,kick_or_low_percussion,0.592634,1.000000,EVENT_HYPOTHESIS,shared_audio_intelligence_v0_2;percussive_hpss;owner_supplied_audio
BE-003:perc:01006,278.755556,986.755556,475.458333,119,4.458333,0.000222,0.969460,0.030318,snare_or_mid_percussion,0.969460,1.000000,EVENT_HYPOTHESIS,shared_audio_intelligence_v0_2;percussive_hpss;owner_supplied_audio
BE-003:perc:01007,279.057415,987.057415,476.000000,120,1.000000,0.333312,0.664283,0.002405,snare_or_mid_percussion,0.664283,0.835787,EVENT_HYPOTHESIS,shared_audio_intelligence_v0_2;percussive_hpss;owner_supplied_audio
BE-003:perc:01008,279.173515,987.173515,476.200000,120,1.200000,0.015451,0.973399,0.011150,snare_or_mid_percussion,0.973399,0.881996,EVENT_HYPOTHESIS,shared_audio_intelligence_v0_2;percussive_hpss;owner_supplied_audio
BE-003:perc:01009,279.452154,987.452154,476.680000,120,1.680000,0.583095,0.399765,0.017140,kick_or_low_percussion,0.583095,0.855990,EVENT_HYPOTHESIS,shared_audio_intelligence_v0_2;percussive_hpss;owner_supplied_audio
BE-003:perc:01010,279.614694,987.614694,476.960000,120,1.960000,0.000674,0.945053,0.054274,snare_or_mid_percussion,0.945053,1.000000,EVENT_HYPOTHESIS,shared_audio_intelligence_v0_2;percussive_hpss;owner_supplied_audio
BE-003:perc:01011,280.241633,988.241633,478.000000,120,3.000000,0.118895,0.845608,0.035496,snare_or_mid_percussion,0.845608,1.000000,EVENT_HYPOTHESIS,shared_audio_intelligence_v0_2;percussive_hpss;owner_supplied_audio
BE-003:perc:01012,280.497052,988.497052,478.440000,120,3.440000,0.012050,0.985645,0.002305,snare_or_mid_percussion,0.985645,0.879019,EVENT_HYPOTHESIS,shared_audio_intelligence_v0_2;percussive_hpss;owner_supplied_audio
BE-003:perc:01013,280.613152,988.613152,478.640000,120,3.640000,0.055796,0.935682,0.008522,snare_or_mid_percussion,0.935682,0.696845,EVENT_HYPOTHESIS,shared_audio_intelligence_v0_2;percussive_hpss;owner_supplied_audio
BE-003:perc:01014,280.891791,988.891791,479.120000,120,4.120000,0.418175,0.547884,0.033941,kick_or_low_percussion,0.418175,0.797134,EVENT_HYPOTHESIS,shared_audio_intelligence_v0_2;percussive_hpss;owner_supplied_audio
BE-003:perc:01015,281.216871,989.216871,479.680000,120,4.680000,0.455055,0.447864,0.097081,kick_or_low_percussion,0.455055,0.613627,EVENT_HYPOTHESIS,shared_audio_intelligence_v0_2;percussive_hpss;owner_supplied_audio
BE-003:perc:01016,281.379410,989.379410,479.960000,120,4.960000,0.263007,0.699112,0.037880,snare_or_mid_percussion,0.699112,0.817093,EVENT_HYPOTHESIS,shared_audio_intelligence_v0_2;percussive_hpss;owner_supplied_audio
BE-003:perc:01017,282.377868,990.377868,481.708333,121,2.708333,0.283540,0.699731,0.016729,snare_or_mid_percussion,0.699731,1.000000,EVENT_HYPOTHESIS,shared_audio_intelligence_v0_2;percussive_hpss;owner_supplied_audio
BE-003:perc:01018,282.842268,990.842268,482.520000,121,3.520000,0.003455,0.993954,0.002590,snare_or_mid_percussion,0.993954,0.932114,EVENT_HYPOTHESIS,shared_audio_intelligence_v0_2;percussive_hpss;owner_supplied_audio
BE-003:perc:01019,283.120907,991.120907,483.000000,121,4.000000,0.116194,0.883023,0.000783,snare_or_mid_percussion,0.883023,0.601156,EVENT_HYPOTHESIS,shared_audio_intelligence_v0_2;percussive_hpss;owner_supplied_audio
BE-003:perc:01020,284.026485,992.026485,484.560000,122,1.560000,0.708710,0.285589,0.005701,kick_or_low_percussion,0.708710,0.916956,EVENT_HYPOTHESIS,shared_audio_intelligence_v0_2;percussive_hpss;owner_supplied_audio
BE-003:perc:01021,284.281905,992.281905,485.000000,122,2.000000,0.105796,0.827820,0.066383,snare_or_mid_percussion,0.827820,0.912455,EVENT_HYPOTHESIS,shared_audio_intelligence_v0_2;percussive_hpss;owner_supplied_audio
BE-003:perc:01022,284.421224,992.421224,485.250000,122,2.250000,0.314243,0.684088,0.001668,snare_or_mid_percussion,0.684088,1.000000,EVENT_HYPOTHESIS,shared_audio_intelligence_v0_2;percussive_hpss;owner_supplied_audio
BE-003:perc:01023,284.839184,992.839184,486.000000,122,3.000000,0.668837,0.310780,0.020383,kick_or_low_percussion,0.668837,0.809844,EVENT_HYPOTHESIS,shared_audio_intelligence_v0_2;percussive_hpss;owner_supplied_audio
BE-003:perc:01024,284.955283,992.955283,486.200000,122,3.200000,0.600675,0.394385,0.004940,kick_or_low_percussion,0.600675,0.920702,EVENT_HYPOTHESIS,shared_audio_intelligence_v0_2;percussive_hpss;owner_supplied_audio
BE-003:perc:01025,285.396463,993.396463,486.960000,122,3.960000,0.487244,0.507676,0.005081,kick_or_low_percussion,0.487244,0.952814,EVENT_HYPOTHESIS,shared_audio_intelligence_v0_2;percussive_hpss;owner_supplied_audio
BE-003:perc:01026,286.139501,994.139501,488.240000,123,1.240000,0.537456,0.462206,0.000338,kick_or_low_percussion,0.537456,0.899338,EVENT_HYPOTHESIS,shared_audio_intelligence_v0_2;percussive_hpss;owner_supplied_audio
BE-003:perc:01027,286.580680,994.580680,489.000000,123,2.000000,0.297373,0.698977,0.003650,snare_or_mid_percussion,0.698977,0.814723,EVENT_HYPOTHESIS,shared_audio_intelligence_v0_2;percussive_hpss;owner_supplied_audio
BE-003:perc:01028,286.975420,994.975420,489.653846,123,2.653846,0.006146,0.989012,0.004842,snare_or_mid_percussion,0.989012,0.902176,EVENT_HYPOTHESIS,shared_audio_intelligence_v0_2;percussive_hpss;owner_supplied_audio
BE-003:perc:01029,287.277279,995.277279,490.166667,123,3.166667,0.296851,0.702492,0.000657,snare_or_mid_percussion,0.702492,0.763976,EVENT_HYPOTHESIS,shared_audio_intelligence_v0_2;percussive_hpss;owner_supplied_audio
BE-003:perc:01030,287.463039,995.463039,490.500000,123,3.500000,0.196648,0.802633,0.000719,snare_or_mid_percussion,0.802633,0.586131,EVENT_HYPOTHESIS,shared_audio_intelligence_v0_2;percussive_hpss;owner_supplied_audio
BE-003:perc:01031,287.741678,995.741678,491.000000,123,4.000000,0.049705,0.948639,0.001656,snare_or_mid_percussion,0.948639,1.000000,EVENT_HYPOTHESIS,shared_audio_intelligence_v0_2;percussive_hpss;owner_supplied_audio
BE-003:perc:01032,287.857778,995.857778,491.238095,123,4.238095,0.116407,0.879089,0.004504,snare_or_mid_percussion,0.879089,0.699897,EVENT_HYPOTHESIS,shared_audio_intelligence_v0_2;percussive_hpss;owner_supplied_audio
BE-003:perc:01033,288.020317,996.020317,491.571429,123,4.571429,0.060777,0.934323,0.004899,snare_or_mid_percussion,0.934323,0.675480,EVENT_HYPOTHESIS,shared_audio_intelligence_v0_2;percussive_hpss;owner_supplied_audio
BE-003:perc:01034,288.136417,996.136417,491.809524,123,4.809524,0.007105,0.984794,0.008100,snare_or_mid_percussion,0.984794,0.741880,EVENT_HYPOTHESIS,shared_audio_intelligence_v0_2;percussive_hpss;owner_supplied_audio
BE-003:perc:01035,288.438277,996.438277,492.409091,124,1.409091,0.382200,0.611916,0.005884,snare_or_mid_percussion,0.611916,0.568353,EVENT_HYPOTHESIS,shared_audio_intelligence_v0_2;percussive_hpss;owner_supplied_audio
BE-003:perc:01036,288.624036,996.624036,492.772727,124,1.772727,0.016338,0.983433,0.000230,snare_or_mid_percussion,0.983433,0.810446,EVENT_HYPOTHESIS,shared_audio_intelligence_v0_2;percussive_hpss;owner_supplied_audio
BE-003:perc:01037,288.740136,996.740136,493.000000,124,2.000000,0.043344,0.814648,0.142007,snare_or_mid_percussion,0.814648,1.000000,EVENT_HYPOTHESIS,shared_audio_intelligence_v0_2;percussive_hpss;owner_supplied_audio
BE-003:perc:01038,289.065215,997.065215,493.560000,124,2.560000,0.303857,0.601091,0.095052,snare_or_mid_percussion,0.601091,0.564964,EVENT_HYPOTHESIS,shared_audio_intelligence_v0_2;percussive_hpss;owner_supplied_audio
BE-003:perc:01039,289.181315,997.181315,493.760000,124,2.760000,0.100117,0.880912,0.018971,snare_or_mid_percussion,0.880912,0.972651,EVENT_HYPOTHESIS,shared_audio_intelligence_v0_2;percussive_hpss;owner_supplied_audio
BE-003:perc:01040,289.320635,997.320635,494.000000,124,3.000000,0.063114,0.923342,0.013545,snare_or_mid_percussion,0.923342,0.739057,EVENT_HYPOTHESIS,shared_audio_intelligence_v0_2;percussive_hpss;owner_supplied_audio
BE-003:perc:01041,289.483175,997.483175,494.280000,124,3.280000,0.069548,0.925351,0.005101,snare_or_mid_percussion,0.925351,0.939721,EVENT_HYPOTHESIS,shared_audio_intelligence_v0_2;percussive_hpss;owner_supplied_audio
BE-003:perc:01042,289.599274,997.599274,494.480000,124,3.480000,0.042586,0.824776,0.132638,snare_or_mid_percussion,0.824776,0.692877,EVENT_HYPOTHESIS,shared_audio_intelligence_v0_2;percussive_hpss;owner_supplied_audio
BE-003:perc:01043,289.901134,997.901134,495.000000,124,4.000000,0.184634,0.806408,0.008959,snare_or_mid_percussion,0.806408,0.649505,EVENT_HYPOTHESIS,shared_audio_intelligence_v0_2;percussive_hpss;owner_supplied_audio
BE-003:perc:01044,290.063673,998.063673,495.280000,124,4.280000,0.019740,0.967789,0.012471,snare_or_mid_percussion,0.967789,0.851528,EVENT_HYPOTHESIS,shared_audio_intelligence_v0_2;percussive_hpss;owner_supplied_audio
BE-003:perc:01045,290.179773,998.179773,495.480000,124,4.480000,0.106617,0.768355,0.125028,snare_or_mid_percussion,0.768355,0.832116,EVENT_HYPOTHESIS,shared_audio_intelligence_v0_2;percussive_hpss;owner_supplied_audio
BE-003:perc:01046,290.365533,998.365533,495.800000,124,4.800000,0.051535,0.946415,0.002050,snare_or_mid_percussion,0.946415,0.634952,EVENT_HYPOTHESIS,shared_audio_intelligence_v0_2;percussive_hpss;owner_supplied_audio
BE-003:perc:01047,290.481633,998.481633,496.000000,125,1.000000,0.341016,0.653056,0.005928,snare_or_mid_percussion,0.653056,0.619009,EVENT_HYPOTHESIS,shared_audio_intelligence_v0_2;percussive_hpss;owner_supplied_audio
BE-003:perc:01048,290.644172,998.644172,496.269231,125,1.269231,0.720442,0.271972,0.007585,kick_or_low_percussion,0.720442,0.756203,EVENT_HYPOTHESIS,shared_audio_intelligence_v0_2;percussive_hpss;owner_supplied_audio
BE-003:perc:01049,290.783492,998.783492,496.500000,125,1.500000,0.121711,0.411792,0.466497,unresolved_percussive_event,0.466497,0.614997,EVENT_HYPOTHESIS,shared_audio_intelligence_v0_2;percussive_hpss;owner_supplied_audio
BE-003:perc:01050,290.946032,998.946032,496.769231,125,1.769231,0.332058,0.549419,0.118523,snare_or_mid_percussion,0.549419,1.000000,EVENT_HYPOTHESIS,shared_audio_intelligence_v0_2;percussive_hpss;owner_supplied_audio
BE-003:perc:01051,291.062132,999.062132,496.961538,125,1.961538,0.409694,0.428336,0.161970,kick_or_low_percussion,0.409694,0.908416,EVENT_HYPOTHESIS,shared_audio_intelligence_v0_2;percussive_hpss;owner_supplied_audio
BE-003:perc:01052,291.619410,999.619410,498.000000,125,3.000000,0.361927,0.623903,0.014170,snare_or_mid_percussion,0.623903,1.000000,EVENT_HYPOTHESIS,shared_audio_intelligence_v0_2;percussive_hpss;owner_supplied_audio
BE-003:perc:01053,292.107029,1000.107029,498.954545,125,3.954545,0.154806,0.843910,0.001283,snare_or_mid_percussion,0.843910,1.000000,EVENT_HYPOTHESIS,shared_audio_intelligence_v0_2;percussive_hpss;owner_supplied_audio
BE-003:perc:01054,292.501769,1000.501769,499.640000,125,4.640000,0.042540,0.955390,0.002070,snare_or_mid_percussion,0.955390,1.000000,EVENT_HYPOTHESIS,shared_audio_intelligence_v0_2;percussive_hpss;owner_supplied_audio
BE-003:perc:01055,292.710748,1000.710748,500.000000,126,1.000000,0.280425,0.719024,0.000552,snare_or_mid_percussion,0.719024,0.556864,EVENT_HYPOTHESIS,shared_audio_intelligence_v0_2;percussive_hpss;owner_supplied_audio
BE-003:perc:01056,293.500227,1001.500227,501.375000,126,2.375000,0.651924,0.342998,0.005078,kick_or_low_percussion,0.651924,1.000000,EVENT_HYPOTHESIS,shared_audio_intelligence_v0_2;percussive_hpss;owner_supplied_audio
BE-003:perc:01057,293.616327,1001.616327,501.583333,126,2.583333,0.619609,0.376176,0.004216,kick_or_low_percussion,0.619609,1.000000,EVENT_HYPOTHESIS,shared_audio_intelligence_v0_2;percussive_hpss;owner_supplied_audio
BE-003:perc:01058,294.103946,1002.103946,502.458333,126,3.458333,0.421732,0.575545,0.002723,kick_or_low_percussion,0.421732,1.000000,EVENT_HYPOTHESIS,shared_audio_intelligence_v0_2;percussive_hpss;owner_supplied_audio
BE-003:perc:01059,294.591565,1002.591565,503.320000,126,4.320000,0.102233,0.889648,0.008119,snare_or_mid_percussion,0.889648,0.681377,EVENT_HYPOTHESIS,shared_audio_intelligence_v0_2;percussive_hpss;owner_supplied_audio
BE-003:perc:01060,294.986304,1002.986304,504.000000,127,1.000000,0.750410,0.248802,0.000788,kick_or_low_percussion,0.750410,0.670647,EVENT_HYPOTHESIS,shared_audio_intelligence_v0_2;percussive_hpss;owner_supplied_audio
BE-003:perc:01061,295.172063,1003.172063,504.363636,127,1.363636,0.651412,0.347731,0.000857,kick_or_low_percussion,0.651412,0.590508,EVENT_HYPOTHESIS,shared_audio_intelligence_v0_2;percussive_hpss;owner_supplied_audio
BE-003:perc:01062,295.473923,1003.473923,504.954545,127,1.954545,0.045754,0.954190,0.000056,snare_or_mid_percussion,0.954190,1.000000,EVENT_HYPOTHESIS,shared_audio_intelligence_v0_2;percussive_hpss;owner_supplied_audio
BE-003:perc:01063,295.868662,1003.868662,505.640000,127,2.640000,0.048279,0.950273,0.001448,snare_or_mid_percussion,0.950273,0.856386,EVENT_HYPOTHESIS,shared_audio_intelligence_v0_2;percussive_hpss;owner_supplied_audio
BE-003:perc:01064,296.333061,1004.333061,506.458333,127,3.458333,0.220698,0.779252,0.000050,snare_or_mid_percussion,0.779252,0.633438,EVENT_HYPOTHESIS,shared_audio_intelligence_v0_2;percussive_hpss;owner_supplied_audio
BE-003:perc:01065,296.611701,1004.611701,506.958333,127,3.958333,0.015545,0.984233,0.000222,snare_or_mid_percussion,0.984233,0.959499,EVENT_HYPOTHESIS,shared_audio_intelligence_v0_2;percussive_hpss;owner_supplied_audio
BE-003:perc:01066,297.331519,1005.331519,508.217391,128,1.217391,0.598651,0.396905,0.004444,kick_or_low_percussion,0.598651,0.813584,EVENT_HYPOTHESIS,shared_audio_intelligence_v0_2;percussive_hpss;owner_supplied_audio
BE-003:perc:01067,297.749478,1005.749478,509.000000,128,2.000000,0.385224,0.596549,0.018227,snare_or_mid_percussion,0.596549,1.000000,EVENT_HYPOTHESIS,shared_audio_intelligence_v0_2;percussive_hpss;owner_supplied_audio
BE-003:perc:01068,297.888798,1005.888798,509.230769,128,2.230769,0.394448,0.602673,0.002880,snare_or_mid_percussion,0.602673,0.620958,EVENT_HYPOTHESIS,shared_audio_intelligence_v0_2;percussive_hpss;owner_supplied_audio
BE-003:perc:01069,298.167438,1006.167438,509.692308,128,2.692308,0.666720,0.331919,0.001361,kick_or_low_percussion,0.666720,0.918042,EVENT_HYPOTHESIS,shared_audio_intelligence_v0_2;percussive_hpss;owner_supplied_audio
BE-003:perc:01070,298.329977,1006.329977,509.961538,128,2.961538,0.318510,0.669899,0.011590,snare_or_mid_percussion,0.669899,1.000000,EVENT_HYPOTHESIS,shared_audio_intelligence_v0_2;percussive_hpss;owner_supplied_audio
BE-003:perc:01071,298.724717,1006.724717,510.551724,128,3.551724,0.195361,0.803075,0.001565,snare_or_mid_percussion,0.803075,0.646861,EVENT_HYPOTHESIS,shared_audio_intelligence_v0_2;percussive_hpss;owner_supplied_audio
BE-003:perc:01072,299.189116,1007.189116,511.225806,128,4.225806,0.738372,0.261324,0.000304,kick_or_low_percussion,0.738372,0.666805,EVENT_HYPOTHESIS,shared_audio_intelligence_v0_2;percussive_hpss;owner_supplied_audio
BE-003:perc:01073,299.746395,1007.746395,512.000000,129,1.000000,0.127113,0.872088,0.000799,snare_or_mid_percussion,0.872088,0.715186,EVENT_HYPOTHESIS,shared_audio_intelligence_v0_2;percussive_hpss;owner_supplied_audio
BE-003:perc:01074,300.187574,1008.187574,512.730769,129,1.730769,0.289834,0.705969,0.004197,snare_or_mid_percussion,0.705969,0.536261,EVENT_HYPOTHESIS,shared_audio_intelligence_v0_2;percussive_hpss;owner_supplied_audio
BE-003:perc:01075,300.326893,1008.326893,512.961538,129,1.961538,0.300786,0.653423,0.045791,snare_or_mid_percussion,0.653423,0.782829,EVENT_HYPOTHESIS,shared_audio_intelligence_v0_2;percussive_hpss;owner_supplied_audio
BE-003:perc:01076,300.466213,1008.466213,513.200000,129,2.200000,0.158378,0.838395,0.003227,snare_or_mid_percussion,0.838395,0.581405,EVENT_HYPOTHESIS,shared_audio_intelligence_v0_2;percussive_hpss;owner_supplied_audio
BE-003:perc:01077,300.628753,1008.628753,513.480000,129,2.480000,0.097025,0.895594,0.007381,snare_or_mid_percussion,0.895594,0.581349,EVENT_HYPOTHESIS,shared_audio_intelligence_v0_2;percussive_hpss;owner_supplied_audio
BE-003:perc:01078,300.768073,1008.768073,513.720000,129,2.720000,0.308462,0.686877,0.004661,snare_or_mid_percussion,0.686877,1.000000,EVENT_HYPOTHESIS,shared_audio_intelligence_v0_2;percussive_hpss;owner_supplied_audio
BE-003:perc:01079,300.930612,1008.930612,514.000000,129,3.000000,0.298720,0.692502,0.008778,snare_or_mid_percussion,0.692502,0.688363,EVENT_HYPOTHESIS,shared_audio_intelligence_v0_2;percussive_hpss;owner_supplied_audio
BE-003:perc:01080,301.232472,1009.232472,514.520000,129,3.520000,0.521363,0.477358,0.001279,kick_or_low_percussion,0.521363,1.000000,EVENT_HYPOTHESIS,shared_audio_intelligence_v0_2;percussive_hpss;owner_supplied_audio
BE-003:perc:01081,301.487891,1009.487891,514.960000,129,3.960000,0.260799,0.735890,0.003311,snare_or_mid_percussion,0.735890,0.737290,EVENT_HYPOTHESIS,shared_audio_intelligence_v0_2;percussive_hpss;owner_supplied_audio
BE-003:perc:01082,301.789751,1009.789751,515.461538,129,4.461538,0.376987,0.618786,0.004227,snare_or_mid_percussion,0.618786,0.711528,EVENT_HYPOTHESIS,shared_audio_intelligence_v0_2;percussive_hpss;owner_supplied_audio
BE-003:perc:01083,301.905850,1009.905850,515.653846,129,4.653846,0.145247,0.850196,0.004557,snare_or_mid_percussion,0.850196,0.765415,EVENT_HYPOTHESIS,shared_audio_intelligence_v0_2;percussive_hpss;owner_supplied_audio
BE-003:perc:01084,302.114830,1010.114830,516.000000,130,1.000000,0.262375,0.734493,0.003132,snare_or_mid_percussion,0.734493,0.957269,EVENT_HYPOTHESIS,shared_audio_intelligence_v0_2;percussive_hpss;owner_supplied_audio
BE-003:perc:01085,302.718549,1010.718549,517.000000,130,2.000000,0.310454,0.561515,0.128032,snare_or_mid_percussion,0.561515,1.000000,EVENT_HYPOTHESIS,shared_audio_intelligence_v0_2;percussive_hpss;owner_supplied_audio
BE-003:perc:01086,302.927528,1010.927528,517.360000,130,2.360000,0.628883,0.370467,0.000650,kick_or_low_percussion,0.628883,0.960358,EVENT_HYPOTHESIS,shared_audio_intelligence_v0_2;percussive_hpss;owner_supplied_audio
BE-003:perc:01087,303.740227,1011.740227,518.730769,130,3.730769,0.313283,0.682898,0.003818,snare_or_mid_percussion,0.682898,1.000000,EVENT_HYPOTHESIS,shared_audio_intelligence_v0_2;percussive_hpss;owner_supplied_audio
BE-003:perc:01088,304.692245,1012.692245,520.307692,131,1.307692,0.290770,0.691144,0.018085,snare_or_mid_percussion,0.691144,0.553021,EVENT_HYPOTHESIS,shared_audio_intelligence_v0_2;percussive_hpss;owner_supplied_audio
BE-003:perc:01089,305.690703,1013.690703,522.000000,131,3.000000,0.722337,0.275268,0.002395,kick_or_low_percussion,0.722337,1.000000,EVENT_HYPOTHESIS,shared_audio_intelligence_v0_2;percussive_hpss;owner_supplied_audio
BE-003:perc:01090,305.783583,1013.783583,522.166667,131,3.166667,0.498428,0.496083,0.005489,kick_or_low_percussion,0.498428,0.898833,EVENT_HYPOTHESIS,shared_audio_intelligence_v0_2;percussive_hpss;owner_supplied_audio
BE-003:perc:01091,306.062222,1014.062222,522.666667,131,3.666667,0.488061,0.509990,0.001949,kick_or_low_percussion,0.488061,0.594454,EVENT_HYPOTHESIS,shared_audio_intelligence_v0_2;percussive_hpss;owner_supplied_audio
BE-003:perc:01092,306.247982,1014.247982,523.000000,131,4.000000,0.593490,0.376224,0.030287,kick_or_low_percussion,0.593490,1.000000,EVENT_HYPOTHESIS,shared_audio_intelligence_v0_2;percussive_hpss;owner_supplied_audio
BE-003:perc:01093,306.805261,1014.805261,524.000000,132,1.000000,0.126916,0.869272,0.003812,snare_or_mid_percussion,0.869272,0.779663,EVENT_HYPOTHESIS,shared_audio_intelligence_v0_2;percussive_hpss;owner_supplied_audio
BE-003:perc:01094,307.200000,1015.200000,524.653846,132,1.653846,0.112568,0.760193,0.127238,snare_or_mid_percussion,0.760193,1.000000,EVENT_HYPOTHESIS,shared_audio_intelligence_v0_2;percussive_hpss;owner_supplied_audio
BE-003:perc:01095,307.408980,1015.408980,525.000000,132,2.000000,0.754989,0.243363,0.001648,kick_or_low_percussion,0.754989,0.594379,EVENT_HYPOTHESIS,shared_audio_intelligence_v0_2;percussive_hpss;owner_supplied_audio
BE-003:perc:01096,307.687619,1015.687619,525.521739,132,2.521739,0.451123,0.542699,0.006178,kick_or_low_percussion,0.451123,0.761513,EVENT_HYPOTHESIS,shared_audio_intelligence_v0_2;percussive_hpss;owner_supplied_audio
BE-003:perc:01097,307.943039,1015.943039,526.000000,132,3.000000,0.048965,0.949523,0.001512,snare_or_mid_percussion,0.949523,0.930411,EVENT_HYPOTHESIS,shared_audio_intelligence_v0_2;percussive_hpss;owner_supplied_audio
BE-003:perc:01098,308.244898,1016.244898,526.481481,132,3.481481,0.200824,0.791577,0.007599,snare_or_mid_percussion,0.791577,0.936510,EVENT_HYPOTHESIS,shared_audio_intelligence_v0_2;percussive_hpss;owner_supplied_audio
BE-003:perc:01099,308.291338,1016.291338,526.555556,132,3.555556,0.174774,0.823257,0.001968,snare_or_mid_percussion,0.823257,0.935785,EVENT_HYPOTHESIS,shared_audio_intelligence_v0_2;percussive_hpss;owner_supplied_audio
BE-003:perc:01100,308.569977,1016.569977,527.000000,132,4.000000,0.341372,0.657361,0.001266,snare_or_mid_percussion,0.657361,1.000000,EVENT_HYPOTHESIS,shared_audio_intelligence_v0_2;percussive_hpss;owner_supplied_audio
BE-003:perc:01101,308.964717,1016.964717,527.566667,132,4.566667,0.076676,0.862338,0.060987,snare_or_mid_percussion,0.862338,1.000000,EVENT_HYPOTHESIS,shared_audio_intelligence_v0_2;percussive_hpss;owner_supplied_audio
BE-003:perc:01102,309.266576,1017.266576,528.000000,133,1.000000,0.022068,0.291961,0.685971,cymbal_or_hi_hat,0.685971,1.000000,EVENT_HYPOTHESIS,shared_audio_intelligence_v0_2;percussive_hpss;owner_supplied_audio
BE-003:perc:01103,309.591655,1017.591655,528.608696,133,1.608696,0.113752,0.885767,0.000481,snare_or_mid_percussion,0.885767,0.940582,EVENT_HYPOTHESIS,shared_audio_intelligence_v0_2;percussive_hpss;owner_supplied_audio
BE-003:perc:01104,309.777415,1017.777415,528.956522,133,1.956522,0.024906,0.324098,0.650996,cymbal_or_hi_hat,0.650996,1.000000,EVENT_HYPOTHESIS,shared_audio_intelligence_v0_2;percussive_hpss;owner_supplied_audio
BE-003:perc:01105,310.172154,1018.172154,529.640000,133,2.640000,0.518060,0.272804,0.209137,kick_or_low_percussion,0.518060,0.822893,EVENT_HYPOTHESIS,shared_audio_intelligence_v0_2;percussive_hpss;owner_supplied_audio
BE-003:perc:01106,310.357914,1018.357914,529.960000,133,2.960000,0.034085,0.904119,0.061796,snare_or_mid_percussion,0.904119,0.952063,EVENT_HYPOTHESIS,shared_audio_intelligence_v0_2;percussive_hpss;owner_supplied_audio
BE-003:perc:01107,310.775873,1018.775873,530.629630,133,3.629630,0.017727,0.912107,0.070165,snare_or_mid_percussion,0.912107,1.000000,EVENT_HYPOTHESIS,shared_audio_intelligence_v0_2;percussive_hpss;owner_supplied_audio
BE-003:perc:01108,311.147392,1019.147392,531.206897,133,4.206897,0.006205,0.859710,0.134085,snare_or_mid_percussion,0.859710,0.912169,EVENT_HYPOTHESIS,shared_audio_intelligence_v0_2;percussive_hpss;owner_supplied_audio
BE-003:perc:01109,311.333152,1019.333152,531.482759,133,4.482759,0.022945,0.801932,0.175122,snare_or_mid_percussion,0.801932,1.000000,EVENT_HYPOTHESIS,shared_audio_intelligence_v0_2;percussive_hpss;owner_supplied_audio
BE-003:perc:01110,311.542132,1019.542132,531.793103,133,4.793103,0.018192,0.951179,0.030629,snare_or_mid_percussion,0.951179,1.000000,EVENT_HYPOTHESIS,shared_audio_intelligence_v0_2;percussive_hpss;owner_supplied_audio
BE-003:perc:01111,311.681451,1019.681451,532.000000,134,1.000000,0.017798,0.891923,0.090279,snare_or_mid_percussion,0.891923,0.989926,EVENT_HYPOTHESIS,shared_audio_intelligence_v0_2;percussive_hpss;owner_supplied_audio
BE-003:perc:01112,311.843991,1019.843991,532.259259,134,1.259259,0.005735,0.994062,0.000203,snare_or_mid_percussion,0.994062,0.862956,EVENT_HYPOTHESIS,shared_audio_intelligence_v0_2;percussive_hpss;owner_supplied_audio
BE-003:perc:01113,312.285170,1020.285170,532.962963,134,1.962963,0.006957,0.966073,0.026970,snare_or_mid_percussion,0.966073,1.000000,EVENT_HYPOTHESIS,shared_audio_intelligence_v0_2;percussive_hpss;owner_supplied_audio
BE-003:perc:01114,312.772789,1020.772789,533.769231,134,2.769231,0.417426,0.574145,0.008429,kick_or_low_percussion,0.417426,0.877728,EVENT_HYPOTHESIS,shared_audio_intelligence_v0_2;percussive_hpss;owner_supplied_audio
BE-003:perc:01115,312.912109,1020.912109,534.000000,134,3.000000,0.394880,0.462645,0.142475,unresolved_percussive_event,0.462645,0.617157,EVENT_HYPOTHESIS,shared_audio_intelligence_v0_2;percussive_hpss;owner_supplied_audio
BE-003:perc:01116,313.121088,1021.121088,534.360000,134,3.360000,0.005857,0.988413,0.005731,snare_or_mid_percussion,0.988413,0.856545,EVENT_HYPOTHESIS,shared_audio_intelligence_v0_2;percussive_hpss;owner_supplied_audio
BE-003:perc:01117,313.492608,1021.492608,535.000000,134,4.000000,0.406699,0.513445,0.079856,kick_or_low_percussion,0.406699,1.000000,EVENT_HYPOTHESIS,shared_audio_intelligence_v0_2;percussive_hpss;owner_supplied_audio
BE-003:perc:01118,313.957007,1021.957007,535.769231,134,4.769231,0.087603,0.911881,0.000515,snare_or_mid_percussion,0.911881,0.913680,EVENT_HYPOTHESIS,shared_audio_intelligence_v0_2;percussive_hpss;owner_supplied_audio
BE-003:perc:01119,314.398186,1022.398186,536.500000,135,1.500000,0.006841,0.954914,0.038245,snare_or_mid_percussion,0.954914,1.000000,EVENT_HYPOTHESIS,shared_audio_intelligence_v0_2;percussive_hpss;owner_supplied_audio
BE-003:perc:01120,314.607166,1022.607166,536.846154,135,1.846154,0.002925,0.991726,0.005349,snare_or_mid_percussion,0.991726,1.000000,EVENT_HYPOTHESIS,shared_audio_intelligence_v0_2;percussive_hpss;owner_supplied_audio
BE-003:perc:01121,315.025125,1023.025125,537.538462,135,2.538462,0.011166,0.874324,0.114510,snare_or_mid_percussion,0.874324,0.729566,EVENT_HYPOTHESIS,shared_audio_intelligence_v0_2;percussive_hpss;owner_supplied_audio
BE-003:perc:01122,315.187664,1023.187664,537.807692,135,2.807692,0.042308,0.956957,0.000735,snare_or_mid_percussion,0.956957,1.000000,EVENT_HYPOTHESIS,shared_audio_intelligence_v0_2;percussive_hpss;owner_supplied_audio
BE-003:perc:01123,315.303764,1023.303764,538.000000,135,3.000000,0.006307,0.978154,0.015538,snare_or_mid_percussion,0.978154,0.904367,EVENT_HYPOTHESIS,shared_audio_intelligence_v0_2;percussive_hpss;owner_supplied_audio
BE-003:perc:01124,315.512744,1023.512744,538.375000,135,3.375000,0.049042,0.943104,0.007853,snare_or_mid_percussion,0.943104,1.000000,EVENT_HYPOTHESIS,shared_audio_intelligence_v0_2;percussive_hpss;owner_supplied_audio
BE-003:perc:01125,315.861043,1023.861043,539.000000,135,4.000000,0.529500,0.266049,0.204451,kick_or_low_percussion,0.529500,1.000000,EVENT_HYPOTHESIS,shared_audio_intelligence_v0_2;percussive_hpss;owner_supplied_audio
BE-003:perc:01126,316.070023,1024.070023,539.409091,135,4.409091,0.037096,0.959249,0.003655,snare_or_mid_percussion,0.959249,0.728453,EVENT_HYPOTHESIS,shared_audio_intelligence_v0_2;percussive_hpss;owner_supplied_audio
BE-003:perc:01127,316.348662,1024.348662,539.954545,135,4.954545,0.358873,0.632449,0.008679,snare_or_mid_percussion,0.632449,1.000000,EVENT_HYPOTHESIS,shared_audio_intelligence_v0_2;percussive_hpss;owner_supplied_audio
BE-003:perc:01128,316.650522,1024.650522,540.500000,136,1.500000,0.001409,0.981497,0.017094,snare_or_mid_percussion,0.981497,0.940177,EVENT_HYPOTHESIS,shared_audio_intelligence_v0_2;percussive_hpss;owner_supplied_audio
BE-003:perc:01129,316.789841,1024.789841,540.750000,136,1.750000,0.200204,0.780512,0.019284,snare_or_mid_percussion,0.780512,0.637604,EVENT_HYPOTHESIS,shared_audio_intelligence_v0_2;percussive_hpss;owner_supplied_audio
BE-003:perc:01130,317.231020,1025.231020,541.500000,136,2.500000,0.045716,0.814053,0.140231,snare_or_mid_percussion,0.814053,0.784956,EVENT_HYPOTHESIS,shared_audio_intelligence_v0_2;percussive_hpss;owner_supplied_audio
BE-003:perc:01131,317.648980,1025.648980,542.192308,136,3.192308,0.011978,0.958501,0.029521,snare_or_mid_percussion,0.958501,0.989797,EVENT_HYPOTHESIS,shared_audio_intelligence_v0_2;percussive_hpss;owner_supplied_audio
BE-003:perc:01132,317.857959,1025.857959,542.538462,136,3.538462,0.076698,0.902574,0.020728,snare_or_mid_percussion,0.902574,0.841009,EVENT_HYPOTHESIS,shared_audio_intelligence_v0_2;percussive_hpss;owner_supplied_audio
BE-003:perc:01133,317.950839,1025.950839,542.692308,136,3.692308,0.325970,0.663875,0.010155,snare_or_mid_percussion,0.663875,0.670356,EVENT_HYPOTHESIS,shared_audio_intelligence_v0_2;percussive_hpss;owner_supplied_audio
BE-003:perc:01134,318.136599,1026.136599,543.000000,136,4.000000,0.033339,0.960537,0.006125,snare_or_mid_percussion,0.960537,1.000000,EVENT_HYPOTHESIS,shared_audio_intelligence_v0_2;percussive_hpss;owner_supplied_audio
BE-003:perc:01135,318.438458,1026.438458,543.520000,136,4.520000,0.035245,0.247072,0.717683,cymbal_or_hi_hat,0.717683,1.000000,EVENT_HYPOTHESIS,shared_audio_intelligence_v0_2;percussive_hpss;owner_supplied_audio
BE-003:perc:01136,318.693878,1026.693878,543.960000,136,4.960000,0.362840,0.628351,0.008809,snare_or_mid_percussion,0.628351,0.663843,EVENT_HYPOTHESIS,shared_audio_intelligence_v0_2;percussive_hpss;owner_supplied_audio
BE-003:perc:01137,318.833197,1026.833197,544.192308,137,1.192308,0.125794,0.776726,0.097480,snare_or_mid_percussion,0.776726,0.535519,EVENT_HYPOTHESIS,shared_audio_intelligence_v0_2;percussive_hpss;owner_supplied_audio
BE-003:perc:01138,319.018957,1027.018957,544.500000,137,1.500000,0.002713,0.995481,0.001807,snare_or_mid_percussion,0.995481,1.000000,EVENT_HYPOTHESIS,shared_audio_intelligence_v0_2;percussive_hpss;owner_supplied_audio
BE-003:perc:01139,319.297596,1027.297596,544.961538,137,1.961538,0.002540,0.945736,0.051724,snare_or_mid_percussion,0.945736,1.000000,EVENT_HYPOTHESIS,shared_audio_intelligence_v0_2;percussive_hpss;owner_supplied_audio
BE-003:perc:01140,319.576236,1027.576236,545.440000,137,2.440000,0.001562,0.994186,0.004252,snare_or_mid_percussion,0.994186,1.000000,EVENT_HYPOTHESIS,shared_audio_intelligence_v0_2;percussive_hpss;owner_supplied_audio
BE-003:perc:01141,319.878095,1027.878095,545.960000,137,2.960000,0.051616,0.903954,0.044430,snare_or_mid_percussion,0.903954,1.000000,EVENT_HYPOTHESIS,shared_audio_intelligence_v0_2;percussive_hpss;owner_supplied_audio
BE-003:perc:01142,320.017415,1028.017415,546.200000,137,3.200000,0.025639,0.920189,0.054173,snare_or_mid_percussion,0.920189,1.000000,EVENT_HYPOTHESIS,shared_audio_intelligence_v0_2;percussive_hpss;owner_supplied_audio
BE-003:perc:01143,320.179955,1028.179955,546.480000,137,3.480000,0.000820,0.989007,0.010173,snare_or_mid_percussion,0.989007,1.000000,EVENT_HYPOTHESIS,shared_audio_intelligence_v0_2;percussive_hpss;owner_supplied_audio
BE-003:perc:01144,320.296054,1028.296054,546.680000,137,3.680000,0.019708,0.904892,0.075399,snare_or_mid_percussion,0.904892,1.000000,EVENT_HYPOTHESIS,shared_audio_intelligence_v0_2;percussive_hpss;owner_supplied_audio
BE-003:perc:01145,320.458594,1028.458594,546.960000,137,3.960000,0.002919,0.989269,0.007813,snare_or_mid_percussion,0.989269,0.849230,EVENT_HYPOTHESIS,shared_audio_intelligence_v0_2;percussive_hpss;owner_supplied_audio
BE-003:perc:01146,320.621134,1028.621134,547.240000,137,4.240000,0.017581,0.941502,0.040917,snare_or_mid_percussion,0.941502,0.682502,EVENT_HYPOTHESIS,shared_audio_intelligence_v0_2;percussive_hpss;owner_supplied_audio
BE-003:perc:01147,320.783673,1028.783673,547.520000,137,4.520000,0.002501,0.845187,0.152311,snare_or_mid_percussion,0.845187,1.000000,EVENT_HYPOTHESIS,shared_audio_intelligence_v0_2;percussive_hpss;owner_supplied_audio
BE-003:perc:01148,321.039093,1029.039093,547.960000,137,4.960000,0.046778,0.952163,0.001059,snare_or_mid_percussion,0.952163,0.911318,EVENT_HYPOTHESIS,shared_audio_intelligence_v0_2;percussive_hpss;owner_supplied_audio
BE-003:perc:01149,321.201633,1029.201633,548.230769,138,1.230769,0.008840,0.915406,0.075753,snare_or_mid_percussion,0.915406,0.941556,EVENT_HYPOTHESIS,shared_audio_intelligence_v0_2;percussive_hpss;owner_supplied_audio
BE-003:perc:01150,321.480272,1029.480272,548.692308,138,1.692308,0.487847,0.457986,0.054167,kick_or_low_percussion,0.487847,0.791682,EVENT_HYPOTHESIS,shared_audio_intelligence_v0_2;percussive_hpss;owner_supplied_audio
BE-003:perc:01151,321.782132,1029.782132,549.192308,138,2.192308,0.274487,0.717883,0.007629,snare_or_mid_percussion,0.717883,0.982818,EVENT_HYPOTHESIS,shared_audio_intelligence_v0_2;percussive_hpss;owner_supplied_audio
BE-003:perc:01152,321.944671,1029.944671,549.461538,138,2.461538,0.011375,0.918280,0.070345,snare_or_mid_percussion,0.918280,1.000000,EVENT_HYPOTHESIS,shared_audio_intelligence_v0_2;percussive_hpss;owner_supplied_audio
BE-003:perc:01153,322.083991,1030.083991,549.692308,138,2.692308,0.007803,0.970267,0.021931,snare_or_mid_percussion,0.970267,0.673707,EVENT_HYPOTHESIS,shared_audio_intelligence_v0_2;percussive_hpss;owner_supplied_audio
BE-003:perc:01154,322.246531,1030.246531,549.961538,138,2.961538,0.193975,0.804993,0.001032,snare_or_mid_percussion,0.804993,0.818907,EVENT_HYPOTHESIS,shared_audio_intelligence_v0_2;percussive_hpss;owner_supplied_audio
BE-003:perc:01155,322.687710,1030.687710,550.642857,138,3.642857,0.627588,0.362159,0.010253,kick_or_low_percussion,0.627588,0.623163,EVENT_HYPOTHESIS,shared_audio_intelligence_v0_2;percussive_hpss;owner_supplied_audio
BE-003:perc:01156,322.943129,1030.943129,551.043478,138,4.043478,0.532558,0.323199,0.144243,kick_or_low_percussion,0.532558,0.776884,EVENT_HYPOTHESIS,shared_audio_intelligence_v0_2;percussive_hpss;owner_supplied_audio
BE-003:perc:01157,323.175329,1031.175329,551.478261,138,4.478261,0.062325,0.841398,0.096277,snare_or_mid_percussion,0.841398,0.740368,EVENT_HYPOTHESIS,shared_audio_intelligence_v0_2;percussive_hpss;owner_supplied_audio
BE-003:perc:01158,323.430748,1031.430748,551.956522,138,4.956522,0.152777,0.814627,0.032596,snare_or_mid_percussion,0.814627,1.000000,EVENT_HYPOTHESIS,shared_audio_intelligence_v0_2;percussive_hpss;owner_supplied_audio
BE-003:perc:01159,323.732608,1031.732608,552.461538,139,1.461538,0.000590,0.951863,0.047547,snare_or_mid_percussion,0.951863,1.000000,EVENT_HYPOTHESIS,shared_audio_intelligence_v0_2;percussive_hpss;owner_supplied_audio
BE-003:perc:01160,323.941587,1031.941587,552.807692,139,1.807692,0.049904,0.943343,0.006753,snare_or_mid_percussion,0.943343,0.687189,EVENT_HYPOTHESIS,shared_audio_intelligence_v0_2;percussive_hpss;owner_supplied_audio
BE-003:perc:01161,324.127347,1032.127347,553.125000,139,2.125000,0.102576,0.885196,0.012228,snare_or_mid_percussion,0.885196,0.789579,EVENT_HYPOTHESIS,shared_audio_intelligence_v0_2;percussive_hpss;owner_supplied_audio
BE-003:perc:01162,324.313107,1032.313107,553.458333,139,2.458333,0.058892,0.916291,0.024817,snare_or_mid_percussion,0.916291,0.688733,EVENT_HYPOTHESIS,shared_audio_intelligence_v0_2;percussive_hpss;owner_supplied_audio
BE-003:perc:01163,324.591746,1032.591746,553.958333,139,2.958333,0.032957,0.917106,0.049936,snare_or_mid_percussion,0.917106,1.000000,EVENT_HYPOTHESIS,shared_audio_intelligence_v0_2;percussive_hpss;owner_supplied_audio
BE-003:perc:01164,324.940045,1032.940045,554.538462,139,3.538462,0.026509,0.968253,0.005238,snare_or_mid_percussion,0.968253,0.909120,EVENT_HYPOTHESIS,shared_audio_intelligence_v0_2;percussive_hpss;owner_supplied_audio
BE-003:perc:01165,325.032925,1033.032925,554.692308,139,3.692308,0.089008,0.901920,0.009072,snare_or_mid_percussion,0.901920,0.922021,EVENT_HYPOTHESIS,shared_audio_intelligence_v0_2;percussive_hpss;owner_supplied_audio
BE-003:perc:01166,325.218685,1033.218685,555.000000,139,4.000000,0.003936,0.978924,0.017140,snare_or_mid_percussion,0.978924,1.000000,EVENT_HYPOTHESIS,shared_audio_intelligence_v0_2;percussive_hpss;owner_supplied_audio
BE-003:perc:01167,325.334785,1033.334785,555.200000,139,4.200000,0.118233,0.863306,0.018461,snare_or_mid_percussion,0.863306,0.979747,EVENT_HYPOTHESIS,shared_audio_intelligence_v0_2;percussive_hpss;owner_supplied_audio
BE-003:perc:01168,325.520544,1033.520544,555.520000,139,4.520000,0.206990,0.790277,0.002733,snare_or_mid_percussion,0.790277,0.684813,EVENT_HYPOTHESIS,shared_audio_intelligence_v0_2;percussive_hpss;owner_supplied_audio
BE-003:perc:01169,325.799184,1033.799184,556.000000,140,1.000000,0.040231,0.866548,0.093221,snare_or_mid_percussion,0.866548,1.000000,EVENT_HYPOTHESIS,shared_audio_intelligence_v0_2;percussive_hpss;owner_supplied_audio
BE-003:perc:01170,325.938503,1033.938503,556.222222,140,1.222222,0.016029,0.973814,0.010157,snare_or_mid_percussion,0.973814,0.552754,EVENT_HYPOTHESIS,shared_audio_intelligence_v0_2;percussive_hpss;owner_supplied_audio
BE-003:perc:01171,326.402902,1034.402902,556.962963,140,1.962963,0.013458,0.981738,0.004804,snare_or_mid_percussion,0.981738,0.881834,EVENT_HYPOTHESIS,shared_audio_intelligence_v0_2;percussive_hpss;owner_supplied_audio
BE-003:perc:01172,326.681542,1034.681542,557.440000,140,2.440000,0.001814,0.990858,0.007328,snare_or_mid_percussion,0.990858,0.827895,EVENT_HYPOTHESIS,shared_audio_intelligence_v0_2;percussive_hpss;owner_supplied_audio
BE-003:perc:01173,327.006621,1035.006621,558.000000,140,3.000000,0.001330,0.986375,0.012295,snare_or_mid_percussion,0.986375,1.000000,EVENT_HYPOTHESIS,shared_audio_intelligence_v0_2;percussive_hpss;owner_supplied_audio
BE-003:perc:01174,327.447800,1035.447800,558.730769,140,3.730769,0.015866,0.945105,0.039029,snare_or_mid_percussion,0.945105,1.000000,EVENT_HYPOTHESIS,shared_audio_intelligence_v0_2;percussive_hpss;owner_supplied_audio
BE-003:perc:01175,327.610340,1035.610340,559.000000,140,4.000000,0.013243,0.951160,0.035597,snare_or_mid_percussion,0.951160,0.915293,EVENT_HYPOTHESIS,shared_audio_intelligence_v0_2;percussive_hpss;owner_supplied_audio
BE-003:perc:01176,327.912200,1035.912200,559.520000,140,4.520000,0.017814,0.905726,0.076461,snare_or_mid_percussion,0.905726,1.000000,EVENT_HYPOTHESIS,shared_audio_intelligence_v0_2;percussive_hpss;owner_supplied_audio
BE-003:perc:01177,328.121179,1036.121179,559.880000,140,4.880000,0.006883,0.991187,0.001931,snare_or_mid_percussion,0.991187,0.850282,EVENT_HYPOTHESIS,shared_audio_intelligence_v0_2;percussive_hpss;owner_supplied_audio
BE-003:perc:01178,328.306939,1036.306939,560.200000,141,1.200000,0.004034,0.966035,0.029931,snare_or_mid_percussion,0.966035,0.684821,EVENT_HYPOTHESIS,shared_audio_intelligence_v0_2;percussive_hpss;owner_supplied_audio
BE-003:perc:01179,328.515918,1036.515918,560.560000,141,1.560000,0.134044,0.840922,0.025034,snare_or_mid_percussion,0.840922,1.000000,EVENT_HYPOTHESIS,shared_audio_intelligence_v0_2;percussive_hpss;owner_supplied_audio
BE-003:perc:01180,328.724898,1036.724898,560.920000,141,1.920000,0.001034,0.981691,0.017275,snare_or_mid_percussion,0.981691,0.905792,EVENT_HYPOTHESIS,shared_audio_intelligence_v0_2;percussive_hpss;owner_supplied_audio
BE-003:perc:01181,329.166077,1037.166077,561.566667,141,2.566667,0.014959,0.918932,0.066109,snare_or_mid_percussion,0.918932,0.874996,EVENT_HYPOTHESIS,shared_audio_intelligence_v0_2;percussive_hpss;owner_supplied_audio
BE-003:perc:01182,329.467937,1037.467937,562.000000,141,3.000000,0.329342,0.548295,0.122364,snare_or_mid_percussion,0.548295,1.000000,EVENT_HYPOTHESIS,shared_audio_intelligence_v0_2;percussive_hpss;owner_supplied_audio
BE-003:perc:01183,329.630476,1037.630476,562.280000,141,3.280000,0.003838,0.994949,0.001213,snare_or_mid_percussion,0.994949,0.869907,EVENT_HYPOTHESIS,shared_audio_intelligence_v0_2;percussive_hpss;owner_supplied_audio
BE-003:perc:01184,329.746576,1037.746576,562.480000,141,3.480000,0.020004,0.913955,0.066041,snare_or_mid_percussion,0.913955,0.820636,EVENT_HYPOTHESIS,shared_audio_intelligence_v0_2;percussive_hpss;owner_supplied_audio
BE-003:perc:01185,330.025215,1038.025215,562.960000,141,3.960000,0.019330,0.968087,0.012582,snare_or_mid_percussion,0.968087,0.858146,EVENT_HYPOTHESIS,shared_audio_intelligence_v0_2;percussive_hpss;owner_supplied_audio
BE-003:perc:01186,330.373515,1038.373515,563.538462,141,4.538462,0.614169,0.261161,0.124670,kick_or_low_percussion,0.614169,0.713952,EVENT_HYPOTHESIS,shared_audio_intelligence_v0_2;percussive_hpss;owner_supplied_audio
BE-003:perc:01187,330.582494,1038.582494,563.884615,141,4.884615,0.050076,0.944834,0.005090,snare_or_mid_percussion,0.944834,0.954732,EVENT_HYPOTHESIS,shared_audio_intelligence_v0_2;percussive_hpss;owner_supplied_audio
BE-003:perc:01188,330.652154,1038.652154,564.000000,142,1.000000,0.219000,0.749499,0.031501,snare_or_mid_percussion,0.749499,0.788989,EVENT_HYPOTHESIS,shared_audio_intelligence_v0_2;percussive_hpss;owner_supplied_audio
BE-003:perc:01189,330.861134,1038.861134,564.333333,142,1.333333,0.013355,0.979378,0.007268,snare_or_mid_percussion,0.979378,1.000000,EVENT_HYPOTHESIS,shared_audio_intelligence_v0_2;percussive_hpss;owner_supplied_audio
BE-003:perc:01190,331.162993,1039.162993,564.814815,142,1.814815,0.160458,0.825766,0.013776,snare_or_mid_percussion,0.825766,0.906305,EVENT_HYPOTHESIS,shared_audio_intelligence_v0_2;percussive_hpss;owner_supplied_audio
BE-003:perc:01191,331.279093,1039.279093,565.000000,142,2.000000,0.100212,0.882405,0.017383,snare_or_mid_percussion,0.882405,0.774772,EVENT_HYPOTHESIS,shared_audio_intelligence_v0_2;percussive_hpss;owner_supplied_audio
BE-003:perc:01192,331.441633,1039.441633,565.280000,142,2.280000,0.027695,0.960534,0.011770,snare_or_mid_percussion,0.960534,1.000000,EVENT_HYPOTHESIS,shared_audio_intelligence_v0_2;percussive_hpss;owner_supplied_audio
BE-003:perc:01193,331.743492,1039.743492,565.800000,142,2.800000,0.046831,0.938377,0.014792,snare_or_mid_percussion,0.938377,0.721826,EVENT_HYPOTHESIS,shared_audio_intelligence_v0_2;percussive_hpss;owner_supplied_audio
BE-003:perc:01194,331.836372,1039.836372,565.960000,142,2.960000,0.093751,0.752473,0.153776,snare_or_mid_percussion,0.752473,0.940643,EVENT_HYPOTHESIS,shared_audio_intelligence_v0_2;percussive_hpss;owner_supplied_audio
BE-003:perc:01195,332.045351,1040.045351,566.320000,142,3.320000,0.014040,0.975519,0.010441,snare_or_mid_percussion,0.975519,0.949808,EVENT_HYPOTHESIS,shared_audio_intelligence_v0_2;percussive_hpss;owner_supplied_audio
BE-003:perc:01196,332.161451,1040.161451,566.520000,142,3.520000,0.341131,0.641825,0.017044,snare_or_mid_percussion,0.641825,0.795874,EVENT_HYPOTHESIS,shared_audio_intelligence_v0_2;percussive_hpss;owner_supplied_audio
BE-003:perc:01197,332.323991,1040.323991,566.800000,142,3.800000,0.017724,0.979631,0.002645,snare_or_mid_percussion,0.979631,1.000000,EVENT_HYPOTHESIS,shared_audio_intelligence_v0_2;percussive_hpss;owner_supplied_audio
BE-003:perc:01198,332.440091,1040.440091,567.000000,142,4.000000,0.051133,0.926522,0.022345,snare_or_mid_percussion,0.926522,0.856746,EVENT_HYPOTHESIS,shared_audio_intelligence_v0_2;percussive_hpss;owner_supplied_audio
BE-003:perc:01199,332.718730,1040.718730,567.480000,142,4.480000,0.011427,0.895362,0.093211,snare_or_mid_percussion,0.895362,1.000000,EVENT_HYPOTHESIS,shared_audio_intelligence_v0_2;percussive_hpss;owner_supplied_audio
BE-003:perc:01200,332.997370,1040.997370,567.960000,142,4.960000,0.187735,0.458613,0.353652,unresolved_percussive_event,0.458613,0.896663,EVENT_HYPOTHESIS,shared_audio_intelligence_v0_2;percussive_hpss;owner_supplied_audio
BE-003:perc:01201,333.229569,1041.229569,568.409091,143,1.409091,0.010049,0.987227,0.002724,snare_or_mid_percussion,0.987227,1.000000,EVENT_HYPOTHESIS,shared_audio_intelligence_v0_2;percussive_hpss;owner_supplied_audio
BE-003:perc:01202,333.508209,1041.508209,568.954545,143,1.954545,0.006010,0.916703,0.077287,snare_or_mid_percussion,0.916703,0.893117,EVENT_HYPOTHESIS,shared_audio_intelligence_v0_2;percussive_hpss;owner_supplied_audio
BE-003:perc:01203,333.810068,1041.810068,569.480000,143,2.480000,0.019224,0.971918,0.008858,snare_or_mid_percussion,0.971918,0.729762,EVENT_HYPOTHESIS,shared_audio_intelligence_v0_2;percussive_hpss;owner_supplied_audio
BE-003:perc:01204,333.926168,1041.926168,569.680000,143,2.680000,0.061317,0.879809,0.058874,snare_or_mid_percussion,0.879809,1.000000,EVENT_HYPOTHESIS,shared_audio_intelligence_v0_2;percussive_hpss;owner_supplied_audio
BE-003:perc:01205,334.111927,1042.111927,570.000000,143,3.000000,0.059051,0.938749,0.002200,snare_or_mid_percussion,0.938749,1.000000,EVENT_HYPOTHESIS,shared_audio_intelligence_v0_2;percussive_hpss;owner_supplied_audio
BE-003:perc:01206,334.390567,1042.390567,570.480000,143,3.480000,0.022798,0.973200,0.004002,snare_or_mid_percussion,0.973200,1.000000,EVENT_HYPOTHESIS,shared_audio_intelligence_v0_2;percussive_hpss;owner_supplied_audio
BE-003:perc:01207,334.506667,1042.506667,570.680000,143,3.680000,0.449158,0.433428,0.117414,kick_or_low_percussion,0.449158,0.715374,EVENT_HYPOTHESIS,shared_audio_intelligence_v0_2;percussive_hpss;owner_supplied_audio
BE-003:perc:01208,334.669206,1042.669206,570.960000,143,3.960000,0.007931,0.981409,0.010660,snare_or_mid_percussion,0.981409,1.000000,EVENT_HYPOTHESIS,shared_audio_intelligence_v0_2;percussive_hpss;owner_supplied_audio
BE-003:perc:01209,334.808526,1042.808526,571.166667,143,4.166667,0.052241,0.940228,0.007531,snare_or_mid_percussion,0.940228,0.892065,EVENT_HYPOTHESIS,shared_audio_intelligence_v0_2;percussive_hpss;owner_supplied_audio
BE-003:perc:01210,334.994286,1042.994286,571.433333,143,4.433333,0.020458,0.976852,0.002690,snare_or_mid_percussion,0.976852,0.972823,EVENT_HYPOTHESIS,shared_audio_intelligence_v0_2;percussive_hpss;owner_supplied_audio
BE-003:perc:01211,335.110385,1043.110385,571.600000,143,4.600000,0.057905,0.936611,0.005485,snare_or_mid_percussion,0.936611,0.611558,EVENT_HYPOTHESIS,shared_audio_intelligence_v0_2;percussive_hpss;owner_supplied_audio
BE-003:perc:01212,335.389025,1043.389025,572.000000,144,1.000000,0.078903,0.880891,0.040205,snare_or_mid_percussion,0.880891,1.000000,EVENT_HYPOTHESIS,shared_audio_intelligence_v0_2;percussive_hpss;owner_supplied_audio
BE-003:perc:01213,335.574785,1043.574785,572.320000,144,1.320000,0.129351,0.869211,0.001438,snare_or_mid_percussion,0.869211,0.769279,EVENT_HYPOTHESIS,shared_audio_intelligence_v0_2;percussive_hpss;owner_supplied_audio
BE-003:perc:01214,335.667664,1043.667664,572.480000,144,1.480000,0.044759,0.894682,0.060559,snare_or_mid_percussion,0.894682,0.935025,EVENT_HYPOTHESIS,shared_audio_intelligence_v0_2;percussive_hpss;owner_supplied_audio
BE-003:perc:01215,335.969524,1043.969524,573.000000,144,2.000000,0.114074,0.873249,0.012677,snare_or_mid_percussion,0.873249,1.000000,EVENT_HYPOTHESIS,shared_audio_intelligence_v0_2;percussive_hpss;owner_supplied_audio
BE-003:perc:01216,336.271383,1044.271383,573.500000,144,2.500000,0.130805,0.863687,0.005508,snare_or_mid_percussion,0.863687,0.814948,EVENT_HYPOTHESIS,shared_audio_intelligence_v0_2;percussive_hpss;owner_supplied_audio
BE-003:perc:01217,336.433923,1044.433923,573.769231,144,2.769231,0.487919,0.508949,0.003132,kick_or_low_percussion,0.487919,0.655190,EVENT_HYPOTHESIS,shared_audio_intelligence_v0_2;percussive_hpss;owner_supplied_audio
BE-003:perc:01218,336.550023,1044.550023,573.961538,144,2.961538,0.027233,0.943530,0.029237,snare_or_mid_percussion,0.943530,1.000000,EVENT_HYPOTHESIS,shared_audio_intelligence_v0_2;percussive_hpss;owner_supplied_audio
BE-003:perc:01219,336.851882,1044.851882,574.480000,144,3.480000,0.113408,0.874051,0.012542,snare_or_mid_percussion,0.874051,1.000000,EVENT_HYPOTHESIS,shared_audio_intelligence_v0_2;percussive_hpss;owner_supplied_audio
BE-003:perc:01220,337.014422,1045.014422,574.760000,144,3.760000,0.039171,0.950744,0.010085,snare_or_mid_percussion,0.950744,0.724567,EVENT_HYPOTHESIS,shared_audio_intelligence_v0_2;percussive_hpss;owner_supplied_audio
BE-003:perc:01221,337.316281,1045.316281,575.280000,144,4.280000,0.024275,0.964482,0.011243,snare_or_mid_percussion,0.964482,0.916486,EVENT_HYPOTHESIS,shared_audio_intelligence_v0_2;percussive_hpss;owner_supplied_audio
BE-003:perc:01222,337.455601,1045.455601,575.520000,144,4.520000,0.011524,0.967072,0.021405,snare_or_mid_percussion,0.967072,0.636676,EVENT_HYPOTHESIS,shared_audio_intelligence_v0_2;percussive_hpss;owner_supplied_audio
BE-003:perc:01223,337.734240,1045.734240,576.000000,145,1.000000,0.115040,0.150014,0.734947,cymbal_or_hi_hat,0.734947,0.556033,EVENT_HYPOTHESIS,shared_audio_intelligence_v0_2;percussive_hpss;owner_supplied_audio
BE-003:perc:01224,337.873560,1045.873560,576.240000,145,1.240000,0.009927,0.944731,0.045342,snare_or_mid_percussion,0.944731,1.000000,EVENT_HYPOTHESIS,shared_audio_intelligence_v0_2;percussive_hpss;owner_supplied_audio
BE-003:perc:01225,338.337959,1046.337959,577.045455,145,2.045455,0.225825,0.684644,0.089532,snare_or_mid_percussion,0.684644,0.910700,EVENT_HYPOTHESIS,shared_audio_intelligence_v0_2;percussive_hpss;owner_supplied_audio
BE-003:perc:01226,338.779138,1046.779138,577.909091,145,2.909091,0.041900,0.937377,0.020724,snare_or_mid_percussion,0.937377,1.000000,EVENT_HYPOTHESIS,shared_audio_intelligence_v0_2;percussive_hpss;owner_supplied_audio
BE-003:perc:01227,339.220317,1047.220317,578.653846,145,3.653846,0.125095,0.860679,0.014226,snare_or_mid_percussion,0.860679,1.000000,EVENT_HYPOTHESIS,shared_audio_intelligence_v0_2;percussive_hpss;owner_supplied_audio
BE-003:perc:01228,339.522177,1047.522177,579.160000,145,4.160000,0.482721,0.318263,0.199016,kick_or_low_percussion,0.482721,0.758624,EVENT_HYPOTHESIS,shared_audio_intelligence_v0_2;percussive_hpss;owner_supplied_audio
BE-003:perc:01229,339.661497,1047.661497,579.400000,145,4.400000,0.005658,0.954857,0.039485,snare_or_mid_percussion,0.954857,1.000000,EVENT_HYPOTHESIS,shared_audio_intelligence_v0_2;percussive_hpss;owner_supplied_audio
BE-003:perc:01230,339.986576,1047.986576,579.960000,145,4.960000,0.175851,0.557811,0.266338,snare_or_mid_percussion,0.557811,1.000000,EVENT_HYPOTHESIS,shared_audio_intelligence_v0_2;percussive_hpss;owner_supplied_audio
BE-003:perc:01231,340.404535,1048.404535,580.708333,146,1.708333,0.255748,0.281603,0.462648,unresolved_percussive_event,0.462648,1.000000,EVENT_HYPOTHESIS,shared_audio_intelligence_v0_2;percussive_hpss;owner_supplied_audio
BE-003:perc:01232,340.567075,1048.567075,581.000000,146,2.000000,0.037831,0.958206,0.003963,snare_or_mid_percussion,0.958206,1.000000,EVENT_HYPOTHESIS,shared_audio_intelligence_v0_2;percussive_hpss;owner_supplied_audio
BE-003:perc:01233,340.892154,1048.892154,581.538462,146,2.538462,0.040227,0.884009,0.075764,snare_or_mid_percussion,0.884009,0.594743,EVENT_HYPOTHESIS,shared_audio_intelligence_v0_2;percussive_hpss;owner_supplied_audio
BE-003:perc:01234,341.008254,1049.008254,581.730769,146,2.730769,0.029848,0.958278,0.011874,snare_or_mid_percussion,0.958278,1.000000,EVENT_HYPOTHESIS,shared_audio_intelligence_v0_2;percussive_hpss;owner_supplied_audio
BE-003:perc:01235,341.170794,1049.170794,582.000000,146,3.000000,0.218724,0.452900,0.328376,unresolved_percussive_event,0.452900,1.000000,EVENT_HYPOTHESIS,shared_audio_intelligence_v0_2;percussive_hpss;owner_supplied_audio
BE-003:perc:01236,341.472653,1049.472653,582.520000,146,3.520000,0.026585,0.964372,0.009043,snare_or_mid_percussion,0.964372,1.000000,EVENT_HYPOTHESIS,shared_audio_intelligence_v0_2;percussive_hpss;owner_supplied_audio
BE-003:perc:01237,341.890612,1049.890612,583.240000,146,4.240000,0.089200,0.909112,0.001688,snare_or_mid_percussion,0.909112,1.000000,EVENT_HYPOTHESIS,shared_audio_intelligence_v0_2;percussive_hpss;owner_supplied_audio
BE-003:perc:01238,342.331791,1050.331791,584.000000,147,1.000000,0.059616,0.880914,0.059469,snare_or_mid_percussion,0.880914,1.000000,EVENT_HYPOTHESIS,shared_audio_intelligence_v0_2;percussive_hpss;owner_supplied_audio
BE-003:perc:01239,342.749751,1050.749751,584.947368,147,1.947368,0.072017,0.851776,0.076207,snare_or_mid_percussion,0.851776,1.000000,EVENT_HYPOTHESIS,shared_audio_intelligence_v0_2;percussive_hpss;owner_supplied_audio
BE-003:perc:01240,343.098050,1051.098050,585.636364,147,2.636364,0.007821,0.988870,0.003309,snare_or_mid_percussion,0.988870,0.652741,EVENT_HYPOTHESIS,shared_audio_intelligence_v0_2;percussive_hpss;owner_supplied_audio
BE-003:perc:01241,343.260590,1051.260590,585.954545,147,2.954545,0.004655,0.875686,0.119659,snare_or_mid_percussion,0.875686,1.000000,EVENT_HYPOTHESIS,shared_audio_intelligence_v0_2;percussive_hpss;owner_supplied_audio
BE-003:perc:01242,343.539229,1051.539229,586.379310,147,3.379310,0.592213,0.357714,0.050073,kick_or_low_percussion,0.592213,1.000000,EVENT_HYPOTHESIS,shared_audio_intelligence_v0_2;percussive_hpss;owner_supplied_audio
BE-003:perc:01243,343.933968,1051.933968,586.965517,147,3.965517,0.215977,0.541371,0.242652,snare_or_mid_percussion,0.541371,1.000000,EVENT_HYPOTHESIS,shared_audio_intelligence_v0_2;percussive_hpss;owner_supplied_audio
BE-003:perc:01244,344.259048,1052.259048,587.520000,147,4.520000,0.042343,0.858066,0.099591,snare_or_mid_percussion,0.858066,1.000000,EVENT_HYPOTHESIS,shared_audio_intelligence_v0_2;percussive_hpss;owner_supplied_audio
BE-003:perc:01245,344.491247,1052.491247,587.920000,147,4.920000,0.035275,0.943397,0.021327,snare_or_mid_percussion,0.943397,0.718362,EVENT_HYPOTHESIS,shared_audio_intelligence_v0_2;percussive_hpss;owner_supplied_audio
BE-003:perc:01246,344.723447,1052.723447,588.307692,148,1.307692,0.099516,0.863535,0.036949,snare_or_mid_percussion,0.863535,1.000000,EVENT_HYPOTHESIS,shared_audio_intelligence_v0_2;percussive_hpss;owner_supplied_audio
BE-003:perc:01247,345.141406,1053.141406,589.000000,148,2.000000,0.122728,0.832783,0.044488,snare_or_mid_percussion,0.832783,1.000000,EVENT_HYPOTHESIS,shared_audio_intelligence_v0_2;percussive_hpss;owner_supplied_audio
BE-003:perc:01248,345.930884,1053.930884,590.357143,148,3.357143,0.385378,0.581684,0.032939,snare_or_mid_percussion,0.581684,1.000000,EVENT_HYPOTHESIS,shared_audio_intelligence_v0_2;percussive_hpss;owner_supplied_audio
BE-003:perc:01249,346.348844,1054.348844,591.000000,148,4.000000,0.029367,0.764022,0.206612,snare_or_mid_percussion,0.764022,1.000000,EVENT_HYPOTHESIS,shared_audio_intelligence_v0_2;percussive_hpss;owner_supplied_audio
BE-003:perc:01250,346.673923,1054.673923,591.583333,148,4.583333,0.072454,0.918561,0.008985,snare_or_mid_percussion,0.918561,0.814198,EVENT_HYPOTHESIS,shared_audio_intelligence_v0_2;percussive_hpss;owner_supplied_audio
BE-003:perc:01251,347.138322,1055.138322,592.357143,149,1.357143,0.440979,0.523988,0.035034,kick_or_low_percussion,0.440979,1.000000,EVENT_HYPOTHESIS,shared_audio_intelligence_v0_2;percussive_hpss;owner_supplied_audio
BE-003:perc:01252,347.556281,1055.556281,593.000000,149,2.000000,0.079819,0.805208,0.114973,snare_or_mid_percussion,0.805208,1.000000,EVENT_HYPOTHESIS,shared_audio_intelligence_v0_2;percussive_hpss;owner_supplied_audio
BE-003:perc:01253,347.858141,1055.858141,593.565217,149,2.565217,0.200237,0.797155,0.002608,snare_or_mid_percussion,0.797155,0.908318,EVENT_HYPOTHESIS,shared_audio_intelligence_v0_2;percussive_hpss;owner_supplied_audio
BE-003:perc:01254,348.067120,1056.067120,593.956522,149,2.956522,0.139498,0.809398,0.051104,snare_or_mid_percussion,0.809398,0.769680,EVENT_HYPOTHESIS,shared_audio_intelligence_v0_2;percussive_hpss;owner_supplied_audio
BE-003:perc:01255,348.345760,1056.345760,594.379310,149,3.379310,0.196038,0.779056,0.024906,snare_or_mid_percussion,0.779056,0.932405,EVENT_HYPOTHESIS,shared_audio_intelligence_v0_2;percussive_hpss;owner_supplied_audio
BE-003:perc:01256,348.740499,1056.740499,594.965517,149,3.965517,0.043204,0.855318,0.101478,snare_or_mid_percussion,0.855318,1.000000,EVENT_HYPOTHESIS,shared_audio_intelligence_v0_2;percussive_hpss;owner_supplied_audio
BE-003:perc:01257,349.065578,1057.065578,595.565217,149,4.565217,0.013884,0.939002,0.047113,snare_or_mid_percussion,0.939002,0.736786,EVENT_HYPOTHESIS,shared_audio_intelligence_v0_2;percussive_hpss;owner_supplied_audio
BE-003:perc:01258,349.274558,1057.274558,595.956522,149,4.956522,0.321336,0.663010,0.015654,snare_or_mid_percussion,0.663010,0.897743,EVENT_HYPOTHESIS,shared_audio_intelligence_v0_2;percussive_hpss;owner_supplied_audio
BE-003:perc:01259,349.553197,1057.553197,596.458333,150,1.458333,0.024213,0.973392,0.002395,snare_or_mid_percussion,0.973392,0.864662,EVENT_HYPOTHESIS,shared_audio_intelligence_v0_2;percussive_hpss;owner_supplied_audio
BE-003:perc:01260,349.831837,1057.831837,596.958333,150,1.958333,0.004453,0.985188,0.010359,snare_or_mid_percussion,0.985188,0.900263,EVENT_HYPOTHESIS,shared_audio_intelligence_v0_2;percussive_hpss;owner_supplied_audio
BE-003:perc:01261,350.133696,1058.133696,597.480000,150,2.480000,0.008561,0.980516,0.010923,snare_or_mid_percussion,0.980516,1.000000,EVENT_HYPOTHESIS,shared_audio_intelligence_v0_2;percussive_hpss;owner_supplied_audio
BE-003:perc:01262,350.412336,1058.412336,597.960000,150,2.960000,0.017927,0.946885,0.035188,snare_or_mid_percussion,0.946885,1.000000,EVENT_HYPOTHESIS,shared_audio_intelligence_v0_2;percussive_hpss;owner_supplied_audio
BE-003:perc:01263,350.830295,1058.830295,598.708333,150,3.708333,0.007217,0.946436,0.046347,snare_or_mid_percussion,0.946436,1.000000,EVENT_HYPOTHESIS,shared_audio_intelligence_v0_2;percussive_hpss;owner_supplied_audio
BE-003:perc:01264,351.317914,1059.317914,599.583333,150,4.583333,0.027493,0.947525,0.024982,snare_or_mid_percussion,0.947525,1.000000,EVENT_HYPOTHESIS,shared_audio_intelligence_v0_2;percussive_hpss;owner_supplied_audio
BE-003:perc:01265,351.526893,1059.526893,599.958333,150,4.958333,0.026485,0.960614,0.012901,snare_or_mid_percussion,0.960614,0.727198,EVENT_HYPOTHESIS,shared_audio_intelligence_v0_2;percussive_hpss;owner_supplied_audio
BE-003:perc:01266,351.712653,1059.712653,600.280000,151,1.280000,0.148585,0.843708,0.007707,snare_or_mid_percussion,0.843708,1.000000,EVENT_HYPOTHESIS,shared_audio_intelligence_v0_2;percussive_hpss;owner_supplied_audio
BE-003:perc:01267,351.921633,1059.921633,600.640000,151,1.640000,0.008668,0.990298,0.001034,snare_or_mid_percussion,0.990298,0.580259,EVENT_HYPOTHESIS,shared_audio_intelligence_v0_2;percussive_hpss;owner_supplied_audio
BE-003:perc:01268,352.107392,1060.107392,600.960000,151,1.960000,0.009908,0.980142,0.009950,snare_or_mid_percussion,0.980142,0.840768,EVENT_HYPOTHESIS,shared_audio_intelligence_v0_2;percussive_hpss;owner_supplied_audio
BE-003:perc:01269,352.316372,1060.316372,601.320000,151,2.320000,0.156399,0.840691,0.002910,snare_or_mid_percussion,0.840691,0.656933,EVENT_HYPOTHESIS,shared_audio_intelligence_v0_2;percussive_hpss;owner_supplied_audio
BE-003:perc:01270,352.502132,1060.502132,601.640000,151,2.640000,0.045148,0.948009,0.006843,snare_or_mid_percussion,0.948009,0.947518,EVENT_HYPOTHESIS,shared_audio_intelligence_v0_2;percussive_hpss;owner_supplied_audio
BE-003:perc:01271,352.711111,1060.711111,602.000000,151,3.000000,0.013642,0.984560,0.001798,snare_or_mid_percussion,0.984560,0.669628,EVENT_HYPOTHESIS,shared_audio_intelligence_v0_2;percussive_hpss;owner_supplied_audio
BE-003:perc:01272,352.943311,1060.943311,602.400000,151,3.400000,0.027647,0.970326,0.002028,snare_or_mid_percussion,0.970326,0.699880,EVENT_HYPOTHESIS,shared_audio_intelligence_v0_2;percussive_hpss;owner_supplied_audio
BE-003:perc:01273,353.152290,1061.152290,602.760000,151,3.760000,0.030147,0.967077,0.002776,snare_or_mid_percussion,0.967077,0.866677,EVENT_HYPOTHESIS,shared_audio_intelligence_v0_2;percussive_hpss;owner_supplied_audio