event_id,onset_group_id,relative_time_s,source_time_s,beat_position_est,bar_est,beat_in_bar_est,pitch_midi,note_name_nearest,frequency_hz,duration_s_est,spectral_confidence,onset_confidence,duration_confidence,instrument_confidence,alignment_confidence,dynamic_proxy,spectral_centroid_hz,polyphony_at_onset,peak_rank,bass_p,piano_lh_p,piano_rh_p,other_instrument_p,time_floor_role_p,harmonic_support_role_p,foreground_line_role_p,response_role_p,status,provenance
BE-003:pitch:02001,BE-003:onset:0482,89.977324,797.977324,151.291667,38,4.291667,73.9838,D5,586.7798,0.185760,0.932059,0.824402,0.816030,0.580000,,0.345652,1859.856,4,4,0.050000,0.300000,0.580000,0.070000,0.000000,0.120000,0.580000,0.220000,NOTE_HYPOTHESIS,shared_audio_intelligence_v0_2;spectral_peak;owner_supplied_audio
BE-003:pitch:02002,BE-003:onset:0483,90.023764,798.023764,151.375000,38,4.375000,49.1709,C#3,139.9658,0.185760,1.000000,0.836316,0.850000,0.550000,,0.350206,1301.434,5,1,0.550000,0.350000,0.030000,0.070000,0.480000,0.320000,0.000000,0.000000,NOTE_HYPOTHESIS,shared_audio_intelligence_v0_2;spectral_peak;owner_supplied_audio
BE-003:pitch:02003,BE-003:onset:0483,90.023764,798.023764,151.375000,38,4.375000,73.8242,D5,581.3965,0.116100,1.000000,0.836316,0.850000,0.580000,,0.350206,1301.434,5,2,0.050000,0.300000,0.580000,0.070000,0.000000,0.120000,0.580000,0.220000,NOTE_HYPOTHESIS,shared_audio_intelligence_v0_2;spectral_peak;owner_supplied_audio
BE-003:pitch:02004,BE-003:onset:0483,90.023764,798.023764,151.375000,38,4.375000,64.7656,F4,344.5312,0.325079,1.000000,0.836316,0.850000,0.580000,,0.350206,1301.434,5,3,0.050000,0.300000,0.580000,0.070000,0.000000,0.450000,0.250000,0.200000,NOTE_HYPOTHESIS,shared_audio_intelligence_v0_2;spectral_peak;owner_supplied_audio
BE-003:pitch:02005,BE-003:onset:0483,90.023764,798.023764,151.375000,38,4.375000,57.8808,A#3,231.4819,0.092880,0.859835,0.836316,0.779917,0.520000,,0.350206,1301.434,5,4,0.250000,0.520000,0.150000,0.080000,0.000000,0.450000,0.250000,0.200000,NOTE_HYPOTHESIS,shared_audio_intelligence_v0_2;spectral_peak;owner_supplied_audio
BE-003:pitch:02006,BE-003:onset:0483,90.023764,798.023764,151.375000,38,4.375000,68.1904,G#4,419.8975,0.232200,0.856501,0.836316,0.778250,0.580000,,0.350206,1301.434,5,5,0.050000,0.300000,0.580000,0.070000,0.000000,0.450000,0.250000,0.200000,NOTE_HYPOTHESIS,shared_audio_intelligence_v0_2;spectral_peak;owner_supplied_audio
BE-003:pitch:02007,BE-003:onset:0484,90.116644,798.116644,151.541667,38,4.541667,64.7656,F4,344.5312,0.092880,1.000000,0.966365,0.850000,0.580000,,0.718070,1056.461,6,1,0.050000,0.300000,0.580000,0.070000,0.000000,0.450000,0.250000,0.200000,NOTE_HYPOTHESIS,shared_audio_intelligence_v0_2;spectral_peak;owner_supplied_audio
BE-003:pitch:02008,BE-003:onset:0484,90.116644,798.116644,151.541667,38,4.541667,76.9003,F5,694.4458,0.092880,1.000000,0.966365,0.850000,0.840000,,0.718070,1056.461,6,2,0.010000,0.080000,0.840000,0.070000,0.000000,0.120000,0.580000,0.220000,NOTE_HYPOTHESIS,shared_audio_intelligence_v0_2;spectral_peak;owner_supplied_audio
BE-003:pitch:02009,BE-003:onset:0484,90.116644,798.116644,151.541667,38,4.541667,88.9673,F6,1394.2749,0.116100,1.000000,0.966365,0.850000,0.840000,,0.718070,1056.461,6,3,0.010000,0.080000,0.840000,0.070000,0.000000,0.120000,0.580000,0.220000,NOTE_HYPOTHESIS,shared_audio_intelligence_v0_2;spectral_peak;owner_supplied_audio
BE-003:pitch:02010,BE-003:onset:0484,90.116644,798.116644,151.541667,38,4.541667,49.1709,C#3,139.9658,0.325079,1.000000,0.966365,0.850000,0.550000,,0.718070,1056.461,6,4,0.550000,0.350000,0.030000,0.070000,0.480000,0.320000,0.000000,0.000000,NOTE_HYPOTHESIS,shared_audio_intelligence_v0_2;spectral_peak;owner_supplied_audio
BE-003:pitch:02011,BE-003:onset:0484,90.116644,798.116644,151.541667,38,4.541667,68.8438,A4,436.0474,0.743039,0.914254,0.966365,0.807127,0.580000,,0.718070,1056.461,6,5,0.050000,0.300000,0.580000,0.070000,0.000000,0.450000,0.250000,0.200000,NOTE_HYPOTHESIS,shared_audio_intelligence_v0_2;spectral_peak;owner_supplied_audio
BE-003:pitch:02012,BE-003:onset:0484,90.116644,798.116644,151.541667,38,4.541667,50.4538,D3,150.7324,1.068118,0.910936,0.966365,0.805468,0.550000,,0.718070,1056.461,6,6,0.550000,0.350000,0.030000,0.070000,0.480000,0.320000,0.000000,0.000000,NOTE_HYPOTHESIS,shared_audio_intelligence_v0_2;spectral_peak;owner_supplied_audio
BE-003:pitch:02013,BE-003:onset:0485,90.209524,798.209524,151.708333,38,4.708333,80.9503,A5,877.4780,0.162540,1.000000,1.000000,0.850000,0.840000,,1.000000,1447.179,2,1,0.010000,0.080000,0.840000,0.070000,0.000000,0.120000,0.580000,0.220000,NOTE_HYPOTHESIS,shared_audio_intelligence_v0_2;spectral_peak;owner_supplied_audio
BE-003:pitch:02014,BE-003:onset:0485,90.209524,798.209524,151.708333,38,4.708333,93.0033,A6,1760.3394,0.162540,1.000000,1.000000,0.850000,0.840000,,1.000000,1447.179,2,2,0.010000,0.080000,0.840000,0.070000,0.000000,0.120000,0.580000,0.220000,NOTE_HYPOTHESIS,shared_audio_intelligence_v0_2;spectral_peak;owner_supplied_audio
BE-003:pitch:02015,BE-003:onset:0486,90.395283,798.395283,152.040000,39,1.040000,81.8808,A#5,925.9277,0.208980,1.000000,1.000000,0.850000,0.840000,,0.793903,1826.064,2,1,0.010000,0.080000,0.840000,0.070000,0.000000,0.120000,0.580000,0.220000,NOTE_HYPOTHESIS,shared_audio_intelligence_v0_2;spectral_peak;owner_supplied_audio
BE-003:pitch:02016,BE-003:onset:0486,90.395283,798.395283,152.040000,39,1.040000,63.9344,E4,328.3813,0.255420,1.000000,1.000000,0.850000,0.520000,,0.793903,1826.064,2,2,0.250000,0.520000,0.150000,0.080000,0.000000,0.450000,0.250000,0.200000,NOTE_HYPOTHESIS,shared_audio_intelligence_v0_2;spectral_peak;owner_supplied_audio
BE-003:pitch:02017,BE-003:onset:0487,90.534603,798.534603,152.280000,39,1.280000,80.9503,A5,877.4780,0.116100,1.000000,0.746060,0.850000,0.840000,,0.719611,1851.093,3,1,0.010000,0.080000,0.840000,0.070000,0.000000,0.120000,0.580000,0.220000,NOTE_HYPOTHESIS,shared_audio_intelligence_v0_2;spectral_peak;owner_supplied_audio
BE-003:pitch:02018,BE-003:onset:0487,90.534603,798.534603,152.280000,39,1.280000,81.8808,A#5,925.9277,0.092880,1.000000,0.746060,0.850000,0.840000,,0.719611,1851.093,3,2,0.010000,0.080000,0.840000,0.070000,0.000000,0.120000,0.580000,0.220000,NOTE_HYPOTHESIS,shared_audio_intelligence_v0_2;spectral_peak;owner_supplied_audio
BE-003:pitch:02019,BE-003:onset:0487,90.534603,798.534603,152.280000,39,1.280000,68.8438,A4,436.0474,0.185760,1.000000,0.746060,0.850000,0.580000,,0.719611,1851.093,3,3,0.050000,0.300000,0.580000,0.070000,0.000000,0.450000,0.250000,0.200000,NOTE_HYPOTHESIS,shared_audio_intelligence_v0_2;spectral_peak;owner_supplied_audio
BE-003:pitch:02020,BE-003:onset:0488,90.673923,798.673923,152.520000,39,1.520000,79.9670,G#5,829.0283,0.185760,1.000000,1.000000,0.850000,0.840000,,0.873059,1211.594,2,1,0.010000,0.080000,0.840000,0.070000,0.000000,0.120000,0.580000,0.220000,NOTE_HYPOTHESIS,shared_audio_intelligence_v0_2;spectral_peak;owner_supplied_audio
BE-003:pitch:02021,BE-003:onset:0488,90.673923,798.673923,152.520000,39,1.520000,49.1709,C#3,139.9658,0.719819,1.000000,1.000000,0.850000,0.550000,,0.873059,1211.594,2,2,0.550000,0.350000,0.030000,0.070000,0.480000,0.320000,0.000000,0.000000,NOTE_HYPOTHESIS,shared_audio_intelligence_v0_2;spectral_peak;owner_supplied_audio
BE-003:pitch:02022,BE-003:onset:0489,90.813243,798.813243,152.760000,39,1.760000,78.9245,G5,780.5786,0.139320,1.000000,0.693161,0.850000,0.840000,,0.743576,913.084,5,1,0.010000,0.080000,0.840000,0.070000,0.000000,0.120000,0.580000,0.220000,NOTE_HYPOTHESIS,shared_audio_intelligence_v0_2;spectral_peak;owner_supplied_audio
BE-003:pitch:02023,BE-003:onset:0489,90.813243,798.813243,152.760000,39,1.760000,79.9670,G#5,829.0283,0.069660,1.000000,0.693161,0.850000,0.840000,,0.743576,913.084,5,2,0.010000,0.080000,0.840000,0.070000,0.000000,0.120000,0.580000,0.220000,NOTE_HYPOTHESIS,shared_audio_intelligence_v0_2;spectral_peak;owner_supplied_audio
BE-003:pitch:02024,BE-003:onset:0489,90.813243,798.813243,152.760000,39,1.760000,49.8242,D3,145.3491,0.325079,1.000000,0.693161,0.850000,0.550000,,0.743576,913.084,5,3,0.550000,0.350000,0.030000,0.070000,0.480000,0.320000,0.000000,0.000000,NOTE_HYPOTHESIS,shared_audio_intelligence_v0_2;spectral_peak;owner_supplied_audio
BE-003:pitch:02025,BE-003:onset:0489,90.813243,798.813243,152.760000,39,1.760000,66.8047,G4,387.5977,0.185760,1.000000,0.693161,0.850000,0.580000,,0.743576,913.084,5,4,0.050000,0.300000,0.580000,0.070000,0.000000,0.450000,0.250000,0.200000,NOTE_HYPOTHESIS,shared_audio_intelligence_v0_2;spectral_peak;owner_supplied_audio
BE-003:pitch:02026,BE-003:onset:0489,90.813243,798.813243,152.760000,39,1.760000,43.7407,G#2,102.2827,0.371519,1.000000,0.693161,0.850000,0.760000,,0.743576,913.084,5,5,0.760000,0.180000,0.010000,0.050000,0.480000,0.320000,0.000000,0.000000,NOTE_HYPOTHESIS,shared_audio_intelligence_v0_2;spectral_peak;owner_supplied_audio
BE-003:pitch:02027,BE-003:onset:0490,90.952562,798.952562,153.000000,39,2.000000,76.9003,F5,694.4458,0.162540,1.000000,1.000000,0.850000,0.840000,,0.484878,1016.708,6,1,0.010000,0.080000,0.840000,0.070000,0.000000,0.120000,0.580000,0.220000,NOTE_HYPOTHESIS,shared_audio_intelligence_v0_2;spectral_peak;owner_supplied_audio
BE-003:pitch:02028,BE-003:onset:0490,90.952562,798.952562,153.000000,39,2.000000,50.4538,D3,150.7324,0.185760,1.000000,1.000000,0.850000,0.550000,,0.484878,1016.708,6,2,0.550000,0.350000,0.030000,0.070000,0.480000,0.320000,0.000000,0.000000,NOTE_HYPOTHESIS,shared_audio_intelligence_v0_2;spectral_peak;owner_supplied_audio
BE-003:pitch:02029,BE-003:onset:0490,90.952562,798.952562,153.000000,39,2.000000,49.1709,C#3,139.9658,0.441179,1.000000,1.000000,0.850000,0.550000,,0.484878,1016.708,6,3,0.550000,0.350000,0.030000,0.070000,0.480000,0.320000,0.000000,0.000000,NOTE_HYPOTHESIS,shared_audio_intelligence_v0_2;spectral_peak;owner_supplied_audio
BE-003:pitch:02030,BE-003:onset:0490,90.952562,798.952562,153.000000,39,2.000000,88.9673,F6,1394.2749,0.139320,1.000000,1.000000,0.850000,0.840000,,0.484878,1016.708,6,4,0.010000,0.080000,0.840000,0.070000,0.000000,0.120000,0.580000,0.220000,NOTE_HYPOTHESIS,shared_audio_intelligence_v0_2;spectral_peak;owner_supplied_audio
BE-003:pitch:02031,BE-003:onset:0490,90.952562,798.952562,153.000000,39,2.000000,67.0435,G4,392.9810,0.348299,1.000000,1.000000,0.850000,0.580000,,0.484878,1016.708,6,5,0.050000,0.300000,0.580000,0.070000,0.000000,0.450000,0.250000,0.200000,NOTE_HYPOTHESIS,shared_audio_intelligence_v0_2;spectral_peak;owner_supplied_audio
BE-003:pitch:02032,BE-003:onset:0490,90.952562,798.952562,153.000000,39,2.000000,64.7656,F4,344.5312,0.185760,1.000000,1.000000,0.850000,0.580000,,0.484878,1016.708,6,6,0.050000,0.300000,0.580000,0.070000,0.000000,0.450000,0.250000,0.200000,NOTE_HYPOTHESIS,shared_audio_intelligence_v0_2;spectral_peak;owner_supplied_audio
BE-003:pitch:02033,BE-003:onset:0491,91.115102,799.115102,153.318182,39,2.318182,47.7851,C3,129.1992,0.255420,1.000000,0.604325,0.850000,0.550000,,0.417136,686.000,4,1,0.550000,0.350000,0.030000,0.070000,0.480000,0.320000,0.000000,0.000000,NOTE_HYPOTHESIS,shared_audio_intelligence_v0_2;spectral_peak;owner_supplied_audio
BE-003:pitch:02034,BE-003:onset:0491,91.115102,799.115102,153.318182,39,2.318182,62.7603,D#4,306.8481,0.232200,1.000000,0.604325,0.850000,0.520000,,0.417136,686.000,4,2,0.250000,0.520000,0.150000,0.080000,0.000000,0.450000,0.250000,0.200000,NOTE_HYPOTHESIS,shared_audio_intelligence_v0_2;spectral_peak;owner_supplied_audio
BE-003:pitch:02035,BE-003:onset:0491,91.115102,799.115102,153.318182,39,2.318182,74.9115,D#5,619.0796,0.232200,1.000000,0.604325,0.850000,0.580000,,0.417136,686.000,4,3,0.050000,0.300000,0.580000,0.070000,0.000000,0.120000,0.580000,0.220000,NOTE_HYPOTHESIS,shared_audio_intelligence_v0_2;spectral_peak;owner_supplied_audio
BE-003:pitch:02036,BE-003:onset:0491,91.115102,799.115102,153.318182,39,2.318182,66.8047,G4,387.5977,0.208980,1.000000,0.604325,0.850000,0.580000,,0.417136,686.000,4,4,0.050000,0.300000,0.580000,0.070000,0.000000,0.450000,0.250000,0.200000,NOTE_HYPOTHESIS,shared_audio_intelligence_v0_2;spectral_peak;owner_supplied_audio
BE-003:pitch:02037,BE-003:onset:0492,91.324082,799.324082,153.727273,39,2.727273,46.2788,A#2,118.4326,0.208980,1.000000,0.594717,0.850000,0.550000,,0.285800,766.800,3,1,0.550000,0.350000,0.030000,0.070000,0.480000,0.320000,0.000000,0.000000,NOTE_HYPOTHESIS,shared_audio_intelligence_v0_2;spectral_peak;owner_supplied_audio
BE-003:pitch:02038,BE-003:onset:0492,91.324082,799.324082,153.727273,39,2.727273,74.6077,D#5,608.3130,0.116100,1.000000,0.594717,0.850000,0.580000,,0.285800,766.800,3,2,0.050000,0.300000,0.580000,0.070000,0.000000,0.120000,0.580000,0.220000,NOTE_HYPOTHESIS,shared_audio_intelligence_v0_2;spectral_peak;owner_supplied_audio
BE-003:pitch:02039,BE-003:onset:0492,91.324082,799.324082,153.727273,39,2.727273,63.0613,D#4,312.2314,0.116100,1.000000,0.594717,0.850000,0.520000,,0.285800,766.800,3,3,0.250000,0.520000,0.150000,0.080000,0.000000,0.450000,0.250000,0.200000,NOTE_HYPOTHESIS,shared_audio_intelligence_v0_2;spectral_peak;owner_supplied_audio
BE-003:pitch:02040,BE-003:onset:0493,91.672381,799.672381,154.409091,39,3.409091,44.6287,A2,107.6660,0.835918,1.000000,0.746548,0.850000,0.760000,,0.346269,596.555,1,1,0.760000,0.180000,0.010000,0.050000,0.480000,0.320000,0.000000,0.000000,NOTE_HYPOTHESIS,shared_audio_intelligence_v0_2;spectral_peak;owner_supplied_audio
BE-003:pitch:02041,BE-003:onset:0494,91.788481,799.788481,154.636364,39,3.636364,44.6287,A2,107.6660,0.743039,1.000000,0.653262,0.850000,0.760000,,0.319267,793.355,1,1,0.760000,0.180000,0.010000,0.050000,0.480000,0.320000,0.000000,0.000000,NOTE_HYPOTHESIS,shared_audio_intelligence_v0_2;spectral_peak;owner_supplied_audio
BE-003:pitch:02042,BE-003:onset:0495,91.858141,799.858141,154.772727,39,3.772727,45.4734,A2,113.0493,0.673379,1.000000,0.930328,0.850000,0.550000,,0.256442,1200.694,1,1,0.550000,0.350000,0.030000,0.070000,0.480000,0.320000,0.000000,0.000000,NOTE_HYPOTHESIS,shared_audio_intelligence_v0_2;spectral_peak;owner_supplied_audio
BE-003:pitch:02043,BE-003:onset:0496,91.997460,799.997460,155.040000,39,4.040000,44.6287,A2,107.6660,0.557279,1.000000,0.649958,0.850000,0.695860,,0.161333,3102.191,3,1,0.695860,0.164809,0.009952,0.129379,0.480000,0.320000,0.000000,0.000000,NOTE_HYPOTHESIS,shared_audio_intelligence_v0_2;spectral_peak;owner_supplied_audio
BE-003:pitch:02044,BE-003:onset:0496,91.997460,799.997460,155.040000,39,4.040000,34.2788,A#1,59.2163,1.532517,1.000000,0.649958,0.850000,0.695860,,0.161333,3102.191,3,2,0.695860,0.164809,0.009952,0.129379,0.480000,0.320000,0.000000,0.000000,NOTE_HYPOTHESIS,shared_audio_intelligence_v0_2;spectral_peak;owner_supplied_audio
BE-003:pitch:02045,BE-003:onset:0496,91.997460,799.997460,155.040000,39,4.040000,56.1904,G#3,209.9487,0.812698,1.000000,0.649958,0.850000,0.469756,,0.161333,3102.191,3,3,0.225844,0.469756,0.147290,0.157109,0.000000,0.450000,0.250000,0.200000,NOTE_HYPOTHESIS,shared_audio_intelligence_v0_2;spectral_peak;owner_supplied_audio
BE-003:pitch:02046,BE-003:onset:0497,92.067120,800.067120,155.160000,39,4.160000,44.6287,A2,107.6660,0.464399,1.000000,0.737473,0.850000,0.760000,,0.408481,2141.698,2,1,0.760000,0.180000,0.010000,0.050000,0.480000,0.320000,0.000000,0.000000,NOTE_HYPOTHESIS,shared_audio_intelligence_v0_2;spectral_peak;owner_supplied_audio
BE-003:pitch:02047,BE-003:onset:0497,92.067120,800.067120,155.160000,39,4.160000,34.2788,A#1,59.2163,1.532517,1.000000,0.737473,0.850000,0.760000,,0.408481,2141.698,2,2,0.760000,0.180000,0.010000,0.050000,0.480000,0.320000,0.000000,0.000000,NOTE_HYPOTHESIS,shared_audio_intelligence_v0_2;spectral_peak;owner_supplied_audio
BE-003:pitch:02048,BE-003:onset:0498,92.136780,800.136780,155.280000,39,4.280000,44.6287,A2,107.6660,0.348299,1.000000,0.904635,0.850000,0.760000,,0.497034,1007.487,1,1,0.760000,0.180000,0.010000,0.050000,0.480000,0.320000,0.000000,0.000000,NOTE_HYPOTHESIS,shared_audio_intelligence_v0_2;spectral_peak;owner_supplied_audio
BE-003:pitch:02049,BE-003:onset:0499,92.276100,800.276100,155.520000,39,4.520000,45.4734,A2,113.0493,0.232200,1.000000,1.000000,0.850000,0.550000,,0.381795,1945.728,1,1,0.550000,0.350000,0.030000,0.070000,0.480000,0.320000,0.000000,0.000000,NOTE_HYPOTHESIS,shared_audio_intelligence_v0_2;spectral_peak;owner_supplied_audio
BE-003:pitch:02050,BE-003:onset:0500,92.392200,800.392200,155.720000,39,4.720000,42.8047,G2,96.8994,0.278639,1.000000,0.800287,0.850000,0.760000,,0.489387,1468.074,1,1,0.760000,0.180000,0.010000,0.050000,0.480000,0.320000,0.000000,0.000000,NOTE_HYPOTHESIS,shared_audio_intelligence_v0_2;spectral_peak;owner_supplied_audio
BE-003:pitch:02051,BE-003:onset:0501,92.508299,800.508299,155.920000,39,4.920000,41.8151,F#2,91.5161,0.162540,1.000000,0.751927,0.850000,0.695860,,0.489468,3318.447,1,1,0.695860,0.164809,0.009952,0.129379,0.480000,0.320000,0.000000,0.000000,NOTE_HYPOTHESIS,shared_audio_intelligence_v0_2;spectral_peak;owner_supplied_audio
BE-003:pitch:02052,BE-003:onset:0502,92.647619,800.647619,156.125000,40,1.125000,41.8151,F#2,91.5161,0.371519,1.000000,0.704085,0.850000,0.760000,,0.286411,2054.422,6,1,0.760000,0.180000,0.010000,0.050000,0.480000,0.320000,0.000000,0.000000,NOTE_HYPOTHESIS,shared_audio_intelligence_v0_2;spectral_peak;owner_supplied_audio
BE-003:pitch:02053,BE-003:onset:0502,92.647619,800.647619,156.125000,40,1.125000,43.7407,G#2,102.2827,0.208980,1.000000,0.704085,0.850000,0.760000,,0.286411,2054.422,6,2,0.760000,0.180000,0.010000,0.050000,0.480000,0.320000,0.000000,0.000000,NOTE_HYPOTHESIS,shared_audio_intelligence_v0_2;spectral_peak;owner_supplied_audio
BE-003:pitch:02054,BE-003:onset:0502,92.647619,800.647619,156.125000,40,1.125000,37.1709,C#2,69.9829,1.532517,1.000000,0.704085,0.850000,0.760000,,0.286411,2054.422,6,3,0.760000,0.180000,0.010000,0.050000,0.480000,0.320000,0.000000,0.000000,NOTE_HYPOTHESIS,shared_audio_intelligence_v0_2;spectral_peak;owner_supplied_audio
BE-003:pitch:02055,BE-003:onset:0502,92.647619,800.647619,156.125000,40,1.125000,34.2788,A#1,59.2163,1.532517,1.000000,0.704085,0.850000,0.760000,,0.286411,2054.422,6,4,0.760000,0.180000,0.010000,0.050000,0.480000,0.320000,0.000000,0.000000,NOTE_HYPOTHESIS,shared_audio_intelligence_v0_2;spectral_peak;owner_supplied_audio
BE-003:pitch:02056,BE-003:onset:0502,92.647619,800.647619,156.125000,40,1.125000,55.7407,G#3,204.5654,0.162540,1.000000,0.704085,0.850000,0.520000,,0.286411,2054.422,6,5,0.250000,0.520000,0.150000,0.080000,0.000000,0.450000,0.250000,0.200000,NOTE_HYPOTHESIS,shared_audio_intelligence_v0_2;spectral_peak;owner_supplied_audio
BE-003:pitch:02057,BE-003:onset:0502,92.647619,800.647619,156.125000,40,1.125000,49.8242,D3,145.3491,1.532517,1.000000,0.704085,0.850000,0.550000,,0.286411,2054.422,6,6,0.550000,0.350000,0.030000,0.070000,0.480000,0.320000,0.000000,0.000000,NOTE_HYPOTHESIS,shared_audio_intelligence_v0_2;spectral_peak;owner_supplied_audio
BE-003:pitch:02058,BE-003:onset:0503,93.065578,801.065578,156.687500,40,1.687500,34.2788,A#1,59.2163,0.278639,1.000000,0.553481,0.850000,0.760000,,0.487045,473.239,4,1,0.760000,0.180000,0.010000,0.050000,0.480000,0.320000,0.000000,0.000000,NOTE_HYPOTHESIS,shared_audio_intelligence_v0_2;spectral_peak;owner_supplied_audio
BE-003:pitch:02059,BE-003:onset:0503,93.065578,801.065578,156.687500,40,1.687500,37.1709,C#2,69.9829,1.369977,1.000000,0.553481,0.850000,0.760000,,0.487045,473.239,4,2,0.760000,0.180000,0.010000,0.050000,0.480000,0.320000,0.000000,0.000000,NOTE_HYPOTHESIS,shared_audio_intelligence_v0_2;spectral_peak;owner_supplied_audio
BE-003:pitch:02060,BE-003:onset:0503,93.065578,801.065578,156.687500,40,1.687500,50.4538,D3,150.7324,0.859138,1.000000,0.553481,0.850000,0.550000,,0.487045,473.239,4,3,0.550000,0.350000,0.030000,0.070000,0.480000,0.320000,0.000000,0.000000,NOTE_HYPOTHESIS,shared_audio_intelligence_v0_2;spectral_peak;owner_supplied_audio
BE-003:pitch:02061,BE-003:onset:0503,93.065578,801.065578,156.687500,40,1.687500,44.6287,A2,107.6660,0.092880,1.000000,0.553481,0.850000,0.760000,,0.487045,473.239,4,4,0.760000,0.180000,0.010000,0.050000,0.480000,0.320000,0.000000,0.000000,NOTE_HYPOTHESIS,shared_audio_intelligence_v0_2;spectral_peak;owner_supplied_audio
BE-003:pitch:02062,BE-003:onset:0504,93.297778,801.297778,157.000000,40,2.000000,72.8347,C#5,549.0967,0.255420,1.000000,1.000000,0.850000,0.580000,,0.860656,1024.972,5,1,0.050000,0.300000,0.580000,0.070000,0.000000,0.120000,0.580000,0.220000,NOTE_HYPOTHESIS,shared_audio_intelligence_v0_2;spectral_peak;owner_supplied_audio
BE-003:pitch:02063,BE-003:onset:0504,93.297778,801.297778,157.000000,40,2.000000,37.1709,C#2,69.9829,1.068118,1.000000,1.000000,0.850000,0.760000,,0.860656,1024.972,5,2,0.760000,0.180000,0.010000,0.050000,0.480000,0.320000,0.000000,0.000000,NOTE_HYPOTHESIS,shared_audio_intelligence_v0_2;spectral_peak;owner_supplied_audio
BE-003:pitch:02064,BE-003:onset:0504,93.297778,801.297778,157.000000,40,2.000000,84.9193,C#6,1103.5767,0.185760,1.000000,1.000000,0.850000,0.840000,,0.860656,1024.972,5,3,0.010000,0.080000,0.840000,0.070000,0.000000,0.120000,0.580000,0.220000,NOTE_HYPOTHESIS,shared_audio_intelligence_v0_2;spectral_peak;owner_supplied_audio
BE-003:pitch:02065,BE-003:onset:0504,93.297778,801.297778,157.000000,40,2.000000,49.8242,D3,145.3491,0.441179,1.000000,1.000000,0.850000,0.550000,,0.860656,1024.972,5,4,0.550000,0.350000,0.030000,0.070000,0.480000,0.320000,0.000000,0.000000,NOTE_HYPOTHESIS,shared_audio_intelligence_v0_2;spectral_peak;owner_supplied_audio
BE-003:pitch:02066,BE-003:onset:0504,93.297778,801.297778,157.000000,40,2.000000,60.8347,C#4,274.5483,0.255420,1.000000,1.000000,0.850000,0.520000,,0.860656,1024.972,5,5,0.250000,0.520000,0.150000,0.080000,0.000000,0.450000,0.250000,0.200000,NOTE_HYPOTHESIS,shared_audio_intelligence_v0_2;spectral_peak;owner_supplied_audio
BE-003:pitch:02067,BE-003:onset:0505,93.437098,801.437098,157.230769,40,2.230769,73.0036,C#5,554.4800,0.116100,1.000000,0.889545,0.850000,0.580000,,0.801388,814.523,6,1,0.050000,0.300000,0.580000,0.070000,0.000000,0.120000,0.580000,0.220000,NOTE_HYPOTHESIS,shared_audio_intelligence_v0_2;spectral_peak;owner_supplied_audio
BE-003:pitch:02068,BE-003:onset:0505,93.437098,801.437098,157.230769,40,2.230769,61.8242,D4,290.6982,0.208980,1.000000,0.889545,0.850000,0.520000,,0.801388,814.523,6,2,0.250000,0.520000,0.150000,0.080000,0.000000,0.450000,0.250000,0.200000,NOTE_HYPOTHESIS,shared_audio_intelligence_v0_2;spectral_peak;owner_supplied_audio
BE-003:pitch:02069,BE-003:onset:0505,93.437098,801.437098,157.230769,40,2.230769,37.1709,C#2,69.9829,0.952018,1.000000,0.889545,0.850000,0.760000,,0.801388,814.523,6,3,0.760000,0.180000,0.010000,0.050000,0.480000,0.320000,0.000000,0.000000,NOTE_HYPOTHESIS,shared_audio_intelligence_v0_2;spectral_peak;owner_supplied_audio
BE-003:pitch:02070,BE-003:onset:0505,93.437098,801.437098,157.230769,40,2.230769,49.8242,D3,145.3491,0.394739,1.000000,0.889545,0.850000,0.550000,,0.801388,814.523,6,4,0.550000,0.350000,0.030000,0.070000,0.480000,0.320000,0.000000,0.000000,NOTE_HYPOTHESIS,shared_audio_intelligence_v0_2;spectral_peak;owner_supplied_audio
BE-003:pitch:02071,BE-003:onset:0505,93.437098,801.437098,157.230769,40,2.230769,60.8347,C#4,274.5483,0.092880,1.000000,0.889545,0.850000,0.520000,,0.801388,814.523,6,5,0.250000,0.520000,0.150000,0.080000,0.000000,0.450000,0.250000,0.200000,NOTE_HYPOTHESIS,shared_audio_intelligence_v0_2;spectral_peak;owner_supplied_audio
BE-003:pitch:02072,BE-003:onset:0505,93.437098,801.437098,157.230769,40,2.230769,73.9838,D5,586.7798,0.232200,1.000000,0.889545,0.850000,0.580000,,0.801388,814.523,6,6,0.050000,0.300000,0.580000,0.070000,0.000000,0.120000,0.580000,0.220000,NOTE_HYPOTHESIS,shared_audio_intelligence_v0_2;spectral_peak;owner_supplied_audio
BE-003:pitch:02073,BE-003:onset:0506,93.599637,801.599637,157.500000,40,2.500000,37.1709,C#2,69.9829,0.789478,1.000000,0.866467,0.850000,0.760000,,0.443961,792.827,6,1,0.760000,0.180000,0.010000,0.050000,0.480000,0.320000,0.000000,0.000000,NOTE_HYPOTHESIS,shared_audio_intelligence_v0_2;spectral_peak;owner_supplied_audio
BE-003:pitch:02074,BE-003:onset:0506,93.599637,801.599637,157.500000,40,2.500000,61.8242,D4,290.6982,0.069660,1.000000,0.866467,0.850000,0.520000,,0.443961,792.827,6,2,0.250000,0.520000,0.150000,0.080000,0.000000,0.450000,0.250000,0.200000,NOTE_HYPOTHESIS,shared_audio_intelligence_v0_2;spectral_peak;owner_supplied_audio
BE-003:pitch:02075,BE-003:onset:0506,93.599637,801.599637,157.500000,40,2.500000,57.8808,A#3,231.4819,0.278639,1.000000,0.866467,0.850000,0.520000,,0.443961,792.827,6,3,0.250000,0.520000,0.150000,0.080000,0.000000,0.450000,0.250000,0.200000,NOTE_HYPOTHESIS,shared_audio_intelligence_v0_2;spectral_peak;owner_supplied_audio
BE-003:pitch:02076,BE-003:onset:0506,93.599637,801.599637,157.500000,40,2.500000,81.8808,A#5,925.9277,0.185760,1.000000,0.866467,0.850000,0.840000,,0.443961,792.827,6,4,0.010000,0.080000,0.840000,0.070000,0.000000,0.120000,0.580000,0.220000,NOTE_HYPOTHESIS,shared_audio_intelligence_v0_2;spectral_peak;owner_supplied_audio
BE-003:pitch:02077,BE-003:onset:0506,93.599637,801.599637,157.500000,40,2.500000,49.8242,D3,145.3491,0.348299,1.000000,0.866467,0.850000,0.550000,,0.443961,792.827,6,5,0.550000,0.350000,0.030000,0.070000,0.480000,0.320000,0.000000,0.000000,NOTE_HYPOTHESIS,shared_audio_intelligence_v0_2;spectral_peak;owner_supplied_audio
BE-003:pitch:02078,BE-003:onset:0506,93.599637,801.599637,157.500000,40,2.500000,73.9838,D5,586.7798,0.092880,1.000000,0.866467,0.850000,0.580000,,0.443961,792.827,6,6,0.050000,0.300000,0.580000,0.070000,0.000000,0.120000,0.580000,0.220000,NOTE_HYPOTHESIS,shared_audio_intelligence_v0_2;spectral_peak;owner_supplied_audio
BE-003:pitch:02079,BE-003:onset:0507,93.738957,801.738957,157.730769,40,2.730769,37.1709,C#2,69.9829,0.650159,1.000000,0.447289,0.850000,0.760000,,0.320984,714.194,6,1,0.760000,0.180000,0.010000,0.050000,0.480000,0.320000,0.000000,0.000000,NOTE_HYPOTHESIS,shared_audio_intelligence_v0_2;spectral_peak;owner_supplied_audio
BE-003:pitch:02080,BE-003:onset:0507,93.738957,801.738957,157.730769,40,2.730769,57.8808,A#3,231.4819,0.139320,1.000000,0.447289,0.850000,0.520000,,0.320984,714.194,6,2,0.250000,0.520000,0.150000,0.080000,0.000000,0.450000,0.250000,0.200000,NOTE_HYPOTHESIS,shared_audio_intelligence_v0_2;spectral_peak;owner_supplied_audio
BE-003:pitch:02081,BE-003:onset:0507,93.738957,801.738957,157.730769,40,2.730769,66.8047,G4,387.5977,0.162540,1.000000,0.447289,0.850000,0.580000,,0.320984,714.194,6,3,0.050000,0.300000,0.580000,0.070000,0.000000,0.450000,0.250000,0.200000,NOTE_HYPOTHESIS,shared_audio_intelligence_v0_2;spectral_peak;owner_supplied_audio
BE-003:pitch:02082,BE-003:onset:0507,93.738957,801.738957,157.730769,40,2.730769,69.8808,A#4,462.9639,0.116100,1.000000,0.447289,0.850000,0.580000,,0.320984,714.194,6,4,0.050000,0.300000,0.580000,0.070000,0.000000,0.450000,0.250000,0.200000,NOTE_HYPOTHESIS,shared_audio_intelligence_v0_2;spectral_peak;owner_supplied_audio
BE-003:pitch:02083,BE-003:onset:0507,93.738957,801.738957,157.730769,40,2.730769,81.8808,A#5,925.9277,0.092880,1.000000,0.447289,0.850000,0.840000,,0.320984,714.194,6,5,0.010000,0.080000,0.840000,0.070000,0.000000,0.120000,0.580000,0.220000,NOTE_HYPOTHESIS,shared_audio_intelligence_v0_2;spectral_peak;owner_supplied_audio
BE-003:pitch:02084,BE-003:onset:0507,93.738957,801.738957,157.730769,40,2.730769,49.8242,D3,145.3491,1.532517,1.000000,0.447289,0.850000,0.550000,,0.320984,714.194,6,6,0.550000,0.350000,0.030000,0.070000,0.480000,0.320000,0.000000,0.000000,NOTE_HYPOTHESIS,shared_audio_intelligence_v0_2;spectral_peak;owner_supplied_audio
BE-003:pitch:02085,BE-003:onset:0508,93.901497,801.901497,158.000000,40,3.000000,37.1709,C#2,69.9829,0.534059,1.000000,0.794010,0.850000,0.760000,,0.356381,870.364,4,1,0.760000,0.180000,0.010000,0.050000,0.480000,0.320000,0.000000,0.000000,NOTE_HYPOTHESIS,shared_audio_intelligence_v0_2;spectral_peak;owner_supplied_audio
BE-003:pitch:02086,BE-003:onset:0508,93.901497,801.901497,158.000000,40,3.000000,57.0562,A3,220.7153,0.208980,1.000000,0.794010,0.850000,0.520000,,0.356381,870.364,4,2,0.250000,0.520000,0.150000,0.080000,0.000000,0.450000,0.250000,0.200000,NOTE_HYPOTHESIS,shared_audio_intelligence_v0_2;spectral_peak;owner_supplied_audio
BE-003:pitch:02087,BE-003:onset:0508,93.901497,801.901497,158.000000,40,3.000000,68.8438,A4,436.0474,0.255420,1.000000,0.794010,0.850000,0.580000,,0.356381,870.364,4,3,0.050000,0.300000,0.580000,0.070000,0.000000,0.450000,0.250000,0.200000,NOTE_HYPOTHESIS,shared_audio_intelligence_v0_2;spectral_peak;owner_supplied_audio
BE-003:pitch:02088,BE-003:onset:0508,93.901497,801.901497,158.000000,40,3.000000,49.8242,D3,145.3491,1.532517,1.000000,0.794010,0.850000,0.550000,,0.356381,870.364,4,4,0.550000,0.350000,0.030000,0.070000,0.480000,0.320000,0.000000,0.000000,NOTE_HYPOTHESIS,shared_audio_intelligence_v0_2;spectral_peak;owner_supplied_audio
BE-003:pitch:02089,BE-003:onset:0509,94.017596,802.017596,158.200000,40,3.200000,71.7851,C5,516.7969,0.185760,1.000000,1.000000,0.850000,0.580000,,0.689250,1047.869,5,1,0.050000,0.300000,0.580000,0.070000,0.000000,0.120000,0.580000,0.220000,NOTE_HYPOTHESIS,shared_audio_intelligence_v0_2;spectral_peak;owner_supplied_audio
BE-003:pitch:02090,BE-003:onset:0509,94.017596,802.017596,158.200000,40,3.200000,59.7851,C4,258.3984,0.208980,1.000000,1.000000,0.850000,0.520000,,0.689250,1047.869,5,2,0.250000,0.520000,0.150000,0.080000,0.000000,0.450000,0.250000,0.200000,NOTE_HYPOTHESIS,shared_audio_intelligence_v0_2;spectral_peak;owner_supplied_audio
BE-003:pitch:02091,BE-003:onset:0509,94.017596,802.017596,158.200000,40,3.200000,83.8751,C6,1038.9771,0.116100,1.000000,1.000000,0.850000,0.840000,,0.689250,1047.869,5,3,0.010000,0.080000,0.840000,0.070000,0.000000,0.120000,0.580000,0.220000,NOTE_HYPOTHESIS,shared_audio_intelligence_v0_2;spectral_peak;owner_supplied_audio
BE-003:pitch:02092,BE-003:onset:0509,94.017596,802.017596,158.200000,40,3.200000,37.1709,C#2,69.9829,0.417959,1.000000,1.000000,0.850000,0.760000,,0.689250,1047.869,5,4,0.760000,0.180000,0.010000,0.050000,0.480000,0.320000,0.000000,0.000000,NOTE_HYPOTHESIS,shared_audio_intelligence_v0_2;spectral_peak;owner_supplied_audio
BE-003:pitch:02093,BE-003:onset:0509,94.017596,802.017596,158.200000,40,3.200000,90.9841,G6,1566.5405,0.116100,1.000000,1.000000,0.850000,0.840000,,0.689250,1047.869,5,5,0.010000,0.080000,0.840000,0.070000,0.000000,0.120000,0.580000,0.220000,NOTE_HYPOTHESIS,shared_audio_intelligence_v0_2;spectral_peak;owner_supplied_audio
BE-003:pitch:02094,BE-003:onset:0510,94.180136,802.180136,158.480000,40,3.480000,82.9540,B5,985.1440,0.185760,1.000000,1.000000,0.850000,0.840000,,0.582039,963.231,5,1,0.010000,0.080000,0.840000,0.070000,0.000000,0.120000,0.580000,0.220000,NOTE_HYPOTHESIS,shared_audio_intelligence_v0_2;spectral_peak;owner_supplied_audio
BE-003:pitch:02095,BE-003:onset:0510,94.180136,802.180136,158.480000,40,3.480000,59.0483,B3,247.6318,0.232200,1.000000,1.000000,0.850000,0.520000,,0.582039,963.231,5,2,0.250000,0.520000,0.150000,0.080000,0.000000,0.450000,0.250000,0.200000,NOTE_HYPOTHESIS,shared_audio_intelligence_v0_2;spectral_peak;owner_supplied_audio
BE-003:pitch:02096,BE-003:onset:0510,94.180136,802.180136,158.480000,40,3.480000,71.9645,C5,522.1802,0.116100,1.000000,1.000000,0.850000,0.580000,,0.582039,963.231,5,3,0.050000,0.300000,0.580000,0.070000,0.000000,0.120000,0.580000,0.220000,NOTE_HYPOTHESIS,shared_audio_intelligence_v0_2;spectral_peak;owner_supplied_audio
BE-003:pitch:02097,BE-003:onset:0510,94.180136,802.180136,158.480000,40,3.480000,37.1709,C#2,69.9829,0.325079,1.000000,1.000000,0.850000,0.760000,,0.582039,963.231,5,4,0.760000,0.180000,0.010000,0.050000,0.480000,0.320000,0.000000,0.000000,NOTE_HYPOTHESIS,shared_audio_intelligence_v0_2;spectral_peak;owner_supplied_audio
BE-003:pitch:02098,BE-003:onset:0510,94.180136,802.180136,158.480000,40,3.480000,70.6678,B4,484.4971,0.185760,1.000000,1.000000,0.850000,0.580000,,0.582039,963.231,5,5,0.050000,0.300000,0.580000,0.070000,0.000000,0.120000,0.580000,0.220000,NOTE_HYPOTHESIS,shared_audio_intelligence_v0_2;spectral_peak;owner_supplied_audio
BE-003:pitch:02099,BE-003:onset:0511,94.296236,802.296236,158.680000,40,3.680000,82.8591,B5,979.7607,0.069660,1.000000,1.000000,0.850000,0.840000,,0.495895,1041.669,6,1,0.010000,0.080000,0.840000,0.070000,0.000000,0.120000,0.580000,0.220000,NOTE_HYPOTHESIS,shared_audio_intelligence_v0_2;spectral_peak;owner_supplied_audio
BE-003:pitch:02100,BE-003:onset:0511,94.296236,802.296236,158.680000,40,3.680000,81.8808,A#5,925.9277,0.162540,1.000000,1.000000,0.850000,0.840000,,0.495895,1041.669,6,2,0.010000,0.080000,0.840000,0.070000,0.000000,0.120000,0.580000,0.220000,NOTE_HYPOTHESIS,shared_audio_intelligence_v0_2;spectral_peak;owner_supplied_audio
BE-003:pitch:02101,BE-003:onset:0511,94.296236,802.296236,158.680000,40,3.680000,59.0483,B3,247.6318,0.116100,1.000000,1.000000,0.850000,0.520000,,0.495895,1041.669,6,3,0.250000,0.520000,0.150000,0.080000,0.000000,0.450000,0.250000,0.200000,NOTE_HYPOTHESIS,shared_audio_intelligence_v0_2;spectral_peak;owner_supplied_audio
BE-003:pitch:02102,BE-003:onset:0511,94.296236,802.296236,158.680000,40,3.680000,69.8808,A#4,462.9639,0.185760,1.000000,1.000000,0.850000,0.580000,,0.495895,1041.669,6,4,0.050000,0.300000,0.580000,0.070000,0.000000,0.450000,0.250000,0.200000,NOTE_HYPOTHESIS,shared_audio_intelligence_v0_2;spectral_peak;owner_supplied_audio
BE-003:pitch:02103,BE-003:onset:0511,94.296236,802.296236,158.680000,40,3.680000,37.1709,C#2,69.9829,0.348299,1.000000,1.000000,0.850000,0.760000,,0.495895,1041.669,6,5,0.760000,0.180000,0.010000,0.050000,0.480000,0.320000,0.000000,0.000000,NOTE_HYPOTHESIS,shared_audio_intelligence_v0_2;spectral_peak;owner_supplied_audio
BE-003:pitch:02104,BE-003:onset:0511,94.296236,802.296236,158.680000,40,3.680000,88.9673,F6,1394.2749,0.139320,1.000000,1.000000,0.850000,0.840000,,0.495895,1041.669,6,6,0.010000,0.080000,0.840000,0.070000,0.000000,0.120000,0.580000,0.220000,NOTE_HYPOTHESIS,shared_audio_intelligence_v0_2;spectral_peak;owner_supplied_audio
BE-003:pitch:02105,BE-003:onset:0512,94.458776,802.458776,158.960000,40,3.960000,61.8242,D4,290.6982,0.255420,1.000000,0.903822,0.850000,0.520000,,0.463758,2476.671,6,1,0.250000,0.520000,0.150000,0.080000,0.000000,0.450000,0.250000,0.200000,NOTE_HYPOTHESIS,shared_audio_intelligence_v0_2;spectral_peak;owner_supplied_audio
BE-003:pitch:02106,BE-003:onset:0512,94.458776,802.458776,158.960000,40,3.960000,73.8242,D5,581.3965,0.208980,1.000000,0.903822,0.850000,0.580000,,0.463758,2476.671,6,2,0.050000,0.300000,0.580000,0.070000,0.000000,0.120000,0.580000,0.220000,NOTE_HYPOTHESIS,shared_audio_intelligence_v0_2;spectral_peak;owner_supplied_audio
BE-003:pitch:02107,BE-003:onset:0512,94.458776,802.458776,158.960000,40,3.960000,69.8808,A#4,462.9639,0.116100,0.943220,0.903822,0.821610,0.580000,,0.463758,2476.671,6,3,0.050000,0.300000,0.580000,0.070000,0.000000,0.450000,0.250000,0.200000,NOTE_HYPOTHESIS,shared_audio_intelligence_v0_2;spectral_peak;owner_supplied_audio
BE-003:pitch:02108,BE-003:onset:0512,94.458776,802.458776,158.960000,40,3.960000,37.1709,C#2,69.9829,0.557279,0.901626,0.903822,0.800813,0.760000,,0.463758,2476.671,6,4,0.760000,0.180000,0.010000,0.050000,0.480000,0.320000,0.000000,0.000000,NOTE_HYPOTHESIS,shared_audio_intelligence_v0_2;spectral_peak;owner_supplied_audio
BE-003:pitch:02109,BE-003:onset:0512,94.458776,802.458776,158.960000,40,3.960000,49.1709,C#3,139.9658,1.532517,0.898927,0.903822,0.799464,0.550000,,0.463758,2476.671,6,5,0.550000,0.350000,0.030000,0.070000,0.480000,0.320000,0.000000,0.000000,NOTE_HYPOTHESIS,shared_audio_intelligence_v0_2;spectral_peak;owner_supplied_audio
BE-003:pitch:02110,BE-003:onset:0512,94.458776,802.458776,158.960000,40,3.960000,81.8808,A#5,925.9277,0.069660,0.889166,0.903822,0.794583,0.840000,,0.463758,2476.671,6,6,0.010000,0.080000,0.840000,0.070000,0.000000,0.120000,0.580000,0.220000,NOTE_HYPOTHESIS,shared_audio_intelligence_v0_2;spectral_peak;owner_supplied_audio
BE-003:pitch:02111,BE-003:onset:0513,94.644535,802.644535,159.241379,40,4.241379,49.8242,D3,145.3491,1.532517,1.000000,0.667381,0.850000,0.550000,,0.302257,2156.435,6,1,0.550000,0.350000,0.030000,0.070000,0.480000,0.320000,0.000000,0.000000,NOTE_HYPOTHESIS,shared_audio_intelligence_v0_2;spectral_peak;owner_supplied_audio
BE-003:pitch:02112,BE-003:onset:0513,94.644535,802.644535,159.241379,40,4.241379,51.0613,D#3,156.1157,0.371519,1.000000,0.667381,0.850000,0.550000,,0.302257,2156.435,6,2,0.550000,0.350000,0.030000,0.070000,0.480000,0.320000,0.000000,0.000000,NOTE_HYPOTHESIS,shared_audio_intelligence_v0_2;spectral_peak;owner_supplied_audio
BE-003:pitch:02113,BE-003:onset:0513,94.644535,802.644535,159.241379,40,4.241379,62.1419,D4,296.0815,0.092880,1.000000,0.667381,0.850000,0.520000,,0.302257,2156.435,6,3,0.250000,0.520000,0.150000,0.080000,0.000000,0.450000,0.250000,0.200000,NOTE_HYPOTHESIS,shared_audio_intelligence_v0_2;spectral_peak;owner_supplied_audio
BE-003:pitch:02114,BE-003:onset:0513,94.644535,802.644535,159.241379,40,4.241379,42.8047,G2,96.8994,0.371519,0.949213,0.667381,0.824606,0.760000,,0.302257,2156.435,6,4,0.760000,0.180000,0.010000,0.050000,0.480000,0.320000,0.000000,0.000000,NOTE_HYPOTHESIS,shared_audio_intelligence_v0_2;spectral_peak;owner_supplied_audio
BE-003:pitch:02115,BE-003:onset:0513,94.644535,802.644535,159.241379,40,4.241379,34.2788,A#1,59.2163,0.417959,0.886871,0.667381,0.793435,0.760000,,0.302257,2156.435,6,5,0.760000,0.180000,0.010000,0.050000,0.480000,0.320000,0.000000,0.000000,NOTE_HYPOTHESIS,shared_audio_intelligence_v0_2;spectral_peak;owner_supplied_audio
BE-003:pitch:02116,BE-003:onset:0513,94.644535,802.644535,159.241379,40,4.241379,40.7656,F2,86.1328,0.580499,0.843395,0.667381,0.771697,0.760000,,0.302257,2156.435,6,6,0.760000,0.180000,0.010000,0.050000,0.480000,0.320000,0.000000,0.000000,NOTE_HYPOTHESIS,shared_audio_intelligence_v0_2;spectral_peak;owner_supplied_audio
BE-003:pitch:02117,BE-003:onset:0514,94.760635,802.760635,159.413793,40,4.413793,49.1709,C#3,139.9658,1.532517,1.000000,0.820289,0.850000,0.501984,,0.231003,2736.810,4,1,0.501984,0.319444,0.029762,0.148810,0.480000,0.320000,0.000000,0.000000,NOTE_HYPOTHESIS,shared_audio_intelligence_v0_2;spectral_peak;owner_supplied_audio
BE-003:pitch:02118,BE-003:onset:0514,94.760635,802.760635,159.413793,40,4.413793,43.7407,G#2,102.2827,0.208980,1.000000,0.820289,0.850000,0.695860,,0.231003,2736.810,4,2,0.695860,0.164809,0.009952,0.129379,0.480000,0.320000,0.000000,0.000000,NOTE_HYPOTHESIS,shared_audio_intelligence_v0_2;spectral_peak;owner_supplied_audio
BE-003:pitch:02119,BE-003:onset:0514,94.760635,802.760635,159.413793,40,4.413793,51.0613,D#3,156.1157,1.532517,0.944142,0.820289,0.822071,0.501984,,0.231003,2736.810,4,3,0.501984,0.319444,0.029762,0.148810,0.480000,0.320000,0.000000,0.000000,NOTE_HYPOTHESIS,shared_audio_intelligence_v0_2;spectral_peak;owner_supplied_audio
BE-003:pitch:02120,BE-003:onset:0514,94.760635,802.760635,159.413793,40,4.413793,62.4538,D4,301.4648,0.185760,0.765258,0.820289,0.732629,0.520000,,0.231003,2736.810,4,4,0.250000,0.520000,0.150000,0.080000,0.000000,0.450000,0.250000,0.200000,NOTE_HYPOTHESIS,shared_audio_intelligence_v0_2;spectral_peak;owner_supplied_audio
BE-003:pitch:02121,BE-003:onset:0515,94.807075,802.807075,159.482759,40,4.482759,49.1709,C#3,139.9658,0.208980,1.000000,0.903135,0.850000,0.550000,,0.229186,1483.130,2,1,0.550000,0.350000,0.030000,0.070000,0.480000,0.320000,0.000000,0.000000,NOTE_HYPOTHESIS,shared_audio_intelligence_v0_2;spectral_peak;owner_supplied_audio
BE-003:pitch:02122,BE-003:onset:0515,94.807075,802.807075,159.482759,40,4.482759,43.7407,G#2,102.2827,0.162540,1.000000,0.903135,0.850000,0.760000,,0.229186,1483.130,2,2,0.760000,0.180000,0.010000,0.050000,0.480000,0.320000,0.000000,0.000000,NOTE_HYPOTHESIS,shared_audio_intelligence_v0_2;spectral_peak;owner_supplied_audio
BE-003:pitch:02123,BE-003:onset:0516,95.016054,803.016054,159.793103,40,4.793103,49.8242,D3,145.3491,1.532517,0.831781,1.000000,0.765890,0.501984,,0.077658,3567.363,6,1,0.501984,0.319444,0.029762,0.148810,0.480000,0.320000,0.000000,0.000000,NOTE_HYPOTHESIS,shared_audio_intelligence_v0_2;spectral_peak;owner_supplied_audio
BE-003:pitch:02124,BE-003:onset:0516,95.016054,803.016054,159.793103,40,4.793103,73.6632,D5,576.0132,0.928798,0.737938,1.000000,0.718969,0.580000,,0.077658,3567.363,6,2,0.050000,0.300000,0.580000,0.070000,0.000000,0.120000,0.580000,0.220000,NOTE_HYPOTHESIS,shared_audio_intelligence_v0_2;spectral_peak;owner_supplied_audio
BE-003:pitch:02125,BE-003:onset:0516,95.016054,803.016054,159.793103,40,4.793103,61.8242,D4,290.6982,0.185760,0.723786,1.000000,0.711893,0.520000,,0.077658,3567.363,6,3,0.250000,0.520000,0.150000,0.080000,0.000000,0.450000,0.250000,0.200000,NOTE_HYPOTHESIS,shared_audio_intelligence_v0_2;spectral_peak;owner_supplied_audio
BE-003:pitch:02126,BE-003:onset:0516,95.016054,803.016054,159.793103,40,4.793103,68.6287,A4,430.6641,0.208980,0.695987,1.000000,0.697993,0.580000,,0.077658,3567.363,6,4,0.050000,0.300000,0.580000,0.070000,0.000000,0.450000,0.250000,0.200000,NOTE_HYPOTHESIS,shared_audio_intelligence_v0_2;spectral_peak;owner_supplied_audio
BE-003:pitch:02127,BE-003:onset:0516,95.016054,803.016054,159.793103,40,4.793103,34.2788,A#1,59.2163,1.532517,0.641568,1.000000,0.670784,0.695860,,0.077658,3567.363,6,5,0.695860,0.164809,0.009952,0.129379,0.480000,0.320000,0.000000,0.000000,NOTE_HYPOTHESIS,shared_audio_intelligence_v0_2;spectral_peak;owner_supplied_audio
BE-003:pitch:02128,BE-003:onset:0516,95.016054,803.016054,159.793103,40,4.793103,39.6483,E2,80.7495,1.532517,0.598608,1.000000,0.649304,0.695860,,0.077658,3567.363,6,6,0.695860,0.164809,0.009952,0.129379,0.480000,0.320000,0.000000,0.000000,NOTE_HYPOTHESIS,shared_audio_intelligence_v0_2;spectral_peak;owner_supplied_audio
BE-003:pitch:02129,BE-003:onset:0517,95.155374,803.155374,160.000000,41,1.000000,49.8242,D3,145.3491,1.068118,1.000000,0.433108,0.850000,0.550000,,0.459455,2345.068,3,1,0.550000,0.350000,0.030000,0.070000,0.480000,0.320000,0.000000,0.000000,NOTE_HYPOTHESIS,shared_audio_intelligence_v0_2;spectral_peak;owner_supplied_audio
BE-003:pitch:02130,BE-003:onset:0517,95.155374,803.155374,160.000000,41,1.000000,47.7851,C3,129.1992,0.394739,1.000000,0.433108,0.850000,0.550000,,0.459455,2345.068,3,2,0.550000,0.350000,0.030000,0.070000,0.480000,0.320000,0.000000,0.000000,NOTE_HYPOTHESIS,shared_audio_intelligence_v0_2;spectral_peak;owner_supplied_audio
BE-003:pitch:02131,BE-003:onset:0517,95.155374,803.155374,160.000000,41,1.000000,43.7407,G#2,102.2827,0.092880,1.000000,0.433108,0.850000,0.760000,,0.459455,2345.068,3,3,0.760000,0.180000,0.010000,0.050000,0.480000,0.320000,0.000000,0.000000,NOTE_HYPOTHESIS,shared_audio_intelligence_v0_2;spectral_peak;owner_supplied_audio
BE-003:pitch:02132,BE-003:onset:0518,95.317914,803.317914,160.280000,41,1.280000,49.8242,D3,145.3491,1.532517,1.000000,1.000000,0.850000,0.550000,,0.361473,1774.946,5,1,0.550000,0.350000,0.030000,0.070000,0.480000,0.320000,0.000000,0.000000,NOTE_HYPOTHESIS,shared_audio_intelligence_v0_2;spectral_peak;owner_supplied_audio
BE-003:pitch:02133,BE-003:onset:0518,95.317914,803.317914,160.280000,41,1.280000,48.4919,C3,134.5825,1.532517,1.000000,1.000000,0.850000,0.550000,,0.361473,1774.946,5,2,0.550000,0.350000,0.030000,0.070000,0.480000,0.320000,0.000000,0.000000,NOTE_HYPOTHESIS,shared_audio_intelligence_v0_2;spectral_peak;owner_supplied_audio
BE-003:pitch:02134,BE-003:onset:0518,95.317914,803.317914,160.280000,41,1.280000,34.2788,A#1,59.2163,1.532517,0.996073,1.000000,0.848036,0.760000,,0.361473,1774.946,5,3,0.760000,0.180000,0.010000,0.050000,0.480000,0.320000,0.000000,0.000000,NOTE_HYPOTHESIS,shared_audio_intelligence_v0_2;spectral_peak;owner_supplied_audio
BE-003:pitch:02135,BE-003:onset:0518,95.317914,803.317914,160.280000,41,1.280000,55.7407,G#3,204.5654,0.208980,0.944983,1.000000,0.822492,0.520000,,0.361473,1774.946,5,4,0.250000,0.520000,0.150000,0.080000,0.000000,0.450000,0.250000,0.200000,NOTE_HYPOTHESIS,shared_audio_intelligence_v0_2;spectral_peak;owner_supplied_audio
BE-003:pitch:02136,BE-003:onset:0518,95.317914,803.317914,160.280000,41,1.280000,66.5625,G4,382.2144,0.255420,0.875579,1.000000,0.787789,0.580000,,0.361473,1774.946,5,5,0.050000,0.300000,0.580000,0.070000,0.000000,0.450000,0.250000,0.200000,NOTE_HYPOTHESIS,shared_audio_intelligence_v0_2;spectral_peak;owner_supplied_audio
BE-003:pitch:02137,BE-003:onset:0519,95.434014,803.434014,160.480000,41,1.480000,49.8242,D3,145.3491,0.208980,1.000000,0.657114,0.850000,0.550000,,0.295245,890.913,3,1,0.550000,0.350000,0.030000,0.070000,0.480000,0.320000,0.000000,0.000000,NOTE_HYPOTHESIS,shared_audio_intelligence_v0_2;spectral_peak;owner_supplied_audio
BE-003:pitch:02138,BE-003:onset:0519,95.434014,803.434014,160.480000,41,1.480000,47.7851,C3,129.1992,0.092880,1.000000,0.657114,0.850000,0.550000,,0.295245,890.913,3,2,0.550000,0.350000,0.030000,0.070000,0.480000,0.320000,0.000000,0.000000,NOTE_HYPOTHESIS,shared_audio_intelligence_v0_2;spectral_peak;owner_supplied_audio
BE-003:pitch:02139,BE-003:onset:0519,95.434014,803.434014,160.480000,41,1.480000,43.7407,G#2,102.2827,0.092880,1.000000,0.657114,0.850000,0.760000,,0.295245,890.913,3,3,0.760000,0.180000,0.010000,0.050000,0.480000,0.320000,0.000000,0.000000,NOTE_HYPOTHESIS,shared_audio_intelligence_v0_2;spectral_peak;owner_supplied_audio
BE-003:pitch:02140,BE-003:onset:0520,95.712653,803.712653,160.960000,41,1.960000,49.1709,C#3,139.9658,0.510839,1.000000,0.608986,0.850000,0.550000,,0.334101,775.753,2,1,0.550000,0.350000,0.030000,0.070000,0.480000,0.320000,0.000000,0.000000,NOTE_HYPOTHESIS,shared_audio_intelligence_v0_2;spectral_peak;owner_supplied_audio
BE-003:pitch:02141,BE-003:onset:0520,95.712653,803.712653,160.960000,41,1.960000,43.7407,G#2,102.2827,0.162540,1.000000,0.608986,0.850000,0.760000,,0.334101,775.753,2,2,0.760000,0.180000,0.010000,0.050000,0.480000,0.320000,0.000000,0.000000,NOTE_HYPOTHESIS,shared_audio_intelligence_v0_2;spectral_peak;owner_supplied_audio
BE-003:pitch:02142,BE-003:onset:0521,95.759093,803.759093,161.040000,41,2.040000,49.8242,D3,145.3491,0.185760,1.000000,0.616815,0.850000,0.550000,,0.365321,610.487,2,1,0.550000,0.350000,0.030000,0.070000,0.480000,0.320000,0.000000,0.000000,NOTE_HYPOTHESIS,shared_audio_intelligence_v0_2;spectral_peak;owner_supplied_audio
BE-003:pitch:02143,BE-003:onset:0521,95.759093,803.759093,161.040000,41,2.040000,43.7407,G#2,102.2827,0.092880,1.000000,0.616815,0.850000,0.760000,,0.365321,610.487,2,2,0.760000,0.180000,0.010000,0.050000,0.480000,0.320000,0.000000,0.000000,NOTE_HYPOTHESIS,shared_audio_intelligence_v0_2;spectral_peak;owner_supplied_audio
BE-003:pitch:02144,BE-003:onset:0522,96.014512,804.014512,161.480000,41,2.480000,49.8242,D3,145.3491,0.208980,1.000000,0.553991,0.850000,0.550000,,0.252394,630.860,3,1,0.550000,0.350000,0.030000,0.070000,0.480000,0.320000,0.000000,0.000000,NOTE_HYPOTHESIS,shared_audio_intelligence_v0_2;spectral_peak;owner_supplied_audio
BE-003:pitch:02145,BE-003:onset:0522,96.014512,804.014512,161.480000,41,2.480000,43.7407,G#2,102.2827,0.139320,1.000000,0.553991,0.850000,0.760000,,0.252394,630.860,3,2,0.760000,0.180000,0.010000,0.050000,0.480000,0.320000,0.000000,0.000000,NOTE_HYPOTHESIS,shared_audio_intelligence_v0_2;spectral_peak;owner_supplied_audio
BE-003:pitch:02146,BE-003:onset:0522,96.014512,804.014512,161.480000,41,2.480000,35.7851,C2,64.5996,0.789478,1.000000,0.553991,0.850000,0.760000,,0.252394,630.860,3,3,0.760000,0.180000,0.010000,0.050000,0.480000,0.320000,0.000000,0.000000,NOTE_HYPOTHESIS,shared_audio_intelligence_v0_2;spectral_peak;owner_supplied_audio
BE-003:pitch:02147,BE-003:onset:0523,96.269932,804.269932,161.920000,41,2.920000,48.4919,C3,134.5825,0.557279,1.000000,0.688032,0.850000,0.550000,,0.269574,727.881,5,1,0.550000,0.350000,0.030000,0.070000,0.480000,0.320000,0.000000,0.000000,NOTE_HYPOTHESIS,shared_audio_intelligence_v0_2;spectral_peak;owner_supplied_audio
BE-003:pitch:02148,BE-003:onset:0523,96.269932,804.269932,161.920000,41,2.920000,50.4538,D3,150.7324,0.696599,1.000000,0.688032,0.850000,0.550000,,0.269574,727.881,5,2,0.550000,0.350000,0.030000,0.070000,0.480000,0.320000,0.000000,0.000000,NOTE_HYPOTHESIS,shared_audio_intelligence_v0_2;spectral_peak;owner_supplied_audio
BE-003:pitch:02149,BE-003:onset:0523,96.269932,804.269932,161.920000,41,2.920000,43.7407,G#2,102.2827,0.417959,1.000000,0.688032,0.850000,0.760000,,0.269574,727.881,5,3,0.760000,0.180000,0.010000,0.050000,0.480000,0.320000,0.000000,0.000000,NOTE_HYPOTHESIS,shared_audio_intelligence_v0_2;spectral_peak;owner_supplied_audio
BE-003:pitch:02150,BE-003:onset:0523,96.269932,804.269932,161.920000,41,2.920000,46.2788,A#2,118.4326,0.348299,1.000000,0.688032,0.850000,0.550000,,0.269574,727.881,5,4,0.550000,0.350000,0.030000,0.070000,0.480000,0.320000,0.000000,0.000000,NOTE_HYPOTHESIS,shared_audio_intelligence_v0_2;spectral_peak;owner_supplied_audio
BE-003:pitch:02151,BE-003:onset:0523,96.269932,804.269932,161.920000,41,2.920000,34.2788,A#1,59.2163,1.532517,1.000000,0.688032,0.850000,0.760000,,0.269574,727.881,5,5,0.760000,0.180000,0.010000,0.050000,0.480000,0.320000,0.000000,0.000000,NOTE_HYPOTHESIS,shared_audio_intelligence_v0_2;spectral_peak;owner_supplied_audio
BE-003:pitch:02152,BE-003:onset:0524,96.339592,804.339592,162.038462,41,3.038462,49.8242,D3,145.3491,0.417959,1.000000,0.802119,0.850000,0.550000,,0.327961,558.153,2,1,0.550000,0.350000,0.030000,0.070000,0.480000,0.320000,0.000000,0.000000,NOTE_HYPOTHESIS,shared_audio_intelligence_v0_2;spectral_peak;owner_supplied_audio
BE-003:pitch:02153,BE-003:onset:0524,96.339592,804.339592,162.038462,41,3.038462,43.7407,G#2,102.2827,0.139320,1.000000,0.802119,0.850000,0.760000,,0.327961,558.153,2,2,0.760000,0.180000,0.010000,0.050000,0.480000,0.320000,0.000000,0.000000,NOTE_HYPOTHESIS,shared_audio_intelligence_v0_2;spectral_peak;owner_supplied_audio
BE-003:pitch:02154,BE-003:onset:0525,96.455692,804.455692,162.230769,41,3.230769,49.8242,D3,145.3491,0.325079,1.000000,0.516621,0.850000,0.550000,,0.233477,746.121,3,1,0.550000,0.350000,0.030000,0.070000,0.480000,0.320000,0.000000,0.000000,NOTE_HYPOTHESIS,shared_audio_intelligence_v0_2;spectral_peak;owner_supplied_audio
BE-003:pitch:02155,BE-003:onset:0525,96.455692,804.455692,162.230769,41,3.230769,62.1419,D4,296.0815,0.069660,1.000000,0.516621,0.850000,0.520000,,0.233477,746.121,3,2,0.250000,0.520000,0.150000,0.080000,0.000000,0.450000,0.250000,0.200000,NOTE_HYPOTHESIS,shared_audio_intelligence_v0_2;spectral_peak;owner_supplied_audio
BE-003:pitch:02156,BE-003:onset:0525,96.455692,804.455692,162.230769,41,3.230769,34.2788,A#1,59.2163,0.348299,1.000000,0.516621,0.850000,0.760000,,0.233477,746.121,3,3,0.760000,0.180000,0.010000,0.050000,0.480000,0.320000,0.000000,0.000000,NOTE_HYPOTHESIS,shared_audio_intelligence_v0_2;spectral_peak;owner_supplied_audio
BE-003:pitch:02157,BE-003:onset:0526,96.595011,804.595011,162.461538,41,3.461538,49.8242,D3,145.3491,0.185760,1.000000,0.502329,0.850000,0.550000,,0.245368,739.262,2,1,0.550000,0.350000,0.030000,0.070000,0.480000,0.320000,0.000000,0.000000,NOTE_HYPOTHESIS,shared_audio_intelligence_v0_2;spectral_peak;owner_supplied_audio
BE-003:pitch:02158,BE-003:onset:0526,96.595011,804.595011,162.461538,41,3.461538,43.7407,G#2,102.2827,0.092880,1.000000,0.502329,0.850000,0.760000,,0.245368,739.262,2,2,0.760000,0.180000,0.010000,0.050000,0.480000,0.320000,0.000000,0.000000,NOTE_HYPOTHESIS,shared_audio_intelligence_v0_2;spectral_peak;owner_supplied_audio
BE-003:pitch:02159,BE-003:onset:0527,96.780771,804.780771,162.769231,41,3.769231,49.1709,C#3,139.9658,0.510839,1.000000,0.350789,0.850000,0.550000,,0.105655,1079.640,6,1,0.550000,0.350000,0.030000,0.070000,0.480000,0.320000,0.000000,0.000000,NOTE_HYPOTHESIS,shared_audio_intelligence_v0_2;spectral_peak;owner_supplied_audio
BE-003:pitch:02160,BE-003:onset:0527,96.780771,804.780771,162.769231,41,3.769231,50.4538,D3,150.7324,0.208980,1.000000,0.350789,0.850000,0.550000,,0.105655,1079.640,6,2,0.550000,0.350000,0.030000,0.070000,0.480000,0.320000,0.000000,0.000000,NOTE_HYPOTHESIS,shared_audio_intelligence_v0_2;spectral_peak;owner_supplied_audio
BE-003:pitch:02161,BE-003:onset:0527,96.780771,804.780771,162.769231,41,3.769231,43.7407,G#2,102.2827,1.021678,1.000000,0.350789,0.850000,0.760000,,0.105655,1079.640,6,3,0.760000,0.180000,0.010000,0.050000,0.480000,0.320000,0.000000,0.000000,NOTE_HYPOTHESIS,shared_audio_intelligence_v0_2;spectral_peak;owner_supplied_audio
BE-003:pitch:02162,BE-003:onset:0527,96.780771,804.780771,162.769231,41,3.769231,37.1709,C#2,69.9829,1.532517,1.000000,0.350789,0.850000,0.760000,,0.105655,1079.640,6,4,0.760000,0.180000,0.010000,0.050000,0.480000,0.320000,0.000000,0.000000,NOTE_HYPOTHESIS,shared_audio_intelligence_v0_2;spectral_peak;owner_supplied_audio
BE-003:pitch:02163,BE-003:onset:0527,96.780771,804.780771,162.769231,41,3.769231,34.2788,A#1,59.2163,1.532517,1.000000,0.350789,0.850000,0.760000,,0.105655,1079.640,6,5,0.760000,0.180000,0.010000,0.050000,0.480000,0.320000,0.000000,0.000000,NOTE_HYPOTHESIS,shared_audio_intelligence_v0_2;spectral_peak;owner_supplied_audio
BE-003:pitch:02164,BE-003:onset:0527,96.780771,804.780771,162.769231,41,3.769231,46.2788,A#2,118.4326,1.532517,1.000000,0.350789,0.850000,0.550000,,0.105655,1079.640,6,6,0.550000,0.350000,0.030000,0.070000,0.480000,0.320000,0.000000,0.000000,NOTE_HYPOTHESIS,shared_audio_intelligence_v0_2;spectral_peak;owner_supplied_audio
BE-003:pitch:02165,BE-003:onset:0528,96.920091,804.920091,163.000000,41,4.000000,46.2788,A#2,118.4326,0.534059,1.000000,0.767109,0.850000,0.550000,,0.311667,488.205,3,1,0.550000,0.350000,0.030000,0.070000,0.480000,0.320000,0.000000,0.000000,NOTE_HYPOTHESIS,shared_audio_intelligence_v0_2;spectral_peak;owner_supplied_audio
BE-003:pitch:02166,BE-003:onset:0528,96.920091,804.920091,163.000000,41,4.000000,43.7407,G#2,102.2827,0.069660,1.000000,0.767109,0.850000,0.760000,,0.311667,488.205,3,2,0.760000,0.180000,0.010000,0.050000,0.480000,0.320000,0.000000,0.000000,NOTE_HYPOTHESIS,shared_audio_intelligence_v0_2;spectral_peak;owner_supplied_audio
BE-003:pitch:02167,BE-003:onset:0528,96.920091,804.920091,163.000000,41,4.000000,35.7851,C2,64.5996,0.534059,1.000000,0.767109,0.850000,0.760000,,0.311667,488.205,3,3,0.760000,0.180000,0.010000,0.050000,0.480000,0.320000,0.000000,0.000000,NOTE_HYPOTHESIS,shared_audio_intelligence_v0_2;spectral_peak;owner_supplied_audio
BE-003:pitch:02168,BE-003:onset:0529,97.198730,805.198730,163.375000,41,4.375000,45.4734,A2,113.0493,0.510839,1.000000,0.531107,0.850000,0.550000,,0.279382,548.085,3,1,0.550000,0.350000,0.030000,0.070000,0.480000,0.320000,0.000000,0.000000,NOTE_HYPOTHESIS,shared_audio_intelligence_v0_2;spectral_peak;owner_supplied_audio
BE-003:pitch:02169,BE-003:onset:0529,97.198730,805.198730,163.375000,41,4.375000,35.7851,C2,64.5996,0.232200,1.000000,0.531107,0.850000,0.760000,,0.279382,548.085,3,2,0.760000,0.180000,0.010000,0.050000,0.480000,0.320000,0.000000,0.000000,NOTE_HYPOTHESIS,shared_audio_intelligence_v0_2;spectral_peak;owner_supplied_audio
BE-003:pitch:02170,BE-003:onset:0529,97.198730,805.198730,163.375000,41,4.375000,47.7851,C3,129.1992,1.462857,1.000000,0.531107,0.850000,0.550000,,0.279382,548.085,3,3,0.550000,0.350000,0.030000,0.070000,0.480000,0.320000,0.000000,0.000000,NOTE_HYPOTHESIS,shared_audio_intelligence_v0_2;spectral_peak;owner_supplied_audio
BE-003:pitch:02171,BE-003:onset:0530,97.384490,805.384490,163.625000,41,4.625000,45.4734,A2,113.0493,0.325079,1.000000,0.494650,0.850000,0.550000,,0.164129,977.535,1,1,0.550000,0.350000,0.030000,0.070000,0.480000,0.320000,0.000000,0.000000,NOTE_HYPOTHESIS,shared_audio_intelligence_v0_2;spectral_peak;owner_supplied_audio
BE-003:pitch:02172,BE-003:onset:0531,97.523810,805.523810,163.812500,41,4.812500,44.6287,A2,107.6660,0.185760,1.000000,0.682406,0.850000,0.760000,,0.286486,548.490,1,1,0.760000,0.180000,0.010000,0.050000,0.480000,0.320000,0.000000,0.000000,NOTE_HYPOTHESIS,shared_audio_intelligence_v0_2;spectral_peak;owner_supplied_audio
BE-003:pitch:02173,BE-003:onset:0532,97.686349,805.686349,164.038462,42,1.038462,47.7851,C3,129.1992,0.371519,1.000000,0.787445,0.850000,0.550000,,0.317946,619.060,4,1,0.550000,0.350000,0.030000,0.070000,0.480000,0.320000,0.000000,0.000000,NOTE_HYPOTHESIS,shared_audio_intelligence_v0_2;spectral_peak;owner_supplied_audio
BE-003:pitch:02174,BE-003:onset:0532,97.686349,805.686349,164.038462,42,1.038462,43.7407,G#2,102.2827,0.092880,1.000000,0.787445,0.850000,0.760000,,0.317946,619.060,4,2,0.760000,0.180000,0.010000,0.050000,0.480000,0.320000,0.000000,0.000000,NOTE_HYPOTHESIS,shared_audio_intelligence_v0_2;spectral_peak;owner_supplied_audio
BE-003:pitch:02175,BE-003:onset:0532,97.686349,805.686349,164.038462,42,1.038462,45.4734,A2,113.0493,0.139320,1.000000,0.787445,0.850000,0.550000,,0.317946,619.060,4,3,0.550000,0.350000,0.030000,0.070000,0.480000,0.320000,0.000000,0.000000,NOTE_HYPOTHESIS,shared_audio_intelligence_v0_2;spectral_peak;owner_supplied_audio
BE-003:pitch:02176,BE-003:onset:0532,97.686349,805.686349,164.038462,42,1.038462,66.8047,G4,387.5977,0.255420,1.000000,0.787445,0.850000,0.580000,,0.317946,619.060,4,4,0.050000,0.300000,0.580000,0.070000,0.000000,0.450000,0.250000,0.200000,NOTE_HYPOTHESIS,shared_audio_intelligence_v0_2;spectral_peak;owner_supplied_audio
BE-003:pitch:02177,BE-003:onset:0533,97.848889,805.848889,164.307692,42,1.307692,47.7851,C3,129.1992,0.208980,1.000000,0.554844,0.850000,0.550000,,0.264177,1950.518,1,1,0.550000,0.350000,0.030000,0.070000,0.480000,0.320000,0.000000,0.000000,NOTE_HYPOTHESIS,shared_audio_intelligence_v0_2;spectral_peak;owner_supplied_audio
BE-003:pitch:02178,BE-003:onset:0534,97.964989,805.964989,164.500000,42,1.500000,73.8242,D5,581.3965,0.208980,1.000000,0.863810,0.850000,0.580000,,0.824135,1111.791,4,1,0.050000,0.300000,0.580000,0.070000,0.000000,0.120000,0.580000,0.220000,NOTE_HYPOTHESIS,shared_audio_intelligence_v0_2;spectral_peak;owner_supplied_audio
BE-003:pitch:02179,BE-003:onset:0534,97.964989,805.964989,164.500000,42,1.500000,47.7851,C3,129.1992,0.116100,1.000000,0.863810,0.850000,0.550000,,0.824135,1111.791,4,2,0.550000,0.350000,0.030000,0.070000,0.480000,0.320000,0.000000,0.000000,NOTE_HYPOTHESIS,shared_audio_intelligence_v0_2;spectral_peak;owner_supplied_audio
BE-003:pitch:02180,BE-003:onset:0534,97.964989,805.964989,164.500000,42,1.500000,61.8242,D4,290.6982,0.208980,1.000000,0.863810,0.850000,0.520000,,0.824135,1111.791,4,3,0.250000,0.520000,0.150000,0.080000,0.000000,0.450000,0.250000,0.200000,NOTE_HYPOTHESIS,shared_audio_intelligence_v0_2;spectral_peak;owner_supplied_audio
BE-003:pitch:02181,BE-003:onset:0534,97.964989,805.964989,164.500000,42,1.500000,85.9042,D6,1168.1763,0.232200,1.000000,0.863810,0.850000,0.840000,,0.824135,1111.791,4,4,0.010000,0.080000,0.840000,0.070000,0.000000,0.120000,0.580000,0.220000,NOTE_HYPOTHESIS,shared_audio_intelligence_v0_2;spectral_peak;owner_supplied_audio
BE-003:pitch:02182,BE-003:onset:0535,98.220408,806.220408,164.923077,42,1.923077,74.9115,D#5,619.0796,0.394739,1.000000,0.830537,0.850000,0.580000,,0.581527,1197.502,6,1,0.050000,0.300000,0.580000,0.070000,0.000000,0.120000,0.580000,0.220000,NOTE_HYPOTHESIS,shared_audio_intelligence_v0_2;spectral_peak;owner_supplied_audio
BE-003:pitch:02183,BE-003:onset:0535,98.220408,806.220408,164.923077,42,1.923077,44.6287,A2,107.6660,0.534059,1.000000,0.830537,0.850000,0.760000,,0.581527,1197.502,6,2,0.760000,0.180000,0.010000,0.050000,0.480000,0.320000,0.000000,0.000000,NOTE_HYPOTHESIS,shared_audio_intelligence_v0_2;spectral_peak;owner_supplied_audio
BE-003:pitch:02184,BE-003:onset:0535,98.220408,806.220408,164.923077,42,1.923077,62.7603,D#4,306.8481,0.394739,1.000000,0.830537,0.850000,0.520000,,0.581527,1197.502,6,3,0.250000,0.520000,0.150000,0.080000,0.000000,0.450000,0.250000,0.200000,NOTE_HYPOTHESIS,shared_audio_intelligence_v0_2;spectral_peak;owner_supplied_audio
BE-003:pitch:02185,BE-003:onset:0535,98.220408,806.220408,164.923077,42,1.923077,62.1419,D4,296.0815,0.255420,1.000000,0.830537,0.850000,0.520000,,0.581527,1197.502,6,4,0.250000,0.520000,0.150000,0.080000,0.000000,0.450000,0.250000,0.200000,NOTE_HYPOTHESIS,shared_audio_intelligence_v0_2;spectral_peak;owner_supplied_audio
BE-003:pitch:02186,BE-003:onset:0535,98.220408,806.220408,164.923077,42,1.923077,74.1419,D5,592.1631,0.092880,1.000000,0.830537,0.850000,0.580000,,0.581527,1197.502,6,5,0.050000,0.300000,0.580000,0.070000,0.000000,0.120000,0.580000,0.220000,NOTE_HYPOTHESIS,shared_audio_intelligence_v0_2;spectral_peak;owner_supplied_audio
BE-003:pitch:02187,BE-003:onset:0535,98.220408,806.220408,164.923077,42,1.923077,73.6632,D5,576.0132,1.114558,1.000000,0.830537,0.850000,0.580000,,0.581527,1197.502,6,6,0.050000,0.300000,0.580000,0.070000,0.000000,0.120000,0.580000,0.220000,NOTE_HYPOTHESIS,shared_audio_intelligence_v0_2;spectral_peak;owner_supplied_audio
BE-003:pitch:02188,BE-003:onset:0536,98.266848,806.266848,165.000000,42,2.000000,74.9115,D#5,619.0796,0.278639,1.000000,1.000000,0.850000,0.580000,,0.737534,1232.387,5,1,0.050000,0.300000,0.580000,0.070000,0.000000,0.120000,0.580000,0.220000,NOTE_HYPOTHESIS,shared_audio_intelligence_v0_2;spectral_peak;owner_supplied_audio
BE-003:pitch:02189,BE-003:onset:0536,98.266848,806.266848,165.000000,42,2.000000,62.7603,D#4,306.8481,0.301859,1.000000,1.000000,0.850000,0.520000,,0.737534,1232.387,5,2,0.250000,0.520000,0.150000,0.080000,0.000000,0.450000,0.250000,0.200000,NOTE_HYPOTHESIS,shared_audio_intelligence_v0_2;spectral_peak;owner_supplied_audio
BE-003:pitch:02190,BE-003:onset:0536,98.266848,806.266848,165.000000,42,2.000000,44.6287,A2,107.6660,0.394739,1.000000,1.000000,0.850000,0.760000,,0.737534,1232.387,5,3,0.760000,0.180000,0.010000,0.050000,0.480000,0.320000,0.000000,0.000000,NOTE_HYPOTHESIS,shared_audio_intelligence_v0_2;spectral_peak;owner_supplied_audio
BE-003:pitch:02191,BE-003:onset:0536,98.266848,806.266848,165.000000,42,2.000000,86.9115,D#6,1238.1592,0.255420,1.000000,1.000000,0.850000,0.840000,,0.737534,1232.387,5,4,0.010000,0.080000,0.840000,0.070000,0.000000,0.120000,0.580000,0.220000,NOTE_HYPOTHESIS,shared_audio_intelligence_v0_2;spectral_peak;owner_supplied_audio
BE-003:pitch:02192,BE-003:onset:0536,98.266848,806.266848,165.000000,42,2.000000,93.9811,A#6,1862.6221,0.255420,1.000000,1.000000,0.850000,0.840000,,0.737534,1232.387,5,5,0.010000,0.080000,0.840000,0.070000,0.000000,0.120000,0.580000,0.220000,NOTE_HYPOTHESIS,shared_audio_intelligence_v0_2;spectral_peak;owner_supplied_audio
BE-003:pitch:02193,BE-003:onset:0537,98.568707,806.568707,165.520000,42,2.520000,73.8242,D5,581.3965,0.208980,1.000000,1.000000,0.850000,0.580000,,0.737875,1237.129,4,1,0.050000,0.300000,0.580000,0.070000,0.000000,0.120000,0.580000,0.220000,NOTE_HYPOTHESIS,shared_audio_intelligence_v0_2;spectral_peak;owner_supplied_audio
BE-003:pitch:02194,BE-003:onset:0537,98.568707,806.568707,165.520000,42,2.520000,61.8242,D4,290.6982,0.185760,1.000000,1.000000,0.850000,0.520000,,0.737875,1237.129,4,2,0.250000,0.520000,0.150000,0.080000,0.000000,0.450000,0.250000,0.200000,NOTE_HYPOTHESIS,shared_audio_intelligence_v0_2;spectral_peak;owner_supplied_audio
BE-003:pitch:02195,BE-003:onset:0537,98.568707,806.568707,165.520000,42,2.520000,85.9042,D6,1168.1763,0.208980,1.000000,1.000000,0.850000,0.840000,,0.737875,1237.129,4,3,0.010000,0.080000,0.840000,0.070000,0.000000,0.120000,0.580000,0.220000,NOTE_HYPOTHESIS,shared_audio_intelligence_v0_2;spectral_peak;owner_supplied_audio
BE-003:pitch:02196,BE-003:onset:0537,98.568707,806.568707,165.520000,42,2.520000,45.4734,A2,113.0493,0.092880,1.000000,1.000000,0.850000,0.550000,,0.737875,1237.129,4,4,0.550000,0.350000,0.030000,0.070000,0.480000,0.320000,0.000000,0.000000,NOTE_HYPOTHESIS,shared_audio_intelligence_v0_2;spectral_peak;owner_supplied_audio
BE-003:pitch:02197,BE-003:onset:0538,98.777687,806.777687,165.880000,42,2.880000,57.8808,A#3,231.4819,0.162540,1.000000,0.620702,0.850000,0.520000,,0.306556,1732.063,6,1,0.250000,0.520000,0.150000,0.080000,0.000000,0.450000,0.250000,0.200000,NOTE_HYPOTHESIS,shared_audio_intelligence_v0_2;spectral_peak;owner_supplied_audio
BE-003:pitch:02198,BE-003:onset:0538,98.777687,806.777687,165.880000,42,2.880000,73.9838,D5,586.7798,0.069660,1.000000,0.620702,0.850000,0.580000,,0.306556,1732.063,6,2,0.050000,0.300000,0.580000,0.070000,0.000000,0.120000,0.580000,0.220000,NOTE_HYPOTHESIS,shared_audio_intelligence_v0_2;spectral_peak;owner_supplied_audio
BE-003:pitch:02199,BE-003:onset:0538,98.777687,806.777687,165.880000,42,2.880000,81.8808,A#5,925.9277,0.116100,1.000000,0.620702,0.850000,0.840000,,0.306556,1732.063,6,3,0.010000,0.080000,0.840000,0.070000,0.000000,0.120000,0.580000,0.220000,NOTE_HYPOTHESIS,shared_audio_intelligence_v0_2;spectral_peak;owner_supplied_audio
BE-003:pitch:02200,BE-003:onset:0538,98.777687,806.777687,165.880000,42,2.880000,69.8808,A#4,462.9639,0.139320,1.000000,0.620702,0.850000,0.580000,,0.306556,1732.063,6,4,0.050000,0.300000,0.580000,0.070000,0.000000,0.450000,0.250000,0.200000,NOTE_HYPOTHESIS,shared_audio_intelligence_v0_2;spectral_peak;owner_supplied_audio
BE-003:pitch:02201,BE-003:onset:0538,98.777687,806.777687,165.880000,42,2.880000,76.9003,F5,694.4458,0.208980,1.000000,0.620702,0.850000,0.840000,,0.306556,1732.063,6,5,0.010000,0.080000,0.840000,0.070000,0.000000,0.120000,0.580000,0.220000,NOTE_HYPOTHESIS,shared_audio_intelligence_v0_2;spectral_peak;owner_supplied_audio
BE-003:pitch:02202,BE-003:onset:0538,98.777687,806.777687,165.880000,42,2.880000,88.9673,F6,1394.2749,0.139320,1.000000,0.620702,0.850000,0.840000,,0.306556,1732.063,6,6,0.010000,0.080000,0.840000,0.070000,0.000000,0.120000,0.580000,0.220000,NOTE_HYPOTHESIS,shared_audio_intelligence_v0_2;spectral_peak;owner_supplied_audio
BE-003:pitch:02203,BE-003:onset:0539,98.870567,806.870567,166.038462,42,3.038462,64.7656,F4,344.5312,0.139320,1.000000,1.000000,0.850000,0.580000,,0.487384,1527.423,4,1,0.050000,0.300000,0.580000,0.070000,0.000000,0.450000,0.250000,0.200000,NOTE_HYPOTHESIS,shared_audio_intelligence_v0_2;spectral_peak;owner_supplied_audio
BE-003:pitch:02204,BE-003:onset:0539,98.870567,806.870567,166.038462,42,3.038462,57.8808,A#3,231.4819,0.092880,1.000000,1.000000,0.850000,0.520000,,0.487384,1527.423,4,2,0.250000,0.520000,0.150000,0.080000,0.000000,0.450000,0.250000,0.200000,NOTE_HYPOTHESIS,shared_audio_intelligence_v0_2;spectral_peak;owner_supplied_audio
BE-003:pitch:02205,BE-003:onset:0539,98.870567,806.870567,166.038462,42,3.038462,76.9003,F5,694.4458,0.092880,1.000000,1.000000,0.850000,0.840000,,0.487384,1527.423,4,3,0.010000,0.080000,0.840000,0.070000,0.000000,0.120000,0.580000,0.220000,NOTE_HYPOTHESIS,shared_audio_intelligence_v0_2;spectral_peak;owner_supplied_audio
BE-003:pitch:02206,BE-003:onset:0539,98.870567,806.870567,166.038462,42,3.038462,73.9838,D5,586.7798,0.487619,1.000000,1.000000,0.850000,0.580000,,0.487384,1527.423,4,4,0.050000,0.300000,0.580000,0.070000,0.000000,0.120000,0.580000,0.220000,NOTE_HYPOTHESIS,shared_audio_intelligence_v0_2;spectral_peak;owner_supplied_audio
BE-003:pitch:02207,BE-003:onset:0540,98.963447,806.963447,166.192308,42,3.192308,73.8242,D5,581.3965,0.278639,1.000000,1.000000,0.850000,0.580000,,0.687309,1073.132,3,1,0.050000,0.300000,0.580000,0.070000,0.000000,0.120000,0.580000,0.220000,NOTE_HYPOTHESIS,shared_audio_intelligence_v0_2;spectral_peak;owner_supplied_audio
BE-003:pitch:02208,BE-003:onset:0540,98.963447,806.963447,166.192308,42,3.192308,61.8242,D4,290.6982,0.301859,1.000000,1.000000,0.850000,0.520000,,0.687309,1073.132,3,2,0.250000,0.520000,0.150000,0.080000,0.000000,0.450000,0.250000,0.200000,NOTE_HYPOTHESIS,shared_audio_intelligence_v0_2;spectral_peak;owner_supplied_audio
BE-003:pitch:02209,BE-003:onset:0540,98.963447,806.963447,166.192308,42,3.192308,85.9042,D6,1168.1763,0.162540,1.000000,1.000000,0.850000,0.840000,,0.687309,1073.132,3,3,0.010000,0.080000,0.840000,0.070000,0.000000,0.120000,0.580000,0.220000,NOTE_HYPOTHESIS,shared_audio_intelligence_v0_2;spectral_peak;owner_supplied_audio
BE-003:pitch:02210,BE-003:onset:0541,99.172426,807.172426,166.538462,42,3.538462,64.7656,F4,344.5312,0.185760,1.000000,0.992195,0.850000,0.580000,,0.714873,1204.316,6,1,0.050000,0.300000,0.580000,0.070000,0.000000,0.450000,0.250000,0.200000,NOTE_HYPOTHESIS,shared_audio_intelligence_v0_2;spectral_peak;owner_supplied_audio
BE-003:pitch:02211,BE-003:onset:0541,99.172426,807.172426,166.538462,42,3.538462,61.8242,D4,290.6982,0.116100,1.000000,0.992195,0.850000,0.520000,,0.714873,1204.316,6,2,0.250000,0.520000,0.150000,0.080000,0.000000,0.450000,0.250000,0.200000,NOTE_HYPOTHESIS,shared_audio_intelligence_v0_2;spectral_peak;owner_supplied_audio
BE-003:pitch:02212,BE-003:onset:0541,99.172426,807.172426,166.538462,42,3.538462,73.8242,D5,581.3965,0.116100,1.000000,0.992195,0.850000,0.580000,,0.714873,1204.316,6,3,0.050000,0.300000,0.580000,0.070000,0.000000,0.120000,0.580000,0.220000,NOTE_HYPOTHESIS,shared_audio_intelligence_v0_2;spectral_peak;owner_supplied_audio
BE-003:pitch:02213,BE-003:onset:0541,99.172426,807.172426,166.538462,42,3.538462,74.7603,D#5,613.6963,0.464399,1.000000,0.992195,0.850000,0.580000,,0.714873,1204.316,6,4,0.050000,0.300000,0.580000,0.070000,0.000000,0.120000,0.580000,0.220000,NOTE_HYPOTHESIS,shared_audio_intelligence_v0_2;spectral_peak;owner_supplied_audio
BE-003:pitch:02214,BE-003:onset:0541,99.172426,807.172426,166.538462,42,3.538462,62.7603,D#4,306.8481,0.603719,1.000000,0.992195,0.850000,0.520000,,0.714873,1204.316,6,5,0.250000,0.520000,0.150000,0.080000,0.000000,0.450000,0.250000,0.200000,NOTE_HYPOTHESIS,shared_audio_intelligence_v0_2;spectral_peak;owner_supplied_audio
BE-003:pitch:02215,BE-003:onset:0541,99.172426,807.172426,166.538462,42,3.538462,74.4538,D5,602.9297,0.580499,1.000000,0.992195,0.850000,0.580000,,0.714873,1204.316,6,6,0.050000,0.300000,0.580000,0.070000,0.000000,0.120000,0.580000,0.220000,NOTE_HYPOTHESIS,shared_audio_intelligence_v0_2;spectral_peak;owner_supplied_audio
BE-003:pitch:02216,BE-003:onset:0542,99.242086,807.242086,166.653846,42,3.653846,74.7603,D#5,613.6963,0.232200,1.000000,1.000000,0.850000,0.580000,,0.925014,1188.087,6,1,0.050000,0.300000,0.580000,0.070000,0.000000,0.120000,0.580000,0.220000,NOTE_HYPOTHESIS,shared_audio_intelligence_v0_2;spectral_peak;owner_supplied_audio
BE-003:pitch:02217,BE-003:onset:0542,99.242086,807.242086,166.653846,42,3.653846,62.7603,D#4,306.8481,0.255420,1.000000,1.000000,0.850000,0.520000,,0.925014,1188.087,6,2,0.250000,0.520000,0.150000,0.080000,0.000000,0.450000,0.250000,0.200000,NOTE_HYPOTHESIS,shared_audio_intelligence_v0_2;spectral_peak;owner_supplied_audio
BE-003:pitch:02218,BE-003:onset:0542,99.242086,807.242086,166.653846,42,3.653846,65.0340,F4,349.9146,0.139320,1.000000,1.000000,0.850000,0.580000,,0.925014,1188.087,6,3,0.050000,0.300000,0.580000,0.070000,0.000000,0.450000,0.250000,0.200000,NOTE_HYPOTHESIS,shared_audio_intelligence_v0_2;spectral_peak;owner_supplied_audio
BE-003:pitch:02219,BE-003:onset:0542,99.242086,807.242086,166.653846,42,3.653846,86.9115,D#6,1238.1592,0.208980,1.000000,1.000000,0.850000,0.840000,,0.925014,1188.087,6,4,0.010000,0.080000,0.840000,0.070000,0.000000,0.120000,0.580000,0.220000,NOTE_HYPOTHESIS,shared_audio_intelligence_v0_2;spectral_peak;owner_supplied_audio
BE-003:pitch:02220,BE-003:onset:0542,99.242086,807.242086,166.653846,42,3.653846,61.8242,D4,290.6982,0.069660,1.000000,1.000000,0.850000,0.520000,,0.925014,1188.087,6,5,0.250000,0.520000,0.150000,0.080000,0.000000,0.450000,0.250000,0.200000,NOTE_HYPOTHESIS,shared_audio_intelligence_v0_2;spectral_peak;owner_supplied_audio
BE-003:pitch:02221,BE-003:onset:0542,99.242086,807.242086,166.653846,42,3.653846,73.9838,D5,586.7798,0.069660,1.000000,1.000000,0.850000,0.580000,,0.925014,1188.087,6,6,0.050000,0.300000,0.580000,0.070000,0.000000,0.120000,0.580000,0.220000,NOTE_HYPOTHESIS,shared_audio_intelligence_v0_2;spectral_peak;owner_supplied_audio
BE-003:pitch:02222,BE-003:onset:0543,99.451066,807.451066,167.000000,42,4.000000,44.6287,A2,107.6660,0.464399,1.000000,0.703496,0.850000,0.760000,,0.612160,908.215,4,1,0.760000,0.180000,0.010000,0.050000,0.480000,0.320000,0.000000,0.000000,NOTE_HYPOTHESIS,shared_audio_intelligence_v0_2;spectral_peak;owner_supplied_audio
BE-003:pitch:02223,BE-003:onset:0543,99.451066,807.451066,167.000000,42,4.000000,74.9115,D#5,619.0796,0.069660,1.000000,0.703496,0.850000,0.580000,,0.612160,908.215,4,2,0.050000,0.300000,0.580000,0.070000,0.000000,0.120000,0.580000,0.220000,NOTE_HYPOTHESIS,shared_audio_intelligence_v0_2;spectral_peak;owner_supplied_audio
BE-003:pitch:02224,BE-003:onset:0543,99.451066,807.451066,167.000000,42,4.000000,64.7656,F4,344.5312,0.139320,1.000000,0.703496,0.850000,0.580000,,0.612160,908.215,4,3,0.050000,0.300000,0.580000,0.070000,0.000000,0.450000,0.250000,0.200000,NOTE_HYPOTHESIS,shared_audio_intelligence_v0_2;spectral_peak;owner_supplied_audio
BE-003:pitch:02225,BE-003:onset:0543,99.451066,807.451066,167.000000,42,4.000000,63.0613,D#4,312.2314,0.208980,1.000000,0.703496,0.850000,0.520000,,0.612160,908.215,4,4,0.250000,0.520000,0.150000,0.080000,0.000000,0.450000,0.250000,0.200000,NOTE_HYPOTHESIS,shared_audio_intelligence_v0_2;spectral_peak;owner_supplied_audio
BE-003:pitch:02226,BE-003:onset:0544,99.567166,807.567166,167.200000,42,4.200000,73.8242,D5,581.3965,0.162540,1.000000,1.000000,0.850000,0.580000,,0.931014,988.634,4,1,0.050000,0.300000,0.580000,0.070000,0.000000,0.120000,0.580000,0.220000,NOTE_HYPOTHESIS,shared_audio_intelligence_v0_2;spectral_peak;owner_supplied_audio
BE-003:pitch:02227,BE-003:onset:0544,99.567166,807.567166,167.200000,42,4.200000,45.4734,A2,113.0493,0.325079,1.000000,1.000000,0.850000,0.550000,,0.931014,988.634,4,2,0.550000,0.350000,0.030000,0.070000,0.480000,0.320000,0.000000,0.000000,NOTE_HYPOTHESIS,shared_audio_intelligence_v0_2;spectral_peak;owner_supplied_audio
BE-003:pitch:02228,BE-003:onset:0544,99.567166,807.567166,167.200000,42,4.200000,61.8242,D4,290.6982,0.162540,1.000000,1.000000,0.850000,0.520000,,0.931014,988.634,4,3,0.250000,0.520000,0.150000,0.080000,0.000000,0.450000,0.250000,0.200000,NOTE_HYPOTHESIS,shared_audio_intelligence_v0_2;spectral_peak;owner_supplied_audio
BE-003:pitch:02229,BE-003:onset:0544,99.567166,807.567166,167.200000,42,4.200000,85.9042,D6,1168.1763,0.162540,1.000000,1.000000,0.850000,0.840000,,0.931014,988.634,4,4,0.010000,0.080000,0.840000,0.070000,0.000000,0.120000,0.580000,0.220000,NOTE_HYPOTHESIS,shared_audio_intelligence_v0_2;spectral_peak;owner_supplied_audio
BE-003:pitch:02230,BE-003:onset:0545,99.752925,807.752925,167.520000,42,4.520000,66.8047,G4,387.5977,0.185760,1.000000,0.789032,0.850000,0.580000,,0.436013,957.013,6,1,0.050000,0.300000,0.580000,0.070000,0.000000,0.450000,0.250000,0.200000,NOTE_HYPOTHESIS,shared_audio_intelligence_v0_2;spectral_peak;owner_supplied_audio
BE-003:pitch:02231,BE-003:onset:0545,99.752925,807.752925,167.520000,42,4.520000,47.7851,C3,129.1992,0.301859,1.000000,0.789032,0.850000,0.550000,,0.436013,957.013,6,2,0.550000,0.350000,0.030000,0.070000,0.480000,0.320000,0.000000,0.000000,NOTE_HYPOTHESIS,shared_audio_intelligence_v0_2;spectral_peak;owner_supplied_audio
BE-003:pitch:02232,BE-003:onset:0545,99.752925,807.752925,167.520000,42,4.520000,78.9245,G5,780.5786,0.162540,1.000000,0.789032,0.850000,0.840000,,0.436013,957.013,6,3,0.010000,0.080000,0.840000,0.070000,0.000000,0.120000,0.580000,0.220000,NOTE_HYPOTHESIS,shared_audio_intelligence_v0_2;spectral_peak;owner_supplied_audio
BE-003:pitch:02233,BE-003:onset:0545,99.752925,807.752925,167.520000,42,4.520000,43.7407,G#2,102.2827,0.208980,1.000000,0.789032,0.850000,0.760000,,0.436013,957.013,6,4,0.760000,0.180000,0.010000,0.050000,0.480000,0.320000,0.000000,0.000000,NOTE_HYPOTHESIS,shared_audio_intelligence_v0_2;spectral_peak;owner_supplied_audio
BE-003:pitch:02234,BE-003:onset:0545,99.752925,807.752925,167.520000,42,4.520000,73.9838,D5,586.7798,0.185760,1.000000,0.789032,0.850000,0.580000,,0.436013,957.013,6,5,0.050000,0.300000,0.580000,0.070000,0.000000,0.120000,0.580000,0.220000,NOTE_HYPOTHESIS,shared_audio_intelligence_v0_2;spectral_peak;owner_supplied_audio
BE-003:pitch:02235,BE-003:onset:0545,99.752925,807.752925,167.520000,42,4.520000,73.6632,D5,576.0132,0.208980,1.000000,0.789032,0.850000,0.580000,,0.436013,957.013,6,6,0.050000,0.300000,0.580000,0.070000,0.000000,0.120000,0.580000,0.220000,NOTE_HYPOTHESIS,shared_audio_intelligence_v0_2;spectral_peak;owner_supplied_audio
BE-003:pitch:02236,BE-003:onset:0546,99.892245,807.892245,167.760000,42,4.760000,49.8242,D3,145.3491,0.371519,1.000000,0.496264,0.850000,0.550000,,0.315914,1079.535,6,1,0.550000,0.350000,0.030000,0.070000,0.480000,0.320000,0.000000,0.000000,NOTE_HYPOTHESIS,shared_audio_intelligence_v0_2;spectral_peak;owner_supplied_audio
BE-003:pitch:02237,BE-003:onset:0546,99.892245,807.892245,167.760000,42,4.760000,43.7407,G#2,102.2827,0.069660,1.000000,0.496264,0.850000,0.760000,,0.315914,1079.535,6,2,0.760000,0.180000,0.010000,0.050000,0.480000,0.320000,0.000000,0.000000,NOTE_HYPOTHESIS,shared_audio_intelligence_v0_2;spectral_peak;owner_supplied_audio
BE-003:pitch:02238,BE-003:onset:0546,99.892245,807.892245,167.760000,42,4.760000,66.8047,G4,387.5977,0.139320,1.000000,0.496264,0.850000,0.580000,,0.315914,1079.535,6,3,0.050000,0.300000,0.580000,0.070000,0.000000,0.450000,0.250000,0.200000,NOTE_HYPOTHESIS,shared_audio_intelligence_v0_2;spectral_peak;owner_supplied_audio
BE-003:pitch:02239,BE-003:onset:0546,99.892245,807.892245,167.760000,42,4.760000,35.7851,C2,64.5996,0.998458,1.000000,0.496264,0.850000,0.760000,,0.315914,1079.535,6,4,0.760000,0.180000,0.010000,0.050000,0.480000,0.320000,0.000000,0.000000,NOTE_HYPOTHESIS,shared_audio_intelligence_v0_2;spectral_peak;owner_supplied_audio
BE-003:pitch:02240,BE-003:onset:0546,99.892245,807.892245,167.760000,42,4.760000,73.9838,D5,586.7798,0.092880,1.000000,0.496264,0.850000,0.580000,,0.315914,1079.535,6,5,0.050000,0.300000,0.580000,0.070000,0.000000,0.120000,0.580000,0.220000,NOTE_HYPOTHESIS,shared_audio_intelligence_v0_2;spectral_peak;owner_supplied_audio
BE-003:pitch:02241,BE-003:onset:0546,99.892245,807.892245,167.760000,42,4.760000,78.9245,G5,780.5786,0.092880,1.000000,0.496264,0.850000,0.840000,,0.315914,1079.535,6,6,0.010000,0.080000,0.840000,0.070000,0.000000,0.120000,0.580000,0.220000,NOTE_HYPOTHESIS,shared_audio_intelligence_v0_2;spectral_peak;owner_supplied_audio
BE-003:pitch:02242,BE-003:onset:0547,100.031565,808.031565,168.000000,43,1.000000,49.8242,D3,145.3491,0.534059,1.000000,1.000000,0.850000,0.550000,,0.194092,1538.744,4,1,0.550000,0.350000,0.030000,0.070000,0.480000,0.320000,0.000000,0.000000,NOTE_HYPOTHESIS,shared_audio_intelligence_v0_2;spectral_peak;owner_supplied_audio
BE-003:pitch:02243,BE-003:onset:0547,100.031565,808.031565,168.000000,43,1.000000,35.7851,C2,64.5996,1.091338,1.000000,1.000000,0.850000,0.760000,,0.194092,1538.744,4,2,0.760000,0.180000,0.010000,0.050000,0.480000,0.320000,0.000000,0.000000,NOTE_HYPOTHESIS,shared_audio_intelligence_v0_2;spectral_peak;owner_supplied_audio
BE-003:pitch:02244,BE-003:onset:0547,100.031565,808.031565,168.000000,43,1.000000,44.6287,A2,107.6660,0.208980,1.000000,1.000000,0.850000,0.760000,,0.194092,1538.744,4,3,0.760000,0.180000,0.010000,0.050000,0.480000,0.320000,0.000000,0.000000,NOTE_HYPOTHESIS,shared_audio_intelligence_v0_2;spectral_peak;owner_supplied_audio
BE-003:pitch:02245,BE-003:onset:0547,100.031565,808.031565,168.000000,43,1.000000,54.8047,G3,193.7988,0.185760,1.000000,1.000000,0.850000,0.550000,,0.194092,1538.744,4,4,0.550000,0.350000,0.030000,0.070000,0.480000,0.320000,0.000000,0.000000,NOTE_HYPOTHESIS,shared_audio_intelligence_v0_2;spectral_peak;owner_supplied_audio
BE-003:pitch:02246,BE-003:onset:0548,100.194104,808.194104,168.280000,43,1.280000,64.2159,E4,333.7646,0.162540,1.000000,0.779255,0.850000,0.580000,,0.403049,939.734,4,1,0.050000,0.300000,0.580000,0.070000,0.000000,0.450000,0.250000,0.200000,NOTE_HYPOTHESIS,shared_audio_intelligence_v0_2;spectral_peak;owner_supplied_audio
BE-003:pitch:02247,BE-003:onset:0548,100.194104,808.194104,168.280000,43,1.280000,49.8242,D3,145.3491,0.510839,1.000000,0.779255,0.850000,0.550000,,0.403049,939.734,4,2,0.550000,0.350000,0.030000,0.070000,0.480000,0.320000,0.000000,0.000000,NOTE_HYPOTHESIS,shared_audio_intelligence_v0_2;spectral_peak;owner_supplied_audio
BE-003:pitch:02248,BE-003:onset:0548,100.194104,808.194104,168.280000,43,1.280000,52.2159,E3,166.8823,0.139320,1.000000,0.779255,0.850000,0.550000,,0.403049,939.734,4,3,0.550000,0.350000,0.030000,0.070000,0.480000,0.320000,0.000000,0.000000,NOTE_HYPOTHESIS,shared_audio_intelligence_v0_2;spectral_peak;owner_supplied_audio
BE-003:pitch:02249,BE-003:onset:0548,100.194104,808.194104,168.280000,43,1.280000,35.7851,C2,64.5996,0.928798,1.000000,0.779255,0.850000,0.760000,,0.403049,939.734,4,4,0.760000,0.180000,0.010000,0.050000,0.480000,0.320000,0.000000,0.000000,NOTE_HYPOTHESIS,shared_audio_intelligence_v0_2;spectral_peak;owner_supplied_audio
BE-003:pitch:02250,BE-003:onset:0549,100.333424,808.333424,168.520000,43,1.520000,49.1709,C#3,139.9658,0.208980,1.000000,0.779499,0.850000,0.550000,,0.363016,789.299,3,1,0.550000,0.350000,0.030000,0.070000,0.480000,0.320000,0.000000,0.000000,NOTE_HYPOTHESIS,shared_audio_intelligence_v0_2;spectral_peak;owner_supplied_audio
BE-003:pitch:02251,BE-003:onset:0549,100.333424,808.333424,168.520000,43,1.520000,63.9344,E4,328.3813,0.092880,1.000000,0.779499,0.850000,0.520000,,0.363016,789.299,3,2,0.250000,0.520000,0.150000,0.080000,0.000000,0.450000,0.250000,0.200000,NOTE_HYPOTHESIS,shared_audio_intelligence_v0_2;spectral_peak;owner_supplied_audio
BE-003:pitch:02252,BE-003:onset:0549,100.333424,808.333424,168.520000,43,1.520000,43.7407,G#2,102.2827,0.092880,1.000000,0.779499,0.850000,0.760000,,0.363016,789.299,3,3,0.760000,0.180000,0.010000,0.050000,0.480000,0.320000,0.000000,0.000000,NOTE_HYPOTHESIS,shared_audio_intelligence_v0_2;spectral_peak;owner_supplied_audio
BE-003:pitch:02253,BE-003:onset:0550,100.379864,808.379864,168.600000,43,1.600000,49.1709,C#3,139.9658,0.139320,1.000000,0.664613,0.850000,0.550000,,0.333617,722.507,1,1,0.550000,0.350000,0.030000,0.070000,0.480000,0.320000,0.000000,0.000000,NOTE_HYPOTHESIS,shared_audio_intelligence_v0_2;spectral_peak;owner_supplied_audio
BE-003:pitch:02254,BE-003:onset:0551,100.519184,808.519184,168.840000,43,1.840000,50.4538,D3,150.7324,0.208980,1.000000,0.816941,0.850000,0.550000,,0.172318,1846.661,5,1,0.550000,0.350000,0.030000,0.070000,0.480000,0.320000,0.000000,0.000000,NOTE_HYPOTHESIS,shared_audio_intelligence_v0_2;spectral_peak;owner_supplied_audio
BE-003:pitch:02255,BE-003:onset:0551,100.519184,808.519184,168.840000,43,1.840000,34.2788,A#1,59.2163,0.394739,1.000000,0.816941,0.850000,0.760000,,0.172318,1846.661,5,2,0.760000,0.180000,0.010000,0.050000,0.480000,0.320000,0.000000,0.000000,NOTE_HYPOTHESIS,shared_audio_intelligence_v0_2;spectral_peak;owner_supplied_audio
BE-003:pitch:02256,BE-003:onset:0551,100.519184,808.519184,168.840000,43,1.840000,62.1419,D4,296.0815,0.116100,1.000000,0.816941,0.850000,0.520000,,0.172318,1846.661,5,3,0.250000,0.520000,0.150000,0.080000,0.000000,0.450000,0.250000,0.200000,NOTE_HYPOTHESIS,shared_audio_intelligence_v0_2;spectral_peak;owner_supplied_audio
BE-003:pitch:02257,BE-003:onset:0551,100.519184,808.519184,168.840000,43,1.840000,63.6483,E4,322.9980,0.626939,0.999281,0.816941,0.849641,0.520000,,0.172318,1846.661,5,4,0.250000,0.520000,0.150000,0.080000,0.000000,0.450000,0.250000,0.200000,NOTE_HYPOTHESIS,shared_audio_intelligence_v0_2;spectral_peak;owner_supplied_audio
BE-003:pitch:02258,BE-003:onset:0551,100.519184,808.519184,168.840000,43,1.840000,43.7407,G#2,102.2827,1.532517,0.993423,0.816941,0.846711,0.760000,,0.172318,1846.661,5,5,0.760000,0.180000,0.010000,0.050000,0.480000,0.320000,0.000000,0.000000,NOTE_HYPOTHESIS,shared_audio_intelligence_v0_2;spectral_peak;owner_supplied_audio
BE-003:pitch:02259,BE-003:onset:0552,100.612063,808.612063,169.000000,43,2.000000,64.2159,E4,333.7646,0.116100,1.000000,0.755885,0.850000,0.580000,,0.168312,1254.476,6,1,0.050000,0.300000,0.580000,0.070000,0.000000,0.450000,0.250000,0.200000,NOTE_HYPOTHESIS,shared_audio_intelligence_v0_2;spectral_peak;owner_supplied_audio
BE-003:pitch:02260,BE-003:onset:0552,100.612063,808.612063,169.000000,43,2.000000,43.7407,G#2,102.2827,0.208980,1.000000,0.755885,0.850000,0.760000,,0.168312,1254.476,6,2,0.760000,0.180000,0.010000,0.050000,0.480000,0.320000,0.000000,0.000000,NOTE_HYPOTHESIS,shared_audio_intelligence_v0_2;spectral_peak;owner_supplied_audio
BE-003:pitch:02261,BE-003:onset:0552,100.612063,808.612063,169.000000,43,2.000000,47.7851,C3,129.1992,1.091338,1.000000,0.755885,0.850000,0.550000,,0.168312,1254.476,6,3,0.550000,0.350000,0.030000,0.070000,0.480000,0.320000,0.000000,0.000000,NOTE_HYPOTHESIS,shared_audio_intelligence_v0_2;spectral_peak;owner_supplied_audio
BE-003:pitch:02262,BE-003:onset:0552,100.612063,808.612063,169.000000,43,2.000000,49.8242,D3,145.3491,0.278639,1.000000,0.755885,0.850000,0.550000,,0.168312,1254.476,6,4,0.550000,0.350000,0.030000,0.070000,0.480000,0.320000,0.000000,0.000000,NOTE_HYPOTHESIS,shared_audio_intelligence_v0_2;spectral_peak;owner_supplied_audio
BE-003:pitch:02263,BE-003:onset:0552,100.612063,808.612063,169.000000,43,2.000000,55.7407,G#3,204.5654,0.859138,1.000000,0.755885,0.850000,0.520000,,0.168312,1254.476,6,5,0.250000,0.520000,0.150000,0.080000,0.000000,0.450000,0.250000,0.200000,NOTE_HYPOTHESIS,shared_audio_intelligence_v0_2;spectral_peak;owner_supplied_audio
BE-003:pitch:02264,BE-003:onset:0552,100.612063,808.612063,169.000000,43,2.000000,54.3170,F#3,188.4155,1.532517,1.000000,0.755885,0.850000,0.550000,,0.168312,1254.476,6,6,0.550000,0.350000,0.030000,0.070000,0.480000,0.320000,0.000000,0.000000,NOTE_HYPOTHESIS,shared_audio_intelligence_v0_2;spectral_peak;owner_supplied_audio
BE-003:pitch:02265,BE-003:onset:0553,100.751383,808.751383,169.230769,43,2.230769,54.3170,F#3,188.4155,0.208980,1.000000,0.709956,0.850000,0.550000,,0.228899,1069.941,5,1,0.550000,0.350000,0.030000,0.070000,0.480000,0.320000,0.000000,0.000000,NOTE_HYPOTHESIS,shared_audio_intelligence_v0_2;spectral_peak;owner_supplied_audio
BE-003:pitch:02266,BE-003:onset:0553,100.751383,808.751383,169.230769,43,2.230769,43.7407,G#2,102.2827,0.069660,1.000000,0.709956,0.850000,0.760000,,0.228899,1069.941,5,2,0.760000,0.180000,0.010000,0.050000,0.480000,0.320000,0.000000,0.000000,NOTE_HYPOTHESIS,shared_audio_intelligence_v0_2;spectral_peak;owner_supplied_audio
BE-003:pitch:02267,BE-003:onset:0553,100.751383,808.751383,169.230769,43,2.230769,66.0679,F#4,371.4478,0.139320,1.000000,0.709956,0.850000,0.580000,,0.228899,1069.941,5,3,0.050000,0.300000,0.580000,0.070000,0.000000,0.450000,0.250000,0.200000,NOTE_HYPOTHESIS,shared_audio_intelligence_v0_2;spectral_peak;owner_supplied_audio
BE-003:pitch:02268,BE-003:onset:0553,100.751383,808.751383,169.230769,43,2.230769,35.7851,C2,64.5996,0.557279,1.000000,0.709956,0.850000,0.760000,,0.228899,1069.941,5,4,0.760000,0.180000,0.010000,0.050000,0.480000,0.320000,0.000000,0.000000,NOTE_HYPOTHESIS,shared_audio_intelligence_v0_2;spectral_peak;owner_supplied_audio
BE-003:pitch:02269,BE-003:onset:0553,100.751383,808.751383,169.230769,43,2.230769,47.7851,C3,129.1992,0.975238,1.000000,0.709956,0.850000,0.550000,,0.228899,1069.941,5,5,0.550000,0.350000,0.030000,0.070000,0.480000,0.320000,0.000000,0.000000,NOTE_HYPOTHESIS,shared_audio_intelligence_v0_2;spectral_peak;owner_supplied_audio
BE-003:pitch:02270,BE-003:onset:0554,100.821043,808.821043,169.346154,43,2.346154,54.3170,F#3,188.4155,0.139320,1.000000,0.857932,0.850000,0.550000,,0.231069,1314.602,4,1,0.550000,0.350000,0.030000,0.070000,0.480000,0.320000,0.000000,0.000000,NOTE_HYPOTHESIS,shared_audio_intelligence_v0_2;spectral_peak;owner_supplied_audio
BE-003:pitch:02271,BE-003:onset:0554,100.821043,808.821043,169.346154,43,2.346154,67.0435,G4,392.9810,0.232200,1.000000,0.857932,0.850000,0.580000,,0.231069,1314.602,4,2,0.050000,0.300000,0.580000,0.070000,0.000000,0.450000,0.250000,0.200000,NOTE_HYPOTHESIS,shared_audio_intelligence_v0_2;spectral_peak;owner_supplied_audio
BE-003:pitch:02272,BE-003:onset:0554,100.821043,808.821043,169.346154,43,2.346154,66.0679,F#4,371.4478,0.069660,1.000000,0.857932,0.850000,0.580000,,0.231069,1314.602,4,3,0.050000,0.300000,0.580000,0.070000,0.000000,0.450000,0.250000,0.200000,NOTE_HYPOTHESIS,shared_audio_intelligence_v0_2;spectral_peak;owner_supplied_audio
BE-003:pitch:02273,BE-003:onset:0554,100.821043,808.821043,169.346154,43,2.346154,37.1709,C#2,69.9829,1.369977,1.000000,0.857932,0.850000,0.760000,,0.231069,1314.602,4,4,0.760000,0.180000,0.010000,0.050000,0.480000,0.320000,0.000000,0.000000,NOTE_HYPOTHESIS,shared_audio_intelligence_v0_2;spectral_peak;owner_supplied_audio
BE-003:pitch:02274,BE-003:onset:0555,100.913923,808.913923,169.500000,43,2.500000,55.7407,G#3,204.5654,0.208980,1.000000,1.000000,0.850000,0.520000,,0.218471,1244.339,4,1,0.250000,0.520000,0.150000,0.080000,0.000000,0.450000,0.250000,0.200000,NOTE_HYPOTHESIS,shared_audio_intelligence_v0_2;spectral_peak;owner_supplied_audio
BE-003:pitch:02275,BE-003:onset:0555,100.913923,808.913923,169.500000,43,2.500000,42.8047,G2,96.8994,0.719819,1.000000,1.000000,0.850000,0.760000,,0.218471,1244.339,4,2,0.760000,0.180000,0.010000,0.050000,0.480000,0.320000,0.000000,0.000000,NOTE_HYPOTHESIS,shared_audio_intelligence_v0_2;spectral_peak;owner_supplied_audio
BE-003:pitch:02276,BE-003:onset:0555,100.913923,808.913923,169.500000,43,2.500000,44.6287,A2,107.6660,0.534059,1.000000,1.000000,0.850000,0.760000,,0.218471,1244.339,4,3,0.760000,0.180000,0.010000,0.050000,0.480000,0.320000,0.000000,0.000000,NOTE_HYPOTHESIS,shared_audio_intelligence_v0_2;spectral_peak;owner_supplied_audio
BE-003:pitch:02277,BE-003:onset:0555,100.913923,808.913923,169.500000,43,2.500000,68.4109,G#4,425.2808,0.116100,1.000000,1.000000,0.850000,0.580000,,0.218471,1244.339,4,4,0.050000,0.300000,0.580000,0.070000,0.000000,0.450000,0.250000,0.200000,NOTE_HYPOTHESIS,shared_audio_intelligence_v0_2;spectral_peak;owner_supplied_audio
BE-003:pitch:02278,BE-003:onset:0556,101.030023,809.030023,169.692308,43,2.692308,57.0562,A3,220.7153,0.139320,1.000000,1.000000,0.850000,0.520000,,0.198840,934.943,6,1,0.250000,0.520000,0.150000,0.080000,0.000000,0.450000,0.250000,0.200000,NOTE_HYPOTHESIS,shared_audio_intelligence_v0_2;spectral_peak;owner_supplied_audio
BE-003:pitch:02279,BE-003:onset:0556,101.030023,809.030023,169.692308,43,2.692308,55.7407,G#3,204.5654,0.371519,1.000000,1.000000,0.850000,0.520000,,0.198840,934.943,6,2,0.250000,0.520000,0.150000,0.080000,0.000000,0.450000,0.250000,0.200000,NOTE_HYPOTHESIS,shared_audio_intelligence_v0_2;spectral_peak;owner_supplied_audio
BE-003:pitch:02280,BE-003:onset:0556,101.030023,809.030023,169.692308,43,2.692308,42.8047,G2,96.8994,0.603719,1.000000,1.000000,0.850000,0.760000,,0.198840,934.943,6,3,0.760000,0.180000,0.010000,0.050000,0.480000,0.320000,0.000000,0.000000,NOTE_HYPOTHESIS,shared_audio_intelligence_v0_2;spectral_peak;owner_supplied_audio
BE-003:pitch:02281,BE-003:onset:0556,101.030023,809.030023,169.692308,43,2.692308,47.7851,C3,129.1992,0.696599,1.000000,1.000000,0.850000,0.550000,,0.198840,934.943,6,4,0.550000,0.350000,0.030000,0.070000,0.480000,0.320000,0.000000,0.000000,NOTE_HYPOTHESIS,shared_audio_intelligence_v0_2;spectral_peak;owner_supplied_audio
BE-003:pitch:02282,BE-003:onset:0556,101.030023,809.030023,169.692308,43,2.692308,54.8047,G3,193.7988,0.394739,1.000000,1.000000,0.850000,0.550000,,0.198840,934.943,6,5,0.550000,0.350000,0.030000,0.070000,0.480000,0.320000,0.000000,0.000000,NOTE_HYPOTHESIS,shared_audio_intelligence_v0_2;spectral_peak;owner_supplied_audio
BE-003:pitch:02283,BE-003:onset:0556,101.030023,809.030023,169.692308,43,2.692308,69.6783,A#4,457.5806,0.139320,1.000000,1.000000,0.850000,0.580000,,0.198840,934.943,6,6,0.050000,0.300000,0.580000,0.070000,0.000000,0.450000,0.250000,0.200000,NOTE_HYPOTHESIS,shared_audio_intelligence_v0_2;spectral_peak;owner_supplied_audio
BE-003:pitch:02284,BE-003:onset:0557,101.122902,809.122902,169.846154,43,2.846154,69.2660,A4,446.8140,0.069660,1.000000,0.870622,0.850000,0.580000,,0.166796,1696.979,6,1,0.050000,0.300000,0.580000,0.070000,0.000000,0.450000,0.250000,0.200000,NOTE_HYPOTHESIS,shared_audio_intelligence_v0_2;spectral_peak;owner_supplied_audio
BE-003:pitch:02285,BE-003:onset:0557,101.122902,809.122902,169.846154,43,2.846154,56.1904,G#3,209.9487,0.325079,1.000000,0.870622,0.850000,0.520000,,0.166796,1696.979,6,2,0.250000,0.520000,0.150000,0.080000,0.000000,0.450000,0.250000,0.200000,NOTE_HYPOTHESIS,shared_audio_intelligence_v0_2;spectral_peak;owner_supplied_audio
BE-003:pitch:02286,BE-003:onset:0557,101.122902,809.122902,169.846154,43,2.846154,57.4734,A3,226.0986,0.092880,1.000000,0.870622,0.850000,0.520000,,0.166796,1696.979,6,3,0.250000,0.520000,0.150000,0.080000,0.000000,0.450000,0.250000,0.200000,NOTE_HYPOTHESIS,shared_audio_intelligence_v0_2;spectral_peak;owner_supplied_audio
BE-003:pitch:02287,BE-003:onset:0557,101.122902,809.122902,169.846154,43,2.846154,70.2788,A#4,473.7305,0.278639,1.000000,0.870622,0.850000,0.580000,,0.166796,1696.979,6,4,0.050000,0.300000,0.580000,0.070000,0.000000,0.120000,0.580000,0.220000,NOTE_HYPOTHESIS,shared_audio_intelligence_v0_2;spectral_peak;owner_supplied_audio
BE-003:pitch:02288,BE-003:onset:0557,101.122902,809.122902,169.846154,43,2.846154,43.7407,G#2,102.2827,1.068118,1.000000,0.870622,0.850000,0.760000,,0.166796,1696.979,6,5,0.760000,0.180000,0.010000,0.050000,0.480000,0.320000,0.000000,0.000000,NOTE_HYPOTHESIS,shared_audio_intelligence_v0_2;spectral_peak;owner_supplied_audio
BE-003:pitch:02289,BE-003:onset:0557,101.122902,809.122902,169.846154,43,2.846154,47.7851,C3,129.1992,1.160998,0.991748,0.870622,0.845874,0.550000,,0.166796,1696.979,6,6,0.550000,0.350000,0.030000,0.070000,0.480000,0.320000,0.000000,0.000000,NOTE_HYPOTHESIS,shared_audio_intelligence_v0_2;spectral_peak;owner_supplied_audio
BE-003:pitch:02290,BE-003:onset:0558,101.192562,809.192562,169.961538,43,2.961538,43.7407,G#2,102.2827,0.301859,1.000000,0.805350,0.850000,0.760000,,0.119874,1795.708,6,1,0.760000,0.180000,0.010000,0.050000,0.480000,0.320000,0.000000,0.000000,NOTE_HYPOTHESIS,shared_audio_intelligence_v0_2;spectral_peak;owner_supplied_audio
BE-003:pitch:02291,BE-003:onset:0558,101.192562,809.192562,169.961538,43,2.961538,56.1904,G#3,209.9487,0.255420,1.000000,0.805350,0.850000,0.520000,,0.119874,1795.708,6,2,0.250000,0.520000,0.150000,0.080000,0.000000,0.450000,0.250000,0.200000,NOTE_HYPOTHESIS,shared_audio_intelligence_v0_2;spectral_peak;owner_supplied_audio
BE-003:pitch:02292,BE-003:onset:0558,101.192562,809.192562,169.961538,43,2.961538,55.2790,G3,199.1821,0.232200,1.000000,0.805350,0.850000,0.520000,,0.119874,1795.708,6,3,0.250000,0.520000,0.150000,0.080000,0.000000,0.450000,0.250000,0.200000,NOTE_HYPOTHESIS,shared_audio_intelligence_v0_2;spectral_peak;owner_supplied_audio
BE-003:pitch:02293,BE-003:onset:0558,101.192562,809.192562,169.961538,43,2.961538,35.7851,C2,64.5996,1.532517,1.000000,0.805350,0.850000,0.760000,,0.119874,1795.708,6,4,0.760000,0.180000,0.010000,0.050000,0.480000,0.320000,0.000000,0.000000,NOTE_HYPOTHESIS,shared_audio_intelligence_v0_2;spectral_peak;owner_supplied_audio
BE-003:pitch:02294,BE-003:onset:0558,101.192562,809.192562,169.961538,43,2.961538,71.2355,B4,500.6470,0.185760,1.000000,0.805350,0.850000,0.580000,,0.119874,1795.708,6,5,0.050000,0.300000,0.580000,0.070000,0.000000,0.120000,0.580000,0.220000,NOTE_HYPOTHESIS,shared_audio_intelligence_v0_2;spectral_peak;owner_supplied_audio
BE-003:pitch:02295,BE-003:onset:0558,101.192562,809.192562,169.961538,43,2.961538,47.0483,B2,123.8159,1.068118,1.000000,0.805350,0.850000,0.550000,,0.119874,1795.708,6,6,0.550000,0.350000,0.030000,0.070000,0.480000,0.320000,0.000000,0.000000,NOTE_HYPOTHESIS,shared_audio_intelligence_v0_2;spectral_peak;owner_supplied_audio
BE-003:pitch:02296,BE-003:onset:0559,101.355102,809.355102,170.230769,43,3.230769,44.6287,A2,107.6660,0.092880,1.000000,1.000000,0.850000,0.760000,,0.123219,1008.974,6,1,0.760000,0.180000,0.010000,0.050000,0.480000,0.320000,0.000000,0.000000,NOTE_HYPOTHESIS,shared_audio_intelligence_v0_2;spectral_peak;owner_supplied_audio
BE-003:pitch:02297,BE-003:onset:0559,101.355102,809.355102,170.230769,43,3.230769,47.0483,B2,123.8159,0.348299,1.000000,1.000000,0.850000,0.550000,,0.123219,1008.974,6,2,0.550000,0.350000,0.030000,0.070000,0.480000,0.320000,0.000000,0.000000,NOTE_HYPOTHESIS,shared_audio_intelligence_v0_2;spectral_peak;owner_supplied_audio
BE-003:pitch:02298,BE-003:onset:0559,101.355102,809.355102,170.230769,43,3.230769,59.4206,B3,253.0151,0.534059,1.000000,1.000000,0.850000,0.520000,,0.123219,1008.974,6,3,0.250000,0.520000,0.150000,0.080000,0.000000,0.450000,0.250000,0.200000,NOTE_HYPOTHESIS,shared_audio_intelligence_v0_2;spectral_peak;owner_supplied_audio
BE-003:pitch:02299,BE-003:onset:0559,101.355102,809.355102,170.230769,43,3.230769,56.1904,G#3,209.9487,1.207438,1.000000,1.000000,0.850000,0.520000,,0.123219,1008.974,6,4,0.250000,0.520000,0.150000,0.080000,0.000000,0.450000,0.250000,0.200000,NOTE_HYPOTHESIS,shared_audio_intelligence_v0_2;spectral_peak;owner_supplied_audio
BE-003:pitch:02300,BE-003:onset:0559,101.355102,809.355102,170.230769,43,3.230769,61.8242,D4,290.6982,0.766259,0.987355,1.000000,0.843678,0.520000,,0.123219,1008.974,6,5,0.250000,0.520000,0.150000,0.080000,0.000000,0.450000,0.250000,0.200000,NOTE_HYPOTHESIS,shared_audio_intelligence_v0_2;spectral_peak;owner_supplied_audio
BE-003:pitch:02301,BE-003:onset:0559,101.355102,809.355102,170.230769,43,3.230769,34.2788,A#1,59.2163,1.532517,0.979636,1.000000,0.839818,0.760000,,0.123219,1008.974,6,6,0.760000,0.180000,0.010000,0.050000,0.480000,0.320000,0.000000,0.000000,NOTE_HYPOTHESIS,shared_audio_intelligence_v0_2;spectral_peak;owner_supplied_audio
BE-003:pitch:02302,BE-003:onset:0560,101.517642,809.517642,170.500000,43,3.500000,59.7851,C4,258.3984,0.116100,1.000000,1.000000,0.850000,0.520000,,0.321992,1579.539,3,1,0.250000,0.520000,0.150000,0.080000,0.000000,0.450000,0.250000,0.200000,NOTE_HYPOTHESIS,shared_audio_intelligence_v0_2;spectral_peak;owner_supplied_audio
BE-003:pitch:02303,BE-003:onset:0560,101.517642,809.517642,170.500000,43,3.500000,71.7851,C5,516.7969,0.092880,1.000000,1.000000,0.850000,0.580000,,0.321992,1579.539,3,2,0.050000,0.300000,0.580000,0.070000,0.000000,0.120000,0.580000,0.220000,NOTE_HYPOTHESIS,shared_audio_intelligence_v0_2;spectral_peak;owner_supplied_audio
BE-003:pitch:02304,BE-003:onset:0560,101.517642,809.517642,170.500000,43,3.500000,78.9245,G5,780.5786,0.394739,1.000000,1.000000,0.850000,0.840000,,0.321992,1579.539,3,3,0.010000,0.080000,0.840000,0.070000,0.000000,0.120000,0.580000,0.220000,NOTE_HYPOTHESIS,shared_audio_intelligence_v0_2;spectral_peak;owner_supplied_audio
BE-003:pitch:02305,BE-003:onset:0561,101.726621,809.726621,170.846154,43,3.846154,66.8047,G4,387.5977,0.139320,1.000000,0.807866,0.850000,0.580000,,0.288388,1267.485,6,1,0.050000,0.300000,0.580000,0.070000,0.000000,0.450000,0.250000,0.200000,NOTE_HYPOTHESIS,shared_audio_intelligence_v0_2;spectral_peak;owner_supplied_audio
BE-003:pitch:02306,BE-003:onset:0561,101.726621,809.726621,170.846154,43,3.846154,78.8047,G5,775.1953,0.139320,1.000000,0.807866,0.850000,0.840000,,0.288388,1267.485,6,2,0.010000,0.080000,0.840000,0.070000,0.000000,0.120000,0.580000,0.220000,NOTE_HYPOTHESIS,shared_audio_intelligence_v0_2;spectral_peak;owner_supplied_audio
BE-003:pitch:02307,BE-003:onset:0561,101.726621,809.726621,170.846154,43,3.846154,73.8242,D5,581.3965,0.417959,1.000000,0.807866,0.850000,0.580000,,0.288388,1267.485,6,3,0.050000,0.300000,0.580000,0.070000,0.000000,0.120000,0.580000,0.220000,NOTE_HYPOTHESIS,shared_audio_intelligence_v0_2;spectral_peak;owner_supplied_audio
BE-003:pitch:02308,BE-003:onset:0561,101.726621,809.726621,170.846154,43,3.846154,59.7851,C4,258.3984,0.139320,1.000000,0.807866,0.850000,0.520000,,0.288388,1267.485,6,4,0.250000,0.520000,0.150000,0.080000,0.000000,0.450000,0.250000,0.200000,NOTE_HYPOTHESIS,shared_audio_intelligence_v0_2;spectral_peak;owner_supplied_audio
BE-003:pitch:02309,BE-003:onset:0561,101.726621,809.726621,170.846154,43,3.846154,54.8047,G3,193.7988,0.441179,1.000000,0.807866,0.850000,0.550000,,0.288388,1267.485,6,5,0.550000,0.350000,0.030000,0.070000,0.480000,0.320000,0.000000,0.000000,NOTE_HYPOTHESIS,shared_audio_intelligence_v0_2;spectral_peak;owner_supplied_audio
BE-003:pitch:02310,BE-003:onset:0561,101.726621,809.726621,170.846154,43,3.846154,35.7851,C2,64.5996,1.532517,1.000000,0.807866,0.850000,0.760000,,0.288388,1267.485,6,6,0.760000,0.180000,0.010000,0.050000,0.480000,0.320000,0.000000,0.000000,NOTE_HYPOTHESIS,shared_audio_intelligence_v0_2;spectral_peak;owner_supplied_audio
BE-003:pitch:02311,BE-003:onset:0562,101.842721,809.842721,171.035714,43,4.035714,61.8242,D4,290.6982,0.185760,1.000000,1.000000,0.850000,0.520000,,0.432459,1132.455,6,1,0.250000,0.520000,0.150000,0.080000,0.000000,0.450000,0.250000,0.200000,NOTE_HYPOTHESIS,shared_audio_intelligence_v0_2;spectral_peak;owner_supplied_audio
BE-003:pitch:02312,BE-003:onset:0562,101.842721,809.842721,171.035714,43,4.035714,73.9838,D5,586.7798,0.092880,1.000000,1.000000,0.850000,0.580000,,0.432459,1132.455,6,2,0.050000,0.300000,0.580000,0.070000,0.000000,0.120000,0.580000,0.220000,NOTE_HYPOTHESIS,shared_audio_intelligence_v0_2;spectral_peak;owner_supplied_audio
BE-003:pitch:02313,BE-003:onset:0562,101.842721,809.842721,171.035714,43,4.035714,81.8808,A#5,925.9277,0.162540,1.000000,1.000000,0.850000,0.840000,,0.432459,1132.455,6,3,0.010000,0.080000,0.840000,0.070000,0.000000,0.120000,0.580000,0.220000,NOTE_HYPOTHESIS,shared_audio_intelligence_v0_2;spectral_peak;owner_supplied_audio
BE-003:pitch:02314,BE-003:onset:0562,101.842721,809.842721,171.035714,43,4.035714,69.8808,A#4,462.9639,0.208980,1.000000,1.000000,0.850000,0.580000,,0.432459,1132.455,6,4,0.050000,0.300000,0.580000,0.070000,0.000000,0.450000,0.250000,0.200000,NOTE_HYPOTHESIS,shared_audio_intelligence_v0_2;spectral_peak;owner_supplied_audio
BE-003:pitch:02315,BE-003:onset:0562,101.842721,809.842721,171.035714,43,4.035714,68.8438,A4,436.0474,0.626939,1.000000,1.000000,0.850000,0.580000,,0.432459,1132.455,6,5,0.050000,0.300000,0.580000,0.070000,0.000000,0.450000,0.250000,0.200000,NOTE_HYPOTHESIS,shared_audio_intelligence_v0_2;spectral_peak;owner_supplied_audio
BE-003:pitch:02316,BE-003:onset:0562,101.842721,809.842721,171.035714,43,4.035714,67.0435,G4,392.9810,0.603719,1.000000,1.000000,0.850000,0.580000,,0.432459,1132.455,6,6,0.050000,0.300000,0.580000,0.070000,0.000000,0.450000,0.250000,0.200000,NOTE_HYPOTHESIS,shared_audio_intelligence_v0_2;spectral_peak;owner_supplied_audio
BE-003:pitch:02317,BE-003:onset:0563,101.912381,809.912381,171.142857,43,4.142857,68.8438,A4,436.0474,0.487619,1.000000,0.891226,0.850000,0.580000,,0.392012,950.013,6,1,0.050000,0.300000,0.580000,0.070000,0.000000,0.450000,0.250000,0.200000,NOTE_HYPOTHESIS,shared_audio_intelligence_v0_2;spectral_peak;owner_supplied_audio
BE-003:pitch:02318,BE-003:onset:0563,101.912381,809.912381,171.142857,43,4.142857,87.9344,E6,1313.5254,0.185760,1.000000,0.891226,0.850000,0.840000,,0.392012,950.013,6,2,0.010000,0.080000,0.840000,0.070000,0.000000,0.120000,0.580000,0.220000,NOTE_HYPOTHESIS,shared_audio_intelligence_v0_2;spectral_peak;owner_supplied_audio
BE-003:pitch:02319,BE-003:onset:0563,101.912381,809.912381,171.142857,43,4.142857,62.1419,D4,296.0815,0.139320,1.000000,0.891226,0.850000,0.520000,,0.392012,950.013,6,3,0.250000,0.520000,0.150000,0.080000,0.000000,0.450000,0.250000,0.200000,NOTE_HYPOTHESIS,shared_audio_intelligence_v0_2;spectral_peak;owner_supplied_audio
BE-003:pitch:02320,BE-003:onset:0563,101.912381,809.912381,171.142857,43,4.142857,81.8808,A#5,925.9277,0.092880,1.000000,0.891226,0.850000,0.840000,,0.392012,950.013,6,4,0.010000,0.080000,0.840000,0.070000,0.000000,0.120000,0.580000,0.220000,NOTE_HYPOTHESIS,shared_audio_intelligence_v0_2;spectral_peak;owner_supplied_audio
BE-003:pitch:02321,BE-003:onset:0563,101.912381,809.912381,171.142857,43,4.142857,69.8808,A#4,462.9639,0.139320,1.000000,0.891226,0.850000,0.580000,,0.392012,950.013,6,5,0.050000,0.300000,0.580000,0.070000,0.000000,0.450000,0.250000,0.200000,NOTE_HYPOTHESIS,shared_audio_intelligence_v0_2;spectral_peak;owner_supplied_audio
BE-003:pitch:02322,BE-003:onset:0563,101.912381,809.912381,171.142857,43,4.142857,57.0562,A3,220.7153,0.278639,1.000000,0.891226,0.850000,0.520000,,0.392012,950.013,6,6,0.250000,0.520000,0.150000,0.080000,0.000000,0.450000,0.250000,0.200000,NOTE_HYPOTHESIS,shared_audio_intelligence_v0_2;spectral_peak;owner_supplied_audio
BE-003:pitch:02323,BE-003:onset:0564,102.074921,810.074921,171.392857,43,4.392857,66.8047,G4,387.5977,0.232200,1.000000,0.827466,0.850000,0.580000,,0.413392,911.164,4,1,0.050000,0.300000,0.580000,0.070000,0.000000,0.450000,0.250000,0.200000,NOTE_HYPOTHESIS,shared_audio_intelligence_v0_2;spectral_peak;owner_supplied_audio
BE-003:pitch:02324,BE-003:onset:0564,102.074921,810.074921,171.392857,43,4.392857,78.8047,G5,775.1953,0.162540,1.000000,0.827466,0.850000,0.840000,,0.413392,911.164,4,2,0.010000,0.080000,0.840000,0.070000,0.000000,0.120000,0.580000,0.220000,NOTE_HYPOTHESIS,shared_audio_intelligence_v0_2;spectral_peak;owner_supplied_audio
BE-003:pitch:02325,BE-003:onset:0564,102.074921,810.074921,171.392857,43,4.392857,68.8438,A4,436.0474,0.325079,1.000000,0.827466,0.850000,0.580000,,0.413392,911.164,4,3,0.050000,0.300000,0.580000,0.070000,0.000000,0.450000,0.250000,0.200000,NOTE_HYPOTHESIS,shared_audio_intelligence_v0_2;spectral_peak;owner_supplied_audio
BE-003:pitch:02326,BE-003:onset:0564,102.074921,810.074921,171.392857,43,4.392857,85.9042,D6,1168.1763,0.139320,1.000000,0.827466,0.850000,0.840000,,0.413392,911.164,4,4,0.010000,0.080000,0.840000,0.070000,0.000000,0.120000,0.580000,0.220000,NOTE_HYPOTHESIS,shared_audio_intelligence_v0_2;spectral_peak;owner_supplied_audio
BE-003:pitch:02327,BE-003:onset:0565,102.260680,810.260680,171.678571,43,4.678571,67.0435,G4,392.9810,0.116100,1.000000,0.493744,0.850000,0.580000,,0.240166,889.794,6,1,0.050000,0.300000,0.580000,0.070000,0.000000,0.450000,0.250000,0.200000,NOTE_HYPOTHESIS,shared_audio_intelligence_v0_2;spectral_peak;owner_supplied_audio
BE-003:pitch:02328,BE-003:onset:0565,102.260680,810.260680,171.678571,43,4.678571,65.8151,F#4,366.0645,0.162540,1.000000,0.493744,0.850000,0.580000,,0.240166,889.794,6,2,0.050000,0.300000,0.580000,0.070000,0.000000,0.450000,0.250000,0.200000,NOTE_HYPOTHESIS,shared_audio_intelligence_v0_2;spectral_peak;owner_supplied_audio
BE-003:pitch:02329,BE-003:onset:0565,102.260680,810.260680,171.678571,43,4.678571,69.0562,A4,441.4307,0.185760,1.000000,0.493744,0.850000,0.580000,,0.240166,889.794,6,3,0.050000,0.300000,0.580000,0.070000,0.000000,0.450000,0.250000,0.200000,NOTE_HYPOTHESIS,shared_audio_intelligence_v0_2;spectral_peak;owner_supplied_audio
BE-003:pitch:02330,BE-003:onset:0565,102.260680,810.260680,171.678571,43,4.678571,87.9344,E6,1313.5254,0.139320,1.000000,0.493744,0.850000,0.840000,,0.240166,889.794,6,4,0.010000,0.080000,0.840000,0.070000,0.000000,0.120000,0.580000,0.220000,NOTE_HYPOTHESIS,shared_audio_intelligence_v0_2;spectral_peak;owner_supplied_audio
BE-003:pitch:02331,BE-003:onset:0565,102.260680,810.260680,171.678571,43,4.678571,53.8151,F#3,183.0322,0.185760,1.000000,0.493744,0.850000,0.550000,,0.240166,889.794,6,5,0.550000,0.350000,0.030000,0.070000,0.480000,0.320000,0.000000,0.000000,NOTE_HYPOTHESIS,shared_audio_intelligence_v0_2;spectral_peak;owner_supplied_audio
BE-003:pitch:02332,BE-003:onset:0565,102.260680,810.260680,171.678571,43,4.678571,78.9245,G5,780.5786,0.208980,1.000000,0.493744,0.850000,0.840000,,0.240166,889.794,6,6,0.010000,0.080000,0.840000,0.070000,0.000000,0.120000,0.580000,0.220000,NOTE_HYPOTHESIS,shared_audio_intelligence_v0_2;spectral_peak;owner_supplied_audio
BE-003:pitch:02333,BE-003:onset:0566,102.353560,810.353560,171.821429,43,4.821429,83.8751,C6,1038.9771,0.185760,1.000000,0.886220,0.850000,0.840000,,0.460799,921.731,6,1,0.010000,0.080000,0.840000,0.070000,0.000000,0.120000,0.580000,0.220000,NOTE_HYPOTHESIS,shared_audio_intelligence_v0_2;spectral_peak;owner_supplied_audio
BE-003:pitch:02334,BE-003:onset:0566,102.353560,810.353560,171.821429,43,4.821429,71.9645,C5,522.1802,0.394739,1.000000,0.886220,0.850000,0.580000,,0.460799,921.731,6,2,0.050000,0.300000,0.580000,0.070000,0.000000,0.120000,0.580000,0.220000,NOTE_HYPOTHESIS,shared_audio_intelligence_v0_2;spectral_peak;owner_supplied_audio
BE-003:pitch:02335,BE-003:onset:0566,102.353560,810.353560,171.821429,43,4.821429,68.8438,A4,436.0474,0.116100,1.000000,0.886220,0.850000,0.580000,,0.460799,921.731,6,3,0.050000,0.300000,0.580000,0.070000,0.000000,0.450000,0.250000,0.200000,NOTE_HYPOTHESIS,shared_audio_intelligence_v0_2;spectral_peak;owner_supplied_audio
BE-003:pitch:02336,BE-003:onset:0566,102.353560,810.353560,171.821429,43,4.821429,65.8151,F#4,366.0645,0.092880,1.000000,0.886220,0.850000,0.580000,,0.460799,921.731,6,4,0.050000,0.300000,0.580000,0.070000,0.000000,0.450000,0.250000,0.200000,NOTE_HYPOTHESIS,shared_audio_intelligence_v0_2;spectral_peak;owner_supplied_audio
BE-003:pitch:02337,BE-003:onset:0566,102.353560,810.353560,171.821429,43,4.821429,67.0435,G4,392.9810,0.092880,1.000000,0.886220,0.850000,0.580000,,0.460799,921.731,6,5,0.050000,0.300000,0.580000,0.070000,0.000000,0.450000,0.250000,0.200000,NOTE_HYPOTHESIS,shared_audio_intelligence_v0_2;spectral_peak;owner_supplied_audio
BE-003:pitch:02338,BE-003:onset:0566,102.353560,810.353560,171.821429,43,4.821429,90.9841,G6,1566.5405,0.139320,1.000000,0.886220,0.850000,0.840000,,0.460799,921.731,6,6,0.010000,0.080000,0.840000,0.070000,0.000000,0.120000,0.580000,0.220000,NOTE_HYPOTHESIS,shared_audio_intelligence_v0_2;spectral_peak;owner_supplied_audio
BE-003:pitch:02339,BE-003:onset:0567,102.469660,810.469660,172.000000,44,1.000000,74.9115,D#5,619.0796,0.208980,1.000000,1.000000,0.850000,0.580000,,0.983696,1320.350,3,1,0.050000,0.300000,0.580000,0.070000,0.000000,0.120000,0.580000,0.220000,NOTE_HYPOTHESIS,shared_audio_intelligence_v0_2;spectral_peak;owner_supplied_audio
BE-003:pitch:02340,BE-003:onset:0567,102.469660,810.469660,172.000000,44,1.000000,62.7603,D#4,306.8481,0.301859,1.000000,1.000000,0.850000,0.520000,,0.983696,1320.350,3,2,0.250000,0.520000,0.150000,0.080000,0.000000,0.450000,0.250000,0.200000,NOTE_HYPOTHESIS,shared_audio_intelligence_v0_2;spectral_peak;owner_supplied_audio
BE-003:pitch:02341,BE-003:onset:0567,102.469660,810.469660,172.000000,44,1.000000,86.9115,D#6,1238.1592,0.185760,1.000000,1.000000,0.850000,0.840000,,0.983696,1320.350,3,3,0.010000,0.080000,0.840000,0.070000,0.000000,0.120000,0.580000,0.220000,NOTE_HYPOTHESIS,shared_audio_intelligence_v0_2;spectral_peak;owner_supplied_audio
BE-003:pitch:02342,BE-003:onset:0568,102.678639,810.678639,172.333333,44,1.333333,74.9115,D#5,619.0796,0.116100,1.000000,0.934448,0.850000,0.580000,,0.488508,1426.443,6,1,0.050000,0.300000,0.580000,0.070000,0.000000,0.120000,0.580000,0.220000,NOTE_HYPOTHESIS,shared_audio_intelligence_v0_2;spectral_peak;owner_supplied_audio
BE-003:pitch:02343,BE-003:onset:0568,102.678639,810.678639,172.333333,44,1.333333,72.8347,C#5,549.0967,0.278639,1.000000,0.934448,0.850000,0.580000,,0.488508,1426.443,6,2,0.050000,0.300000,0.580000,0.070000,0.000000,0.120000,0.580000,0.220000,NOTE_HYPOTHESIS,shared_audio_intelligence_v0_2;spectral_peak;owner_supplied_audio
BE-003:pitch:02344,BE-003:onset:0568,102.678639,810.678639,172.333333,44,1.333333,62.7603,D#4,306.8481,0.232200,1.000000,0.934448,0.850000,0.520000,,0.488508,1426.443,6,3,0.250000,0.520000,0.150000,0.080000,0.000000,0.450000,0.250000,0.200000,NOTE_HYPOTHESIS,shared_audio_intelligence_v0_2;spectral_peak;owner_supplied_audio
BE-003:pitch:02345,BE-003:onset:0568,102.678639,810.678639,172.333333,44,1.333333,74.2986,D5,597.5464,0.394739,1.000000,0.934448,0.850000,0.580000,,0.488508,1426.443,6,4,0.050000,0.300000,0.580000,0.070000,0.000000,0.120000,0.580000,0.220000,NOTE_HYPOTHESIS,shared_audio_intelligence_v0_2;spectral_peak;owner_supplied_audio
BE-003:pitch:02346,BE-003:onset:0568,102.678639,810.678639,172.333333,44,1.333333,84.9193,C#6,1103.5767,0.162540,1.000000,0.934448,0.850000,0.840000,,0.488508,1426.443,6,5,0.010000,0.080000,0.840000,0.070000,0.000000,0.120000,0.580000,0.220000,NOTE_HYPOTHESIS,shared_audio_intelligence_v0_2;spectral_peak;owner_supplied_audio
BE-003:pitch:02347,BE-003:onset:0568,102.678639,810.678639,172.333333,44,1.333333,73.6632,D5,576.0132,0.789478,1.000000,0.934448,0.850000,0.580000,,0.488508,1426.443,6,6,0.050000,0.300000,0.580000,0.070000,0.000000,0.120000,0.580000,0.220000,NOTE_HYPOTHESIS,shared_audio_intelligence_v0_2;spectral_peak;owner_supplied_audio
BE-003:pitch:02348,BE-003:onset:0569,102.771519,810.771519,172.481481,44,1.481481,73.8242,D5,581.3965,0.208980,1.000000,1.000000,0.850000,0.580000,,0.652383,1119.740,3,1,0.050000,0.300000,0.580000,0.070000,0.000000,0.120000,0.580000,0.220000,NOTE_HYPOTHESIS,shared_audio_intelligence_v0_2;spectral_peak;owner_supplied_audio
BE-003:pitch:02349,BE-003:onset:0569,102.771519,810.771519,172.481481,44,1.481481,61.8242,D4,290.6982,0.208980,1.000000,1.000000,0.850000,0.520000,,0.652383,1119.740,3,2,0.250000,0.520000,0.150000,0.080000,0.000000,0.450000,0.250000,0.200000,NOTE_HYPOTHESIS,shared_audio_intelligence_v0_2;spectral_peak;owner_supplied_audio
BE-003:pitch:02350,BE-003:onset:0569,102.771519,810.771519,172.481481,44,1.481481,85.9042,D6,1168.1763,0.162540,1.000000,1.000000,0.850000,0.840000,,0.652383,1119.740,3,3,0.010000,0.080000,0.840000,0.070000,0.000000,0.120000,0.580000,0.220000,NOTE_HYPOTHESIS,shared_audio_intelligence_v0_2;spectral_peak;owner_supplied_audio
BE-003:pitch:02351,BE-003:onset:0570,102.957279,810.957279,172.777778,44,1.777778,83.8751,C6,1038.9771,0.139320,1.000000,1.000000,0.850000,0.840000,,0.497059,1249.375,6,1,0.010000,0.080000,0.840000,0.070000,0.000000,0.120000,0.580000,0.220000,NOTE_HYPOTHESIS,shared_audio_intelligence_v0_2;spectral_peak;owner_supplied_audio
BE-003:pitch:02352,BE-003:onset:0570,102.957279,810.957279,172.777778,44,1.777778,71.9645,C5,522.1802,0.255420,1.000000,1.000000,0.850000,0.580000,,0.497059,1249.375,6,2,0.050000,0.300000,0.580000,0.070000,0.000000,0.120000,0.580000,0.220000,NOTE_HYPOTHESIS,shared_audio_intelligence_v0_2;spectral_peak;owner_supplied_audio
BE-003:pitch:02353,BE-003:onset:0570,102.957279,810.957279,172.777778,44,1.777778,59.7851,C4,258.3984,0.139320,1.000000,1.000000,0.850000,0.520000,,0.497059,1249.375,6,3,0.250000,0.520000,0.150000,0.080000,0.000000,0.450000,0.250000,0.200000,NOTE_HYPOTHESIS,shared_audio_intelligence_v0_2;spectral_peak;owner_supplied_audio
BE-003:pitch:02354,BE-003:onset:0570,102.957279,810.957279,172.777778,44,1.777778,73.9838,D5,586.7798,0.092880,1.000000,1.000000,0.850000,0.580000,,0.497059,1249.375,6,4,0.050000,0.300000,0.580000,0.070000,0.000000,0.120000,0.580000,0.220000,NOTE_HYPOTHESIS,shared_audio_intelligence_v0_2;spectral_peak;owner_supplied_audio
BE-003:pitch:02355,BE-003:onset:0570,102.957279,810.957279,172.777778,44,1.777778,61.8242,D4,290.6982,0.069660,1.000000,1.000000,0.850000,0.520000,,0.497059,1249.375,6,5,0.250000,0.520000,0.150000,0.080000,0.000000,0.450000,0.250000,0.200000,NOTE_HYPOTHESIS,shared_audio_intelligence_v0_2;spectral_peak;owner_supplied_audio
BE-003:pitch:02356,BE-003:onset:0570,102.957279,810.957279,172.777778,44,1.777778,90.9841,G6,1566.5405,0.116100,1.000000,1.000000,0.850000,0.840000,,0.497059,1249.375,6,6,0.010000,0.080000,0.840000,0.070000,0.000000,0.120000,0.580000,0.220000,NOTE_HYPOTHESIS,shared_audio_intelligence_v0_2;spectral_peak;owner_supplied_audio
BE-003:pitch:02357,BE-003:onset:0571,103.073379,811.073379,172.962963,44,1.962963,71.9645,C5,522.1802,0.162540,1.000000,0.653000,0.850000,0.580000,,0.322811,2119.159,6,1,0.050000,0.300000,0.580000,0.070000,0.000000,0.120000,0.580000,0.220000,NOTE_HYPOTHESIS,shared_audio_intelligence_v0_2;spectral_peak;owner_supplied_audio
BE-003:pitch:02358,BE-003:onset:0571,103.073379,811.073379,172.962963,44,1.962963,57.8808,A#3,231.4819,0.139320,1.000000,0.653000,0.850000,0.520000,,0.322811,2119.159,6,2,0.250000,0.520000,0.150000,0.080000,0.000000,0.450000,0.250000,0.200000,NOTE_HYPOTHESIS,shared_audio_intelligence_v0_2;spectral_peak;owner_supplied_audio
BE-003:pitch:02359,BE-003:onset:0571,103.073379,811.073379,172.962963,44,1.962963,83.9645,C6,1044.3604,0.069660,1.000000,0.653000,0.850000,0.840000,,0.322811,2119.159,6,3,0.010000,0.080000,0.840000,0.070000,0.000000,0.120000,0.580000,0.220000,NOTE_HYPOTHESIS,shared_audio_intelligence_v0_2;spectral_peak;owner_supplied_audio
BE-003:pitch:02360,BE-003:onset:0571,103.073379,811.073379,172.962963,44,1.962963,81.8808,A#5,925.9277,0.185760,1.000000,0.653000,0.850000,0.840000,,0.322811,2119.159,6,4,0.010000,0.080000,0.840000,0.070000,0.000000,0.120000,0.580000,0.220000,NOTE_HYPOTHESIS,shared_audio_intelligence_v0_2;spectral_peak;owner_supplied_audio
BE-003:pitch:02361,BE-003:onset:0571,103.073379,811.073379,172.962963,44,1.962963,60.1421,C4,263.7817,0.232200,1.000000,0.653000,0.850000,0.520000,,0.322811,2119.159,6,5,0.250000,0.520000,0.150000,0.080000,0.000000,0.450000,0.250000,0.200000,NOTE_HYPOTHESIS,shared_audio_intelligence_v0_2;spectral_peak;owner_supplied_audio
BE-003:pitch:02362,BE-003:onset:0571,103.073379,811.073379,172.962963,44,1.962963,69.8808,A#4,462.9639,0.162540,1.000000,0.653000,0.850000,0.580000,,0.322811,2119.159,6,6,0.050000,0.300000,0.580000,0.070000,0.000000,0.450000,0.250000,0.200000,NOTE_HYPOTHESIS,shared_audio_intelligence_v0_2;spectral_peak;owner_supplied_audio
BE-003:pitch:02363,BE-003:onset:0572,103.235918,811.235918,173.240000,44,2.240000,73.9838,D5,586.7798,0.185760,1.000000,1.000000,0.850000,0.580000,,0.453590,963.697,4,1,0.050000,0.300000,0.580000,0.070000,0.000000,0.120000,0.580000,0.220000,NOTE_HYPOTHESIS,shared_audio_intelligence_v0_2;spectral_peak;owner_supplied_audio
BE-003:pitch:02364,BE-003:onset:0572,103.235918,811.235918,173.240000,44,2.240000,61.8242,D4,290.6982,0.208980,1.000000,1.000000,0.850000,0.520000,,0.453590,963.697,4,2,0.250000,0.520000,0.150000,0.080000,0.000000,0.450000,0.250000,0.200000,NOTE_HYPOTHESIS,shared_audio_intelligence_v0_2;spectral_peak;owner_supplied_audio
BE-003:pitch:02365,BE-003:onset:0572,103.235918,811.235918,173.240000,44,2.240000,85.9042,D6,1168.1763,0.185760,1.000000,1.000000,0.850000,0.840000,,0.453590,963.697,4,3,0.010000,0.080000,0.840000,0.070000,0.000000,0.120000,0.580000,0.220000,NOTE_HYPOTHESIS,shared_audio_intelligence_v0_2;spectral_peak;owner_supplied_audio
BE-003:pitch:02366,BE-003:onset:0572,103.235918,811.235918,173.240000,44,2.240000,93.0033,A6,1760.3394,0.139320,1.000000,1.000000,0.850000,0.840000,,0.453590,963.697,4,4,0.010000,0.080000,0.840000,0.070000,0.000000,0.120000,0.580000,0.220000,NOTE_HYPOTHESIS,shared_audio_intelligence_v0_2;spectral_peak;owner_supplied_audio
BE-003:pitch:02367,BE-003:onset:0573,103.352018,811.352018,173.440000,44,2.440000,77.9420,F#5,737.5122,0.162540,1.000000,1.000000,0.850000,0.840000,,1.000000,1187.985,2,1,0.010000,0.080000,0.840000,0.070000,0.000000,0.120000,0.580000,0.220000,NOTE_HYPOTHESIS,shared_audio_intelligence_v0_2;spectral_peak;owner_supplied_audio
BE-003:pitch:02368,BE-003:onset:0573,103.352018,811.352018,173.440000,44,2.440000,61.8242,D4,290.6982,0.092880,1.000000,1.000000,0.850000,0.520000,,1.000000,1187.985,2,2,0.250000,0.520000,0.150000,0.080000,0.000000,0.450000,0.250000,0.200000,NOTE_HYPOTHESIS,shared_audio_intelligence_v0_2;spectral_peak;owner_supplied_audio
BE-003:pitch:02369,BE-003:onset:0574,103.514558,811.514558,173.720000,44,2.720000,80.9503,A5,877.4780,0.185760,1.000000,0.788363,0.850000,0.840000,,1.000000,1382.789,4,1,0.010000,0.080000,0.840000,0.070000,0.000000,0.120000,0.580000,0.220000,NOTE_HYPOTHESIS,shared_audio_intelligence_v0_2;spectral_peak;owner_supplied_audio
BE-003:pitch:02370,BE-003:onset:0574,103.514558,811.514558,173.720000,44,2.720000,65.8151,F#4,366.0645,0.441179,1.000000,0.788363,0.850000,0.580000,,1.000000,1382.789,4,2,0.050000,0.300000,0.580000,0.070000,0.000000,0.450000,0.250000,0.200000,NOTE_HYPOTHESIS,shared_audio_intelligence_v0_2;spectral_peak;owner_supplied_audio
BE-003:pitch:02371,BE-003:onset:0574,103.514558,811.514558,173.720000,44,2.720000,93.0033,A6,1760.3394,0.208980,1.000000,0.788363,0.850000,0.840000,,1.000000,1382.789,4,3,0.010000,0.080000,0.840000,0.070000,0.000000,0.120000,0.580000,0.220000,NOTE_HYPOTHESIS,shared_audio_intelligence_v0_2;spectral_peak;owner_supplied_audio
BE-003:pitch:02372,BE-003:onset:0574,103.514558,811.514558,173.720000,44,2.720000,77.8151,F#5,732.1289,0.348299,1.000000,0.788363,0.850000,0.840000,,1.000000,1382.789,4,4,0.010000,0.080000,0.840000,0.070000,0.000000,0.120000,0.580000,0.220000,NOTE_HYPOTHESIS,shared_audio_intelligence_v0_2;spectral_peak;owner_supplied_audio
BE-003:pitch:02373,BE-003:onset:0575,103.677098,811.677098,174.000000,44,3.000000,77.9420,F#5,737.5122,0.116100,1.000000,0.694825,0.850000,0.840000,,0.793349,1519.360,5,1,0.010000,0.080000,0.840000,0.070000,0.000000,0.120000,0.580000,0.220000,NOTE_HYPOTHESIS,shared_audio_intelligence_v0_2;spectral_peak;owner_supplied_audio
BE-003:pitch:02374,BE-003:onset:0575,103.677098,811.677098,174.000000,44,3.000000,65.8151,F#4,366.0645,0.255420,1.000000,0.694825,0.850000,0.580000,,0.793349,1519.360,5,2,0.050000,0.300000,0.580000,0.070000,0.000000,0.450000,0.250000,0.200000,NOTE_HYPOTHESIS,shared_audio_intelligence_v0_2;spectral_peak;owner_supplied_audio
BE-003:pitch:02375,BE-003:onset:0575,103.677098,811.677098,174.000000,44,3.000000,80.9503,A5,877.4780,0.069660,1.000000,0.694825,0.850000,0.840000,,0.793349,1519.360,5,3,0.010000,0.080000,0.840000,0.070000,0.000000,0.120000,0.580000,0.220000,NOTE_HYPOTHESIS,shared_audio_intelligence_v0_2;spectral_peak;owner_supplied_audio
BE-003:pitch:02376,BE-003:onset:0575,103.677098,811.677098,174.000000,44,3.000000,62.1419,D4,296.0815,0.417959,1.000000,0.694825,0.850000,0.520000,,0.793349,1519.360,5,4,0.250000,0.520000,0.150000,0.080000,0.000000,0.450000,0.250000,0.200000,NOTE_HYPOTHESIS,shared_audio_intelligence_v0_2;spectral_peak;owner_supplied_audio
BE-003:pitch:02377,BE-003:onset:0575,103.677098,811.677098,174.000000,44,3.000000,73.9838,D5,586.7798,0.116100,1.000000,0.694825,0.850000,0.580000,,0.793349,1519.360,5,5,0.050000,0.300000,0.580000,0.070000,0.000000,0.120000,0.580000,0.220000,NOTE_HYPOTHESIS,shared_audio_intelligence_v0_2;spectral_peak;owner_supplied_audio
BE-003:pitch:02378,BE-003:onset:0576,103.816417,811.816417,174.250000,44,3.250000,78.9245,G5,780.5786,0.139320,1.000000,1.000000,0.850000,0.840000,,0.789181,1263.133,3,1,0.010000,0.080000,0.840000,0.070000,0.000000,0.120000,0.580000,0.220000,NOTE_HYPOTHESIS,shared_audio_intelligence_v0_2;spectral_peak;owner_supplied_audio
BE-003:pitch:02379,BE-003:onset:0576,103.816417,811.816417,174.250000,44,3.250000,65.8151,F#4,366.0645,0.139320,1.000000,1.000000,0.850000,0.580000,,0.789181,1263.133,3,2,0.050000,0.300000,0.580000,0.070000,0.000000,0.450000,0.250000,0.200000,NOTE_HYPOTHESIS,shared_audio_intelligence_v0_2;spectral_peak;owner_supplied_audio
BE-003:pitch:02380,BE-003:onset:0576,103.816417,811.816417,174.250000,44,3.250000,66.8047,G4,387.5977,0.534059,1.000000,1.000000,0.850000,0.580000,,0.789181,1263.133,3,3,0.050000,0.300000,0.580000,0.070000,0.000000,0.450000,0.250000,0.200000,NOTE_HYPOTHESIS,shared_audio_intelligence_v0_2;spectral_peak;owner_supplied_audio
BE-003:pitch:02381,BE-003:onset:0577,103.932517,811.932517,174.458333,44,3.458333,61.8242,D4,290.6982,0.139320,1.000000,0.776417,0.850000,0.520000,,0.535054,892.348,6,1,0.250000,0.520000,0.150000,0.080000,0.000000,0.450000,0.250000,0.200000,NOTE_HYPOTHESIS,shared_audio_intelligence_v0_2;spectral_peak;owner_supplied_audio
BE-003:pitch:02382,BE-003:onset:0577,103.932517,811.932517,174.458333,44,3.458333,73.9838,D5,586.7798,0.208980,1.000000,0.776417,0.850000,0.580000,,0.535054,892.348,6,2,0.050000,0.300000,0.580000,0.070000,0.000000,0.120000,0.580000,0.220000,NOTE_HYPOTHESIS,shared_audio_intelligence_v0_2;spectral_peak;owner_supplied_audio
BE-003:pitch:02383,BE-003:onset:0577,103.932517,811.932517,174.458333,44,3.458333,78.9245,G5,780.5786,0.069660,1.000000,0.776417,0.850000,0.840000,,0.535054,892.348,6,3,0.010000,0.080000,0.840000,0.070000,0.000000,0.120000,0.580000,0.220000,NOTE_HYPOTHESIS,shared_audio_intelligence_v0_2;spectral_peak;owner_supplied_audio
BE-003:pitch:02384,BE-003:onset:0577,103.932517,811.932517,174.458333,44,3.458333,66.8047,G4,387.5977,0.417959,1.000000,0.776417,0.850000,0.580000,,0.535054,892.348,6,4,0.050000,0.300000,0.580000,0.070000,0.000000,0.450000,0.250000,0.200000,NOTE_HYPOTHESIS,shared_audio_intelligence_v0_2;spectral_peak;owner_supplied_audio
BE-003:pitch:02385,BE-003:onset:0577,103.932517,811.932517,174.458333,44,3.458333,85.9042,D6,1168.1763,0.278639,1.000000,0.776417,0.850000,0.840000,,0.535054,892.348,6,5,0.010000,0.080000,0.840000,0.070000,0.000000,0.120000,0.580000,0.220000,NOTE_HYPOTHESIS,shared_audio_intelligence_v0_2;spectral_peak;owner_supplied_audio
BE-003:pitch:02386,BE-003:onset:0577,103.932517,811.932517,174.458333,44,3.458333,66.0679,F#4,371.4478,0.092880,1.000000,0.776417,0.850000,0.580000,,0.535054,892.348,6,6,0.050000,0.300000,0.580000,0.070000,0.000000,0.450000,0.250000,0.200000,NOTE_HYPOTHESIS,shared_audio_intelligence_v0_2;spectral_peak;owner_supplied_audio
BE-003:pitch:02387,BE-003:onset:0578,104.048617,812.048617,174.666667,44,3.666667,73.8242,D5,581.3965,0.139320,1.000000,0.661895,0.850000,0.580000,,0.360443,742.962,6,1,0.050000,0.300000,0.580000,0.070000,0.000000,0.120000,0.580000,0.220000,NOTE_HYPOTHESIS,shared_audio_intelligence_v0_2;spectral_peak;owner_supplied_audio
BE-003:pitch:02388,BE-003:onset:0578,104.048617,812.048617,174.666667,44,3.666667,62.1419,D4,296.0815,0.069660,1.000000,0.661895,0.850000,0.520000,,0.360443,742.962,6,2,0.250000,0.520000,0.150000,0.080000,0.000000,0.450000,0.250000,0.200000,NOTE_HYPOTHESIS,shared_audio_intelligence_v0_2;spectral_peak;owner_supplied_audio
BE-003:pitch:02389,BE-003:onset:0578,104.048617,812.048617,174.666667,44,3.666667,57.8808,A#3,231.4819,0.626939,1.000000,0.661895,0.850000,0.520000,,0.360443,742.962,6,3,0.250000,0.520000,0.150000,0.080000,0.000000,0.450000,0.250000,0.200000,NOTE_HYPOTHESIS,shared_audio_intelligence_v0_2;spectral_peak;owner_supplied_audio
BE-003:pitch:02390,BE-003:onset:0578,104.048617,812.048617,174.666667,44,3.666667,34.2788,A#1,59.2163,0.464399,1.000000,0.661895,0.850000,0.760000,,0.360443,742.962,6,4,0.760000,0.180000,0.010000,0.050000,0.480000,0.320000,0.000000,0.000000,NOTE_HYPOTHESIS,shared_audio_intelligence_v0_2;spectral_peak;owner_supplied_audio
BE-003:pitch:02391,BE-003:onset:0578,104.048617,812.048617,174.666667,44,3.666667,67.0435,G4,392.9810,0.789478,1.000000,0.661895,0.850000,0.580000,,0.360443,742.962,6,5,0.050000,0.300000,0.580000,0.070000,0.000000,0.450000,0.250000,0.200000,NOTE_HYPOTHESIS,shared_audio_intelligence_v0_2;spectral_peak;owner_supplied_audio
BE-003:pitch:02392,BE-003:onset:0578,104.048617,812.048617,174.666667,44,3.666667,85.9042,D6,1168.1763,0.208980,1.000000,0.661895,0.850000,0.840000,,0.360443,742.962,6,6,0.010000,0.080000,0.840000,0.070000,0.000000,0.120000,0.580000,0.220000,NOTE_HYPOTHESIS,shared_audio_intelligence_v0_2;spectral_peak;owner_supplied_audio
BE-003:pitch:02393,BE-003:onset:0579,104.141497,812.141497,174.833333,44,3.833333,66.8047,G4,387.5977,0.185760,1.000000,1.000000,0.850000,0.580000,,0.463630,813.759,6,1,0.050000,0.300000,0.580000,0.070000,0.000000,0.450000,0.250000,0.200000,NOTE_HYPOTHESIS,shared_audio_intelligence_v0_2;spectral_peak;owner_supplied_audio
BE-003:pitch:02394,BE-003:onset:0579,104.141497,812.141497,174.833333,44,3.833333,78.9245,G5,780.5786,0.255420,1.000000,1.000000,0.850000,0.840000,,0.463630,813.759,6,2,0.010000,0.080000,0.840000,0.070000,0.000000,0.120000,0.580000,0.220000,NOTE_HYPOTHESIS,shared_audio_intelligence_v0_2;spectral_peak;owner_supplied_audio
BE-003:pitch:02395,BE-003:onset:0579,104.141497,812.141497,174.833333,44,3.833333,34.2788,A#1,59.2163,0.441179,1.000000,1.000000,0.850000,0.760000,,0.463630,813.759,6,3,0.760000,0.180000,0.010000,0.050000,0.480000,0.320000,0.000000,0.000000,NOTE_HYPOTHESIS,shared_audio_intelligence_v0_2;spectral_peak;owner_supplied_audio
BE-003:pitch:02396,BE-003:onset:0579,104.141497,812.141497,174.833333,44,3.833333,57.8808,A#3,231.4819,0.557279,1.000000,1.000000,0.850000,0.520000,,0.463630,813.759,6,4,0.250000,0.520000,0.150000,0.080000,0.000000,0.450000,0.250000,0.200000,NOTE_HYPOTHESIS,shared_audio_intelligence_v0_2;spectral_peak;owner_supplied_audio
BE-003:pitch:02397,BE-003:onset:0579,104.141497,812.141497,174.833333,44,3.833333,56.1904,G#3,209.9487,0.743039,1.000000,1.000000,0.850000,0.520000,,0.463630,813.759,6,5,0.250000,0.520000,0.150000,0.080000,0.000000,0.450000,0.250000,0.200000,NOTE_HYPOTHESIS,shared_audio_intelligence_v0_2;spectral_peak;owner_supplied_audio
BE-003:pitch:02398,BE-003:onset:0579,104.141497,812.141497,174.833333,44,3.833333,73.9838,D5,586.7798,0.162540,1.000000,1.000000,0.850000,0.580000,,0.463630,813.759,6,6,0.050000,0.300000,0.580000,0.070000,0.000000,0.120000,0.580000,0.220000,NOTE_HYPOTHESIS,shared_audio_intelligence_v0_2;spectral_peak;owner_supplied_audio
BE-003:pitch:02399,BE-003:onset:0580,104.234376,812.234376,175.000000,44,4.000000,83.8751,C6,1038.9771,0.162540,1.000000,1.000000,0.850000,0.840000,,0.597862,985.073,6,1,0.010000,0.080000,0.840000,0.070000,0.000000,0.120000,0.580000,0.220000,NOTE_HYPOTHESIS,shared_audio_intelligence_v0_2;spectral_peak;owner_supplied_audio
BE-003:pitch:02400,BE-003:onset:0580,104.234376,812.234376,175.000000,44,4.000000,59.7851,C4,258.3984,0.162540,1.000000,1.000000,0.850000,0.520000,,0.597862,985.073,6,2,0.250000,0.520000,0.150000,0.080000,0.000000,0.450000,0.250000,0.200000,NOTE_HYPOTHESIS,shared_audio_intelligence_v0_2;spectral_peak;owner_supplied_audio
BE-003:pitch:02401,BE-003:onset:0580,104.234376,812.234376,175.000000,44,4.000000,71.9645,C5,522.1802,0.301859,1.000000,1.000000,0.850000,0.580000,,0.597862,985.073,6,3,0.050000,0.300000,0.580000,0.070000,0.000000,0.120000,0.580000,0.220000,NOTE_HYPOTHESIS,shared_audio_intelligence_v0_2;spectral_peak;owner_supplied_audio
BE-003:pitch:02402,BE-003:onset:0580,104.234376,812.234376,175.000000,44,4.000000,66.8047,G4,387.5977,0.208980,1.000000,1.000000,0.850000,0.580000,,0.597862,985.073,6,4,0.050000,0.300000,0.580000,0.070000,0.000000,0.450000,0.250000,0.200000,NOTE_HYPOTHESIS,shared_audio_intelligence_v0_2;spectral_peak;owner_supplied_audio
BE-003:pitch:02403,BE-003:onset:0580,104.234376,812.234376,175.000000,44,4.000000,90.9841,G6,1566.5405,0.139320,1.000000,1.000000,0.850000,0.840000,,0.597862,985.073,6,5,0.010000,0.080000,0.840000,0.070000,0.000000,0.120000,0.580000,0.220000,NOTE_HYPOTHESIS,shared_audio_intelligence_v0_2;spectral_peak;owner_supplied_audio
BE-003:pitch:02404,BE-003:onset:0580,104.234376,812.234376,175.000000,44,4.000000,54.8047,G3,193.7988,0.650159,1.000000,1.000000,0.850000,0.550000,,0.597862,985.073,6,6,0.550000,0.350000,0.030000,0.070000,0.480000,0.320000,0.000000,0.000000,NOTE_HYPOTHESIS,shared_audio_intelligence_v0_2;spectral_peak;owner_supplied_audio
BE-003:pitch:02405,BE-003:onset:0581,104.420136,812.420136,175.320000,44,4.320000,57.8808,A#3,231.4819,0.162540,1.000000,0.752608,0.850000,0.520000,,0.329782,833.437,6,1,0.250000,0.520000,0.150000,0.080000,0.000000,0.450000,0.250000,0.200000,NOTE_HYPOTHESIS,shared_audio_intelligence_v0_2;spectral_peak;owner_supplied_audio
BE-003:pitch:02406,BE-003:onset:0581,104.420136,812.420136,175.320000,44,4.320000,69.8808,A#4,462.9639,0.185760,1.000000,0.752608,0.850000,0.580000,,0.329782,833.437,6,2,0.050000,0.300000,0.580000,0.070000,0.000000,0.450000,0.250000,0.200000,NOTE_HYPOTHESIS,shared_audio_intelligence_v0_2;spectral_peak;owner_supplied_audio
BE-003:pitch:02407,BE-003:onset:0581,104.420136,812.420136,175.320000,44,4.320000,71.9645,C5,522.1802,0.139320,1.000000,0.752608,0.850000,0.580000,,0.329782,833.437,6,3,0.050000,0.300000,0.580000,0.070000,0.000000,0.120000,0.580000,0.220000,NOTE_HYPOTHESIS,shared_audio_intelligence_v0_2;spectral_peak;owner_supplied_audio
BE-003:pitch:02408,BE-003:onset:0581,104.420136,812.420136,175.320000,44,4.320000,85.7439,D6,1157.4097,0.116100,1.000000,0.752608,0.850000,0.840000,,0.329782,833.437,6,4,0.010000,0.080000,0.840000,0.070000,0.000000,0.120000,0.580000,0.220000,NOTE_HYPOTHESIS,shared_audio_intelligence_v0_2;spectral_peak;owner_supplied_audio
BE-003:pitch:02409,BE-003:onset:0581,104.420136,812.420136,175.320000,44,4.320000,35.7851,C2,64.5996,0.185760,1.000000,0.752608,0.850000,0.760000,,0.329782,833.437,6,5,0.760000,0.180000,0.010000,0.050000,0.480000,0.320000,0.000000,0.000000,NOTE_HYPOTHESIS,shared_audio_intelligence_v0_2;spectral_peak;owner_supplied_audio
BE-003:pitch:02410,BE-003:onset:0581,104.420136,812.420136,175.320000,44,4.320000,56.6287,A3,215.3320,0.464399,1.000000,0.752608,0.850000,0.520000,,0.329782,833.437,6,6,0.250000,0.520000,0.150000,0.080000,0.000000,0.450000,0.250000,0.200000,NOTE_HYPOTHESIS,shared_audio_intelligence_v0_2;spectral_peak;owner_supplied_audio
BE-003:pitch:02411,BE-003:onset:0582,104.536236,812.536236,175.520000,44,4.520000,55.2790,G3,199.1821,0.162540,1.000000,0.685012,0.850000,0.520000,,0.407711,625.394,4,1,0.250000,0.520000,0.150000,0.080000,0.000000,0.450000,0.250000,0.200000,NOTE_HYPOTHESIS,shared_audio_intelligence_v0_2;spectral_peak;owner_supplied_audio
BE-003:pitch:02412,BE-003:onset:0582,104.536236,812.536236,175.520000,44,4.520000,67.0435,G4,392.9810,0.208980,1.000000,0.685012,0.850000,0.580000,,0.407711,625.394,4,2,0.050000,0.300000,0.580000,0.070000,0.000000,0.450000,0.250000,0.200000,NOTE_HYPOTHESIS,shared_audio_intelligence_v0_2;spectral_peak;owner_supplied_audio
BE-003:pitch:02413,BE-003:onset:0582,104.536236,812.536236,175.520000,44,4.520000,57.8808,A#3,231.4819,0.162540,1.000000,0.685012,0.850000,0.520000,,0.407711,625.394,4,3,0.250000,0.520000,0.150000,0.080000,0.000000,0.450000,0.250000,0.200000,NOTE_HYPOTHESIS,shared_audio_intelligence_v0_2;spectral_peak;owner_supplied_audio
BE-003:pitch:02414,BE-003:onset:0582,104.536236,812.536236,175.520000,44,4.520000,69.8808,A#4,462.9639,0.092880,1.000000,0.685012,0.850000,0.580000,,0.407711,625.394,4,4,0.050000,0.300000,0.580000,0.070000,0.000000,0.450000,0.250000,0.200000,NOTE_HYPOTHESIS,shared_audio_intelligence_v0_2;spectral_peak;owner_supplied_audio
BE-003:pitch:02415,BE-003:onset:0583,104.675556,812.675556,175.760000,44,4.760000,66.8047,G4,387.5977,0.092880,1.000000,0.965048,0.850000,0.580000,,0.239426,995.540,6,1,0.050000,0.300000,0.580000,0.070000,0.000000,0.450000,0.250000,0.200000,NOTE_HYPOTHESIS,shared_audio_intelligence_v0_2;spectral_peak;owner_supplied_audio
BE-003:pitch:02416,BE-003:onset:0583,104.675556,812.675556,175.760000,44,4.760000,54.8047,G3,193.7988,0.092880,1.000000,0.965048,0.850000,0.550000,,0.239426,995.540,6,2,0.550000,0.350000,0.030000,0.070000,0.480000,0.320000,0.000000,0.000000,NOTE_HYPOTHESIS,shared_audio_intelligence_v0_2;spectral_peak;owner_supplied_audio
BE-003:pitch:02417,BE-003:onset:0583,104.675556,812.675556,175.760000,44,4.760000,56.1904,G#3,209.9487,0.162540,1.000000,0.965048,0.850000,0.520000,,0.239426,995.540,6,3,0.250000,0.520000,0.150000,0.080000,0.000000,0.450000,0.250000,0.200000,NOTE_HYPOTHESIS,shared_audio_intelligence_v0_2;spectral_peak;owner_supplied_audio
BE-003:pitch:02418,BE-003:onset:0583,104.675556,812.675556,175.760000,44,4.760000,42.8047,G2,96.8994,1.532517,1.000000,0.965048,0.850000,0.760000,,0.239426,995.540,6,4,0.760000,0.180000,0.010000,0.050000,0.480000,0.320000,0.000000,0.000000,NOTE_HYPOTHESIS,shared_audio_intelligence_v0_2;spectral_peak;owner_supplied_audio
BE-003:pitch:02419,BE-003:onset:0583,104.675556,812.675556,175.760000,44,4.760000,73.1709,C#5,559.8633,0.139320,0.932523,0.965048,0.816261,0.580000,,0.239426,995.540,6,5,0.050000,0.300000,0.580000,0.070000,0.000000,0.120000,0.580000,0.220000,NOTE_HYPOTHESIS,shared_audio_intelligence_v0_2;spectral_peak;owner_supplied_audio
BE-003:pitch:02420,BE-003:onset:0583,104.675556,812.675556,175.760000,44,4.760000,39.6483,E2,80.7495,1.439637,0.887996,0.965048,0.793998,0.760000,,0.239426,995.540,6,6,0.760000,0.180000,0.010000,0.050000,0.480000,0.320000,0.000000,0.000000,NOTE_HYPOTHESIS,shared_audio_intelligence_v0_2;spectral_peak;owner_supplied_audio
BE-003:pitch:02421,BE-003:onset:0584,104.721995,812.721995,175.840000,44,4.840000,66.5625,G4,382.2144,0.139320,1.000000,0.952288,0.850000,0.580000,,0.220115,2200.785,6,1,0.050000,0.300000,0.580000,0.070000,0.000000,0.450000,0.250000,0.200000,NOTE_HYPOTHESIS,shared_audio_intelligence_v0_2;spectral_peak;owner_supplied_audio
BE-003:pitch:02422,BE-003:onset:0584,104.721995,812.721995,175.840000,44,4.840000,54.3170,F#3,188.4155,0.417959,1.000000,0.952288,0.850000,0.550000,,0.220115,2200.785,6,2,0.550000,0.350000,0.030000,0.070000,0.480000,0.320000,0.000000,0.000000,NOTE_HYPOTHESIS,shared_audio_intelligence_v0_2;spectral_peak;owner_supplied_audio
BE-003:pitch:02423,BE-003:onset:0584,104.721995,812.721995,175.840000,44,4.840000,56.1904,G#3,209.9487,0.162540,1.000000,0.952288,0.850000,0.520000,,0.220115,2200.785,6,3,0.250000,0.520000,0.150000,0.080000,0.000000,0.450000,0.250000,0.200000,NOTE_HYPOTHESIS,shared_audio_intelligence_v0_2;spectral_peak;owner_supplied_audio
BE-003:pitch:02424,BE-003:onset:0584,104.721995,812.721995,175.840000,44,4.840000,43.7407,G#2,102.2827,1.532517,1.000000,0.952288,0.850000,0.760000,,0.220115,2200.785,6,4,0.760000,0.180000,0.010000,0.050000,0.480000,0.320000,0.000000,0.000000,NOTE_HYPOTHESIS,shared_audio_intelligence_v0_2;spectral_peak;owner_supplied_audio
BE-003:pitch:02425,BE-003:onset:0584,104.721995,812.721995,175.840000,44,4.840000,73.0036,C#5,554.4800,0.092880,1.000000,0.952288,0.850000,0.580000,,0.220115,2200.785,6,5,0.050000,0.300000,0.580000,0.070000,0.000000,0.120000,0.580000,0.220000,NOTE_HYPOTHESIS,shared_audio_intelligence_v0_2;spectral_peak;owner_supplied_audio
BE-003:pitch:02426,BE-003:onset:0584,104.721995,812.721995,175.840000,44,4.840000,85.2539,C#6,1125.1099,0.069660,0.945116,0.952288,0.822558,0.840000,,0.220115,2200.785,6,6,0.010000,0.080000,0.840000,0.070000,0.000000,0.120000,0.580000,0.220000,NOTE_HYPOTHESIS,shared_audio_intelligence_v0_2;spectral_peak;owner_supplied_audio
BE-003:pitch:02427,BE-003:onset:0585,104.838095,812.838095,176.038462,45,1.038462,53.2983,F3,177.6489,0.092880,0.966943,0.755869,0.833471,0.501984,,0.146416,3297.119,6,1,0.501984,0.319444,0.029762,0.148810,0.480000,0.320000,0.000000,0.000000,NOTE_HYPOTHESIS,shared_audio_intelligence_v0_2;spectral_peak;owner_supplied_audio
BE-003:pitch:02428,BE-003:onset:0585,104.838095,812.838095,176.038462,45,1.038462,65.5586,F#4,360.6812,0.162540,0.943563,0.755869,0.821781,0.580000,,0.146416,3297.119,6,2,0.050000,0.300000,0.580000,0.070000,0.000000,0.450000,0.250000,0.200000,NOTE_HYPOTHESIS,shared_audio_intelligence_v0_2;spectral_peak;owner_supplied_audio
BE-003:pitch:02429,BE-003:onset:0585,104.838095,812.838095,176.038462,45,1.038462,55.2790,G3,199.1821,0.882358,0.882797,0.755869,0.791399,0.469756,,0.146416,3297.119,6,3,0.225844,0.469756,0.147290,0.157109,0.000000,0.450000,0.250000,0.200000,NOTE_HYPOTHESIS,shared_audio_intelligence_v0_2;spectral_peak;owner_supplied_audio
BE-003:pitch:02430,BE-003:onset:0585,104.838095,812.838095,176.038462,45,1.038462,42.8047,G2,96.8994,1.532517,0.758389,0.755869,0.729195,0.695860,,0.146416,3297.119,6,4,0.695860,0.164809,0.009952,0.129379,0.480000,0.320000,0.000000,0.000000,NOTE_HYPOTHESIS,shared_audio_intelligence_v0_2;spectral_peak;owner_supplied_audio
BE-003:pitch:02431,BE-003:onset:0585,104.838095,812.838095,176.038462,45,1.038462,48.4919,C3,134.5825,1.532517,0.750157,0.755869,0.725079,0.501984,,0.146416,3297.119,6,5,0.501984,0.319444,0.029762,0.148810,0.480000,0.320000,0.000000,0.000000,NOTE_HYPOTHESIS,shared_audio_intelligence_v0_2;spectral_peak;owner_supplied_audio
BE-003:pitch:02432,BE-003:onset:0585,104.838095,812.838095,176.038462,45,1.038462,66.8047,G4,387.5977,0.255420,0.743508,0.755869,0.721754,0.580000,,0.146416,3297.119,6,6,0.050000,0.300000,0.580000,0.070000,0.000000,0.450000,0.250000,0.200000,NOTE_HYPOTHESIS,shared_audio_intelligence_v0_2;spectral_peak;owner_supplied_audio
BE-003:pitch:02433,BE-003:onset:0586,104.884535,812.884535,176.115385,45,1.115385,65.8151,F#4,366.0645,0.116100,0.868631,0.869530,0.784316,0.580000,,0.164632,3076.014,6,1,0.050000,0.300000,0.580000,0.070000,0.000000,0.450000,0.250000,0.200000,NOTE_HYPOTHESIS,shared_audio_intelligence_v0_2;spectral_peak;owner_supplied_audio
BE-003:pitch:02434,BE-003:onset:0586,104.884535,812.884535,176.115385,45,1.115385,53.2983,F3,177.6489,0.092880,0.791048,0.869530,0.745524,0.501984,,0.164632,3076.014,6,2,0.501984,0.319444,0.029762,0.148810,0.480000,0.320000,0.000000,0.000000,NOTE_HYPOTHESIS,shared_audio_intelligence_v0_2;spectral_peak;owner_supplied_audio
BE-003:pitch:02435,BE-003:onset:0586,104.884535,812.884535,176.115385,45,1.115385,55.2790,G3,199.1821,0.859138,0.748976,0.869530,0.724488,0.469756,,0.164632,3076.014,6,3,0.225844,0.469756,0.147290,0.157109,0.000000,0.450000,0.250000,0.200000,NOTE_HYPOTHESIS,shared_audio_intelligence_v0_2;spectral_peak;owner_supplied_audio
BE-003:pitch:02436,BE-003:onset:0586,104.884535,812.884535,176.115385,45,1.115385,72.3179,C5,532.9468,0.116100,0.720251,0.869530,0.710125,0.580000,,0.164632,3076.014,6,4,0.050000,0.300000,0.580000,0.070000,0.000000,0.120000,0.580000,0.220000,NOTE_HYPOTHESIS,shared_audio_intelligence_v0_2;spectral_peak;owner_supplied_audio
BE-003:pitch:02437,BE-003:onset:0586,104.884535,812.884535,176.115385,45,1.115385,41.8151,F#2,91.5161,1.532517,0.717838,0.869530,0.708919,0.695860,,0.164632,3076.014,6,5,0.695860,0.164809,0.009952,0.129379,0.480000,0.320000,0.000000,0.000000,NOTE_HYPOTHESIS,shared_audio_intelligence_v0_2;spectral_peak;owner_supplied_audio
BE-003:pitch:02438,BE-003:onset:0586,104.884535,812.884535,176.115385,45,1.115385,34.2788,A#1,59.2163,1.532517,0.691246,0.869530,0.695623,0.695860,,0.164632,3076.014,6,6,0.695860,0.164809,0.009952,0.129379,0.480000,0.320000,0.000000,0.000000,NOTE_HYPOTHESIS,shared_audio_intelligence_v0_2;spectral_peak;owner_supplied_audio
BE-003:pitch:02439,BE-003:onset:0587,105.070295,813.070295,176.423077,45,1.423077,49.8242,D3,145.3491,0.650159,1.000000,0.944620,0.850000,0.550000,,0.301719,2152.071,6,1,0.550000,0.350000,0.030000,0.070000,0.480000,0.320000,0.000000,0.000000,NOTE_HYPOTHESIS,shared_audio_intelligence_v0_2;spectral_peak;owner_supplied_audio
BE-003:pitch:02440,BE-003:onset:0587,105.070295,813.070295,176.423077,45,1.423077,43.7407,G#2,102.2827,0.092880,1.000000,0.944620,0.850000,0.760000,,0.301719,2152.071,6,2,0.760000,0.180000,0.010000,0.050000,0.480000,0.320000,0.000000,0.000000,NOTE_HYPOTHESIS,shared_audio_intelligence_v0_2;spectral_peak;owner_supplied_audio
BE-003:pitch:02441,BE-003:onset:0587,105.070295,813.070295,176.423077,45,1.423077,62.1419,D4,296.0815,0.232200,0.919191,0.944620,0.809595,0.520000,,0.301719,2152.071,6,3,0.250000,0.520000,0.150000,0.080000,0.000000,0.450000,0.250000,0.200000,NOTE_HYPOTHESIS,shared_audio_intelligence_v0_2;spectral_peak;owner_supplied_audio
BE-003:pitch:02442,BE-003:onset:0587,105.070295,813.070295,176.423077,45,1.423077,47.7851,C3,129.1992,0.116100,0.882011,0.944620,0.791005,0.550000,,0.301719,2152.071,6,4,0.550000,0.350000,0.030000,0.070000,0.480000,0.320000,0.000000,0.000000,NOTE_HYPOTHESIS,shared_audio_intelligence_v0_2;spectral_peak;owner_supplied_audio
BE-003:pitch:02443,BE-003:onset:0587,105.070295,813.070295,176.423077,45,1.423077,55.7407,G#3,204.5654,0.464399,0.809791,0.944620,0.754896,0.520000,,0.301719,2152.071,6,5,0.250000,0.520000,0.150000,0.080000,0.000000,0.450000,0.250000,0.200000,NOTE_HYPOTHESIS,shared_audio_intelligence_v0_2;spectral_peak;owner_supplied_audio
BE-003:pitch:02444,BE-003:onset:0587,105.070295,813.070295,176.423077,45,1.423077,35.7851,C2,64.5996,1.532517,0.752753,0.944620,0.726377,0.760000,,0.301719,2152.071,6,6,0.760000,0.180000,0.010000,0.050000,0.480000,0.320000,0.000000,0.000000,NOTE_HYPOTHESIS,shared_audio_intelligence_v0_2;spectral_peak;owner_supplied_audio
BE-003:pitch:02445,BE-003:onset:0588,105.139955,813.139955,176.538462,45,1.538462,49.8242,D3,145.3491,0.116100,1.000000,1.000000,0.850000,0.550000,,0.276962,2369.252,2,1,0.550000,0.350000,0.030000,0.070000,0.480000,0.320000,0.000000,0.000000,NOTE_HYPOTHESIS,shared_audio_intelligence_v0_2;spectral_peak;owner_supplied_audio
BE-003:pitch:02446,BE-003:onset:0588,105.139955,813.139955,176.538462,45,1.538462,62.1419,D4,296.0815,0.139320,1.000000,1.000000,0.850000,0.520000,,0.276962,2369.252,2,2,0.250000,0.520000,0.150000,0.080000,0.000000,0.450000,0.250000,0.200000,NOTE_HYPOTHESIS,shared_audio_intelligence_v0_2;spectral_peak;owner_supplied_audio
BE-003:pitch:02447,BE-003:onset:0589,105.209615,813.209615,176.653846,45,1.653846,49.8242,D3,145.3491,0.510839,1.000000,0.812604,0.850000,0.550000,,0.285074,1931.236,5,1,0.550000,0.350000,0.030000,0.070000,0.480000,0.320000,0.000000,0.000000,NOTE_HYPOTHESIS,shared_audio_intelligence_v0_2;spectral_peak;owner_supplied_audio
BE-003:pitch:02448,BE-003:onset:0589,105.209615,813.209615,176.653846,45,1.653846,62.1419,D4,296.0815,0.092880,0.971543,0.812604,0.835771,0.520000,,0.285074,1931.236,5,2,0.250000,0.520000,0.150000,0.080000,0.000000,0.450000,0.250000,0.200000,NOTE_HYPOTHESIS,shared_audio_intelligence_v0_2;spectral_peak;owner_supplied_audio
BE-003:pitch:02449,BE-003:onset:0589,105.209615,813.209615,176.653846,45,1.653846,43.7407,G#2,102.2827,1.532517,0.964444,0.812604,0.832222,0.760000,,0.285074,1931.236,5,3,0.760000,0.180000,0.010000,0.050000,0.480000,0.320000,0.000000,0.000000,NOTE_HYPOTHESIS,shared_audio_intelligence_v0_2;spectral_peak;owner_supplied_audio
BE-003:pitch:02450,BE-003:onset:0589,105.209615,813.209615,176.653846,45,1.653846,46.2788,A#2,118.4326,1.532517,0.821042,0.812604,0.760521,0.550000,,0.285074,1931.236,5,4,0.550000,0.350000,0.030000,0.070000,0.480000,0.320000,0.000000,0.000000,NOTE_HYPOTHESIS,shared_audio_intelligence_v0_2;spectral_peak;owner_supplied_audio
BE-003:pitch:02451,BE-003:onset:0589,105.209615,813.209615,176.653846,45,1.653846,55.7407,G#3,204.5654,0.510839,0.772367,0.812604,0.736183,0.520000,,0.285074,1931.236,5,5,0.250000,0.520000,0.150000,0.080000,0.000000,0.450000,0.250000,0.200000,NOTE_HYPOTHESIS,shared_audio_intelligence_v0_2;spectral_peak;owner_supplied_audio
BE-003:pitch:02452,BE-003:onset:0590,105.279274,813.279274,176.769231,45,1.769231,42.8047,G2,96.8994,0.185760,1.000000,0.622780,0.850000,0.760000,,0.250614,1829.757,6,1,0.760000,0.180000,0.010000,0.050000,0.480000,0.320000,0.000000,0.000000,NOTE_HYPOTHESIS,shared_audio_intelligence_v0_2;spectral_peak;owner_supplied_audio
BE-003:pitch:02453,BE-003:onset:0590,105.279274,813.279274,176.769231,45,1.769231,63.0613,D#4,312.2314,0.139320,1.000000,0.622780,0.850000,0.520000,,0.250614,1829.757,6,2,0.250000,0.520000,0.150000,0.080000,0.000000,0.450000,0.250000,0.200000,NOTE_HYPOTHESIS,shared_audio_intelligence_v0_2;spectral_peak;owner_supplied_audio
BE-003:pitch:02454,BE-003:onset:0590,105.279274,813.279274,176.769231,45,1.769231,51.0613,D#3,156.1157,0.417959,0.994353,0.622780,0.847177,0.550000,,0.250614,1829.757,6,3,0.550000,0.350000,0.030000,0.070000,0.480000,0.320000,0.000000,0.000000,NOTE_HYPOTHESIS,shared_audio_intelligence_v0_2;spectral_peak;owner_supplied_audio
BE-003:pitch:02455,BE-003:onset:0590,105.279274,813.279274,176.769231,45,1.769231,47.7851,C3,129.1992,1.137778,0.946601,0.622780,0.823301,0.550000,,0.250614,1829.757,6,4,0.550000,0.350000,0.030000,0.070000,0.480000,0.320000,0.000000,0.000000,NOTE_HYPOTHESIS,shared_audio_intelligence_v0_2;spectral_peak;owner_supplied_audio
BE-003:pitch:02456,BE-003:onset:0590,105.279274,813.279274,176.769231,45,1.769231,49.8242,D3,145.3491,0.557279,0.910197,0.622780,0.805098,0.550000,,0.250614,1829.757,6,5,0.550000,0.350000,0.030000,0.070000,0.480000,0.320000,0.000000,0.000000,NOTE_HYPOTHESIS,shared_audio_intelligence_v0_2;spectral_peak;owner_supplied_audio
BE-003:pitch:02457,BE-003:onset:0590,105.279274,813.279274,176.769231,45,1.769231,35.7851,C2,64.5996,1.532517,0.876395,0.622780,0.788197,0.760000,,0.250614,1829.757,6,6,0.760000,0.180000,0.010000,0.050000,0.480000,0.320000,0.000000,0.000000,NOTE_HYPOTHESIS,shared_audio_intelligence_v0_2;spectral_peak;owner_supplied_audio
BE-003:pitch:02458,BE-003:onset:0591,105.418594,813.418594,177.000000,45,2.000000,49.8242,D3,145.3491,0.208980,1.000000,0.644209,0.850000,0.550000,,0.374594,2525.837,4,1,0.550000,0.350000,0.030000,0.070000,0.480000,0.320000,0.000000,0.000000,NOTE_HYPOTHESIS,shared_audio_intelligence_v0_2;spectral_peak;owner_supplied_audio
BE-003:pitch:02459,BE-003:onset:0591,105.418594,813.418594,177.000000,45,2.000000,47.7851,C3,129.1992,0.464399,1.000000,0.644209,0.850000,0.550000,,0.374594,2525.837,4,2,0.550000,0.350000,0.030000,0.070000,0.480000,0.320000,0.000000,0.000000,NOTE_HYPOTHESIS,shared_audio_intelligence_v0_2;spectral_peak;owner_supplied_audio
BE-003:pitch:02460,BE-003:onset:0591,105.418594,813.418594,177.000000,45,2.000000,62.1419,D4,296.0815,0.208980,1.000000,0.644209,0.850000,0.520000,,0.374594,2525.837,4,3,0.250000,0.520000,0.150000,0.080000,0.000000,0.450000,0.250000,0.200000,NOTE_HYPOTHESIS,shared_audio_intelligence_v0_2;spectral_peak;owner_supplied_audio
BE-003:pitch:02461,BE-003:onset:0591,105.418594,813.418594,177.000000,45,2.000000,43.7407,G#2,102.2827,1.532517,1.000000,0.644209,0.850000,0.760000,,0.374594,2525.837,4,4,0.760000,0.180000,0.010000,0.050000,0.480000,0.320000,0.000000,0.000000,NOTE_HYPOTHESIS,shared_audio_intelligence_v0_2;spectral_peak;owner_supplied_audio
BE-003:pitch:02462,BE-003:onset:0592,105.488254,813.488254,177.120000,45,2.120000,49.8242,D3,145.3491,0.162540,1.000000,0.614494,0.850000,0.550000,,0.353165,1543.636,3,1,0.550000,0.350000,0.030000,0.070000,0.480000,0.320000,0.000000,0.000000,NOTE_HYPOTHESIS,shared_audio_intelligence_v0_2;spectral_peak;owner_supplied_audio
BE-003:pitch:02463,BE-003:onset:0592,105.488254,813.488254,177.120000,45,2.120000,47.7851,C3,129.1992,0.394739,1.000000,0.614494,0.850000,0.550000,,0.353165,1543.636,3,2,0.550000,0.350000,0.030000,0.070000,0.480000,0.320000,0.000000,0.000000,NOTE_HYPOTHESIS,shared_audio_intelligence_v0_2;spectral_peak;owner_supplied_audio
BE-003:pitch:02464,BE-003:onset:0592,105.488254,813.488254,177.120000,45,2.120000,62.1419,D4,296.0815,0.162540,1.000000,0.614494,0.850000,0.520000,,0.353165,1543.636,3,3,0.250000,0.520000,0.150000,0.080000,0.000000,0.450000,0.250000,0.200000,NOTE_HYPOTHESIS,shared_audio_intelligence_v0_2;spectral_peak;owner_supplied_audio
BE-003:pitch:02465,BE-003:onset:0593,105.674014,813.674014,177.440000,45,2.440000,47.7851,C3,129.1992,0.092880,1.000000,0.596352,0.850000,0.550000,,0.400723,667.832,2,1,0.550000,0.350000,0.030000,0.070000,0.480000,0.320000,0.000000,0.000000,NOTE_HYPOTHESIS,shared_audio_intelligence_v0_2;spectral_peak;owner_supplied_audio
BE-003:pitch:02466,BE-003:onset:0593,105.674014,813.674014,177.440000,45,2.440000,59.7851,C4,258.3984,0.139320,1.000000,0.596352,0.850000,0.520000,,0.400723,667.832,2,2,0.250000,0.520000,0.150000,0.080000,0.000000,0.450000,0.250000,0.200000,NOTE_HYPOTHESIS,shared_audio_intelligence_v0_2;spectral_peak;owner_supplied_audio
BE-003:pitch:02467,BE-003:onset:0594,105.882993,813.882993,177.800000,45,2.800000,43.7407,G#2,102.2827,1.323537,1.000000,1.000000,0.850000,0.760000,,0.369338,582.206,1,1,0.760000,0.180000,0.010000,0.050000,0.480000,0.320000,0.000000,0.000000,NOTE_HYPOTHESIS,shared_audio_intelligence_v0_2;spectral_peak;owner_supplied_audio
BE-003:pitch:02468,BE-003:onset:0595,105.975873,813.975873,177.960000,45,2.960000,44.6287,A2,107.6660,0.417959,1.000000,1.000000,0.850000,0.760000,,0.496265,1906.443,1,1,0.760000,0.180000,0.010000,0.050000,0.480000,0.320000,0.000000,0.000000,NOTE_HYPOTHESIS,shared_audio_intelligence_v0_2;spectral_peak;owner_supplied_audio
BE-003:pitch:02469,BE-003:onset:0596,106.254512,814.254512,178.423077,45,3.423077,43.7407,G#2,102.2827,0.998458,1.000000,1.000000,0.850000,0.760000,,0.222982,2011.413,5,1,0.760000,0.180000,0.010000,0.050000,0.480000,0.320000,0.000000,0.000000,NOTE_HYPOTHESIS,shared_audio_intelligence_v0_2;spectral_peak;owner_supplied_audio
BE-003:pitch:02470,BE-003:onset:0596,106.254512,814.254512,178.423077,45,3.423077,45.4734,A2,113.0493,0.394739,1.000000,1.000000,0.850000,0.550000,,0.222982,2011.413,5,2,0.550000,0.350000,0.030000,0.070000,0.480000,0.320000,0.000000,0.000000,NOTE_HYPOTHESIS,shared_audio_intelligence_v0_2;spectral_peak;owner_supplied_audio
BE-003:pitch:02471,BE-003:onset:0596,106.254512,814.254512,178.423077,45,3.423077,37.1709,C#2,69.9829,1.532517,0.929399,1.000000,0.814700,0.760000,,0.222982,2011.413,5,3,0.760000,0.180000,0.010000,0.050000,0.480000,0.320000,0.000000,0.000000,NOTE_HYPOTHESIS,shared_audio_intelligence_v0_2;spectral_peak;owner_supplied_audio
BE-003:pitch:02472,BE-003:onset:0596,106.254512,814.254512,178.423077,45,3.423077,47.0483,B2,123.8159,1.091338,0.923071,1.000000,0.811536,0.550000,,0.222982,2011.413,5,4,0.550000,0.350000,0.030000,0.070000,0.480000,0.320000,0.000000,0.000000,NOTE_HYPOTHESIS,shared_audio_intelligence_v0_2;spectral_peak;owner_supplied_audio
BE-003:pitch:02473,BE-003:onset:0596,106.254512,814.254512,178.423077,45,3.423077,55.7407,G#3,204.5654,1.160998,0.907728,1.000000,0.803864,0.520000,,0.222982,2011.413,5,5,0.250000,0.520000,0.150000,0.080000,0.000000,0.450000,0.250000,0.200000,NOTE_HYPOTHESIS,shared_audio_intelligence_v0_2;spectral_peak;owner_supplied_audio
BE-003:pitch:02474,BE-003:onset:0597,106.347392,814.347392,178.576923,45,3.576923,44.6287,A2,107.6660,0.278639,1.000000,0.926960,0.850000,0.760000,,0.205750,2149.164,2,1,0.760000,0.180000,0.010000,0.050000,0.480000,0.320000,0.000000,0.000000,NOTE_HYPOTHESIS,shared_audio_intelligence_v0_2;spectral_peak;owner_supplied_audio
BE-003:pitch:02475,BE-003:onset:0597,106.347392,814.347392,178.576923,45,3.576923,47.7851,C3,129.1992,0.580499,0.898833,0.926960,0.799416,0.550000,,0.205750,2149.164,2,2,0.550000,0.350000,0.030000,0.070000,0.480000,0.320000,0.000000,0.000000,NOTE_HYPOTHESIS,shared_audio_intelligence_v0_2;spectral_peak;owner_supplied_audio
BE-003:pitch:02476,BE-003:onset:0598,106.486712,814.486712,178.807692,45,3.807692,43.7407,G#2,102.2827,0.743039,1.000000,1.000000,0.850000,0.760000,,0.281628,1570.370,2,1,0.760000,0.180000,0.010000,0.050000,0.480000,0.320000,0.000000,0.000000,NOTE_HYPOTHESIS,shared_audio_intelligence_v0_2;spectral_peak;owner_supplied_audio
BE-003:pitch:02477,BE-003:onset:0598,106.486712,814.486712,178.807692,45,3.807692,39.6483,E2,80.7495,0.743039,1.000000,1.000000,0.850000,0.760000,,0.281628,1570.370,2,2,0.760000,0.180000,0.010000,0.050000,0.480000,0.320000,0.000000,0.000000,NOTE_HYPOTHESIS,shared_audio_intelligence_v0_2;spectral_peak;owner_supplied_audio
BE-003:pitch:02478,BE-003:onset:0599,106.626032,814.626032,179.030303,45,4.030303,41.8151,F#2,91.5161,0.278639,1.000000,0.695710,0.850000,0.760000,,0.441084,2073.860,2,1,0.760000,0.180000,0.010000,0.050000,0.480000,0.320000,0.000000,0.000000,NOTE_HYPOTHESIS,shared_audio_intelligence_v0_2;spectral_peak;owner_supplied_audio
BE-003:pitch:02479,BE-003:onset:0599,106.626032,814.626032,179.030303,45,4.030303,49.8242,D3,145.3491,0.139320,1.000000,0.695710,0.850000,0.550000,,0.441084,2073.860,2,2,0.550000,0.350000,0.030000,0.070000,0.480000,0.320000,0.000000,0.000000,NOTE_HYPOTHESIS,shared_audio_intelligence_v0_2;spectral_peak;owner_supplied_audio
BE-003:pitch:02480,BE-003:onset:0600,106.695692,814.695692,179.121212,45,4.121212,41.8151,F#2,91.5161,0.255420,1.000000,0.510046,0.850000,0.760000,,0.421430,1304.016,2,1,0.760000,0.180000,0.010000,0.050000,0.480000,0.320000,0.000000,0.000000,NOTE_HYPOTHESIS,shared_audio_intelligence_v0_2;spectral_peak;owner_supplied_audio
BE-003:pitch:02481,BE-003:onset:0600,106.695692,814.695692,179.121212,45,4.121212,49.8242,D3,145.3491,0.092880,1.000000,0.510046,0.850000,0.550000,,0.421430,1304.016,2,2,0.550000,0.350000,0.030000,0.070000,0.480000,0.320000,0.000000,0.000000,NOTE_HYPOTHESIS,shared_audio_intelligence_v0_2;spectral_peak;owner_supplied_audio
BE-003:pitch:02482,BE-003:onset:0601,106.811791,814.811791,179.272727,45,4.272727,44.6287,A2,107.6660,0.139320,1.000000,0.821983,0.850000,0.760000,,0.530402,533.614,1,1,0.760000,0.180000,0.010000,0.050000,0.480000,0.320000,0.000000,0.000000,NOTE_HYPOTHESIS,shared_audio_intelligence_v0_2;spectral_peak;owner_supplied_audio
BE-003:pitch:02483,BE-003:onset:0602,106.904671,814.904671,179.393939,45,4.393939,44.6287,A2,107.6660,0.208980,1.000000,0.612377,0.850000,0.760000,,0.405455,640.904,1,1,0.760000,0.180000,0.010000,0.050000,0.480000,0.320000,0.000000,0.000000,NOTE_HYPOTHESIS,shared_audio_intelligence_v0_2;spectral_peak;owner_supplied_audio
BE-003:pitch:02484,BE-003:onset:0603,107.067211,815.067211,179.606061,45,4.606061,43.7407,G#2,102.2827,0.162540,1.000000,1.000000,0.850000,0.760000,,0.270933,703.131,2,1,0.760000,0.180000,0.010000,0.050000,0.480000,0.320000,0.000000,0.000000,NOTE_HYPOTHESIS,shared_audio_intelligence_v0_2;spectral_peak;owner_supplied_audio
BE-003:pitch:02485,BE-003:onset:0603,107.067211,815.067211,179.606061,45,4.606061,49.1709,C#3,139.9658,0.325079,1.000000,1.000000,0.850000,0.550000,,0.270933,703.131,2,2,0.550000,0.350000,0.030000,0.070000,0.480000,0.320000,0.000000,0.000000,NOTE_HYPOTHESIS,shared_audio_intelligence_v0_2;spectral_peak;owner_supplied_audio
BE-003:pitch:02486,BE-003:onset:0604,107.183311,815.183311,179.757576,45,4.757576,49.8242,D3,145.3491,0.208980,1.000000,0.633563,0.850000,0.550000,,0.343057,970.632,3,1,0.550000,0.350000,0.030000,0.070000,0.480000,0.320000,0.000000,0.000000,NOTE_HYPOTHESIS,shared_audio_intelligence_v0_2;spectral_peak;owner_supplied_audio
BE-003:pitch:02487,BE-003:onset:0604,107.183311,815.183311,179.757576,45,4.757576,43.7407,G#2,102.2827,0.092880,1.000000,0.633563,0.850000,0.760000,,0.343057,970.632,3,2,0.760000,0.180000,0.010000,0.050000,0.480000,0.320000,0.000000,0.000000,NOTE_HYPOTHESIS,shared_audio_intelligence_v0_2;spectral_peak;owner_supplied_audio
BE-003:pitch:02488,BE-003:onset:0604,107.183311,815.183311,179.757576,45,4.757576,62.1419,D4,296.0815,0.835918,1.000000,0.633563,0.850000,0.520000,,0.343057,970.632,3,3,0.250000,0.520000,0.150000,0.080000,0.000000,0.450000,0.250000,0.200000,NOTE_HYPOTHESIS,shared_audio_intelligence_v0_2;spectral_peak;owner_supplied_audio
BE-003:pitch:02489,BE-003:onset:0605,107.252971,815.252971,179.848485,45,4.848485,49.8242,D3,145.3491,0.116100,1.000000,0.556505,0.850000,0.550000,,0.377899,701.472,2,1,0.550000,0.350000,0.030000,0.070000,0.480000,0.320000,0.000000,0.000000,NOTE_HYPOTHESIS,shared_audio_intelligence_v0_2;spectral_peak;owner_supplied_audio
BE-003:pitch:02490,BE-003:onset:0605,107.252971,815.252971,179.848485,45,4.848485,62.1419,D4,296.0815,0.743039,1.000000,0.556505,0.850000,0.520000,,0.377899,701.472,2,2,0.250000,0.520000,0.150000,0.080000,0.000000,0.450000,0.250000,0.200000,NOTE_HYPOTHESIS,shared_audio_intelligence_v0_2;spectral_peak;owner_supplied_audio
BE-003:pitch:02491,BE-003:onset:0606,107.369070,815.369070,180.000000,46,1.000000,74.9115,D#5,619.0796,0.278639,1.000000,1.000000,0.850000,0.580000,,0.787341,1235.365,3,1,0.050000,0.300000,0.580000,0.070000,0.000000,0.120000,0.580000,0.220000,NOTE_HYPOTHESIS,shared_audio_intelligence_v0_2;spectral_peak;owner_supplied_audio
BE-003:pitch:02492,BE-003:onset:0606,107.369070,815.369070,180.000000,46,1.000000,62.7603,D#4,306.8481,0.278639,1.000000,1.000000,0.850000,0.520000,,0.787341,1235.365,3,2,0.250000,0.520000,0.150000,0.080000,0.000000,0.450000,0.250000,0.200000,NOTE_HYPOTHESIS,shared_audio_intelligence_v0_2;spectral_peak;owner_supplied_audio
BE-003:pitch:02493,BE-003:onset:0606,107.369070,815.369070,180.000000,46,1.000000,86.9115,D#6,1238.1592,0.255420,1.000000,1.000000,0.850000,0.840000,,0.787341,1235.365,3,3,0.010000,0.080000,0.840000,0.070000,0.000000,0.120000,0.580000,0.220000,NOTE_HYPOTHESIS,shared_audio_intelligence_v0_2;spectral_peak;owner_supplied_audio
BE-003:pitch:02494,BE-003:onset:0607,107.508390,815.508390,180.230769,46,1.230769,74.9115,D#5,619.0796,0.139320,1.000000,0.655778,0.850000,0.580000,,0.715910,944.055,3,1,0.050000,0.300000,0.580000,0.070000,0.000000,0.120000,0.580000,0.220000,NOTE_HYPOTHESIS,shared_audio_intelligence_v0_2;spectral_peak;owner_supplied_audio
BE-003:pitch:02495,BE-003:onset:0607,107.508390,815.508390,180.230769,46,1.230769,86.9115,D#6,1238.1592,0.116100,1.000000,0.655778,0.850000,0.840000,,0.715910,944.055,3,2,0.010000,0.080000,0.840000,0.070000,0.000000,0.120000,0.580000,0.220000,NOTE_HYPOTHESIS,shared_audio_intelligence_v0_2;spectral_peak;owner_supplied_audio
BE-003:pitch:02496,BE-003:onset:0607,107.508390,815.508390,180.230769,46,1.230769,63.0613,D#4,312.2314,0.139320,1.000000,0.655778,0.850000,0.520000,,0.715910,944.055,3,3,0.250000,0.520000,0.150000,0.080000,0.000000,0.450000,0.250000,0.200000,NOTE_HYPOTHESIS,shared_audio_intelligence_v0_2;spectral_peak;owner_supplied_audio
BE-003:pitch:02497,BE-003:onset:0608,107.670930,815.670930,180.500000,46,1.500000,60.8347,C#4,274.5483,0.162540,1.000000,1.000000,0.850000,0.520000,,0.478566,809.547,6,1,0.250000,0.520000,0.150000,0.080000,0.000000,0.450000,0.250000,0.200000,NOTE_HYPOTHESIS,shared_audio_intelligence_v0_2;spectral_peak;owner_supplied_audio
BE-003:pitch:02498,BE-003:onset:0608,107.670930,815.670930,180.500000,46,1.500000,48.4919,C3,134.5825,0.441179,1.000000,1.000000,0.850000,0.550000,,0.478566,809.547,6,2,0.550000,0.350000,0.030000,0.070000,0.480000,0.320000,0.000000,0.000000,NOTE_HYPOTHESIS,shared_audio_intelligence_v0_2;spectral_peak;owner_supplied_audio
BE-003:pitch:02499,BE-003:onset:0608,107.670930,815.670930,180.500000,46,1.500000,72.8347,C#5,549.0967,0.255420,1.000000,1.000000,0.850000,0.580000,,0.478566,809.547,6,3,0.050000,0.300000,0.580000,0.070000,0.000000,0.120000,0.580000,0.220000,NOTE_HYPOTHESIS,shared_audio_intelligence_v0_2;spectral_peak;owner_supplied_audio
BE-003:pitch:02500,BE-003:onset:0608,107.670930,815.670930,180.500000,46,1.500000,84.9193,C#6,1103.5767,0.116100,1.000000,1.000000,0.850000,0.840000,,0.478566,809.547,6,4,0.010000,0.080000,0.840000,0.070000,0.000000,0.120000,0.580000,0.220000,NOTE_HYPOTHESIS,shared_audio_intelligence_v0_2;spectral_peak;owner_supplied_audio
BE-003:pitch:02501,BE-003:onset:0608,107.670930,815.670930,180.500000,46,1.500000,74.9115,D#5,619.0796,0.162540,1.000000,1.000000,0.850000,0.580000,,0.478566,809.547,6,5,0.050000,0.300000,0.580000,0.070000,0.000000,0.120000,0.580000,0.220000,NOTE_HYPOTHESIS,shared_audio_intelligence_v0_2;spectral_peak;owner_supplied_audio
BE-003:pitch:02502,BE-003:onset:0608,107.670930,815.670930,180.500000,46,1.500000,71.9645,C5,522.1802,0.185760,1.000000,1.000000,0.850000,0.580000,,0.478566,809.547,6,6,0.050000,0.300000,0.580000,0.070000,0.000000,0.120000,0.580000,0.220000,NOTE_HYPOTHESIS,shared_audio_intelligence_v0_2;spectral_peak;owner_supplied_audio
BE-003:pitch:02503,BE-003:onset:0609,107.787029,815.787029,180.692308,46,1.692308,73.8242,D5,581.3965,0.185760,1.000000,1.000000,0.850000,0.580000,,0.761221,843.043,4,1,0.050000,0.300000,0.580000,0.070000,0.000000,0.120000,0.580000,0.220000,NOTE_HYPOTHESIS,shared_audio_intelligence_v0_2;spectral_peak;owner_supplied_audio
BE-003:pitch:02504,BE-003:onset:0609,107.787029,815.787029,180.692308,46,1.692308,61.8242,D4,290.6982,0.162540,1.000000,1.000000,0.850000,0.520000,,0.761221,843.043,4,2,0.250000,0.520000,0.150000,0.080000,0.000000,0.450000,0.250000,0.200000,NOTE_HYPOTHESIS,shared_audio_intelligence_v0_2;spectral_peak;owner_supplied_audio
BE-003:pitch:02505,BE-003:onset:0609,107.787029,815.787029,180.692308,46,1.692308,49.1709,C#3,139.9658,0.278639,1.000000,1.000000,0.850000,0.550000,,0.761221,843.043,4,3,0.550000,0.350000,0.030000,0.070000,0.480000,0.320000,0.000000,0.000000,NOTE_HYPOTHESIS,shared_audio_intelligence_v0_2;spectral_peak;owner_supplied_audio
BE-003:pitch:02506,BE-003:onset:0609,107.787029,815.787029,180.692308,46,1.692308,85.9042,D6,1168.1763,0.185760,1.000000,1.000000,0.850000,0.840000,,0.761221,843.043,4,4,0.010000,0.080000,0.840000,0.070000,0.000000,0.120000,0.580000,0.220000,NOTE_HYPOTHESIS,shared_audio_intelligence_v0_2;spectral_peak;owner_supplied_audio
BE-003:pitch:02507,BE-003:onset:0610,107.949569,815.949569,180.961538,46,1.961538,73.9838,D5,586.7798,0.092880,1.000000,0.492211,0.850000,0.580000,,0.407010,808.942,6,1,0.050000,0.300000,0.580000,0.070000,0.000000,0.120000,0.580000,0.220000,NOTE_HYPOTHESIS,shared_audio_intelligence_v0_2;spectral_peak;owner_supplied_audio
BE-003:pitch:02508,BE-003:onset:0610,107.949569,815.949569,180.961538,46,1.961538,57.8808,A#3,231.4819,0.208980,1.000000,0.492211,0.850000,0.520000,,0.407010,808.942,6,2,0.250000,0.520000,0.150000,0.080000,0.000000,0.450000,0.250000,0.200000,NOTE_HYPOTHESIS,shared_audio_intelligence_v0_2;spectral_peak;owner_supplied_audio
BE-003:pitch:02509,BE-003:onset:0610,107.949569,815.949569,180.961538,46,1.961538,49.1709,C#3,139.9658,0.208980,1.000000,0.492211,0.850000,0.550000,,0.407010,808.942,6,3,0.550000,0.350000,0.030000,0.070000,0.480000,0.320000,0.000000,0.000000,NOTE_HYPOTHESIS,shared_audio_intelligence_v0_2;spectral_peak;owner_supplied_audio
BE-003:pitch:02510,BE-003:onset:0610,107.949569,815.949569,180.961538,46,1.961538,62.1419,D4,296.0815,0.116100,1.000000,0.492211,0.850000,0.520000,,0.407010,808.942,6,4,0.250000,0.520000,0.150000,0.080000,0.000000,0.450000,0.250000,0.200000,NOTE_HYPOTHESIS,shared_audio_intelligence_v0_2;spectral_peak;owner_supplied_audio
BE-003:pitch:02511,BE-003:onset:0610,107.949569,815.949569,180.961538,46,1.961538,69.8808,A#4,462.9639,0.232200,1.000000,0.492211,0.850000,0.580000,,0.407010,808.942,6,5,0.050000,0.300000,0.580000,0.070000,0.000000,0.450000,0.250000,0.200000,NOTE_HYPOTHESIS,shared_audio_intelligence_v0_2;spectral_peak;owner_supplied_audio
BE-003:pitch:02512,BE-003:onset:0610,107.949569,815.949569,180.961538,46,1.961538,85.7439,D6,1157.4097,0.139320,1.000000,0.492211,0.850000,0.840000,,0.407010,808.942,6,6,0.010000,0.080000,0.840000,0.070000,0.000000,0.120000,0.580000,0.220000,NOTE_HYPOTHESIS,shared_audio_intelligence_v0_2;spectral_peak;owner_supplied_audio
BE-003:pitch:02513,BE-003:onset:0611,108.065669,816.065669,181.160000,46,2.160000,71.9645,C5,522.1802,0.301859,1.000000,0.792743,0.850000,0.580000,,0.500506,1026.638,6,1,0.050000,0.300000,0.580000,0.070000,0.000000,0.120000,0.580000,0.220000,NOTE_HYPOTHESIS,shared_audio_intelligence_v0_2;spectral_peak;owner_supplied_audio
BE-003:pitch:02514,BE-003:onset:0611,108.065669,816.065669,181.160000,46,2.160000,83.8751,C6,1038.9771,0.208980,1.000000,0.792743,0.850000,0.840000,,0.500506,1026.638,6,2,0.010000,0.080000,0.840000,0.070000,0.000000,0.120000,0.580000,0.220000,NOTE_HYPOTHESIS,shared_audio_intelligence_v0_2;spectral_peak;owner_supplied_audio
BE-003:pitch:02515,BE-003:onset:0611,108.065669,816.065669,181.160000,46,2.160000,59.7851,C4,258.3984,0.208980,1.000000,0.792743,0.850000,0.520000,,0.500506,1026.638,6,3,0.250000,0.520000,0.150000,0.080000,0.000000,0.450000,0.250000,0.200000,NOTE_HYPOTHESIS,shared_audio_intelligence_v0_2;spectral_peak;owner_supplied_audio
BE-003:pitch:02516,BE-003:onset:0611,108.065669,816.065669,181.160000,46,2.160000,57.8808,A#3,231.4819,0.116100,1.000000,0.792743,0.850000,0.520000,,0.500506,1026.638,6,4,0.250000,0.520000,0.150000,0.080000,0.000000,0.450000,0.250000,0.200000,NOTE_HYPOTHESIS,shared_audio_intelligence_v0_2;spectral_peak;owner_supplied_audio
BE-003:pitch:02517,BE-003:onset:0611,108.065669,816.065669,181.160000,46,2.160000,90.9841,G6,1566.5405,0.185760,1.000000,0.792743,0.850000,0.840000,,0.500506,1026.638,6,5,0.010000,0.080000,0.840000,0.070000,0.000000,0.120000,0.580000,0.220000,NOTE_HYPOTHESIS,shared_audio_intelligence_v0_2;spectral_peak;owner_supplied_audio
BE-003:pitch:02518,BE-003:onset:0611,108.065669,816.065669,181.160000,46,2.160000,69.8808,A#4,462.9639,0.116100,1.000000,0.792743,0.850000,0.580000,,0.500506,1026.638,6,6,0.050000,0.300000,0.580000,0.070000,0.000000,0.450000,0.250000,0.200000,NOTE_HYPOTHESIS,shared_audio_intelligence_v0_2;spectral_peak;owner_supplied_audio
BE-003:pitch:02519,BE-003:onset:0612,108.321088,816.321088,181.600000,46,2.600000,57.8808,A#3,231.4819,0.348299,1.000000,0.753157,0.850000,0.520000,,0.313124,947.546,6,1,0.250000,0.520000,0.150000,0.080000,0.000000,0.450000,0.250000,0.200000,NOTE_HYPOTHESIS,shared_audio_intelligence_v0_2;spectral_peak;owner_supplied_audio
BE-003:pitch:02520,BE-003:onset:0612,108.321088,816.321088,181.600000,46,2.600000,69.8808,A#4,462.9639,0.301859,1.000000,0.753157,0.850000,0.580000,,0.313124,947.546,6,2,0.050000,0.300000,0.580000,0.070000,0.000000,0.450000,0.250000,0.200000,NOTE_HYPOTHESIS,shared_audio_intelligence_v0_2;spectral_peak;owner_supplied_audio
BE-003:pitch:02521,BE-003:onset:0612,108.321088,816.321088,181.600000,46,2.600000,81.8808,A#5,925.9277,0.208980,1.000000,0.753157,0.850000,0.840000,,0.313124,947.546,6,3,0.010000,0.080000,0.840000,0.070000,0.000000,0.120000,0.580000,0.220000,NOTE_HYPOTHESIS,shared_audio_intelligence_v0_2;spectral_peak;owner_supplied_audio
BE-003:pitch:02522,BE-003:onset:0612,108.321088,816.321088,181.600000,46,2.600000,85.7439,D6,1157.4097,0.139320,1.000000,0.753157,0.850000,0.840000,,0.313124,947.546,6,4,0.010000,0.080000,0.840000,0.070000,0.000000,0.120000,0.580000,0.220000,NOTE_HYPOTHESIS,shared_audio_intelligence_v0_2;spectral_peak;owner_supplied_audio
BE-003:pitch:02523,BE-003:onset:0612,108.321088,816.321088,181.600000,46,2.600000,68.8438,A4,436.0474,0.766259,1.000000,0.753157,0.850000,0.580000,,0.313124,947.546,6,5,0.050000,0.300000,0.580000,0.070000,0.000000,0.450000,0.250000,0.200000,NOTE_HYPOTHESIS,shared_audio_intelligence_v0_2;spectral_peak;owner_supplied_audio
BE-003:pitch:02524,BE-003:onset:0612,108.321088,816.321088,181.600000,46,2.600000,71.9645,C5,522.1802,0.139320,1.000000,0.753157,0.850000,0.580000,,0.313124,947.546,6,6,0.050000,0.300000,0.580000,0.070000,0.000000,0.120000,0.580000,0.220000,NOTE_HYPOTHESIS,shared_audio_intelligence_v0_2;spectral_peak;owner_supplied_audio
BE-003:pitch:02525,BE-003:onset:0613,108.367528,816.367528,181.680000,46,2.680000,57.8808,A#3,231.4819,0.301859,1.000000,0.797351,0.850000,0.520000,,0.328268,995.503,6,1,0.250000,0.520000,0.150000,0.080000,0.000000,0.450000,0.250000,0.200000,NOTE_HYPOTHESIS,shared_audio_intelligence_v0_2;spectral_peak;owner_supplied_audio
BE-003:pitch:02526,BE-003:onset:0613,108.367528,816.367528,181.680000,46,2.680000,69.8808,A#4,462.9639,0.208980,1.000000,0.797351,0.850000,0.580000,,0.328268,995.503,6,2,0.050000,0.300000,0.580000,0.070000,0.000000,0.450000,0.250000,0.200000,NOTE_HYPOTHESIS,shared_audio_intelligence_v0_2;spectral_peak;owner_supplied_audio
BE-003:pitch:02527,BE-003:onset:0613,108.367528,816.367528,181.680000,46,2.680000,81.8808,A#5,925.9277,0.139320,1.000000,0.797351,0.850000,0.840000,,0.328268,995.503,6,3,0.010000,0.080000,0.840000,0.070000,0.000000,0.120000,0.580000,0.220000,NOTE_HYPOTHESIS,shared_audio_intelligence_v0_2;spectral_peak;owner_supplied_audio
BE-003:pitch:02528,BE-003:onset:0613,108.367528,816.367528,181.680000,46,2.680000,88.9673,F6,1394.2749,0.139320,1.000000,0.797351,0.850000,0.840000,,0.328268,995.503,6,4,0.010000,0.080000,0.840000,0.070000,0.000000,0.120000,0.580000,0.220000,NOTE_HYPOTHESIS,shared_audio_intelligence_v0_2;spectral_peak;owner_supplied_audio
BE-003:pitch:02529,BE-003:onset:0613,108.367528,816.367528,181.680000,46,2.680000,68.8438,A4,436.0474,0.162540,1.000000,0.797351,0.850000,0.580000,,0.328268,995.503,6,5,0.050000,0.300000,0.580000,0.070000,0.000000,0.450000,0.250000,0.200000,NOTE_HYPOTHESIS,shared_audio_intelligence_v0_2;spectral_peak;owner_supplied_audio
BE-003:pitch:02530,BE-003:onset:0613,108.367528,816.367528,181.680000,46,2.680000,85.7439,D6,1157.4097,0.092880,1.000000,0.797351,0.850000,0.840000,,0.328268,995.503,6,6,0.010000,0.080000,0.840000,0.070000,0.000000,0.120000,0.580000,0.220000,NOTE_HYPOTHESIS,shared_audio_intelligence_v0_2;spectral_peak;owner_supplied_audio
BE-003:pitch:02531,BE-003:onset:0614,108.553288,816.553288,182.000000,46,3.000000,57.8808,A#3,231.4819,1.532517,1.000000,1.000000,0.850000,0.469756,,0.378586,2774.878,6,1,0.225844,0.469756,0.147290,0.157109,0.000000,0.450000,0.250000,0.200000,NOTE_HYPOTHESIS,shared_audio_intelligence_v0_2;spectral_peak;owner_supplied_audio
BE-003:pitch:02532,BE-003:onset:0614,108.553288,816.553288,182.000000,46,3.000000,69.8808,A#4,462.9639,0.116100,1.000000,1.000000,0.850000,0.580000,,0.378586,2774.878,6,2,0.050000,0.300000,0.580000,0.070000,0.000000,0.450000,0.250000,0.200000,NOTE_HYPOTHESIS,shared_audio_intelligence_v0_2;spectral_peak;owner_supplied_audio
BE-003:pitch:02533,BE-003:onset:0614,108.553288,816.553288,182.000000,46,3.000000,57.0562,A3,220.7153,1.532517,1.000000,1.000000,0.850000,0.469756,,0.378586,2774.878,6,3,0.225844,0.469756,0.147290,0.157109,0.000000,0.450000,0.250000,0.200000,NOTE_HYPOTHESIS,shared_audio_intelligence_v0_2;spectral_peak;owner_supplied_audio
BE-003:pitch:02534,BE-003:onset:0614,108.553288,816.553288,182.000000,46,3.000000,73.8242,D5,581.3965,0.162540,1.000000,1.000000,0.850000,0.580000,,0.378586,2774.878,6,4,0.050000,0.300000,0.580000,0.070000,0.000000,0.120000,0.580000,0.220000,NOTE_HYPOTHESIS,shared_audio_intelligence_v0_2;spectral_peak;owner_supplied_audio
BE-003:pitch:02535,BE-003:onset:0614,108.553288,816.553288,182.000000,46,3.000000,42.8047,G2,96.8994,0.766259,1.000000,1.000000,0.850000,0.695860,,0.378586,2774.878,6,5,0.695860,0.164809,0.009952,0.129379,0.480000,0.320000,0.000000,0.000000,NOTE_HYPOTHESIS,shared_audio_intelligence_v0_2;spectral_peak;owner_supplied_audio
BE-003:pitch:02536,BE-003:onset:0614,108.553288,816.553288,182.000000,46,3.000000,50.4538,D3,150.7324,0.975238,1.000000,1.000000,0.850000,0.501984,,0.378586,2774.878,6,6,0.501984,0.319444,0.029762,0.148810,0.480000,0.320000,0.000000,0.000000,NOTE_HYPOTHESIS,shared_audio_intelligence_v0_2;spectral_peak;owner_supplied_audio
BE-003:pitch:02537,BE-003:onset:0615,108.669388,816.669388,182.208333,46,3.208333,77.8151,F#5,732.1289,0.139320,1.000000,0.860910,0.850000,0.840000,,0.428787,2602.410,3,1,0.010000,0.080000,0.840000,0.070000,0.000000,0.120000,0.580000,0.220000,NOTE_HYPOTHESIS,shared_audio_intelligence_v0_2;spectral_peak;owner_supplied_audio
BE-003:pitch:02538,BE-003:onset:0615,108.669388,816.669388,182.208333,46,3.208333,65.8151,F#4,366.0645,0.278639,1.000000,0.860910,0.850000,0.580000,,0.428787,2602.410,3,2,0.050000,0.300000,0.580000,0.070000,0.000000,0.450000,0.250000,0.200000,NOTE_HYPOTHESIS,shared_audio_intelligence_v0_2;spectral_peak;owner_supplied_audio
BE-003:pitch:02539,BE-003:onset:0615,108.669388,816.669388,182.208333,46,3.208333,84.9193,C#6,1103.5767,0.116100,1.000000,0.860910,0.850000,0.840000,,0.428787,2602.410,3,3,0.010000,0.080000,0.840000,0.070000,0.000000,0.120000,0.580000,0.220000,NOTE_HYPOTHESIS,shared_audio_intelligence_v0_2;spectral_peak;owner_supplied_audio
BE-003:pitch:02540,BE-003:onset:0616,108.739048,816.739048,182.333333,46,3.333333,66.0679,F#4,371.4478,0.208980,1.000000,0.917723,0.850000,0.580000,,0.401948,1445.714,6,1,0.050000,0.300000,0.580000,0.070000,0.000000,0.450000,0.250000,0.200000,NOTE_HYPOTHESIS,shared_audio_intelligence_v0_2;spectral_peak;owner_supplied_audio
BE-003:pitch:02541,BE-003:onset:0616,108.739048,816.739048,182.333333,46,3.333333,77.9420,F#5,737.5122,0.069660,1.000000,0.917723,0.850000,0.840000,,0.401948,1445.714,6,2,0.010000,0.080000,0.840000,0.070000,0.000000,0.120000,0.580000,0.220000,NOTE_HYPOTHESIS,shared_audio_intelligence_v0_2;spectral_peak;owner_supplied_audio
BE-003:pitch:02542,BE-003:onset:0616,108.739048,816.739048,182.333333,46,3.333333,65.0340,F4,349.9146,0.208980,0.913640,0.917723,0.806820,0.580000,,0.401948,1445.714,6,3,0.050000,0.300000,0.580000,0.070000,0.000000,0.450000,0.250000,0.200000,NOTE_HYPOTHESIS,shared_audio_intelligence_v0_2;spectral_peak;owner_supplied_audio
BE-003:pitch:02543,BE-003:onset:0616,108.739048,816.739048,182.333333,46,3.333333,53.8151,F#3,183.0322,0.859138,0.857051,0.917723,0.778525,0.550000,,0.401948,1445.714,6,4,0.550000,0.350000,0.030000,0.070000,0.480000,0.320000,0.000000,0.000000,NOTE_HYPOTHESIS,shared_audio_intelligence_v0_2;spectral_peak;owner_supplied_audio
BE-003:pitch:02544,BE-003:onset:0616,108.739048,816.739048,182.333333,46,3.333333,84.9193,C#6,1103.5767,0.092880,0.845084,0.917723,0.772542,0.840000,,0.401948,1445.714,6,5,0.010000,0.080000,0.840000,0.070000,0.000000,0.120000,0.580000,0.220000,NOTE_HYPOTHESIS,shared_audio_intelligence_v0_2;spectral_peak;owner_supplied_audio
BE-003:pitch:02545,BE-003:onset:0616,108.739048,816.739048,182.333333,46,3.333333,35.7851,C2,64.5996,1.230658,0.840619,0.917723,0.770309,0.760000,,0.401948,1445.714,6,6,0.760000,0.180000,0.010000,0.050000,0.480000,0.320000,0.000000,0.000000,NOTE_HYPOTHESIS,shared_audio_intelligence_v0_2;spectral_peak;owner_supplied_audio
BE-003:pitch:02546,BE-003:onset:0617,108.831927,816.831927,182.500000,46,3.500000,66.0679,F#4,371.4478,0.116100,1.000000,0.995329,0.850000,0.580000,,0.393650,898.108,6,1,0.050000,0.300000,0.580000,0.070000,0.000000,0.450000,0.250000,0.200000,NOTE_HYPOTHESIS,shared_audio_intelligence_v0_2;spectral_peak;owner_supplied_audio
BE-003:pitch:02547,BE-003:onset:0617,108.831927,816.831927,182.500000,46,3.500000,87.9344,E6,1313.5254,0.139320,1.000000,0.995329,0.850000,0.840000,,0.393650,898.108,6,2,0.010000,0.080000,0.840000,0.070000,0.000000,0.120000,0.580000,0.220000,NOTE_HYPOTHESIS,shared_audio_intelligence_v0_2;spectral_peak;owner_supplied_audio
BE-003:pitch:02548,BE-003:onset:0617,108.831927,816.831927,182.500000,46,3.500000,69.0562,A4,441.4307,0.255420,0.965548,0.995329,0.832774,0.580000,,0.393650,898.108,6,3,0.050000,0.300000,0.580000,0.070000,0.000000,0.450000,0.250000,0.200000,NOTE_HYPOTHESIS,shared_audio_intelligence_v0_2;spectral_peak;owner_supplied_audio
BE-003:pitch:02549,BE-003:onset:0617,108.831927,816.831927,182.500000,46,3.500000,56.6287,A3,215.3320,1.114558,0.958331,0.995329,0.829165,0.520000,,0.393650,898.108,6,4,0.250000,0.520000,0.150000,0.080000,0.000000,0.450000,0.250000,0.200000,NOTE_HYPOTHESIS,shared_audio_intelligence_v0_2;spectral_peak;owner_supplied_audio
BE-003:pitch:02550,BE-003:onset:0617,108.831927,816.831927,182.500000,46,3.500000,55.7407,G#3,204.5654,1.114558,0.918687,0.995329,0.809343,0.520000,,0.393650,898.108,6,5,0.250000,0.520000,0.150000,0.080000,0.000000,0.450000,0.250000,0.200000,NOTE_HYPOTHESIS,shared_audio_intelligence_v0_2;spectral_peak;owner_supplied_audio
BE-003:pitch:02551,BE-003:onset:0617,108.831927,816.831927,182.500000,46,3.500000,43.7407,G#2,102.2827,0.232200,0.905960,0.995329,0.802980,0.760000,,0.393650,898.108,6,6,0.760000,0.180000,0.010000,0.050000,0.480000,0.320000,0.000000,0.000000,NOTE_HYPOTHESIS,shared_audio_intelligence_v0_2;spectral_peak;owner_supplied_audio
BE-003:pitch:02552,BE-003:onset:0618,108.948027,816.948027,182.708333,46,3.708333,66.8047,G4,387.5977,0.232200,1.000000,1.000000,0.850000,0.580000,,0.571090,2349.935,6,1,0.050000,0.300000,0.580000,0.070000,0.000000,0.450000,0.250000,0.200000,NOTE_HYPOTHESIS,shared_audio_intelligence_v0_2;spectral_peak;owner_supplied_audio
BE-003:pitch:02553,BE-003:onset:0618,108.948027,816.948027,182.708333,46,3.708333,54.8047,G3,193.7988,0.441179,1.000000,1.000000,0.850000,0.550000,,0.571090,2349.935,6,2,0.550000,0.350000,0.030000,0.070000,0.480000,0.320000,0.000000,0.000000,NOTE_HYPOTHESIS,shared_audio_intelligence_v0_2;spectral_peak;owner_supplied_audio
BE-003:pitch:02554,BE-003:onset:0618,108.948027,816.948027,182.708333,46,3.708333,55.7407,G#3,204.5654,0.325079,1.000000,1.000000,0.850000,0.520000,,0.571090,2349.935,6,3,0.250000,0.520000,0.150000,0.080000,0.000000,0.450000,0.250000,0.200000,NOTE_HYPOTHESIS,shared_audio_intelligence_v0_2;spectral_peak;owner_supplied_audio
BE-003:pitch:02555,BE-003:onset:0618,108.948027,816.948027,182.708333,46,3.708333,78.8047,G5,775.1953,0.162540,1.000000,1.000000,0.850000,0.840000,,0.571090,2349.935,6,4,0.010000,0.080000,0.840000,0.070000,0.000000,0.120000,0.580000,0.220000,NOTE_HYPOTHESIS,shared_audio_intelligence_v0_2;spectral_peak;owner_supplied_audio
BE-003:pitch:02556,BE-003:onset:0618,108.948027,816.948027,182.708333,46,3.708333,57.0562,A3,220.7153,0.882358,0.942358,1.000000,0.821179,0.520000,,0.571090,2349.935,6,5,0.250000,0.520000,0.150000,0.080000,0.000000,0.450000,0.250000,0.200000,NOTE_HYPOTHESIS,shared_audio_intelligence_v0_2;spectral_peak;owner_supplied_audio
BE-003:pitch:02557,BE-003:onset:0618,108.948027,816.948027,182.708333,46,3.708333,73.9838,D5,586.7798,0.185760,0.921683,1.000000,0.810841,0.580000,,0.571090,2349.935,6,6,0.050000,0.300000,0.580000,0.070000,0.000000,0.120000,0.580000,0.220000,NOTE_HYPOTHESIS,shared_audio_intelligence_v0_2;spectral_peak;owner_supplied_audio
BE-003:pitch:02558,BE-003:onset:0619,109.133787,817.133787,183.037037,46,4.037037,63.0613,D#4,312.2314,0.232200,1.000000,1.000000,0.850000,0.520000,,0.528823,2183.045,6,1,0.250000,0.520000,0.150000,0.080000,0.000000,0.450000,0.250000,0.200000,NOTE_HYPOTHESIS,shared_audio_intelligence_v0_2;spectral_peak;owner_supplied_audio
BE-003:pitch:02559,BE-003:onset:0619,109.133787,817.133787,183.037037,46,4.037037,74.7603,D#5,613.6963,0.092880,1.000000,1.000000,0.850000,0.580000,,0.528823,2183.045,6,2,0.050000,0.300000,0.580000,0.070000,0.000000,0.120000,0.580000,0.220000,NOTE_HYPOTHESIS,shared_audio_intelligence_v0_2;spectral_peak;owner_supplied_audio
BE-003:pitch:02560,BE-003:onset:0619,109.133787,817.133787,183.037037,46,4.037037,66.8047,G4,387.5977,0.301859,0.982983,1.000000,0.841492,0.580000,,0.528823,2183.045,6,3,0.050000,0.300000,0.580000,0.070000,0.000000,0.450000,0.250000,0.200000,NOTE_HYPOTHESIS,shared_audio_intelligence_v0_2;spectral_peak;owner_supplied_audio
BE-003:pitch:02561,BE-003:onset:0619,109.133787,817.133787,183.037037,46,4.037037,55.2790,G3,199.1821,0.487619,0.939695,1.000000,0.819848,0.520000,,0.528823,2183.045,6,4,0.250000,0.520000,0.150000,0.080000,0.000000,0.450000,0.250000,0.200000,NOTE_HYPOTHESIS,shared_audio_intelligence_v0_2;spectral_peak;owner_supplied_audio
BE-003:pitch:02562,BE-003:onset:0619,109.133787,817.133787,183.037037,46,4.037037,81.8808,A#5,925.9277,0.162540,0.889576,1.000000,0.794788,0.840000,,0.528823,2183.045,6,5,0.010000,0.080000,0.840000,0.070000,0.000000,0.120000,0.580000,0.220000,NOTE_HYPOTHESIS,shared_audio_intelligence_v0_2;spectral_peak;owner_supplied_audio
BE-003:pitch:02563,BE-003:onset:0619,109.133787,817.133787,183.037037,46,4.037037,57.4734,A3,226.0986,0.859138,0.857493,1.000000,0.778747,0.520000,,0.528823,2183.045,6,6,0.250000,0.520000,0.150000,0.080000,0.000000,0.450000,0.250000,0.200000,NOTE_HYPOTHESIS,shared_audio_intelligence_v0_2;spectral_peak;owner_supplied_audio
BE-003:pitch:02564,BE-003:onset:0620,109.203447,817.203447,183.148148,46,4.148148,54.3170,F#3,188.4155,0.301859,0.998256,0.967301,0.849128,0.501984,,0.543761,2605.517,6,1,0.501984,0.319444,0.029762,0.148810,0.480000,0.320000,0.000000,0.000000,NOTE_HYPOTHESIS,shared_audio_intelligence_v0_2;spectral_peak;owner_supplied_audio
BE-003:pitch:02565,BE-003:onset:0620,109.203447,817.203447,183.148148,46,4.148148,57.4734,A3,226.0986,0.464399,0.984587,0.967301,0.842293,0.469756,,0.543761,2605.517,6,2,0.225844,0.469756,0.147290,0.157109,0.000000,0.450000,0.250000,0.200000,NOTE_HYPOTHESIS,shared_audio_intelligence_v0_2;spectral_peak;owner_supplied_audio
BE-003:pitch:02566,BE-003:onset:0620,109.203447,817.203447,183.148148,46,4.148148,66.3170,F#4,376.8311,0.232200,0.977500,0.967301,0.838750,0.580000,,0.543761,2605.517,6,3,0.050000,0.300000,0.580000,0.070000,0.000000,0.450000,0.250000,0.200000,NOTE_HYPOTHESIS,shared_audio_intelligence_v0_2;spectral_peak;owner_supplied_audio
BE-003:pitch:02567,BE-003:onset:0620,109.203447,817.203447,183.148148,46,4.148148,63.9344,E4,328.3813,0.232200,0.957161,0.967301,0.828581,0.520000,,0.543761,2605.517,6,4,0.250000,0.520000,0.150000,0.080000,0.000000,0.450000,0.250000,0.200000,NOTE_HYPOTHESIS,shared_audio_intelligence_v0_2;spectral_peak;owner_supplied_audio
BE-003:pitch:02568,BE-003:onset:0620,109.203447,817.203447,183.148148,46,4.148148,55.7407,G#3,204.5654,0.743039,0.842784,0.967301,0.771392,0.469756,,0.543761,2605.517,6,5,0.225844,0.469756,0.147290,0.157109,0.000000,0.450000,0.250000,0.200000,NOTE_HYPOTHESIS,shared_audio_intelligence_v0_2;spectral_peak;owner_supplied_audio
BE-003:pitch:02569,BE-003:onset:0620,109.203447,817.203447,183.148148,46,4.148148,67.0435,G4,392.9810,0.371519,0.825826,0.967301,0.762913,0.580000,,0.543761,2605.517,6,6,0.050000,0.300000,0.580000,0.070000,0.000000,0.450000,0.250000,0.200000,NOTE_HYPOTHESIS,shared_audio_intelligence_v0_2;spectral_peak;owner_supplied_audio
BE-003:pitch:02570,BE-003:onset:0621,109.249887,817.249887,183.222222,46,4.222222,63.6483,E4,322.9980,0.162540,1.000000,0.746111,0.850000,0.520000,,0.470278,2212.603,6,1,0.250000,0.520000,0.150000,0.080000,0.000000,0.450000,0.250000,0.200000,NOTE_HYPOTHESIS,shared_audio_intelligence_v0_2;spectral_peak;owner_supplied_audio
BE-003:pitch:02571,BE-003:onset:0621,109.249887,817.249887,183.222222,46,4.222222,66.3170,F#4,376.8311,0.185760,0.993387,0.746111,0.846693,0.580000,,0.470278,2212.603,6,2,0.050000,0.300000,0.580000,0.070000,0.000000,0.450000,0.250000,0.200000,NOTE_HYPOTHESIS,shared_audio_intelligence_v0_2;spectral_peak;owner_supplied_audio
BE-003:pitch:02572,BE-003:onset:0621,109.249887,817.249887,183.222222,46,4.222222,57.4734,A3,226.0986,0.417959,0.993238,0.746111,0.846619,0.520000,,0.470278,2212.603,6,3,0.250000,0.520000,0.150000,0.080000,0.000000,0.450000,0.250000,0.200000,NOTE_HYPOTHESIS,shared_audio_intelligence_v0_2;spectral_peak;owner_supplied_audio
BE-003:pitch:02573,BE-003:onset:0621,109.249887,817.249887,183.222222,46,4.222222,54.3170,F#3,188.4155,0.325079,0.916804,0.746111,0.808402,0.550000,,0.470278,2212.603,6,4,0.550000,0.350000,0.030000,0.070000,0.480000,0.320000,0.000000,0.000000,NOTE_HYPOTHESIS,shared_audio_intelligence_v0_2;spectral_peak;owner_supplied_audio
BE-003:pitch:02574,BE-003:onset:0621,109.249887,817.249887,183.222222,46,4.222222,53.2983,F3,177.6489,0.301859,0.798786,0.746111,0.749393,0.550000,,0.470278,2212.603,6,5,0.550000,0.350000,0.030000,0.070000,0.480000,0.320000,0.000000,0.000000,NOTE_HYPOTHESIS,shared_audio_intelligence_v0_2;spectral_peak;owner_supplied_audio
BE-003:pitch:02575,BE-003:onset:0621,109.249887,817.249887,183.222222,46,4.222222,56.1904,G#3,209.9487,1.532517,0.753091,0.746111,0.726546,0.520000,,0.470278,2212.603,6,6,0.250000,0.520000,0.150000,0.080000,0.000000,0.450000,0.250000,0.200000,NOTE_HYPOTHESIS,shared_audio_intelligence_v0_2;spectral_peak;owner_supplied_audio
BE-003:pitch:02576,BE-003:onset:0622,109.412426,817.412426,183.481481,46,4.481481,56.1904,G#3,209.9487,0.417959,1.000000,1.000000,0.850000,0.469756,,0.384709,2669.875,5,1,0.225844,0.469756,0.147290,0.157109,0.000000,0.450000,0.250000,0.200000,NOTE_HYPOTHESIS,shared_audio_intelligence_v0_2;spectral_peak;owner_supplied_audio
BE-003:pitch:02577,BE-003:onset:0622,109.412426,817.412426,183.481481,46,4.481481,54.3170,F#3,188.4155,0.255420,0.817299,1.000000,0.758650,0.501984,,0.384709,2669.875,5,2,0.501984,0.319444,0.029762,0.148810,0.480000,0.320000,0.000000,0.000000,NOTE_HYPOTHESIS,shared_audio_intelligence_v0_2;spectral_peak;owner_supplied_audio
BE-003:pitch:02578,BE-003:onset:0622,109.412426,817.412426,183.481481,46,4.481481,67.0435,G4,392.9810,0.185760,0.812860,1.000000,0.756430,0.580000,,0.384709,2669.875,5,3,0.050000,0.300000,0.580000,0.070000,0.000000,0.450000,0.250000,0.200000,NOTE_HYPOTHESIS,shared_audio_intelligence_v0_2;spectral_peak;owner_supplied_audio
BE-003:pitch:02579,BE-003:onset:0622,109.412426,817.412426,183.481481,46,4.481481,66.5625,G4,382.2144,0.441179,0.809010,1.000000,0.754505,0.580000,,0.384709,2669.875,5,4,0.050000,0.300000,0.580000,0.070000,0.000000,0.450000,0.250000,0.200000,NOTE_HYPOTHESIS,shared_audio_intelligence_v0_2;spectral_peak;owner_supplied_audio
BE-003:pitch:02580,BE-003:onset:0622,109.412426,817.412426,183.481481,46,4.481481,63.6483,E4,322.9980,0.162540,0.777243,1.000000,0.738622,0.520000,,0.384709,2669.875,5,5,0.250000,0.520000,0.150000,0.080000,0.000000,0.450000,0.250000,0.200000,NOTE_HYPOTHESIS,shared_audio_intelligence_v0_2;spectral_peak;owner_supplied_audio
BE-003:pitch:02581,BE-003:onset:0623,109.551746,817.551746,183.703704,46,4.703704,57.4734,A3,226.0986,0.116100,1.000000,0.785122,0.850000,0.520000,,0.409964,1965.313,3,1,0.250000,0.520000,0.150000,0.080000,0.000000,0.450000,0.250000,0.200000,NOTE_HYPOTHESIS,shared_audio_intelligence_v0_2;spectral_peak;owner_supplied_audio
BE-003:pitch:02582,BE-003:onset:0623,109.551746,817.551746,183.703704,46,4.703704,56.6287,A3,215.3320,0.371519,1.000000,0.785122,0.850000,0.520000,,0.409964,1965.313,3,2,0.250000,0.520000,0.150000,0.080000,0.000000,0.450000,0.250000,0.200000,NOTE_HYPOTHESIS,shared_audio_intelligence_v0_2;spectral_peak;owner_supplied_audio
BE-003:pitch:02583,BE-003:onset:0623,109.551746,817.551746,183.703704,46,4.703704,66.3170,F#4,376.8311,0.208980,1.000000,0.785122,0.850000,0.580000,,0.409964,1965.313,3,3,0.050000,0.300000,0.580000,0.070000,0.000000,0.450000,0.250000,0.200000,NOTE_HYPOTHESIS,shared_audio_intelligence_v0_2;spectral_peak;owner_supplied_audio
BE-003:pitch:02584,BE-003:onset:0624,109.737506,817.737506,184.000000,47,1.000000,56.6287,A3,215.3320,0.208980,1.000000,0.840012,0.850000,0.520000,,0.232802,812.137,6,1,0.250000,0.520000,0.150000,0.080000,0.000000,0.450000,0.250000,0.200000,NOTE_HYPOTHESIS,shared_audio_intelligence_v0_2;spectral_peak;owner_supplied_audio
BE-003:pitch:02585,BE-003:onset:0624,109.737506,817.737506,184.000000,47,1.000000,70.4744,A#4,479.1138,0.441179,1.000000,0.840012,0.850000,0.580000,,0.232802,812.137,6,2,0.050000,0.300000,0.580000,0.070000,0.000000,0.120000,0.580000,0.220000,NOTE_HYPOTHESIS,shared_audio_intelligence_v0_2;spectral_peak;owner_supplied_audio
BE-003:pitch:02586,BE-003:onset:0624,109.737506,817.737506,184.000000,47,1.000000,42.8047,G2,96.8994,0.185760,1.000000,0.840012,0.850000,0.760000,,0.232802,812.137,6,3,0.760000,0.180000,0.010000,0.050000,0.480000,0.320000,0.000000,0.000000,NOTE_HYPOTHESIS,shared_audio_intelligence_v0_2;spectral_peak;owner_supplied_audio
BE-003:pitch:02587,BE-003:onset:0624,109.737506,817.737506,184.000000,47,1.000000,35.7851,C2,64.5996,0.232200,1.000000,0.840012,0.850000,0.760000,,0.232802,812.137,6,4,0.760000,0.180000,0.010000,0.050000,0.480000,0.320000,0.000000,0.000000,NOTE_HYPOTHESIS,shared_audio_intelligence_v0_2;spectral_peak;owner_supplied_audio
BE-003:pitch:02588,BE-003:onset:0624,109.737506,817.737506,184.000000,47,1.000000,45.4734,A2,113.0493,0.185760,1.000000,0.840012,0.850000,0.550000,,0.232802,812.137,6,5,0.550000,0.350000,0.030000,0.070000,0.480000,0.320000,0.000000,0.000000,NOTE_HYPOTHESIS,shared_audio_intelligence_v0_2;spectral_peak;owner_supplied_audio
BE-003:pitch:02589,BE-003:onset:0624,109.737506,817.737506,184.000000,47,1.000000,86.2986,D6,1195.0928,0.208980,1.000000,0.840012,0.850000,0.840000,,0.232802,812.137,6,6,0.010000,0.080000,0.840000,0.070000,0.000000,0.120000,0.580000,0.220000,NOTE_HYPOTHESIS,shared_audio_intelligence_v0_2;spectral_peak;owner_supplied_audio
BE-003:pitch:02590,BE-003:onset:0625,110.016145,818.016145,184.480000,47,1.480000,70.2788,A#4,473.7305,0.557279,1.000000,1.000000,0.850000,0.580000,,0.179399,745.599,6,1,0.050000,0.300000,0.580000,0.070000,0.000000,0.120000,0.580000,0.220000,NOTE_HYPOTHESIS,shared_audio_intelligence_v0_2;spectral_peak;owner_supplied_audio
BE-003:pitch:02591,BE-003:onset:0625,110.016145,818.016145,184.480000,47,1.480000,42.8047,G2,96.8994,0.626939,1.000000,1.000000,0.850000,0.760000,,0.179399,745.599,6,2,0.760000,0.180000,0.010000,0.050000,0.480000,0.320000,0.000000,0.000000,NOTE_HYPOTHESIS,shared_audio_intelligence_v0_2;spectral_peak;owner_supplied_audio
BE-003:pitch:02592,BE-003:onset:0625,110.016145,818.016145,184.480000,47,1.480000,55.7407,G#3,204.5654,0.835918,1.000000,1.000000,0.850000,0.520000,,0.179399,745.599,6,3,0.250000,0.520000,0.150000,0.080000,0.000000,0.450000,0.250000,0.200000,NOTE_HYPOTHESIS,shared_audio_intelligence_v0_2;spectral_peak;owner_supplied_audio
BE-003:pitch:02593,BE-003:onset:0625,110.016145,818.016145,184.480000,47,1.480000,58.6678,B3,242.2485,0.882358,1.000000,1.000000,0.850000,0.520000,,0.179399,745.599,6,4,0.250000,0.520000,0.150000,0.080000,0.000000,0.450000,0.250000,0.200000,NOTE_HYPOTHESIS,shared_audio_intelligence_v0_2;spectral_peak;owner_supplied_audio
BE-003:pitch:02594,BE-003:onset:0625,110.016145,818.016145,184.480000,47,1.480000,47.7851,C3,129.1992,1.369977,1.000000,1.000000,0.850000,0.550000,,0.179399,745.599,6,5,0.550000,0.350000,0.030000,0.070000,0.480000,0.320000,0.000000,0.000000,NOTE_HYPOTHESIS,shared_audio_intelligence_v0_2;spectral_peak;owner_supplied_audio
BE-003:pitch:02595,BE-003:onset:0625,110.016145,818.016145,184.480000,47,1.480000,34.2788,A#1,59.2163,1.532517,1.000000,1.000000,0.850000,0.760000,,0.179399,745.599,6,6,0.760000,0.180000,0.010000,0.050000,0.480000,0.320000,0.000000,0.000000,NOTE_HYPOTHESIS,shared_audio_intelligence_v0_2;spectral_peak;owner_supplied_audio
BE-003:pitch:02596,BE-003:onset:0626,110.318005,818.318005,185.000000,47,2.000000,81.8808,A#5,925.9277,0.255420,1.000000,1.000000,0.850000,0.840000,,0.552055,1466.389,2,1,0.010000,0.080000,0.840000,0.070000,0.000000,0.120000,0.580000,0.220000,NOTE_HYPOTHESIS,shared_audio_intelligence_v0_2;spectral_peak;owner_supplied_audio
BE-003:pitch:02597,BE-003:onset:0626,110.318005,818.318005,185.000000,47,2.000000,56.1904,G#3,209.9487,0.557279,1.000000,1.000000,0.850000,0.520000,,0.552055,1466.389,2,2,0.250000,0.520000,0.150000,0.080000,0.000000,0.450000,0.250000,0.200000,NOTE_HYPOTHESIS,shared_audio_intelligence_v0_2;spectral_peak;owner_supplied_audio
BE-003:pitch:02598,BE-003:onset:0627,110.387664,818.387664,185.120000,47,2.120000,81.9811,A#5,931.3110,0.185760,1.000000,1.000000,0.850000,0.840000,,0.634155,1137.615,3,1,0.010000,0.080000,0.840000,0.070000,0.000000,0.120000,0.580000,0.220000,NOTE_HYPOTHESIS,shared_audio_intelligence_v0_2;spectral_peak;owner_supplied_audio
BE-003:pitch:02599,BE-003:onset:0627,110.387664,818.387664,185.120000,47,2.120000,81.7798,A#5,920.5444,0.208980,1.000000,1.000000,0.850000,0.840000,,0.634155,1137.615,3,2,0.010000,0.080000,0.840000,0.070000,0.000000,0.120000,0.580000,0.220000,NOTE_HYPOTHESIS,shared_audio_intelligence_v0_2;spectral_peak;owner_supplied_audio
BE-003:pitch:02600,BE-003:onset:0627,110.387664,818.387664,185.120000,47,2.120000,69.8808,A#4,462.9639,0.278639,1.000000,1.000000,0.850000,0.580000,,0.634155,1137.615,3,3,0.050000,0.300000,0.580000,0.070000,0.000000,0.450000,0.250000,0.200000,NOTE_HYPOTHESIS,shared_audio_intelligence_v0_2;spectral_peak;owner_supplied_audio
BE-003:pitch:02601,BE-003:onset:0628,110.457324,818.457324,185.240000,47,2.240000,81.8808,A#5,925.9277,0.116100,1.000000,0.953854,0.850000,0.840000,,0.440748,1037.471,4,1,0.010000,0.080000,0.840000,0.070000,0.000000,0.120000,0.580000,0.220000,NOTE_HYPOTHESIS,shared_audio_intelligence_v0_2;spectral_peak;owner_supplied_audio
BE-003:pitch:02602,BE-003:onset:0628,110.457324,818.457324,185.240000,47,2.240000,78.9245,G5,780.5786,0.116100,1.000000,0.953854,0.850000,0.840000,,0.440748,1037.471,4,2,0.010000,0.080000,0.840000,0.070000,0.000000,0.120000,0.580000,0.220000,NOTE_HYPOTHESIS,shared_audio_intelligence_v0_2;spectral_peak;owner_supplied_audio
BE-003:pitch:02603,BE-003:onset:0628,110.457324,818.457324,185.240000,47,2.240000,69.8808,A#4,462.9639,0.139320,1.000000,0.953854,0.850000,0.580000,,0.440748,1037.471,4,3,0.050000,0.300000,0.580000,0.070000,0.000000,0.450000,0.250000,0.200000,NOTE_HYPOTHESIS,shared_audio_intelligence_v0_2;spectral_peak;owner_supplied_audio
BE-003:pitch:02604,BE-003:onset:0628,110.457324,818.457324,185.240000,47,2.240000,56.1904,G#3,209.9487,0.417959,1.000000,0.953854,0.850000,0.520000,,0.440748,1037.471,4,4,0.250000,0.520000,0.150000,0.080000,0.000000,0.450000,0.250000,0.200000,NOTE_HYPOTHESIS,shared_audio_intelligence_v0_2;spectral_peak;owner_supplied_audio
BE-003:pitch:02605,BE-003:onset:0629,110.596644,818.596644,185.480000,47,2.480000,79.8542,G#5,823.6450,0.232200,1.000000,0.622014,0.850000,0.840000,,0.558343,1082.273,1,1,0.010000,0.080000,0.840000,0.070000,0.000000,0.120000,0.580000,0.220000,NOTE_HYPOTHESIS,shared_audio_intelligence_v0_2;spectral_peak;owner_supplied_audio
BE-003:pitch:02606,BE-003:onset:0630,110.735964,818.735964,185.720000,47,2.720000,80.9503,A5,877.4780,0.162540,1.000000,1.000000,0.850000,0.840000,,0.760121,1018.015,2,1,0.010000,0.080000,0.840000,0.070000,0.000000,0.120000,0.580000,0.220000,NOTE_HYPOTHESIS,shared_audio_intelligence_v0_2;spectral_peak;owner_supplied_audio
BE-003:pitch:02607,BE-003:onset:0630,110.735964,818.735964,185.720000,47,2.720000,79.8542,G#5,823.6450,0.116100,1.000000,1.000000,0.850000,0.840000,,0.760121,1018.015,2,2,0.010000,0.080000,0.840000,0.070000,0.000000,0.120000,0.580000,0.220000,NOTE_HYPOTHESIS,shared_audio_intelligence_v0_2;spectral_peak;owner_supplied_audio
BE-003:pitch:02608,BE-003:onset:0631,110.898503,818.898503,186.000000,47,3.000000,64.7656,F4,344.5312,0.301859,1.000000,0.667236,0.850000,0.580000,,0.359243,804.762,4,1,0.050000,0.300000,0.580000,0.070000,0.000000,0.450000,0.250000,0.200000,NOTE_HYPOTHESIS,shared_audio_intelligence_v0_2;spectral_peak;owner_supplied_audio
BE-003:pitch:02609,BE-003:onset:0631,110.898503,818.898503,186.000000,47,3.000000,80.9503,A5,877.4780,0.046440,1.000000,0.667236,0.850000,0.840000,,0.359243,804.762,4,2,0.010000,0.080000,0.840000,0.070000,0.000000,0.120000,0.580000,0.220000,NOTE_HYPOTHESIS,shared_audio_intelligence_v0_2;spectral_peak;owner_supplied_audio
BE-003:pitch:02610,BE-003:onset:0631,110.898503,818.898503,186.000000,47,3.000000,68.8438,A4,436.0474,0.139320,1.000000,0.667236,0.850000,0.580000,,0.359243,804.762,4,3,0.050000,0.300000,0.580000,0.070000,0.000000,0.450000,0.250000,0.200000,NOTE_HYPOTHESIS,shared_audio_intelligence_v0_2;spectral_peak;owner_supplied_audio
BE-003:pitch:02611,BE-003:onset:0631,110.898503,818.898503,186.000000,47,3.000000,76.7656,F5,689.0625,0.185760,1.000000,0.667236,0.850000,0.840000,,0.359243,804.762,4,4,0.010000,0.080000,0.840000,0.070000,0.000000,0.120000,0.580000,0.220000,NOTE_HYPOTHESIS,shared_audio_intelligence_v0_2;spectral_peak;owner_supplied_audio
BE-003:pitch:02612,BE-003:onset:0632,111.014603,819.014603,186.200000,47,3.200000,78.9245,G5,780.5786,0.185760,1.000000,0.682451,0.850000,0.840000,,0.727888,1060.139,3,1,0.010000,0.080000,0.840000,0.070000,0.000000,0.120000,0.580000,0.220000,NOTE_HYPOTHESIS,shared_audio_intelligence_v0_2;spectral_peak;owner_supplied_audio
BE-003:pitch:02613,BE-003:onset:0632,111.014603,819.014603,186.200000,47,3.200000,64.7656,F4,344.5312,0.185760,1.000000,0.682451,0.850000,0.580000,,0.727888,1060.139,3,2,0.050000,0.300000,0.580000,0.070000,0.000000,0.450000,0.250000,0.200000,NOTE_HYPOTHESIS,shared_audio_intelligence_v0_2;spectral_peak;owner_supplied_audio
BE-003:pitch:02614,BE-003:onset:0632,111.014603,819.014603,186.200000,47,3.200000,66.8047,G4,387.5977,0.232200,1.000000,0.682451,0.850000,0.580000,,0.727888,1060.139,3,3,0.050000,0.300000,0.580000,0.070000,0.000000,0.450000,0.250000,0.200000,NOTE_HYPOTHESIS,shared_audio_intelligence_v0_2;spectral_peak;owner_supplied_audio
BE-003:pitch:02615,BE-003:onset:0633,111.200363,819.200363,186.520000,47,3.520000,77.9420,F#5,737.5122,0.139320,1.000000,1.000000,0.850000,0.840000,,0.790001,1039.738,2,1,0.010000,0.080000,0.840000,0.070000,0.000000,0.120000,0.580000,0.220000,NOTE_HYPOTHESIS,shared_audio_intelligence_v0_2;spectral_peak;owner_supplied_audio
BE-003:pitch:02616,BE-003:onset:0633,111.200363,819.200363,186.520000,47,3.520000,65.8151,F#4,366.0645,0.301859,1.000000,1.000000,0.850000,0.580000,,0.790001,1039.738,2,2,0.050000,0.300000,0.580000,0.070000,0.000000,0.450000,0.250000,0.200000,NOTE_HYPOTHESIS,shared_audio_intelligence_v0_2;spectral_peak;owner_supplied_audio
BE-003:pitch:02617,BE-003:onset:0634,111.316463,819.316463,186.720000,47,3.720000,64.7656,F4,344.5312,0.232200,1.000000,0.750955,0.850000,0.580000,,0.697613,831.693,5,1,0.050000,0.300000,0.580000,0.070000,0.000000,0.450000,0.250000,0.200000,NOTE_HYPOTHESIS,shared_audio_intelligence_v0_2;spectral_peak;owner_supplied_audio
BE-003:pitch:02618,BE-003:onset:0634,111.316463,819.316463,186.720000,47,3.720000,65.8151,F#4,366.0645,0.162540,1.000000,0.750955,0.850000,0.580000,,0.697613,831.693,5,2,0.050000,0.300000,0.580000,0.070000,0.000000,0.450000,0.250000,0.200000,NOTE_HYPOTHESIS,shared_audio_intelligence_v0_2;spectral_peak;owner_supplied_audio
BE-003:pitch:02619,BE-003:onset:0634,111.316463,819.316463,186.720000,47,3.720000,77.9420,F#5,737.5122,0.092880,1.000000,0.750955,0.850000,0.840000,,0.697613,831.693,5,3,0.010000,0.080000,0.840000,0.070000,0.000000,0.120000,0.580000,0.220000,NOTE_HYPOTHESIS,shared_audio_intelligence_v0_2;spectral_peak;owner_supplied_audio
BE-003:pitch:02620,BE-003:onset:0634,111.316463,819.316463,186.720000,47,3.720000,76.7656,F5,689.0625,0.185760,1.000000,0.750955,0.850000,0.840000,,0.697613,831.693,5,4,0.010000,0.080000,0.840000,0.070000,0.000000,0.120000,0.580000,0.220000,NOTE_HYPOTHESIS,shared_audio_intelligence_v0_2;spectral_peak;owner_supplied_audio
BE-003:pitch:02621,BE-003:onset:0634,111.316463,819.316463,186.720000,47,3.720000,59.7851,C4,258.3984,0.162540,1.000000,0.750955,0.850000,0.520000,,0.697613,831.693,5,5,0.250000,0.520000,0.150000,0.080000,0.000000,0.450000,0.250000,0.200000,NOTE_HYPOTHESIS,shared_audio_intelligence_v0_2;spectral_peak;owner_supplied_audio
BE-003:pitch:02622,BE-003:onset:0635,111.479002,819.479002,187.000000,47,4.000000,65.0340,F4,349.9146,0.116100,1.000000,1.000000,0.850000,0.580000,,0.562094,2797.419,2,1,0.050000,0.300000,0.580000,0.070000,0.000000,0.450000,0.250000,0.200000,NOTE_HYPOTHESIS,shared_audio_intelligence_v0_2;spectral_peak;owner_supplied_audio
BE-003:pitch:02623,BE-003:onset:0635,111.479002,819.479002,187.000000,47,4.000000,63.6483,E4,322.9980,0.185760,1.000000,1.000000,0.850000,0.520000,,0.562094,2797.419,2,2,0.250000,0.520000,0.150000,0.080000,0.000000,0.450000,0.250000,0.200000,NOTE_HYPOTHESIS,shared_audio_intelligence_v0_2;spectral_peak;owner_supplied_audio
BE-003:pitch:02624,BE-003:onset:0636,111.595102,819.595102,187.192308,47,4.192308,74.7603,D#5,613.6963,0.255420,1.000000,0.590596,0.850000,0.580000,,0.547294,2527.116,4,1,0.050000,0.300000,0.580000,0.070000,0.000000,0.120000,0.580000,0.220000,NOTE_HYPOTHESIS,shared_audio_intelligence_v0_2;spectral_peak;owner_supplied_audio
BE-003:pitch:02625,BE-003:onset:0636,111.595102,819.595102,187.192308,47,4.192308,62.7603,D#4,306.8481,0.255420,1.000000,0.590596,0.850000,0.520000,,0.547294,2527.116,4,2,0.250000,0.520000,0.150000,0.080000,0.000000,0.450000,0.250000,0.200000,NOTE_HYPOTHESIS,shared_audio_intelligence_v0_2;spectral_peak;owner_supplied_audio
BE-003:pitch:02626,BE-003:onset:0636,111.595102,819.595102,187.192308,47,4.192308,63.9344,E4,328.3813,0.116100,1.000000,0.590596,0.850000,0.520000,,0.547294,2527.116,4,3,0.250000,0.520000,0.150000,0.080000,0.000000,0.450000,0.250000,0.200000,NOTE_HYPOTHESIS,shared_audio_intelligence_v0_2;spectral_peak;owner_supplied_audio
BE-003:pitch:02627,BE-003:onset:0636,111.595102,819.595102,187.192308,47,4.192308,81.8808,A#5,925.9277,0.208980,1.000000,0.590596,0.850000,0.840000,,0.547294,2527.116,4,4,0.010000,0.080000,0.840000,0.070000,0.000000,0.120000,0.580000,0.220000,NOTE_HYPOTHESIS,shared_audio_intelligence_v0_2;spectral_peak;owner_supplied_audio
BE-003:pitch:02628,BE-003:onset:0637,111.873741,819.873741,187.653846,47,4.653846,63.0613,D#4,312.2314,0.116100,1.000000,0.492488,0.850000,0.520000,,0.093503,2460.827,5,1,0.250000,0.520000,0.150000,0.080000,0.000000,0.450000,0.250000,0.200000,NOTE_HYPOTHESIS,shared_audio_intelligence_v0_2;spectral_peak;owner_supplied_audio
BE-003:pitch:02629,BE-003:onset:0637,111.873741,819.873741,187.653846,47,4.653846,74.9115,D#5,619.0796,0.046440,1.000000,0.492488,0.850000,0.580000,,0.093503,2460.827,5,2,0.050000,0.300000,0.580000,0.070000,0.000000,0.120000,0.580000,0.220000,NOTE_HYPOTHESIS,shared_audio_intelligence_v0_2;spectral_peak;owner_supplied_audio
BE-003:pitch:02630,BE-003:onset:0637,111.873741,819.873741,187.653846,47,4.653846,42.8047,G2,96.8994,0.325079,0.993307,0.492488,0.846653,0.760000,,0.093503,2460.827,5,3,0.760000,0.180000,0.010000,0.050000,0.480000,0.320000,0.000000,0.000000,NOTE_HYPOTHESIS,shared_audio_intelligence_v0_2;spectral_peak;owner_supplied_audio
BE-003:pitch:02631,BE-003:onset:0637,111.873741,819.873741,187.653846,47,4.653846,34.2788,A#1,59.2163,1.532517,0.915915,0.492488,0.807957,0.760000,,0.093503,2460.827,5,4,0.760000,0.180000,0.010000,0.050000,0.480000,0.320000,0.000000,0.000000,NOTE_HYPOTHESIS,shared_audio_intelligence_v0_2;spectral_peak;owner_supplied_audio
BE-003:pitch:02632,BE-003:onset:0637,111.873741,819.873741,187.653846,47,4.653846,89.8787,F#6,1469.6411,0.534059,0.748078,0.492488,0.724039,0.840000,,0.093503,2460.827,5,5,0.010000,0.080000,0.840000,0.070000,0.000000,0.120000,0.580000,0.220000,NOTE_HYPOTHESIS,shared_audio_intelligence_v0_2;spectral_peak;owner_supplied_audio
BE-003:pitch:02633,BE-003:onset:0638,112.082721,820.082721,188.000000,48,1.000000,73.9838,D5,586.7798,0.255420,1.000000,1.000000,0.850000,0.580000,,0.546792,1143.250,4,1,0.050000,0.300000,0.580000,0.070000,0.000000,0.120000,0.580000,0.220000,NOTE_HYPOTHESIS,shared_audio_intelligence_v0_2;spectral_peak;owner_supplied_audio
BE-003:pitch:02634,BE-003:onset:0638,112.082721,820.082721,188.000000,48,1.000000,85.9042,D6,1168.1763,0.232200,1.000000,1.000000,0.850000,0.840000,,0.546792,1143.250,4,2,0.010000,0.080000,0.840000,0.070000,0.000000,0.120000,0.580000,0.220000,NOTE_HYPOTHESIS,shared_audio_intelligence_v0_2;spectral_peak;owner_supplied_audio
BE-003:pitch:02635,BE-003:onset:0638,112.082721,820.082721,188.000000,48,1.000000,62.1419,D4,296.0815,0.208980,1.000000,1.000000,0.850000,0.520000,,0.546792,1143.250,4,3,0.250000,0.520000,0.150000,0.080000,0.000000,0.450000,0.250000,0.200000,NOTE_HYPOTHESIS,shared_audio_intelligence_v0_2;spectral_peak;owner_supplied_audio
BE-003:pitch:02636,BE-003:onset:0638,112.082721,820.082721,188.000000,48,1.000000,93.0033,A6,1760.3394,0.185760,1.000000,1.000000,0.850000,0.840000,,0.546792,1143.250,4,4,0.010000,0.080000,0.840000,0.070000,0.000000,0.120000,0.580000,0.220000,NOTE_HYPOTHESIS,shared_audio_intelligence_v0_2;spectral_peak;owner_supplied_audio
BE-003:pitch:02637,BE-003:onset:0639,112.175601,820.175601,188.160000,48,1.160000,73.8242,D5,581.3965,0.162540,1.000000,1.000000,0.850000,0.580000,,0.596142,1166.547,6,1,0.050000,0.300000,0.580000,0.070000,0.000000,0.120000,0.580000,0.220000,NOTE_HYPOTHESIS,shared_audio_intelligence_v0_2;spectral_peak;owner_supplied_audio
BE-003:pitch:02638,BE-003:onset:0639,112.175601,820.175601,188.160000,48,1.160000,85.9042,D6,1168.1763,0.116100,1.000000,1.000000,0.850000,0.840000,,0.596142,1166.547,6,2,0.010000,0.080000,0.840000,0.070000,0.000000,0.120000,0.580000,0.220000,NOTE_HYPOTHESIS,shared_audio_intelligence_v0_2;spectral_peak;owner_supplied_audio
BE-003:pitch:02639,BE-003:onset:0639,112.175601,820.175601,188.160000,48,1.160000,57.8808,A#3,231.4819,0.185760,1.000000,1.000000,0.850000,0.520000,,0.596142,1166.547,6,3,0.250000,0.520000,0.150000,0.080000,0.000000,0.450000,0.250000,0.200000,NOTE_HYPOTHESIS,shared_audio_intelligence_v0_2;spectral_peak;owner_supplied_audio
BE-003:pitch:02640,BE-003:onset:0639,112.175601,820.175601,188.160000,48,1.160000,61.8242,D4,290.6982,0.092880,1.000000,1.000000,0.850000,0.520000,,0.596142,1166.547,6,4,0.250000,0.520000,0.150000,0.080000,0.000000,0.450000,0.250000,0.200000,NOTE_HYPOTHESIS,shared_audio_intelligence_v0_2;spectral_peak;owner_supplied_audio
BE-003:pitch:02641,BE-003:onset:0639,112.175601,820.175601,188.160000,48,1.160000,81.8808,A#5,925.9277,0.162540,1.000000,1.000000,0.850000,0.840000,,0.596142,1166.547,6,5,0.010000,0.080000,0.840000,0.070000,0.000000,0.120000,0.580000,0.220000,NOTE_HYPOTHESIS,shared_audio_intelligence_v0_2;spectral_peak;owner_supplied_audio
BE-003:pitch:02642,BE-003:onset:0639,112.175601,820.175601,188.160000,48,1.160000,69.8808,A#4,462.9639,0.255420,1.000000,1.000000,0.850000,0.580000,,0.596142,1166.547,6,6,0.050000,0.300000,0.580000,0.070000,0.000000,0.450000,0.250000,0.200000,NOTE_HYPOTHESIS,shared_audio_intelligence_v0_2;spectral_peak;owner_supplied_audio
BE-003:pitch:02643,BE-003:onset:0640,112.500680,820.500680,188.720000,48,1.720000,71.7851,C5,516.7969,0.185760,1.000000,1.000000,0.850000,0.580000,,0.576983,1070.701,4,1,0.050000,0.300000,0.580000,0.070000,0.000000,0.120000,0.580000,0.220000,NOTE_HYPOTHESIS,shared_audio_intelligence_v0_2;spectral_peak;owner_supplied_audio
BE-003:pitch:02644,BE-003:onset:0640,112.500680,820.500680,188.720000,48,1.720000,83.8751,C6,1038.9771,0.116100,1.000000,1.000000,0.850000,0.840000,,0.576983,1070.701,4,2,0.010000,0.080000,0.840000,0.070000,0.000000,0.120000,0.580000,0.220000,NOTE_HYPOTHESIS,shared_audio_intelligence_v0_2;spectral_peak;owner_supplied_audio
BE-003:pitch:02645,BE-003:onset:0640,112.500680,820.500680,188.720000,48,1.720000,59.7851,C4,258.3984,0.185760,1.000000,1.000000,0.850000,0.520000,,0.576983,1070.701,4,3,0.250000,0.520000,0.150000,0.080000,0.000000,0.450000,0.250000,0.200000,NOTE_HYPOTHESIS,shared_audio_intelligence_v0_2;spectral_peak;owner_supplied_audio
BE-003:pitch:02646,BE-003:onset:0640,112.500680,820.500680,188.720000,48,1.720000,57.0562,A3,220.7153,0.510839,1.000000,1.000000,0.850000,0.520000,,0.576983,1070.701,4,4,0.250000,0.520000,0.150000,0.080000,0.000000,0.450000,0.250000,0.200000,NOTE_HYPOTHESIS,shared_audio_intelligence_v0_2;spectral_peak;owner_supplied_audio
BE-003:pitch:02647,BE-003:onset:0641,112.663220,820.663220,189.000000,48,2.000000,82.9540,B5,985.1440,0.162540,1.000000,0.756913,0.850000,0.840000,,0.578587,1088.405,4,1,0.010000,0.080000,0.840000,0.070000,0.000000,0.120000,0.580000,0.220000,NOTE_HYPOTHESIS,shared_audio_intelligence_v0_2;spectral_peak;owner_supplied_audio
BE-003:pitch:02648,BE-003:onset:0641,112.663220,820.663220,189.000000,48,2.000000,59.0483,B3,247.6318,0.162540,1.000000,0.756913,0.850000,0.520000,,0.578587,1088.405,4,2,0.250000,0.520000,0.150000,0.080000,0.000000,0.450000,0.250000,0.200000,NOTE_HYPOTHESIS,shared_audio_intelligence_v0_2;spectral_peak;owner_supplied_audio
BE-003:pitch:02649,BE-003:onset:0641,112.663220,820.663220,189.000000,48,2.000000,70.8591,B4,489.8804,0.232200,1.000000,0.756913,0.850000,0.580000,,0.578587,1088.405,4,3,0.050000,0.300000,0.580000,0.070000,0.000000,0.120000,0.580000,0.220000,NOTE_HYPOTHESIS,shared_audio_intelligence_v0_2;spectral_peak;owner_supplied_audio
BE-003:pitch:02650,BE-003:onset:0641,112.663220,820.663220,189.000000,48,2.000000,71.9645,C5,522.1802,0.162540,1.000000,0.756913,0.850000,0.580000,,0.578587,1088.405,4,4,0.050000,0.300000,0.580000,0.070000,0.000000,0.120000,0.580000,0.220000,NOTE_HYPOTHESIS,shared_audio_intelligence_v0_2;spectral_peak;owner_supplied_audio
BE-003:pitch:02651,BE-003:onset:0642,112.732880,820.732880,189.120000,48,2.120000,82.9540,B5,985.1440,0.092880,1.000000,0.803495,0.850000,0.840000,,0.513745,1285.257,5,1,0.010000,0.080000,0.840000,0.070000,0.000000,0.120000,0.580000,0.220000,NOTE_HYPOTHESIS,shared_audio_intelligence_v0_2;spectral_peak;owner_supplied_audio
BE-003:pitch:02652,BE-003:onset:0642,112.732880,820.732880,189.120000,48,2.120000,59.0483,B3,247.6318,0.116100,1.000000,0.803495,0.850000,0.520000,,0.513745,1285.257,5,2,0.250000,0.520000,0.150000,0.080000,0.000000,0.450000,0.250000,0.200000,NOTE_HYPOTHESIS,shared_audio_intelligence_v0_2;spectral_peak;owner_supplied_audio
BE-003:pitch:02653,BE-003:onset:0642,112.732880,820.732880,189.120000,48,2.120000,57.8808,A#3,231.4819,0.278639,1.000000,0.803495,0.850000,0.520000,,0.513745,1285.257,5,3,0.250000,0.520000,0.150000,0.080000,0.000000,0.450000,0.250000,0.200000,NOTE_HYPOTHESIS,shared_audio_intelligence_v0_2;spectral_peak;owner_supplied_audio
BE-003:pitch:02654,BE-003:onset:0642,112.732880,820.732880,189.120000,48,2.120000,71.0483,B4,495.2637,0.208980,1.000000,0.803495,0.850000,0.580000,,0.513745,1285.257,5,4,0.050000,0.300000,0.580000,0.070000,0.000000,0.120000,0.580000,0.220000,NOTE_HYPOTHESIS,shared_audio_intelligence_v0_2;spectral_peak;owner_supplied_audio
BE-003:pitch:02655,BE-003:onset:0642,112.732880,820.732880,189.120000,48,2.120000,69.8808,A#4,462.9639,0.325079,1.000000,0.803495,0.850000,0.580000,,0.513745,1285.257,5,5,0.050000,0.300000,0.580000,0.070000,0.000000,0.450000,0.250000,0.200000,NOTE_HYPOTHESIS,shared_audio_intelligence_v0_2;spectral_peak;owner_supplied_audio
BE-003:pitch:02656,BE-003:onset:0643,112.941859,820.941859,189.480000,48,2.480000,57.8808,A#3,231.4819,0.092880,1.000000,0.580834,0.850000,0.520000,,0.372332,993.110,6,1,0.250000,0.520000,0.150000,0.080000,0.000000,0.450000,0.250000,0.200000,NOTE_HYPOTHESIS,shared_audio_intelligence_v0_2;spectral_peak;owner_supplied_audio
BE-003:pitch:02657,BE-003:onset:0643,112.941859,820.941859,189.480000,48,2.480000,76.9003,F5,694.4458,0.116100,1.000000,0.580834,0.850000,0.840000,,0.372332,993.110,6,2,0.010000,0.080000,0.840000,0.070000,0.000000,0.120000,0.580000,0.220000,NOTE_HYPOTHESIS,shared_audio_intelligence_v0_2;spectral_peak;owner_supplied_audio
BE-003:pitch:02658,BE-003:onset:0643,112.941859,820.941859,189.480000,48,2.480000,69.8808,A#4,462.9639,0.092880,1.000000,0.580834,0.850000,0.580000,,0.372332,993.110,6,3,0.050000,0.300000,0.580000,0.070000,0.000000,0.450000,0.250000,0.200000,NOTE_HYPOTHESIS,shared_audio_intelligence_v0_2;spectral_peak;owner_supplied_audio
BE-003:pitch:02659,BE-003:onset:0643,112.941859,820.941859,189.480000,48,2.480000,64.7656,F4,344.5312,0.162540,1.000000,0.580834,0.850000,0.580000,,0.372332,993.110,6,4,0.050000,0.300000,0.580000,0.070000,0.000000,0.450000,0.250000,0.200000,NOTE_HYPOTHESIS,shared_audio_intelligence_v0_2;spectral_peak;owner_supplied_audio
BE-003:pitch:02660,BE-003:onset:0643,112.941859,820.941859,189.480000,48,2.480000,70.8591,B4,489.8804,0.162540,1.000000,0.580834,0.850000,0.580000,,0.372332,993.110,6,5,0.050000,0.300000,0.580000,0.070000,0.000000,0.120000,0.580000,0.220000,NOTE_HYPOTHESIS,shared_audio_intelligence_v0_2;spectral_peak;owner_supplied_audio
BE-003:pitch:02661,BE-003:onset:0643,112.941859,820.941859,189.480000,48,2.480000,59.4206,B3,253.0151,0.580499,0.929973,0.580834,0.814986,0.520000,,0.372332,993.110,6,6,0.250000,0.520000,0.150000,0.080000,0.000000,0.450000,0.250000,0.200000,NOTE_HYPOTHESIS,shared_audio_intelligence_v0_2;spectral_peak;owner_supplied_audio
BE-003:pitch:02662,BE-003:onset:0644,113.104399,821.104399,189.760000,48,2.760000,73.8242,D5,581.3965,0.162540,1.000000,0.745067,0.850000,0.580000,,0.455720,886.907,6,1,0.050000,0.300000,0.580000,0.070000,0.000000,0.120000,0.580000,0.220000,NOTE_HYPOTHESIS,shared_audio_intelligence_v0_2;spectral_peak;owner_supplied_audio
BE-003:pitch:02663,BE-003:onset:0644,113.104399,821.104399,189.760000,48,2.760000,68.8438,A4,436.0474,0.278639,1.000000,0.745067,0.850000,0.580000,,0.455720,886.907,6,2,0.050000,0.300000,0.580000,0.070000,0.000000,0.450000,0.250000,0.200000,NOTE_HYPOTHESIS,shared_audio_intelligence_v0_2;spectral_peak;owner_supplied_audio
BE-003:pitch:02664,BE-003:onset:0644,113.104399,821.104399,189.760000,48,2.760000,80.8438,A5,872.0947,0.139320,1.000000,0.745067,0.850000,0.840000,,0.455720,886.907,6,3,0.010000,0.080000,0.840000,0.070000,0.000000,0.120000,0.580000,0.220000,NOTE_HYPOTHESIS,shared_audio_intelligence_v0_2;spectral_peak;owner_supplied_audio
BE-003:pitch:02665,BE-003:onset:0644,113.104399,821.104399,189.760000,48,2.760000,87.9344,E6,1313.5254,0.139320,1.000000,0.745067,0.850000,0.840000,,0.455720,886.907,6,4,0.010000,0.080000,0.840000,0.070000,0.000000,0.120000,0.580000,0.220000,NOTE_HYPOTHESIS,shared_audio_intelligence_v0_2;spectral_peak;owner_supplied_audio
BE-003:pitch:02666,BE-003:onset:0644,113.104399,821.104399,189.760000,48,2.760000,35.7851,C2,64.5996,1.184218,1.000000,0.745067,0.850000,0.760000,,0.455720,886.907,6,5,0.760000,0.180000,0.010000,0.050000,0.480000,0.320000,0.000000,0.000000,NOTE_HYPOTHESIS,shared_audio_intelligence_v0_2;spectral_peak;owner_supplied_audio
BE-003:pitch:02667,BE-003:onset:0644,113.104399,821.104399,189.760000,48,2.760000,61.8242,D4,290.6982,0.162540,1.000000,0.745067,0.850000,0.520000,,0.455720,886.907,6,6,0.250000,0.520000,0.150000,0.080000,0.000000,0.450000,0.250000,0.200000,NOTE_HYPOTHESIS,shared_audio_intelligence_v0_2;spectral_peak;owner_supplied_audio
BE-003:pitch:02668,BE-003:onset:0645,113.243719,821.243719,190.000000,48,3.000000,66.8047,G4,387.5977,0.348299,1.000000,0.799977,0.850000,0.580000,,0.367491,870.093,6,1,0.050000,0.300000,0.580000,0.070000,0.000000,0.450000,0.250000,0.200000,NOTE_HYPOTHESIS,shared_audio_intelligence_v0_2;spectral_peak;owner_supplied_audio
BE-003:pitch:02669,BE-003:onset:0645,113.243719,821.243719,190.000000,48,3.000000,67.7407,G#4,409.1309,0.162540,1.000000,0.799977,0.850000,0.580000,,0.367491,870.093,6,2,0.050000,0.300000,0.580000,0.070000,0.000000,0.450000,0.250000,0.200000,NOTE_HYPOTHESIS,shared_audio_intelligence_v0_2;spectral_peak;owner_supplied_audio
BE-003:pitch:02670,BE-003:onset:0645,113.243719,821.243719,190.000000,48,3.000000,56.1904,G#3,209.9487,0.743039,1.000000,0.799977,0.850000,0.520000,,0.367491,870.093,6,3,0.250000,0.520000,0.150000,0.080000,0.000000,0.450000,0.250000,0.200000,NOTE_HYPOTHESIS,shared_audio_intelligence_v0_2;spectral_peak;owner_supplied_audio
BE-003:pitch:02671,BE-003:onset:0645,113.243719,821.243719,190.000000,48,3.000000,78.9245,G5,780.5786,0.301859,1.000000,0.799977,0.850000,0.840000,,0.367491,870.093,6,4,0.010000,0.080000,0.840000,0.070000,0.000000,0.120000,0.580000,0.220000,NOTE_HYPOTHESIS,shared_audio_intelligence_v0_2;spectral_peak;owner_supplied_audio
BE-003:pitch:02672,BE-003:onset:0645,113.243719,821.243719,190.000000,48,3.000000,68.8438,A4,436.0474,0.208980,1.000000,0.799977,0.850000,0.580000,,0.367491,870.093,6,5,0.050000,0.300000,0.580000,0.070000,0.000000,0.450000,0.250000,0.200000,NOTE_HYPOTHESIS,shared_audio_intelligence_v0_2;spectral_peak;owner_supplied_audio
BE-003:pitch:02673,BE-003:onset:0645,113.243719,821.243719,190.000000,48,3.000000,34.2788,A#1,59.2163,1.044898,1.000000,0.799977,0.850000,0.760000,,0.367491,870.093,6,6,0.760000,0.180000,0.010000,0.050000,0.480000,0.320000,0.000000,0.000000,NOTE_HYPOTHESIS,shared_audio_intelligence_v0_2;spectral_peak;owner_supplied_audio
BE-003:pitch:02674,BE-003:onset:0646,113.522358,821.522358,190.480000,48,3.480000,65.8151,F#4,366.0645,0.255420,1.000000,1.000000,0.850000,0.580000,,0.595924,863.137,6,1,0.050000,0.300000,0.580000,0.070000,0.000000,0.450000,0.250000,0.200000,NOTE_HYPOTHESIS,shared_audio_intelligence_v0_2;spectral_peak;owner_supplied_audio
BE-003:pitch:02675,BE-003:onset:0646,113.522358,821.522358,190.480000,48,3.480000,77.9420,F#5,737.5122,0.162540,1.000000,1.000000,0.850000,0.840000,,0.595924,863.137,6,2,0.010000,0.080000,0.840000,0.070000,0.000000,0.120000,0.580000,0.220000,NOTE_HYPOTHESIS,shared_audio_intelligence_v0_2;spectral_peak;owner_supplied_audio
BE-003:pitch:02676,BE-003:onset:0646,113.522358,821.522358,190.480000,48,3.480000,55.7407,G#3,204.5654,0.185760,1.000000,1.000000,0.850000,0.520000,,0.595924,863.137,6,3,0.250000,0.520000,0.150000,0.080000,0.000000,0.450000,0.250000,0.200000,NOTE_HYPOTHESIS,shared_audio_intelligence_v0_2;spectral_peak;owner_supplied_audio
BE-003:pitch:02677,BE-003:onset:0646,113.522358,821.522358,190.480000,48,3.480000,84.9193,C#6,1103.5767,0.162540,1.000000,1.000000,0.850000,0.840000,,0.595924,863.137,6,4,0.010000,0.080000,0.840000,0.070000,0.000000,0.120000,0.580000,0.220000,NOTE_HYPOTHESIS,shared_audio_intelligence_v0_2;spectral_peak;owner_supplied_audio
BE-003:pitch:02678,BE-003:onset:0646,113.522358,821.522358,190.480000,48,3.480000,66.8047,G4,387.5977,0.116100,1.000000,1.000000,0.850000,0.580000,,0.595924,863.137,6,5,0.050000,0.300000,0.580000,0.070000,0.000000,0.450000,0.250000,0.200000,NOTE_HYPOTHESIS,shared_audio_intelligence_v0_2;spectral_peak;owner_supplied_audio
BE-003:pitch:02679,BE-003:onset:0646,113.522358,821.522358,190.480000,48,3.480000,89.9420,F#6,1475.0244,0.139320,1.000000,1.000000,0.850000,0.840000,,0.595924,863.137,6,6,0.010000,0.080000,0.840000,0.070000,0.000000,0.120000,0.580000,0.220000,NOTE_HYPOTHESIS,shared_audio_intelligence_v0_2;spectral_peak;owner_supplied_audio
BE-003:pitch:02680,BE-003:onset:0647,113.661678,821.661678,190.720000,48,3.720000,64.7656,F4,344.5312,0.162540,1.000000,0.692971,0.850000,0.580000,,0.593458,662.980,4,1,0.050000,0.300000,0.580000,0.070000,0.000000,0.450000,0.250000,0.200000,NOTE_HYPOTHESIS,shared_audio_intelligence_v0_2;spectral_peak;owner_supplied_audio
BE-003:pitch:02681,BE-003:onset:0647,113.661678,821.661678,190.720000,48,3.720000,65.8151,F#4,366.0645,0.116100,1.000000,0.692971,0.850000,0.580000,,0.593458,662.980,4,2,0.050000,0.300000,0.580000,0.070000,0.000000,0.450000,0.250000,0.200000,NOTE_HYPOTHESIS,shared_audio_intelligence_v0_2;spectral_peak;owner_supplied_audio
BE-003:pitch:02682,BE-003:onset:0647,113.661678,821.661678,190.720000,48,3.720000,56.1904,G#3,209.9487,0.325079,1.000000,0.692971,0.850000,0.520000,,0.593458,662.980,4,3,0.250000,0.520000,0.150000,0.080000,0.000000,0.450000,0.250000,0.200000,NOTE_HYPOTHESIS,shared_audio_intelligence_v0_2;spectral_peak;owner_supplied_audio
BE-003:pitch:02683,BE-003:onset:0647,113.661678,821.661678,190.720000,48,3.720000,76.9003,F5,694.4458,0.139320,1.000000,0.692971,0.850000,0.840000,,0.593458,662.980,4,4,0.010000,0.080000,0.840000,0.070000,0.000000,0.120000,0.580000,0.220000,NOTE_HYPOTHESIS,shared_audio_intelligence_v0_2;spectral_peak;owner_supplied_audio
BE-003:pitch:02684,BE-003:onset:0648,113.800998,821.800998,190.960000,48,3.960000,64.7656,F4,344.5312,0.185760,1.000000,0.820981,0.850000,0.580000,,0.516556,1797.274,6,1,0.050000,0.300000,0.580000,0.070000,0.000000,0.450000,0.250000,0.200000,NOTE_HYPOTHESIS,shared_audio_intelligence_v0_2;spectral_peak;owner_supplied_audio
BE-003:pitch:02685,BE-003:onset:0648,113.800998,821.800998,190.960000,48,3.960000,62.7603,D#4,306.8481,0.301859,1.000000,0.820981,0.850000,0.520000,,0.516556,1797.274,6,2,0.250000,0.520000,0.150000,0.080000,0.000000,0.450000,0.250000,0.200000,NOTE_HYPOTHESIS,shared_audio_intelligence_v0_2;spectral_peak;owner_supplied_audio
BE-003:pitch:02686,BE-003:onset:0648,113.800998,821.800998,190.960000,48,3.960000,52.7656,F3,172.2656,0.534059,1.000000,0.820981,0.850000,0.550000,,0.516556,1797.274,6,3,0.550000,0.350000,0.030000,0.070000,0.480000,0.320000,0.000000,0.000000,NOTE_HYPOTHESIS,shared_audio_intelligence_v0_2;spectral_peak;owner_supplied_audio
BE-003:pitch:02687,BE-003:onset:0648,113.800998,821.800998,190.960000,48,3.960000,81.8808,A#5,925.9277,0.116100,1.000000,0.820981,0.850000,0.840000,,0.516556,1797.274,6,4,0.010000,0.080000,0.840000,0.070000,0.000000,0.120000,0.580000,0.220000,NOTE_HYPOTHESIS,shared_audio_intelligence_v0_2;spectral_peak;owner_supplied_audio
BE-003:pitch:02688,BE-003:onset:0648,113.800998,821.800998,190.960000,48,3.960000,74.7603,D#5,613.6963,0.116100,1.000000,0.820981,0.850000,0.580000,,0.516556,1797.274,6,5,0.050000,0.300000,0.580000,0.070000,0.000000,0.120000,0.580000,0.220000,NOTE_HYPOTHESIS,shared_audio_intelligence_v0_2;spectral_peak;owner_supplied_audio
BE-003:pitch:02689,BE-003:onset:0648,113.800998,821.800998,190.960000,48,3.960000,55.7407,G#3,204.5654,0.417959,1.000000,0.820981,0.850000,0.520000,,0.516556,1797.274,6,6,0.250000,0.520000,0.150000,0.080000,0.000000,0.450000,0.250000,0.200000,NOTE_HYPOTHESIS,shared_audio_intelligence_v0_2;spectral_peak;owner_supplied_audio
BE-003:pitch:02690,BE-003:onset:0649,114.033197,822.033197,191.360000,48,4.360000,61.8242,D4,290.6982,0.092880,1.000000,0.606396,0.850000,0.520000,,0.304509,1645.069,6,1,0.250000,0.520000,0.150000,0.080000,0.000000,0.450000,0.250000,0.200000,NOTE_HYPOTHESIS,shared_audio_intelligence_v0_2;spectral_peak;owner_supplied_audio
BE-003:pitch:02691,BE-003:onset:0649,114.033197,822.033197,191.360000,48,4.360000,73.9838,D5,586.7798,0.092880,1.000000,0.606396,0.850000,0.580000,,0.304509,1645.069,6,2,0.050000,0.300000,0.580000,0.070000,0.000000,0.120000,0.580000,0.220000,NOTE_HYPOTHESIS,shared_audio_intelligence_v0_2;spectral_peak;owner_supplied_audio
BE-003:pitch:02692,BE-003:onset:0649,114.033197,822.033197,191.360000,48,4.360000,53.8151,F#3,183.0322,0.185760,1.000000,0.606396,0.850000,0.550000,,0.304509,1645.069,6,3,0.550000,0.350000,0.030000,0.070000,0.480000,0.320000,0.000000,0.000000,NOTE_HYPOTHESIS,shared_audio_intelligence_v0_2;spectral_peak;owner_supplied_audio
BE-003:pitch:02693,BE-003:onset:0649,114.033197,822.033197,191.360000,48,4.360000,65.5586,F#4,360.6812,0.185760,1.000000,0.606396,0.850000,0.580000,,0.304509,1645.069,6,4,0.050000,0.300000,0.580000,0.070000,0.000000,0.450000,0.250000,0.200000,NOTE_HYPOTHESIS,shared_audio_intelligence_v0_2;spectral_peak;owner_supplied_audio
BE-003:pitch:02694,BE-003:onset:0649,114.033197,822.033197,191.360000,48,4.360000,80.8438,A5,872.0947,0.069660,1.000000,0.606396,0.850000,0.840000,,0.304509,1645.069,6,5,0.010000,0.080000,0.840000,0.070000,0.000000,0.120000,0.580000,0.220000,NOTE_HYPOTHESIS,shared_audio_intelligence_v0_2;spectral_peak;owner_supplied_audio
BE-003:pitch:02695,BE-003:onset:0649,114.033197,822.033197,191.360000,48,4.360000,34.2788,A#1,59.2163,1.532517,0.995351,0.606396,0.847675,0.760000,,0.304509,1645.069,6,6,0.760000,0.180000,0.010000,0.050000,0.480000,0.320000,0.000000,0.000000,NOTE_HYPOTHESIS,shared_audio_intelligence_v0_2;spectral_peak;owner_supplied_audio
BE-003:pitch:02696,BE-003:onset:0650,114.404717,822.404717,192.000000,49,1.000000,42.8047,G2,96.8994,0.162540,1.000000,1.000000,0.850000,0.760000,,0.289828,2358.556,2,1,0.760000,0.180000,0.010000,0.050000,0.480000,0.320000,0.000000,0.000000,NOTE_HYPOTHESIS,shared_audio_intelligence_v0_2;spectral_peak;owner_supplied_audio
BE-003:pitch:02697,BE-003:onset:0650,114.404717,822.404717,192.000000,49,1.000000,49.8242,D3,145.3491,0.812698,1.000000,1.000000,0.850000,0.550000,,0.289828,2358.556,2,2,0.550000,0.350000,0.030000,0.070000,0.480000,0.320000,0.000000,0.000000,NOTE_HYPOTHESIS,shared_audio_intelligence_v0_2;spectral_peak;owner_supplied_audio
BE-003:pitch:02698,BE-003:onset:0651,114.520816,822.520816,192.192308,49,1.192308,49.8242,D3,145.3491,0.185760,1.000000,1.000000,0.850000,0.550000,,0.366116,1816.038,4,1,0.550000,0.350000,0.030000,0.070000,0.480000,0.320000,0.000000,0.000000,NOTE_HYPOTHESIS,shared_audio_intelligence_v0_2;spectral_peak;owner_supplied_audio
BE-003:pitch:02699,BE-003:onset:0651,114.520816,822.520816,192.192308,49,1.192308,62.1419,D4,296.0815,0.255420,1.000000,1.000000,0.850000,0.520000,,0.366116,1816.038,4,2,0.250000,0.520000,0.150000,0.080000,0.000000,0.450000,0.250000,0.200000,NOTE_HYPOTHESIS,shared_audio_intelligence_v0_2;spectral_peak;owner_supplied_audio
BE-003:pitch:02700,BE-003:onset:0651,114.520816,822.520816,192.192308,49,1.192308,73.8242,D5,581.3965,0.208980,1.000000,1.000000,0.850000,0.580000,,0.366116,1816.038,4,3,0.050000,0.300000,0.580000,0.070000,0.000000,0.120000,0.580000,0.220000,NOTE_HYPOTHESIS,shared_audio_intelligence_v0_2;spectral_peak;owner_supplied_audio
BE-003:pitch:02701,BE-003:onset:0651,114.520816,822.520816,192.192308,49,1.192308,43.7407,G#2,102.2827,1.532517,0.990644,1.000000,0.845322,0.760000,,0.366116,1816.038,4,4,0.760000,0.180000,0.010000,0.050000,0.480000,0.320000,0.000000,0.000000,NOTE_HYPOTHESIS,shared_audio_intelligence_v0_2;spectral_peak;owner_supplied_audio
BE-003:pitch:02702,BE-003:onset:0652,114.636916,822.636916,192.384615,49,1.384615,50.4538,D3,150.7324,0.348299,1.000000,0.961187,0.850000,0.550000,,0.435160,2391.056,6,1,0.550000,0.350000,0.030000,0.070000,0.480000,0.320000,0.000000,0.000000,NOTE_HYPOTHESIS,shared_audio_intelligence_v0_2;spectral_peak;owner_supplied_audio
BE-003:pitch:02703,BE-003:onset:0652,114.636916,822.636916,192.384615,49,1.384615,43.7407,G#2,102.2827,1.532517,1.000000,0.961187,0.850000,0.760000,,0.435160,2391.056,6,2,0.760000,0.180000,0.010000,0.050000,0.480000,0.320000,0.000000,0.000000,NOTE_HYPOTHESIS,shared_audio_intelligence_v0_2;spectral_peak;owner_supplied_audio
BE-003:pitch:02704,BE-003:onset:0652,114.636916,822.636916,192.384615,49,1.384615,63.0613,D#4,312.2314,0.278639,1.000000,0.961187,0.850000,0.520000,,0.435160,2391.056,6,3,0.250000,0.520000,0.150000,0.080000,0.000000,0.450000,0.250000,0.200000,NOTE_HYPOTHESIS,shared_audio_intelligence_v0_2;spectral_peak;owner_supplied_audio
BE-003:pitch:02705,BE-003:onset:0652,114.636916,822.636916,192.384615,49,1.384615,48.4919,C3,134.5825,0.975238,1.000000,0.961187,0.850000,0.550000,,0.435160,2391.056,6,4,0.550000,0.350000,0.030000,0.070000,0.480000,0.320000,0.000000,0.000000,NOTE_HYPOTHESIS,shared_audio_intelligence_v0_2;spectral_peak;owner_supplied_audio
BE-003:pitch:02706,BE-003:onset:0652,114.636916,822.636916,192.384615,49,1.384615,73.6632,D5,576.0132,0.348299,0.988579,0.961187,0.844289,0.580000,,0.435160,2391.056,6,5,0.050000,0.300000,0.580000,0.070000,0.000000,0.120000,0.580000,0.220000,NOTE_HYPOTHESIS,shared_audio_intelligence_v0_2;spectral_peak;owner_supplied_audio
BE-003:pitch:02707,BE-003:onset:0652,114.636916,822.636916,192.384615,49,1.384615,62.1419,D4,296.0815,0.278639,0.974805,0.961187,0.837402,0.520000,,0.435160,2391.056,6,6,0.250000,0.520000,0.150000,0.080000,0.000000,0.450000,0.250000,0.200000,NOTE_HYPOTHESIS,shared_audio_intelligence_v0_2;spectral_peak;owner_supplied_audio
BE-003:pitch:02708,BE-003:onset:0653,114.706576,822.706576,192.500000,49,1.500000,63.0613,D#4,312.2314,0.116100,1.000000,0.777071,0.850000,0.520000,,0.437822,2330.445,6,1,0.250000,0.520000,0.150000,0.080000,0.000000,0.450000,0.250000,0.200000,NOTE_HYPOTHESIS,shared_audio_intelligence_v0_2;spectral_peak;owner_supplied_audio
BE-003:pitch:02709,BE-003:onset:0653,114.706576,822.706576,192.500000,49,1.500000,51.0613,D#3,156.1157,0.325079,1.000000,0.777071,0.850000,0.550000,,0.437822,2330.445,6,2,0.550000,0.350000,0.030000,0.070000,0.480000,0.320000,0.000000,0.000000,NOTE_HYPOTHESIS,shared_audio_intelligence_v0_2;spectral_peak;owner_supplied_audio
BE-003:pitch:02710,BE-003:onset:0653,114.706576,822.706576,192.500000,49,1.500000,49.8242,D3,145.3491,0.510839,1.000000,0.777071,0.850000,0.550000,,0.437822,2330.445,6,3,0.550000,0.350000,0.030000,0.070000,0.480000,0.320000,0.000000,0.000000,NOTE_HYPOTHESIS,shared_audio_intelligence_v0_2;spectral_peak;owner_supplied_audio
BE-003:pitch:02711,BE-003:onset:0653,114.706576,822.706576,192.500000,49,1.500000,42.8047,G2,96.8994,0.417959,1.000000,0.777071,0.850000,0.760000,,0.437822,2330.445,6,4,0.760000,0.180000,0.010000,0.050000,0.480000,0.320000,0.000000,0.000000,NOTE_HYPOTHESIS,shared_audio_intelligence_v0_2;spectral_peak;owner_supplied_audio
BE-003:pitch:02712,BE-003:onset:0653,114.706576,822.706576,192.500000,49,1.500000,35.7851,C2,64.5996,1.532517,1.000000,0.777071,0.850000,0.760000,,0.437822,2330.445,6,5,0.760000,0.180000,0.010000,0.050000,0.480000,0.320000,0.000000,0.000000,NOTE_HYPOTHESIS,shared_audio_intelligence_v0_2;spectral_peak;owner_supplied_audio
BE-003:pitch:02713,BE-003:onset:0653,114.706576,822.706576,192.500000,49,1.500000,63.9344,E4,328.3813,0.116100,0.967560,0.777071,0.833780,0.520000,,0.437822,2330.445,6,6,0.250000,0.520000,0.150000,0.080000,0.000000,0.450000,0.250000,0.200000,NOTE_HYPOTHESIS,shared_audio_intelligence_v0_2;spectral_peak;owner_supplied_audio
BE-003:pitch:02714,BE-003:onset:0654,115.008435,823.008435,193.000000,49,2.000000,47.7851,C3,129.1992,0.162540,1.000000,0.601797,0.850000,0.550000,,0.414248,587.582,3,1,0.550000,0.350000,0.030000,0.070000,0.480000,0.320000,0.000000,0.000000,NOTE_HYPOTHESIS,shared_audio_intelligence_v0_2;spectral_peak;owner_supplied_audio
BE-003:pitch:02715,BE-003:onset:0654,115.008435,823.008435,193.000000,49,2.000000,43.7407,G#2,102.2827,1.230658,1.000000,0.601797,0.850000,0.760000,,0.414248,587.582,3,2,0.760000,0.180000,0.010000,0.050000,0.480000,0.320000,0.000000,0.000000,NOTE_HYPOTHESIS,shared_audio_intelligence_v0_2;spectral_peak;owner_supplied_audio
BE-003:pitch:02716,BE-003:onset:0654,115.008435,823.008435,193.000000,49,2.000000,60.1421,C4,263.7817,0.185760,1.000000,0.601797,0.850000,0.520000,,0.414248,587.582,3,3,0.250000,0.520000,0.150000,0.080000,0.000000,0.450000,0.250000,0.200000,NOTE_HYPOTHESIS,shared_audio_intelligence_v0_2;spectral_peak;owner_supplied_audio
BE-003:pitch:02717,BE-003:onset:0655,115.263855,823.263855,193.440000,49,2.440000,42.8047,G2,96.8994,0.185760,1.000000,0.724656,0.850000,0.760000,,0.263612,646.182,3,1,0.760000,0.180000,0.010000,0.050000,0.480000,0.320000,0.000000,0.000000,NOTE_HYPOTHESIS,shared_audio_intelligence_v0_2;spectral_peak;owner_supplied_audio
BE-003:pitch:02718,BE-003:onset:0655,115.263855,823.263855,193.440000,49,2.440000,34.2788,A#1,59.2163,0.487619,1.000000,0.724656,0.850000,0.760000,,0.263612,646.182,3,2,0.760000,0.180000,0.010000,0.050000,0.480000,0.320000,0.000000,0.000000,NOTE_HYPOTHESIS,shared_audio_intelligence_v0_2;spectral_peak;owner_supplied_audio
BE-003:pitch:02719,BE-003:onset:0655,115.263855,823.263855,193.440000,49,2.440000,46.2788,A#2,118.4326,0.743039,1.000000,0.724656,0.850000,0.550000,,0.263612,646.182,3,3,0.550000,0.350000,0.030000,0.070000,0.480000,0.320000,0.000000,0.000000,NOTE_HYPOTHESIS,shared_audio_intelligence_v0_2;spectral_peak;owner_supplied_audio
BE-003:pitch:02720,BE-003:onset:0656,115.403175,823.403175,193.680000,49,2.680000,47.7851,C3,129.1992,0.185760,1.000000,1.000000,0.850000,0.550000,,0.482594,520.005,3,1,0.550000,0.350000,0.030000,0.070000,0.480000,0.320000,0.000000,0.000000,NOTE_HYPOTHESIS,shared_audio_intelligence_v0_2;spectral_peak;owner_supplied_audio
BE-003:pitch:02721,BE-003:onset:0656,115.403175,823.403175,193.680000,49,2.680000,43.7407,G#2,102.2827,0.069660,1.000000,1.000000,0.850000,0.760000,,0.482594,520.005,3,2,0.760000,0.180000,0.010000,0.050000,0.480000,0.320000,0.000000,0.000000,NOTE_HYPOTHESIS,shared_audio_intelligence_v0_2;spectral_peak;owner_supplied_audio
BE-003:pitch:02722,BE-003:onset:0656,115.403175,823.403175,193.680000,49,2.680000,59.7851,C4,258.3984,0.232200,1.000000,1.000000,0.850000,0.520000,,0.482594,520.005,3,3,0.250000,0.520000,0.150000,0.080000,0.000000,0.450000,0.250000,0.200000,NOTE_HYPOTHESIS,shared_audio_intelligence_v0_2;spectral_peak;owner_supplied_audio
BE-003:pitch:02723,BE-003:onset:0657,115.588934,823.588934,194.000000,49,3.000000,45.4734,A2,113.0493,0.255420,1.000000,1.000000,0.850000,0.550000,,0.857946,824.909,5,1,0.550000,0.350000,0.030000,0.070000,0.480000,0.320000,0.000000,0.000000,NOTE_HYPOTHESIS,shared_audio_intelligence_v0_2;spectral_peak;owner_supplied_audio
BE-003:pitch:02724,BE-003:onset:0657,115.588934,823.588934,194.000000,49,3.000000,65.8151,F#4,366.0645,0.835918,1.000000,1.000000,0.850000,0.580000,,0.857946,824.909,5,2,0.050000,0.300000,0.580000,0.070000,0.000000,0.450000,0.250000,0.200000,NOTE_HYPOTHESIS,shared_audio_intelligence_v0_2;spectral_peak;owner_supplied_audio
BE-003:pitch:02725,BE-003:onset:0657,115.588934,823.588934,194.000000,49,3.000000,72.8347,C#5,549.0967,0.162540,1.000000,1.000000,0.850000,0.580000,,0.857946,824.909,5,3,0.050000,0.300000,0.580000,0.070000,0.000000,0.120000,0.580000,0.220000,NOTE_HYPOTHESIS,shared_audio_intelligence_v0_2;spectral_peak;owner_supplied_audio
BE-003:pitch:02726,BE-003:onset:0657,115.588934,823.588934,194.000000,49,3.000000,60.8347,C#4,274.5483,0.348299,1.000000,1.000000,0.850000,0.520000,,0.857946,824.909,5,4,0.250000,0.520000,0.150000,0.080000,0.000000,0.450000,0.250000,0.200000,NOTE_HYPOTHESIS,shared_audio_intelligence_v0_2;spectral_peak;owner_supplied_audio
BE-003:pitch:02727,BE-003:onset:0657,115.588934,823.588934,194.000000,49,3.000000,66.8047,G4,387.5977,0.208980,1.000000,1.000000,0.850000,0.580000,,0.857946,824.909,5,5,0.050000,0.300000,0.580000,0.070000,0.000000,0.450000,0.250000,0.200000,NOTE_HYPOTHESIS,shared_audio_intelligence_v0_2;spectral_peak;owner_supplied_audio
BE-003:pitch:02728,BE-003:onset:0658,115.844354,823.844354,194.392857,49,3.392857,64.7656,F4,344.5312,0.626939,1.000000,1.000000,0.850000,0.580000,,0.924146,1073.256,6,1,0.050000,0.300000,0.580000,0.070000,0.000000,0.450000,0.250000,0.200000,NOTE_HYPOTHESIS,shared_audio_intelligence_v0_2;spectral_peak;owner_supplied_audio
BE-003:pitch:02729,BE-003:onset:0658,115.844354,823.844354,194.392857,49,3.392857,59.7851,C4,258.3984,0.510839,1.000000,1.000000,0.850000,0.520000,,0.924146,1073.256,6,2,0.250000,0.520000,0.150000,0.080000,0.000000,0.450000,0.250000,0.200000,NOTE_HYPOTHESIS,shared_audio_intelligence_v0_2;spectral_peak;owner_supplied_audio
BE-003:pitch:02730,BE-003:onset:0658,115.844354,823.844354,194.392857,49,3.392857,84.9193,C#6,1103.5767,0.185760,1.000000,1.000000,0.850000,0.840000,,0.924146,1073.256,6,3,0.010000,0.080000,0.840000,0.070000,0.000000,0.120000,0.580000,0.220000,NOTE_HYPOTHESIS,shared_audio_intelligence_v0_2;spectral_peak;owner_supplied_audio
BE-003:pitch:02731,BE-003:onset:0658,115.844354,823.844354,194.392857,49,3.392857,71.7851,C5,516.7969,0.534059,1.000000,1.000000,0.850000,0.580000,,0.924146,1073.256,6,4,0.050000,0.300000,0.580000,0.070000,0.000000,0.120000,0.580000,0.220000,NOTE_HYPOTHESIS,shared_audio_intelligence_v0_2;spectral_peak;owner_supplied_audio
BE-003:pitch:02732,BE-003:onset:0658,115.844354,823.844354,194.392857,49,3.392857,65.8151,F#4,366.0645,0.626939,1.000000,1.000000,0.850000,0.580000,,0.924146,1073.256,6,5,0.050000,0.300000,0.580000,0.070000,0.000000,0.450000,0.250000,0.200000,NOTE_HYPOTHESIS,shared_audio_intelligence_v0_2;spectral_peak;owner_supplied_audio
BE-003:pitch:02733,BE-003:onset:0658,115.844354,823.844354,194.392857,49,3.392857,73.0036,C#5,554.4800,0.487619,1.000000,1.000000,0.850000,0.580000,,0.924146,1073.256,6,6,0.050000,0.300000,0.580000,0.070000,0.000000,0.120000,0.580000,0.220000,NOTE_HYPOTHESIS,shared_audio_intelligence_v0_2;spectral_peak;owner_supplied_audio
BE-003:pitch:02734,BE-003:onset:0659,116.030113,824.030113,194.678571,49,3.678571,64.7656,F4,344.5312,0.417959,1.000000,0.554172,0.850000,0.580000,,1.000000,889.245,6,1,0.050000,0.300000,0.580000,0.070000,0.000000,0.450000,0.250000,0.200000,NOTE_HYPOTHESIS,shared_audio_intelligence_v0_2;spectral_peak;owner_supplied_audio
BE-003:pitch:02735,BE-003:onset:0659,116.030113,824.030113,194.678571,49,3.678571,41.8151,F#2,91.5161,0.092880,1.000000,0.554172,0.850000,0.760000,,1.000000,889.245,6,2,0.760000,0.180000,0.010000,0.050000,0.480000,0.320000,0.000000,0.000000,NOTE_HYPOTHESIS,shared_audio_intelligence_v0_2;spectral_peak;owner_supplied_audio
BE-003:pitch:02736,BE-003:onset:0659,116.030113,824.030113,194.678571,49,3.678571,73.8242,D5,581.3965,0.371519,1.000000,0.554172,0.850000,0.580000,,1.000000,889.245,6,3,0.050000,0.300000,0.580000,0.070000,0.000000,0.120000,0.580000,0.220000,NOTE_HYPOTHESIS,shared_audio_intelligence_v0_2;spectral_peak;owner_supplied_audio
BE-003:pitch:02737,BE-003:onset:0659,116.030113,824.030113,194.678571,49,3.678571,59.7851,C4,258.3984,0.301859,1.000000,0.554172,0.850000,0.520000,,1.000000,889.245,6,4,0.250000,0.520000,0.150000,0.080000,0.000000,0.450000,0.250000,0.200000,NOTE_HYPOTHESIS,shared_audio_intelligence_v0_2;spectral_peak;owner_supplied_audio
BE-003:pitch:02738,BE-003:onset:0659,116.030113,824.030113,194.678571,49,3.678571,65.8151,F#4,366.0645,0.417959,1.000000,0.554172,0.850000,0.580000,,1.000000,889.245,6,5,0.050000,0.300000,0.580000,0.070000,0.000000,0.450000,0.250000,0.200000,NOTE_HYPOTHESIS,shared_audio_intelligence_v0_2;spectral_peak;owner_supplied_audio
BE-003:pitch:02739,BE-003:onset:0659,116.030113,824.030113,194.678571,49,3.678571,71.9645,C5,522.1802,0.325079,1.000000,0.554172,0.850000,0.580000,,1.000000,889.245,6,6,0.050000,0.300000,0.580000,0.070000,0.000000,0.120000,0.580000,0.220000,NOTE_HYPOTHESIS,shared_audio_intelligence_v0_2;spectral_peak;owner_supplied_audio
BE-003:pitch:02740,BE-003:onset:0660,116.610612,824.610612,195.571429,49,4.571429,37.1709,C#2,69.9829,0.859138,1.000000,0.626368,0.850000,0.760000,,0.343167,1924.456,2,1,0.760000,0.180000,0.010000,0.050000,0.480000,0.320000,0.000000,0.000000,NOTE_HYPOTHESIS,shared_audio_intelligence_v0_2;spectral_peak;owner_supplied_audio
BE-003:pitch:02741,BE-003:onset:0660,116.610612,824.610612,195.571429,49,4.571429,49.8242,D3,145.3491,0.139320,1.000000,0.626368,0.850000,0.550000,,0.343167,1924.456,2,2,0.550000,0.350000,0.030000,0.070000,0.480000,0.320000,0.000000,0.000000,NOTE_HYPOTHESIS,shared_audio_intelligence_v0_2;spectral_peak;owner_supplied_audio
BE-003:pitch:02742,BE-003:onset:0661,116.773152,824.773152,195.821429,49,4.821429,35.7851,C2,64.5996,0.673379,1.000000,0.888733,0.850000,0.760000,,0.495889,635.861,3,1,0.760000,0.180000,0.010000,0.050000,0.480000,0.320000,0.000000,0.000000,NOTE_HYPOTHESIS,shared_audio_intelligence_v0_2;spectral_peak;owner_supplied_audio
BE-003:pitch:02743,BE-003:onset:0661,116.773152,824.773152,195.821429,49,4.821429,47.7851,C3,129.1992,0.208980,1.000000,0.888733,0.850000,0.550000,,0.495889,635.861,3,2,0.550000,0.350000,0.030000,0.070000,0.480000,0.320000,0.000000,0.000000,NOTE_HYPOTHESIS,shared_audio_intelligence_v0_2;spectral_peak;owner_supplied_audio
BE-003:pitch:02744,BE-003:onset:0661,116.773152,824.773152,195.821429,49,4.821429,39.6483,E2,80.7495,0.301859,1.000000,0.888733,0.850000,0.760000,,0.495889,635.861,3,3,0.760000,0.180000,0.010000,0.050000,0.480000,0.320000,0.000000,0.000000,NOTE_HYPOTHESIS,shared_audio_intelligence_v0_2;spectral_peak;owner_supplied_audio
BE-003:pitch:02745,BE-003:onset:0662,116.889252,824.889252,196.000000,50,1.000000,35.7851,C2,64.5996,0.557279,1.000000,1.000000,0.850000,0.695860,,0.482635,3330.830,1,1,0.695860,0.164809,0.009952,0.129379,0.480000,0.320000,0.000000,0.000000,NOTE_HYPOTHESIS,shared_audio_intelligence_v0_2;spectral_peak;owner_supplied_audio
BE-003:pitch:02746,BE-003:onset:0663,117.191111,825.191111,196.565217,50,1.565217,34.2788,A#1,59.2163,0.278639,1.000000,0.533181,0.850000,0.760000,,0.379370,732.207,3,1,0.760000,0.180000,0.010000,0.050000,0.480000,0.320000,0.000000,0.000000,NOTE_HYPOTHESIS,shared_audio_intelligence_v0_2;spectral_peak;owner_supplied_audio
BE-003:pitch:02747,BE-003:onset:0663,117.191111,825.191111,196.565217,50,1.565217,46.2788,A#2,118.4326,0.139320,1.000000,0.533181,0.850000,0.550000,,0.379370,732.207,3,2,0.550000,0.350000,0.030000,0.070000,0.480000,0.320000,0.000000,0.000000,NOTE_HYPOTHESIS,shared_audio_intelligence_v0_2;spectral_peak;owner_supplied_audio
BE-003:pitch:02748,BE-003:onset:0663,117.191111,825.191111,196.565217,50,1.565217,43.7407,G#2,102.2827,1.532517,1.000000,0.533181,0.850000,0.760000,,0.379370,732.207,3,3,0.760000,0.180000,0.010000,0.050000,0.480000,0.320000,0.000000,0.000000,NOTE_HYPOTHESIS,shared_audio_intelligence_v0_2;spectral_peak;owner_supplied_audio
BE-003:pitch:02749,BE-003:onset:0664,117.307211,825.307211,196.782609,50,1.782609,34.2788,A#1,59.2163,0.139320,1.000000,0.577706,0.850000,0.760000,,0.382751,571.922,2,1,0.760000,0.180000,0.010000,0.050000,0.480000,0.320000,0.000000,0.000000,NOTE_HYPOTHESIS,shared_audio_intelligence_v0_2;spectral_peak;owner_supplied_audio
BE-003:pitch:02750,BE-003:onset:0664,117.307211,825.307211,196.782609,50,1.782609,43.7407,G#2,102.2827,1.532517,1.000000,0.577706,0.850000,0.760000,,0.382751,571.922,2,2,0.760000,0.180000,0.010000,0.050000,0.480000,0.320000,0.000000,0.000000,NOTE_HYPOTHESIS,shared_audio_intelligence_v0_2;spectral_peak;owner_supplied_audio
BE-003:pitch:02751,BE-003:onset:0665,117.376871,825.376871,196.913043,50,1.913043,35.7851,C2,64.5996,0.092880,1.000000,0.523022,0.850000,0.760000,,0.326406,500.586,4,1,0.760000,0.180000,0.010000,0.050000,0.480000,0.320000,0.000000,0.000000,NOTE_HYPOTHESIS,shared_audio_intelligence_v0_2;spectral_peak;owner_supplied_audio
BE-003:pitch:02752,BE-003:onset:0665,117.376871,825.376871,196.913043,50,1.913043,42.8047,G2,96.8994,1.532517,1.000000,0.523022,0.850000,0.760000,,0.326406,500.586,4,2,0.760000,0.180000,0.010000,0.050000,0.480000,0.320000,0.000000,0.000000,NOTE_HYPOTHESIS,shared_audio_intelligence_v0_2;spectral_peak;owner_supplied_audio
BE-003:pitch:02753,BE-003:onset:0665,117.376871,825.376871,196.913043,50,1.913043,49.8242,D3,145.3491,0.139320,1.000000,0.523022,0.850000,0.550000,,0.326406,500.586,4,3,0.550000,0.350000,0.030000,0.070000,0.480000,0.320000,0.000000,0.000000,NOTE_HYPOTHESIS,shared_audio_intelligence_v0_2;spectral_peak;owner_supplied_audio
BE-003:pitch:02754,BE-003:onset:0665,117.376871,825.376871,196.913043,50,1.913043,56.1904,G#3,209.9487,0.835918,1.000000,0.523022,0.850000,0.520000,,0.326406,500.586,4,4,0.250000,0.520000,0.150000,0.080000,0.000000,0.450000,0.250000,0.200000,NOTE_HYPOTHESIS,shared_audio_intelligence_v0_2;spectral_peak;owner_supplied_audio
BE-003:pitch:02755,BE-003:onset:0666,117.492971,825.492971,197.130435,50,2.130435,41.8151,F#2,91.5161,0.371519,1.000000,0.537646,0.850000,0.760000,,0.223378,654.618,3,1,0.760000,0.180000,0.010000,0.050000,0.480000,0.320000,0.000000,0.000000,NOTE_HYPOTHESIS,shared_audio_intelligence_v0_2;spectral_peak;owner_supplied_audio
BE-003:pitch:02756,BE-003:onset:0666,117.492971,825.492971,197.130435,50,2.130435,37.1709,C#2,69.9829,0.534059,1.000000,0.537646,0.850000,0.760000,,0.223378,654.618,3,2,0.760000,0.180000,0.010000,0.050000,0.480000,0.320000,0.000000,0.000000,NOTE_HYPOTHESIS,shared_audio_intelligence_v0_2;spectral_peak;owner_supplied_audio
BE-003:pitch:02757,BE-003:onset:0666,117.492971,825.492971,197.130435,50,2.130435,55.7407,G#3,204.5654,0.232200,1.000000,0.537646,0.850000,0.520000,,0.223378,654.618,3,3,0.250000,0.520000,0.150000,0.080000,0.000000,0.450000,0.250000,0.200000,NOTE_HYPOTHESIS,shared_audio_intelligence_v0_2;spectral_peak;owner_supplied_audio
BE-003:pitch:02758,BE-003:onset:0667,117.609070,825.609070,197.347826,50,2.347826,42.8047,G2,96.8994,1.068118,1.000000,0.691690,0.850000,0.760000,,0.139036,782.989,4,1,0.760000,0.180000,0.010000,0.050000,0.480000,0.320000,0.000000,0.000000,NOTE_HYPOTHESIS,shared_audio_intelligence_v0_2;spectral_peak;owner_supplied_audio
BE-003:pitch:02759,BE-003:onset:0667,117.609070,825.609070,197.347826,50,2.347826,35.7851,C2,64.5996,0.441179,1.000000,0.691690,0.850000,0.760000,,0.139036,782.989,4,2,0.760000,0.180000,0.010000,0.050000,0.480000,0.320000,0.000000,0.000000,NOTE_HYPOTHESIS,shared_audio_intelligence_v0_2;spectral_peak;owner_supplied_audio
BE-003:pitch:02760,BE-003:onset:0667,117.609070,825.609070,197.347826,50,2.347826,39.6483,E2,80.7495,0.348299,1.000000,0.691690,0.850000,0.760000,,0.139036,782.989,4,3,0.760000,0.180000,0.010000,0.050000,0.480000,0.320000,0.000000,0.000000,NOTE_HYPOTHESIS,shared_audio_intelligence_v0_2;spectral_peak;owner_supplied_audio
BE-003:pitch:02761,BE-003:onset:0667,117.609070,825.609070,197.347826,50,2.347826,56.6287,A3,215.3320,0.766259,1.000000,0.691690,0.850000,0.520000,,0.139036,782.989,4,4,0.250000,0.520000,0.150000,0.080000,0.000000,0.450000,0.250000,0.200000,NOTE_HYPOTHESIS,shared_audio_intelligence_v0_2;spectral_peak;owner_supplied_audio
BE-003:pitch:02762,BE-003:onset:0668,117.678730,825.678730,197.478261,50,2.478261,42.8047,G2,96.8994,1.346757,1.000000,0.655456,0.850000,0.760000,,0.344175,1565.921,6,1,0.760000,0.180000,0.010000,0.050000,0.480000,0.320000,0.000000,0.000000,NOTE_HYPOTHESIS,shared_audio_intelligence_v0_2;spectral_peak;owner_supplied_audio
BE-003:pitch:02763,BE-003:onset:0668,117.678730,825.678730,197.478261,50,2.478261,37.1709,C#2,69.9829,0.348299,1.000000,0.655456,0.850000,0.760000,,0.344175,1565.921,6,2,0.760000,0.180000,0.010000,0.050000,0.480000,0.320000,0.000000,0.000000,NOTE_HYPOTHESIS,shared_audio_intelligence_v0_2;spectral_peak;owner_supplied_audio
BE-003:pitch:02764,BE-003:onset:0668,117.678730,825.678730,197.478261,50,2.478261,39.6483,E2,80.7495,0.325079,1.000000,0.655456,0.850000,0.760000,,0.344175,1565.921,6,3,0.760000,0.180000,0.010000,0.050000,0.480000,0.320000,0.000000,0.000000,NOTE_HYPOTHESIS,shared_audio_intelligence_v0_2;spectral_peak;owner_supplied_audio
BE-003:pitch:02765,BE-003:onset:0668,117.678730,825.678730,197.478261,50,2.478261,56.6287,A3,215.3320,0.696599,1.000000,0.655456,0.850000,0.520000,,0.344175,1565.921,6,4,0.250000,0.520000,0.150000,0.080000,0.000000,0.450000,0.250000,0.200000,NOTE_HYPOTHESIS,shared_audio_intelligence_v0_2;spectral_peak;owner_supplied_audio
BE-003:pitch:02766,BE-003:onset:0668,117.678730,825.678730,197.478261,50,2.478261,32.6287,A1,53.8330,0.417959,1.000000,0.655456,0.850000,0.760000,,0.344175,1565.921,6,5,0.760000,0.180000,0.010000,0.050000,0.480000,0.320000,0.000000,0.000000,NOTE_HYPOTHESIS,shared_audio_intelligence_v0_2;spectral_peak;owner_supplied_audio
BE-003:pitch:02767,BE-003:onset:0668,117.678730,825.678730,197.478261,50,2.478261,47.7851,C3,129.1992,1.532517,1.000000,0.655456,0.850000,0.550000,,0.344175,1565.921,6,6,0.550000,0.350000,0.030000,0.070000,0.480000,0.320000,0.000000,0.000000,NOTE_HYPOTHESIS,shared_audio_intelligence_v0_2;spectral_peak;owner_supplied_audio
BE-003:pitch:02768,BE-003:onset:0669,117.771610,825.771610,197.652174,50,2.652174,44.6287,A2,107.6660,0.394739,1.000000,0.582831,0.850000,0.760000,,0.638412,438.569,1,1,0.760000,0.180000,0.010000,0.050000,0.480000,0.320000,0.000000,0.000000,NOTE_HYPOTHESIS,shared_audio_intelligence_v0_2;spectral_peak;owner_supplied_audio
BE-003:pitch:02769,BE-003:onset:0670,117.957370,825.957370,198.000000,50,3.000000,44.6287,A2,107.6660,0.232200,1.000000,1.000000,0.850000,0.760000,,0.594230,578.391,5,1,0.760000,0.180000,0.010000,0.050000,0.480000,0.320000,0.000000,0.000000,NOTE_HYPOTHESIS,shared_audio_intelligence_v0_2;spectral_peak;owner_supplied_audio
BE-003:pitch:02770,BE-003:onset:0670,117.957370,825.957370,198.000000,50,3.000000,61.8242,D4,290.6982,0.789478,1.000000,1.000000,0.850000,0.520000,,0.594230,578.391,5,2,0.250000,0.520000,0.150000,0.080000,0.000000,0.450000,0.250000,0.200000,NOTE_HYPOTHESIS,shared_audio_intelligence_v0_2;spectral_peak;owner_supplied_audio
BE-003:pitch:02771,BE-003:onset:0670,117.957370,825.957370,198.000000,50,3.000000,60.1421,C4,263.7817,0.975238,1.000000,1.000000,0.850000,0.520000,,0.594230,578.391,5,3,0.250000,0.520000,0.150000,0.080000,0.000000,0.450000,0.250000,0.200000,NOTE_HYPOTHESIS,shared_audio_intelligence_v0_2;spectral_peak;owner_supplied_audio
BE-003:pitch:02772,BE-003:onset:0670,117.957370,825.957370,198.000000,50,3.000000,65.8151,F#4,366.0645,0.975238,1.000000,1.000000,0.850000,0.580000,,0.594230,578.391,5,4,0.050000,0.300000,0.580000,0.070000,0.000000,0.450000,0.250000,0.200000,NOTE_HYPOTHESIS,shared_audio_intelligence_v0_2;spectral_peak;owner_supplied_audio
BE-003:pitch:02773,BE-003:onset:0670,117.957370,825.957370,198.000000,50,3.000000,77.8151,F#5,732.1289,0.789478,1.000000,1.000000,0.850000,0.840000,,0.594230,578.391,5,5,0.010000,0.080000,0.840000,0.070000,0.000000,0.120000,0.580000,0.220000,NOTE_HYPOTHESIS,shared_audio_intelligence_v0_2;spectral_peak;owner_supplied_audio
BE-003:pitch:02774,BE-003:onset:0671,118.073469,826.073469,198.192308,50,3.192308,44.6287,A2,107.6660,0.116100,1.000000,0.666662,0.850000,0.760000,,0.563494,659.780,6,1,0.760000,0.180000,0.010000,0.050000,0.480000,0.320000,0.000000,0.000000,NOTE_HYPOTHESIS,shared_audio_intelligence_v0_2;spectral_peak;owner_supplied_audio
BE-003:pitch:02775,BE-003:onset:0671,118.073469,826.073469,198.192308,50,3.192308,60.1421,C4,263.7817,0.650159,1.000000,0.666662,0.850000,0.520000,,0.563494,659.780,6,2,0.250000,0.520000,0.150000,0.080000,0.000000,0.450000,0.250000,0.200000,NOTE_HYPOTHESIS,shared_audio_intelligence_v0_2;spectral_peak;owner_supplied_audio
BE-003:pitch:02776,BE-003:onset:0671,118.073469,826.073469,198.192308,50,3.192308,77.8151,F#5,732.1289,0.534059,1.000000,0.666662,0.850000,0.840000,,0.563494,659.780,6,3,0.010000,0.080000,0.840000,0.070000,0.000000,0.120000,0.580000,0.220000,NOTE_HYPOTHESIS,shared_audio_intelligence_v0_2;spectral_peak;owner_supplied_audio
BE-003:pitch:02777,BE-003:onset:0671,118.073469,826.073469,198.192308,50,3.192308,61.8242,D4,290.6982,0.673379,1.000000,0.666662,0.850000,0.520000,,0.563494,659.780,6,4,0.250000,0.520000,0.150000,0.080000,0.000000,0.450000,0.250000,0.200000,NOTE_HYPOTHESIS,shared_audio_intelligence_v0_2;spectral_peak;owner_supplied_audio
BE-003:pitch:02778,BE-003:onset:0671,118.073469,826.073469,198.192308,50,3.192308,66.0679,F#4,371.4478,0.835918,1.000000,0.666662,0.850000,0.580000,,0.563494,659.780,6,5,0.050000,0.300000,0.580000,0.070000,0.000000,0.450000,0.250000,0.200000,NOTE_HYPOTHESIS,shared_audio_intelligence_v0_2;spectral_peak;owner_supplied_audio
BE-003:pitch:02779,BE-003:onset:0671,118.073469,826.073469,198.192308,50,3.192308,73.8242,D5,581.3965,0.673379,1.000000,0.666662,0.850000,0.580000,,0.563494,659.780,6,6,0.050000,0.300000,0.580000,0.070000,0.000000,0.120000,0.580000,0.220000,NOTE_HYPOTHESIS,shared_audio_intelligence_v0_2;spectral_peak;owner_supplied_audio
BE-003:pitch:02780,BE-003:onset:0672,118.352109,826.352109,198.653846,50,3.653846,63.9344,E4,328.3813,0.394739,1.000000,1.000000,0.850000,0.520000,,1.000000,709.506,6,1,0.250000,0.520000,0.150000,0.080000,0.000000,0.450000,0.250000,0.200000,NOTE_HYPOTHESIS,shared_audio_intelligence_v0_2;spectral_peak;owner_supplied_audio
BE-003:pitch:02781,BE-003:onset:0672,118.352109,826.352109,198.653846,50,3.653846,61.8242,D4,290.6982,0.371519,1.000000,1.000000,0.850000,0.520000,,1.000000,709.506,6,2,0.250000,0.520000,0.150000,0.080000,0.000000,0.450000,0.250000,0.200000,NOTE_HYPOTHESIS,shared_audio_intelligence_v0_2;spectral_peak;owner_supplied_audio
BE-003:pitch:02782,BE-003:onset:0672,118.352109,826.352109,198.653846,50,3.653846,42.8047,G2,96.8994,0.278639,1.000000,1.000000,0.850000,0.760000,,1.000000,709.506,6,3,0.760000,0.180000,0.010000,0.050000,0.480000,0.320000,0.000000,0.000000,NOTE_HYPOTHESIS,shared_audio_intelligence_v0_2;spectral_peak;owner_supplied_audio
BE-003:pitch:02783,BE-003:onset:0672,118.352109,826.352109,198.653846,50,3.653846,77.9420,F#5,737.5122,0.232200,1.000000,1.000000,0.850000,0.840000,,1.000000,709.506,6,4,0.010000,0.080000,0.840000,0.070000,0.000000,0.120000,0.580000,0.220000,NOTE_HYPOTHESIS,shared_audio_intelligence_v0_2;spectral_peak;owner_supplied_audio
BE-003:pitch:02784,BE-003:onset:0672,118.352109,826.352109,198.653846,50,3.653846,73.8242,D5,581.3965,0.371519,1.000000,1.000000,0.850000,0.580000,,1.000000,709.506,6,5,0.050000,0.300000,0.580000,0.070000,0.000000,0.120000,0.580000,0.220000,NOTE_HYPOTHESIS,shared_audio_intelligence_v0_2;spectral_peak;owner_supplied_audio
BE-003:pitch:02785,BE-003:onset:0672,118.352109,826.352109,198.653846,50,3.653846,59.7851,C4,258.3984,0.371519,1.000000,1.000000,0.850000,0.520000,,1.000000,709.506,6,6,0.250000,0.520000,0.150000,0.080000,0.000000,0.450000,0.250000,0.200000,NOTE_HYPOTHESIS,shared_audio_intelligence_v0_2;spectral_peak;owner_supplied_audio
BE-003:pitch:02786,BE-003:onset:0673,118.584308,826.584308,199.041667,50,4.041667,63.9344,E4,328.3813,0.185760,1.000000,0.764802,0.850000,0.520000,,1.000000,962.910,6,1,0.250000,0.520000,0.150000,0.080000,0.000000,0.450000,0.250000,0.200000,NOTE_HYPOTHESIS,shared_audio_intelligence_v0_2;spectral_peak;owner_supplied_audio
BE-003:pitch:02787,BE-003:onset:0673,118.584308,826.584308,199.041667,50,4.041667,73.8242,D5,581.3965,0.139320,1.000000,0.764802,0.850000,0.580000,,1.000000,962.910,6,2,0.050000,0.300000,0.580000,0.070000,0.000000,0.120000,0.580000,0.220000,NOTE_HYPOTHESIS,shared_audio_intelligence_v0_2;spectral_peak;owner_supplied_audio
BE-003:pitch:02788,BE-003:onset:0673,118.584308,826.584308,199.041667,50,4.041667,65.8151,F#4,366.0645,0.255420,1.000000,0.764802,0.850000,0.580000,,1.000000,962.910,6,3,0.050000,0.300000,0.580000,0.070000,0.000000,0.450000,0.250000,0.200000,NOTE_HYPOTHESIS,shared_audio_intelligence_v0_2;spectral_peak;owner_supplied_audio
BE-003:pitch:02789,BE-003:onset:0673,118.584308,826.584308,199.041667,50,4.041667,45.4734,A2,113.0493,0.255420,1.000000,0.764802,0.850000,0.550000,,1.000000,962.910,6,4,0.550000,0.350000,0.030000,0.070000,0.480000,0.320000,0.000000,0.000000,NOTE_HYPOTHESIS,shared_audio_intelligence_v0_2;spectral_peak;owner_supplied_audio
BE-003:pitch:02790,BE-003:onset:0673,118.584308,826.584308,199.041667,50,4.041667,71.7851,C5,516.7969,0.139320,1.000000,0.764802,0.850000,0.580000,,1.000000,962.910,6,5,0.050000,0.300000,0.580000,0.070000,0.000000,0.120000,0.580000,0.220000,NOTE_HYPOTHESIS,shared_audio_intelligence_v0_2;spectral_peak;owner_supplied_audio
BE-003:pitch:02791,BE-003:onset:0673,118.584308,826.584308,199.041667,50,4.041667,61.8242,D4,290.6982,0.139320,1.000000,0.764802,0.850000,0.520000,,1.000000,962.910,6,6,0.250000,0.520000,0.150000,0.080000,0.000000,0.450000,0.250000,0.200000,NOTE_HYPOTHESIS,shared_audio_intelligence_v0_2;spectral_peak;owner_supplied_audio
BE-003:pitch:02792,BE-003:onset:0674,118.862948,826.862948,199.541667,50,4.541667,47.7851,C3,129.1992,0.116100,1.000000,0.540953,0.850000,0.550000,,0.335943,1795.902,5,1,0.550000,0.350000,0.030000,0.070000,0.480000,0.320000,0.000000,0.000000,NOTE_HYPOTHESIS,shared_audio_intelligence_v0_2;spectral_peak;owner_supplied_audio
BE-003:pitch:02793,BE-003:onset:0674,118.862948,826.862948,199.541667,50,4.541667,42.8047,G2,96.8994,0.139320,1.000000,0.540953,0.850000,0.760000,,0.335943,1795.902,5,2,0.760000,0.180000,0.010000,0.050000,0.480000,0.320000,0.000000,0.000000,NOTE_HYPOTHESIS,shared_audio_intelligence_v0_2;spectral_peak;owner_supplied_audio
BE-003:pitch:02794,BE-003:onset:0674,118.862948,826.862948,199.541667,50,4.541667,66.0679,F#4,371.4478,0.092880,1.000000,0.540953,0.850000,0.580000,,0.335943,1795.902,5,3,0.050000,0.300000,0.580000,0.070000,0.000000,0.450000,0.250000,0.200000,NOTE_HYPOTHESIS,shared_audio_intelligence_v0_2;spectral_peak;owner_supplied_audio
BE-003:pitch:02795,BE-003:onset:0674,118.862948,826.862948,199.541667,50,4.541667,44.6287,A2,107.6660,0.162540,1.000000,0.540953,0.850000,0.760000,,0.335943,1795.902,5,4,0.760000,0.180000,0.010000,0.050000,0.480000,0.320000,0.000000,0.000000,NOTE_HYPOTHESIS,shared_audio_intelligence_v0_2;spectral_peak;owner_supplied_audio
BE-003:pitch:02796,BE-003:onset:0674,118.862948,826.862948,199.541667,50,4.541667,49.8242,D3,145.3491,1.532517,1.000000,0.540953,0.850000,0.550000,,0.335943,1795.902,5,5,0.550000,0.350000,0.030000,0.070000,0.480000,0.320000,0.000000,0.000000,NOTE_HYPOTHESIS,shared_audio_intelligence_v0_2;spectral_peak;owner_supplied_audio
BE-003:pitch:02797,BE-003:onset:0675,118.955828,826.955828,199.708333,50,4.708333,49.8242,D3,145.3491,1.532517,1.000000,0.696410,0.850000,0.550000,,0.328457,1698.060,2,1,0.550000,0.350000,0.030000,0.070000,0.480000,0.320000,0.000000,0.000000,NOTE_HYPOTHESIS,shared_audio_intelligence_v0_2;spectral_peak;owner_supplied_audio
BE-003:pitch:02798,BE-003:onset:0675,118.955828,826.955828,199.708333,50,4.708333,43.7407,G#2,102.2827,0.046440,1.000000,0.696410,0.850000,0.760000,,0.328457,1698.060,2,2,0.760000,0.180000,0.010000,0.050000,0.480000,0.320000,0.000000,0.000000,NOTE_HYPOTHESIS,shared_audio_intelligence_v0_2;spectral_peak;owner_supplied_audio
BE-003:pitch:02799,BE-003:onset:0676,119.118367,827.118367,200.000000,51,1.000000,49.1709,C#3,139.9658,1.486077,1.000000,0.699620,0.850000,0.550000,,0.288979,862.149,6,1,0.550000,0.350000,0.030000,0.070000,0.480000,0.320000,0.000000,0.000000,NOTE_HYPOTHESIS,shared_audio_intelligence_v0_2;spectral_peak;owner_supplied_audio
BE-003:pitch:02800,BE-003:onset:0676,119.118367,827.118367,200.000000,51,1.000000,43.7407,G#2,102.2827,0.185760,1.000000,0.699620,0.850000,0.760000,,0.288979,862.149,6,2,0.760000,0.180000,0.010000,0.050000,0.480000,0.320000,0.000000,0.000000,NOTE_HYPOTHESIS,shared_audio_intelligence_v0_2;spectral_peak;owner_supplied_audio
BE-003:pitch:02801,BE-003:onset:0676,119.118367,827.118367,200.000000,51,1.000000,72.8347,C#5,549.0967,1.416417,1.000000,0.699620,0.850000,0.580000,,0.288979,862.149,6,3,0.050000,0.300000,0.580000,0.070000,0.000000,0.120000,0.580000,0.220000,NOTE_HYPOTHESIS,shared_audio_intelligence_v0_2;spectral_peak;owner_supplied_audio
BE-003:pitch:02802,BE-003:onset:0676,119.118367,827.118367,200.000000,51,1.000000,60.8347,C#4,274.5483,0.348299,1.000000,0.699620,0.850000,0.520000,,0.288979,862.149,6,4,0.250000,0.520000,0.150000,0.080000,0.000000,0.450000,0.250000,0.200000,NOTE_HYPOTHESIS,shared_audio_intelligence_v0_2;spectral_peak;owner_supplied_audio
BE-003:pitch:02803,BE-003:onset:0676,119.118367,827.118367,200.000000,51,1.000000,62.1419,D4,296.0815,0.371519,1.000000,0.699620,0.850000,0.520000,,0.288979,862.149,6,5,0.250000,0.520000,0.150000,0.080000,0.000000,0.450000,0.250000,0.200000,NOTE_HYPOTHESIS,shared_audio_intelligence_v0_2;spectral_peak;owner_supplied_audio
BE-003:pitch:02804,BE-003:onset:0676,119.118367,827.118367,200.000000,51,1.000000,34.2788,A#1,59.2163,1.532517,1.000000,0.699620,0.850000,0.760000,,0.288979,862.149,6,6,0.760000,0.180000,0.010000,0.050000,0.480000,0.320000,0.000000,0.000000,NOTE_HYPOTHESIS,shared_audio_intelligence_v0_2;spectral_peak;owner_supplied_audio
BE-003:pitch:02805,BE-003:onset:0677,119.373787,827.373787,200.423077,51,1.423077,49.8242,D3,145.3491,1.230658,1.000000,0.674694,0.850000,0.550000,,0.343430,1222.910,6,1,0.550000,0.350000,0.030000,0.070000,0.480000,0.320000,0.000000,0.000000,NOTE_HYPOTHESIS,shared_audio_intelligence_v0_2;spectral_peak;owner_supplied_audio
BE-003:pitch:02806,BE-003:onset:0677,119.373787,827.373787,200.423077,51,1.423077,60.8347,C#4,274.5483,0.069660,1.000000,0.674694,0.850000,0.520000,,0.343430,1222.910,6,2,0.250000,0.520000,0.150000,0.080000,0.000000,0.450000,0.250000,0.200000,NOTE_HYPOTHESIS,shared_audio_intelligence_v0_2;spectral_peak;owner_supplied_audio
BE-003:pitch:02807,BE-003:onset:0677,119.373787,827.373787,200.423077,51,1.423077,73.0036,C#5,554.4800,0.905578,1.000000,0.674694,0.850000,0.580000,,0.343430,1222.910,6,3,0.050000,0.300000,0.580000,0.070000,0.000000,0.120000,0.580000,0.220000,NOTE_HYPOTHESIS,shared_audio_intelligence_v0_2;spectral_peak;owner_supplied_audio
BE-003:pitch:02808,BE-003:onset:0677,119.373787,827.373787,200.423077,51,1.423077,47.7851,C3,129.1992,0.487619,1.000000,0.674694,0.850000,0.550000,,0.343430,1222.910,6,4,0.550000,0.350000,0.030000,0.070000,0.480000,0.320000,0.000000,0.000000,NOTE_HYPOTHESIS,shared_audio_intelligence_v0_2;spectral_peak;owner_supplied_audio
BE-003:pitch:02809,BE-003:onset:0677,119.373787,827.373787,200.423077,51,1.423077,34.2788,A#1,59.2163,1.532517,1.000000,0.674694,0.850000,0.760000,,0.343430,1222.910,6,5,0.760000,0.180000,0.010000,0.050000,0.480000,0.320000,0.000000,0.000000,NOTE_HYPOTHESIS,shared_audio_intelligence_v0_2;spectral_peak;owner_supplied_audio
BE-003:pitch:02810,BE-003:onset:0677,119.373787,827.373787,200.423077,51,1.423077,43.7407,G#2,102.2827,1.486077,1.000000,0.674694,0.850000,0.760000,,0.343430,1222.910,6,6,0.760000,0.180000,0.010000,0.050000,0.480000,0.320000,0.000000,0.000000,NOTE_HYPOTHESIS,shared_audio_intelligence_v0_2;spectral_peak;owner_supplied_audio
BE-003:pitch:02811,BE-003:onset:0678,119.420227,827.420227,200.500000,51,1.500000,44.6287,A2,107.6660,0.185760,1.000000,1.000000,0.850000,0.760000,,0.543304,824.694,6,1,0.760000,0.180000,0.010000,0.050000,0.480000,0.320000,0.000000,0.000000,NOTE_HYPOTHESIS,shared_audio_intelligence_v0_2;spectral_peak;owner_supplied_audio
BE-003:pitch:02812,BE-003:onset:0678,119.420227,827.420227,200.500000,51,1.500000,49.1709,C#3,139.9658,1.184218,1.000000,1.000000,0.850000,0.550000,,0.543304,824.694,6,2,0.550000,0.350000,0.030000,0.070000,0.480000,0.320000,0.000000,0.000000,NOTE_HYPOTHESIS,shared_audio_intelligence_v0_2;spectral_peak;owner_supplied_audio
BE-003:pitch:02813,BE-003:onset:0678,119.420227,827.420227,200.500000,51,1.500000,47.0483,B2,123.8159,0.185760,1.000000,1.000000,0.850000,0.550000,,0.543304,824.694,6,3,0.550000,0.350000,0.030000,0.070000,0.480000,0.320000,0.000000,0.000000,NOTE_HYPOTHESIS,shared_audio_intelligence_v0_2;spectral_peak;owner_supplied_audio
BE-003:pitch:02814,BE-003:onset:0678,119.420227,827.420227,200.500000,51,1.500000,66.8047,G4,387.5977,0.557279,1.000000,1.000000,0.850000,0.580000,,0.543304,824.694,6,4,0.050000,0.300000,0.580000,0.070000,0.000000,0.450000,0.250000,0.200000,NOTE_HYPOTHESIS,shared_audio_intelligence_v0_2;spectral_peak;owner_supplied_audio
BE-003:pitch:02815,BE-003:onset:0678,119.420227,827.420227,200.500000,51,1.500000,73.0036,C#5,554.4800,1.207438,1.000000,1.000000,0.850000,0.580000,,0.543304,824.694,6,5,0.050000,0.300000,0.580000,0.070000,0.000000,0.120000,0.580000,0.220000,NOTE_HYPOTHESIS,shared_audio_intelligence_v0_2;spectral_peak;owner_supplied_audio
BE-003:pitch:02816,BE-003:onset:0678,119.420227,827.420227,200.500000,51,1.500000,61.1709,C#4,279.9316,0.626939,1.000000,1.000000,0.850000,0.520000,,0.543304,824.694,6,6,0.250000,0.520000,0.150000,0.080000,0.000000,0.450000,0.250000,0.200000,NOTE_HYPOTHESIS,shared_audio_intelligence_v0_2;spectral_peak;owner_supplied_audio
BE-003:pitch:02817,BE-003:onset:0679,119.489887,827.489887,200.615385,51,1.615385,39.6483,E2,80.7495,0.371519,1.000000,1.000000,0.850000,0.760000,,1.000000,732.621,6,1,0.760000,0.180000,0.010000,0.050000,0.480000,0.320000,0.000000,0.000000,NOTE_HYPOTHESIS,shared_audio_intelligence_v0_2;spectral_peak;owner_supplied_audio
BE-003:pitch:02818,BE-003:onset:0679,119.489887,827.489887,200.615385,51,1.615385,72.6641,C#5,543.7134,0.766259,1.000000,1.000000,0.850000,0.580000,,1.000000,732.621,6,2,0.050000,0.300000,0.580000,0.070000,0.000000,0.120000,0.580000,0.220000,NOTE_HYPOTHESIS,shared_audio_intelligence_v0_2;spectral_peak;owner_supplied_audio
BE-003:pitch:02819,BE-003:onset:0679,119.489887,827.489887,200.615385,51,1.615385,66.5625,G4,382.2144,0.766259,1.000000,1.000000,0.850000,0.580000,,1.000000,732.621,6,3,0.050000,0.300000,0.580000,0.070000,0.000000,0.450000,0.250000,0.200000,NOTE_HYPOTHESIS,shared_audio_intelligence_v0_2;spectral_peak;owner_supplied_audio
BE-003:pitch:02820,BE-003:onset:0679,119.489887,827.489887,200.615385,51,1.615385,65.5586,F#4,360.6812,1.114558,1.000000,1.000000,0.850000,0.580000,,1.000000,732.621,6,4,0.050000,0.300000,0.580000,0.070000,0.000000,0.450000,0.250000,0.200000,NOTE_HYPOTHESIS,shared_audio_intelligence_v0_2;spectral_peak;owner_supplied_audio
BE-003:pitch:02821,BE-003:onset:0679,119.489887,827.489887,200.615385,51,1.615385,51.0613,D#3,156.1157,1.091338,1.000000,1.000000,0.850000,0.550000,,1.000000,732.621,6,5,0.550000,0.350000,0.030000,0.070000,0.480000,0.320000,0.000000,0.000000,NOTE_HYPOTHESIS,shared_audio_intelligence_v0_2;spectral_peak;owner_supplied_audio
BE-003:pitch:02822,BE-003:onset:0679,119.489887,827.489887,200.615385,51,1.615385,77.9420,F#5,737.5122,0.487619,1.000000,1.000000,0.850000,0.840000,,1.000000,732.621,6,6,0.010000,0.080000,0.840000,0.070000,0.000000,0.120000,0.580000,0.220000,NOTE_HYPOTHESIS,shared_audio_intelligence_v0_2;spectral_peak;owner_supplied_audio
BE-003:pitch:02823,BE-003:onset:0680,119.559546,827.559546,200.730769,51,1.730769,72.8347,C#5,549.0967,0.394739,1.000000,0.929685,0.850000,0.580000,,1.000000,834.375,6,1,0.050000,0.300000,0.580000,0.070000,0.000000,0.120000,0.580000,0.220000,NOTE_HYPOTHESIS,shared_audio_intelligence_v0_2;spectral_peak;owner_supplied_audio
BE-003:pitch:02824,BE-003:onset:0680,119.559546,827.559546,200.730769,51,1.730769,65.8151,F#4,366.0645,0.650159,1.000000,0.929685,0.850000,0.580000,,1.000000,834.375,6,2,0.050000,0.300000,0.580000,0.070000,0.000000,0.450000,0.250000,0.200000,NOTE_HYPOTHESIS,shared_audio_intelligence_v0_2;spectral_peak;owner_supplied_audio
BE-003:pitch:02825,BE-003:onset:0680,119.559546,827.559546,200.730769,51,1.730769,77.9420,F#5,737.5122,0.301859,1.000000,0.929685,0.850000,0.840000,,1.000000,834.375,6,3,0.010000,0.080000,0.840000,0.070000,0.000000,0.120000,0.580000,0.220000,NOTE_HYPOTHESIS,shared_audio_intelligence_v0_2;spectral_peak;owner_supplied_audio
BE-003:pitch:02826,BE-003:onset:0680,119.559546,827.559546,200.730769,51,1.730769,73.8242,D5,581.3965,0.394739,1.000000,0.929685,0.850000,0.580000,,1.000000,834.375,6,4,0.050000,0.300000,0.580000,0.070000,0.000000,0.120000,0.580000,0.220000,NOTE_HYPOTHESIS,shared_audio_intelligence_v0_2;spectral_peak;owner_supplied_audio
BE-003:pitch:02827,BE-003:onset:0680,119.559546,827.559546,200.730769,51,1.730769,38.4538,D2,75.3662,0.278639,1.000000,0.929685,0.850000,0.760000,,1.000000,834.375,6,5,0.760000,0.180000,0.010000,0.050000,0.480000,0.320000,0.000000,0.000000,NOTE_HYPOTHESIS,shared_audio_intelligence_v0_2;spectral_peak;owner_supplied_audio
BE-003:pitch:02828,BE-003:onset:0680,119.559546,827.559546,200.730769,51,1.730769,84.9193,C#6,1103.5767,0.371519,1.000000,0.929685,0.850000,0.840000,,1.000000,834.375,6,6,0.010000,0.080000,0.840000,0.070000,0.000000,0.120000,0.580000,0.220000,NOTE_HYPOTHESIS,shared_audio_intelligence_v0_2;spectral_peak;owner_supplied_audio
BE-003:pitch:02829,BE-003:onset:0681,119.791746,827.791746,201.120000,51,2.120000,72.8347,C#5,549.0967,0.162540,1.000000,0.420333,0.850000,0.580000,,0.801295,719.431,6,1,0.050000,0.300000,0.580000,0.070000,0.000000,0.120000,0.580000,0.220000,NOTE_HYPOTHESIS,shared_audio_intelligence_v0_2;spectral_peak;owner_supplied_audio
BE-003:pitch:02830,BE-003:onset:0681,119.791746,827.791746,201.120000,51,2.120000,65.8151,F#4,366.0645,0.417959,1.000000,0.420333,0.850000,0.580000,,0.801295,719.431,6,2,0.050000,0.300000,0.580000,0.070000,0.000000,0.450000,0.250000,0.200000,NOTE_HYPOTHESIS,shared_audio_intelligence_v0_2;spectral_peak;owner_supplied_audio
BE-003:pitch:02831,BE-003:onset:0681,119.791746,827.791746,201.120000,51,2.120000,73.8242,D5,581.3965,0.139320,1.000000,0.420333,0.850000,0.580000,,0.801295,719.431,6,3,0.050000,0.300000,0.580000,0.070000,0.000000,0.120000,0.580000,0.220000,NOTE_HYPOTHESIS,shared_audio_intelligence_v0_2;spectral_peak;owner_supplied_audio
BE-003:pitch:02832,BE-003:onset:0681,119.791746,827.791746,201.120000,51,2.120000,77.8151,F#5,732.1289,0.139320,1.000000,0.420333,0.850000,0.840000,,0.801295,719.431,6,4,0.010000,0.080000,0.840000,0.070000,0.000000,0.120000,0.580000,0.220000,NOTE_HYPOTHESIS,shared_audio_intelligence_v0_2;spectral_peak;owner_supplied_audio
BE-003:pitch:02833,BE-003:onset:0681,119.791746,827.791746,201.120000,51,2.120000,49.1709,C#3,139.9658,0.812698,1.000000,0.420333,0.850000,0.550000,,0.801295,719.431,6,5,0.550000,0.350000,0.030000,0.070000,0.480000,0.320000,0.000000,0.000000,NOTE_HYPOTHESIS,shared_audio_intelligence_v0_2;spectral_peak;owner_supplied_audio
BE-003:pitch:02834,BE-003:onset:0681,119.791746,827.791746,201.120000,51,2.120000,54.8047,G3,193.7988,0.162540,1.000000,0.420333,0.850000,0.550000,,0.801295,719.431,6,6,0.550000,0.350000,0.030000,0.070000,0.480000,0.320000,0.000000,0.000000,NOTE_HYPOTHESIS,shared_audio_intelligence_v0_2;spectral_peak;owner_supplied_audio
BE-003:pitch:02835,BE-003:onset:0682,120.000726,828.000726,201.480000,51,2.480000,64.7656,F4,344.5312,0.301859,1.000000,0.766570,0.850000,0.580000,,0.768322,761.097,6,1,0.050000,0.300000,0.580000,0.070000,0.000000,0.450000,0.250000,0.200000,NOTE_HYPOTHESIS,shared_audio_intelligence_v0_2;spectral_peak;owner_supplied_audio
BE-003:pitch:02836,BE-003:onset:0682,120.000726,828.000726,201.480000,51,2.480000,66.0679,F#4,371.4478,0.232200,1.000000,0.766570,0.850000,0.580000,,0.768322,761.097,6,2,0.050000,0.300000,0.580000,0.070000,0.000000,0.450000,0.250000,0.200000,NOTE_HYPOTHESIS,shared_audio_intelligence_v0_2;spectral_peak;owner_supplied_audio
BE-003:pitch:02837,BE-003:onset:0682,120.000726,828.000726,201.480000,51,2.480000,65.5586,F#4,360.6812,0.255420,1.000000,0.766570,0.850000,0.580000,,0.768322,761.097,6,3,0.050000,0.300000,0.580000,0.070000,0.000000,0.450000,0.250000,0.200000,NOTE_HYPOTHESIS,shared_audio_intelligence_v0_2;spectral_peak;owner_supplied_audio
BE-003:pitch:02838,BE-003:onset:0682,120.000726,828.000726,201.480000,51,2.480000,59.7851,C4,258.3984,0.208980,1.000000,0.766570,0.850000,0.520000,,0.768322,761.097,6,4,0.250000,0.520000,0.150000,0.080000,0.000000,0.450000,0.250000,0.200000,NOTE_HYPOTHESIS,shared_audio_intelligence_v0_2;spectral_peak;owner_supplied_audio
BE-003:pitch:02839,BE-003:onset:0682,120.000726,828.000726,201.480000,51,2.480000,71.7851,C5,516.7969,0.673379,1.000000,0.766570,0.850000,0.580000,,0.768322,761.097,6,5,0.050000,0.300000,0.580000,0.070000,0.000000,0.120000,0.580000,0.220000,NOTE_HYPOTHESIS,shared_audio_intelligence_v0_2;spectral_peak;owner_supplied_audio
BE-003:pitch:02840,BE-003:onset:0682,120.000726,828.000726,201.480000,51,2.480000,43.7407,G#2,102.2827,0.208980,1.000000,0.766570,0.850000,0.760000,,0.768322,761.097,6,6,0.760000,0.180000,0.010000,0.050000,0.480000,0.320000,0.000000,0.000000,NOTE_HYPOTHESIS,shared_audio_intelligence_v0_2;spectral_peak;owner_supplied_audio
BE-003:pitch:02841,BE-003:onset:0683,120.302585,828.302585,202.000000,51,3.000000,63.9344,E4,328.3813,0.185760,1.000000,1.000000,0.850000,0.520000,,0.654403,789.617,6,1,0.250000,0.520000,0.150000,0.080000,0.000000,0.450000,0.250000,0.200000,NOTE_HYPOTHESIS,shared_audio_intelligence_v0_2;spectral_peak;owner_supplied_audio
BE-003:pitch:02842,BE-003:onset:0683,120.302585,828.302585,202.000000,51,3.000000,49.8242,D3,145.3491,0.301859,1.000000,1.000000,0.850000,0.550000,,0.654403,789.617,6,2,0.550000,0.350000,0.030000,0.070000,0.480000,0.320000,0.000000,0.000000,NOTE_HYPOTHESIS,shared_audio_intelligence_v0_2;spectral_peak;owner_supplied_audio
BE-003:pitch:02843,BE-003:onset:0683,120.302585,828.302585,202.000000,51,3.000000,71.6038,C5,511.4136,0.348299,1.000000,1.000000,0.850000,0.580000,,0.654403,789.617,6,3,0.050000,0.300000,0.580000,0.070000,0.000000,0.120000,0.580000,0.220000,NOTE_HYPOTHESIS,shared_audio_intelligence_v0_2;spectral_peak;owner_supplied_audio
BE-003:pitch:02844,BE-003:onset:0683,120.302585,828.302585,202.000000,51,3.000000,44.6287,A2,107.6660,0.278639,1.000000,1.000000,0.850000,0.760000,,0.654403,789.617,6,4,0.760000,0.180000,0.010000,0.050000,0.480000,0.320000,0.000000,0.000000,NOTE_HYPOTHESIS,shared_audio_intelligence_v0_2;spectral_peak;owner_supplied_audio
BE-003:pitch:02845,BE-003:onset:0683,120.302585,828.302585,202.000000,51,3.000000,57.0562,A3,220.7153,0.417959,1.000000,1.000000,0.850000,0.520000,,0.654403,789.617,6,5,0.250000,0.520000,0.150000,0.080000,0.000000,0.450000,0.250000,0.200000,NOTE_HYPOTHESIS,shared_audio_intelligence_v0_2;spectral_peak;owner_supplied_audio
BE-003:pitch:02846,BE-003:onset:0683,120.302585,828.302585,202.000000,51,3.000000,78.5625,G5,764.4287,0.278639,1.000000,1.000000,0.850000,0.840000,,0.654403,789.617,6,6,0.010000,0.080000,0.840000,0.070000,0.000000,0.120000,0.580000,0.220000,NOTE_HYPOTHESIS,shared_audio_intelligence_v0_2;spectral_peak;owner_supplied_audio
BE-003:pitch:02847,BE-003:onset:0684,120.627664,828.627664,202.583333,51,3.583333,32.6287,A1,53.8330,0.301859,1.000000,0.374915,0.850000,0.760000,,0.117449,1709.427,6,1,0.760000,0.180000,0.010000,0.050000,0.480000,0.320000,0.000000,0.000000,NOTE_HYPOTHESIS,shared_audio_intelligence_v0_2;spectral_peak;owner_supplied_audio
BE-003:pitch:02848,BE-003:onset:0684,120.627664,828.627664,202.583333,51,3.583333,71.6038,C5,511.4136,0.092880,1.000000,0.374915,0.850000,0.580000,,0.117449,1709.427,6,2,0.050000,0.300000,0.580000,0.070000,0.000000,0.120000,0.580000,0.220000,NOTE_HYPOTHESIS,shared_audio_intelligence_v0_2;spectral_peak;owner_supplied_audio
BE-003:pitch:02849,BE-003:onset:0684,120.627664,828.627664,202.583333,51,3.583333,57.0562,A3,220.7153,0.208980,1.000000,0.374915,0.850000,0.520000,,0.117449,1709.427,6,3,0.250000,0.520000,0.150000,0.080000,0.000000,0.450000,0.250000,0.200000,NOTE_HYPOTHESIS,shared_audio_intelligence_v0_2;spectral_peak;owner_supplied_audio
BE-003:pitch:02850,BE-003:onset:0684,120.627664,828.627664,202.583333,51,3.583333,65.8151,F#4,366.0645,0.998458,1.000000,0.374915,0.850000,0.580000,,0.117449,1709.427,6,4,0.050000,0.300000,0.580000,0.070000,0.000000,0.450000,0.250000,0.200000,NOTE_HYPOTHESIS,shared_audio_intelligence_v0_2;spectral_peak;owner_supplied_audio
BE-003:pitch:02851,BE-003:onset:0684,120.627664,828.627664,202.583333,51,3.583333,68.8438,A4,436.0474,0.092880,1.000000,0.374915,0.850000,0.580000,,0.117449,1709.427,6,5,0.050000,0.300000,0.580000,0.070000,0.000000,0.450000,0.250000,0.200000,NOTE_HYPOTHESIS,shared_audio_intelligence_v0_2;spectral_peak;owner_supplied_audio
BE-003:pitch:02852,BE-003:onset:0684,120.627664,828.627664,202.583333,51,3.583333,44.6287,A2,107.6660,0.092880,1.000000,0.374915,0.850000,0.760000,,0.117449,1709.427,6,6,0.760000,0.180000,0.010000,0.050000,0.480000,0.320000,0.000000,0.000000,NOTE_HYPOTHESIS,shared_audio_intelligence_v0_2;spectral_peak;owner_supplied_audio
BE-003:pitch:02853,BE-003:onset:0685,120.697324,828.697324,202.708333,51,3.708333,32.6287,A1,53.8330,0.232200,1.000000,0.338066,0.850000,0.760000,,0.071516,1616.505,6,1,0.760000,0.180000,0.010000,0.050000,0.480000,0.320000,0.000000,0.000000,NOTE_HYPOTHESIS,shared_audio_intelligence_v0_2;spectral_peak;owner_supplied_audio
BE-003:pitch:02854,BE-003:onset:0685,120.697324,828.697324,202.708333,51,3.708333,57.0562,A3,220.7153,0.185760,1.000000,0.338066,0.850000,0.520000,,0.071516,1616.505,6,2,0.250000,0.520000,0.150000,0.080000,0.000000,0.450000,0.250000,0.200000,NOTE_HYPOTHESIS,shared_audio_intelligence_v0_2;spectral_peak;owner_supplied_audio
BE-003:pitch:02855,BE-003:onset:0685,120.697324,828.697324,202.708333,51,3.708333,65.8151,F#4,366.0645,0.952018,1.000000,0.338066,0.850000,0.580000,,0.071516,1616.505,6,3,0.050000,0.300000,0.580000,0.070000,0.000000,0.450000,0.250000,0.200000,NOTE_HYPOTHESIS,shared_audio_intelligence_v0_2;spectral_peak;owner_supplied_audio
BE-003:pitch:02856,BE-003:onset:0685,120.697324,828.697324,202.708333,51,3.708333,49.8242,D3,145.3491,1.532517,0.991358,0.338066,0.845679,0.550000,,0.071516,1616.505,6,4,0.550000,0.350000,0.030000,0.070000,0.480000,0.320000,0.000000,0.000000,NOTE_HYPOTHESIS,shared_audio_intelligence_v0_2;spectral_peak;owner_supplied_audio
BE-003:pitch:02857,BE-003:onset:0685,120.697324,828.697324,202.708333,51,3.708333,71.6038,C5,511.4136,0.673379,0.942542,0.338066,0.821271,0.580000,,0.071516,1616.505,6,5,0.050000,0.300000,0.580000,0.070000,0.000000,0.120000,0.580000,0.220000,NOTE_HYPOTHESIS,shared_audio_intelligence_v0_2;spectral_peak;owner_supplied_audio
BE-003:pitch:02858,BE-003:onset:0685,120.697324,828.697324,202.708333,51,3.708333,39.6483,E2,80.7495,1.532517,0.927632,0.338066,0.813816,0.760000,,0.071516,1616.505,6,6,0.760000,0.180000,0.010000,0.050000,0.480000,0.320000,0.000000,0.000000,NOTE_HYPOTHESIS,shared_audio_intelligence_v0_2;spectral_peak;owner_supplied_audio
BE-003:pitch:02859,BE-003:onset:0686,120.859864,828.859864,203.000000,51,4.000000,65.8151,F#4,366.0645,0.534059,1.000000,1.000000,0.850000,0.580000,,0.374054,823.815,2,1,0.050000,0.300000,0.580000,0.070000,0.000000,0.450000,0.250000,0.200000,NOTE_HYPOTHESIS,shared_audio_intelligence_v0_2;spectral_peak;owner_supplied_audio
BE-003:pitch:02860,BE-003:onset:0686,120.859864,828.859864,203.000000,51,4.000000,72.8347,C#5,549.0967,0.092880,1.000000,1.000000,0.850000,0.580000,,0.374054,823.815,2,2,0.050000,0.300000,0.580000,0.070000,0.000000,0.120000,0.580000,0.220000,NOTE_HYPOTHESIS,shared_audio_intelligence_v0_2;spectral_peak;owner_supplied_audio
BE-003:pitch:02861,BE-003:onset:0687,120.999184,828.999184,203.240000,51,4.240000,65.8151,F#4,366.0645,0.394739,1.000000,1.000000,0.850000,0.580000,,0.836900,855.791,6,1,0.050000,0.300000,0.580000,0.070000,0.000000,0.450000,0.250000,0.200000,NOTE_HYPOTHESIS,shared_audio_intelligence_v0_2;spectral_peak;owner_supplied_audio
BE-003:pitch:02862,BE-003:onset:0687,120.999184,828.999184,203.240000,51,4.240000,77.8151,F#5,732.1289,0.208980,1.000000,1.000000,0.850000,0.840000,,0.836900,855.791,6,2,0.010000,0.080000,0.840000,0.070000,0.000000,0.120000,0.580000,0.220000,NOTE_HYPOTHESIS,shared_audio_intelligence_v0_2;spectral_peak;owner_supplied_audio
BE-003:pitch:02863,BE-003:onset:0687,120.999184,828.999184,203.240000,51,4.240000,62.7603,D#4,306.8481,0.301859,1.000000,1.000000,0.850000,0.520000,,0.836900,855.791,6,3,0.250000,0.520000,0.150000,0.080000,0.000000,0.450000,0.250000,0.200000,NOTE_HYPOTHESIS,shared_audio_intelligence_v0_2;spectral_peak;owner_supplied_audio
BE-003:pitch:02864,BE-003:onset:0687,120.999184,828.999184,203.240000,51,4.240000,81.8808,A#5,925.9277,0.185760,1.000000,1.000000,0.850000,0.840000,,0.836900,855.791,6,4,0.010000,0.080000,0.840000,0.070000,0.000000,0.120000,0.580000,0.220000,NOTE_HYPOTHESIS,shared_audio_intelligence_v0_2;spectral_peak;owner_supplied_audio
BE-003:pitch:02865,BE-003:onset:0687,120.999184,828.999184,203.240000,51,4.240000,71.7851,C5,516.7969,0.255420,1.000000,1.000000,0.850000,0.580000,,0.836900,855.791,6,5,0.050000,0.300000,0.580000,0.070000,0.000000,0.120000,0.580000,0.220000,NOTE_HYPOTHESIS,shared_audio_intelligence_v0_2;spectral_peak;owner_supplied_audio
BE-003:pitch:02866,BE-003:onset:0687,120.999184,828.999184,203.240000,51,4.240000,84.9193,C#6,1103.5767,0.185760,1.000000,1.000000,0.850000,0.840000,,0.836900,855.791,6,6,0.010000,0.080000,0.840000,0.070000,0.000000,0.120000,0.580000,0.220000,NOTE_HYPOTHESIS,shared_audio_intelligence_v0_2;spectral_peak;owner_supplied_audio
BE-003:pitch:02867,BE-003:onset:0688,121.301043,829.301043,203.760000,51,4.760000,54.3170,F#3,188.4155,0.208980,1.000000,0.683691,0.850000,0.550000,,0.313791,697.044,5,1,0.550000,0.350000,0.030000,0.070000,0.480000,0.320000,0.000000,0.000000,NOTE_HYPOTHESIS,shared_audio_intelligence_v0_2;spectral_peak;owner_supplied_audio
BE-003:pitch:02868,BE-003:onset:0688,121.301043,829.301043,203.760000,51,4.760000,66.0679,F#4,371.4478,0.162540,1.000000,0.683691,0.850000,0.580000,,0.313791,697.044,5,2,0.050000,0.300000,0.580000,0.070000,0.000000,0.450000,0.250000,0.200000,NOTE_HYPOTHESIS,shared_audio_intelligence_v0_2;spectral_peak;owner_supplied_audio
BE-003:pitch:02869,BE-003:onset:0688,121.301043,829.301043,203.760000,51,4.760000,73.3365,C#5,565.2466,0.116100,1.000000,0.683691,0.850000,0.580000,,0.313791,697.044,5,3,0.050000,0.300000,0.580000,0.070000,0.000000,0.120000,0.580000,0.220000,NOTE_HYPOTHESIS,shared_audio_intelligence_v0_2;spectral_peak;owner_supplied_audio
BE-003:pitch:02870,BE-003:onset:0688,121.301043,829.301043,203.760000,51,4.760000,43.7407,G#2,102.2827,0.650159,1.000000,0.683691,0.850000,0.760000,,0.313791,697.044,5,4,0.760000,0.180000,0.010000,0.050000,0.480000,0.320000,0.000000,0.000000,NOTE_HYPOTHESIS,shared_audio_intelligence_v0_2;spectral_peak;owner_supplied_audio
BE-003:pitch:02871,BE-003:onset:0688,121.301043,829.301043,203.760000,51,4.760000,47.7851,C3,129.1992,0.534059,1.000000,0.683691,0.850000,0.550000,,0.313791,697.044,5,5,0.550000,0.350000,0.030000,0.070000,0.480000,0.320000,0.000000,0.000000,NOTE_HYPOTHESIS,shared_audio_intelligence_v0_2;spectral_peak;owner_supplied_audio
BE-003:pitch:02872,BE-003:onset:0689,121.440363,829.440363,204.000000,52,1.000000,61.8242,D4,290.6982,0.510839,1.000000,1.000000,0.850000,0.520000,,0.517541,870.848,6,1,0.250000,0.520000,0.150000,0.080000,0.000000,0.450000,0.250000,0.200000,NOTE_HYPOTHESIS,shared_audio_intelligence_v0_2;spectral_peak;owner_supplied_audio
BE-003:pitch:02873,BE-003:onset:0689,121.440363,829.440363,204.000000,52,1.000000,49.8242,D3,145.3491,0.626939,1.000000,1.000000,0.850000,0.550000,,0.517541,870.848,6,2,0.550000,0.350000,0.030000,0.070000,0.480000,0.320000,0.000000,0.000000,NOTE_HYPOTHESIS,shared_audio_intelligence_v0_2;spectral_peak;owner_supplied_audio
BE-003:pitch:02874,BE-003:onset:0689,121.440363,829.440363,204.000000,52,1.000000,54.3170,F#3,188.4155,0.116100,1.000000,1.000000,0.850000,0.550000,,0.517541,870.848,6,3,0.550000,0.350000,0.030000,0.070000,0.480000,0.320000,0.000000,0.000000,NOTE_HYPOTHESIS,shared_audio_intelligence_v0_2;spectral_peak;owner_supplied_audio
BE-003:pitch:02875,BE-003:onset:0689,121.440363,829.440363,204.000000,52,1.000000,60.8347,C#4,274.5483,0.394739,1.000000,1.000000,0.850000,0.520000,,0.517541,870.848,6,4,0.250000,0.520000,0.150000,0.080000,0.000000,0.450000,0.250000,0.200000,NOTE_HYPOTHESIS,shared_audio_intelligence_v0_2;spectral_peak;owner_supplied_audio
BE-003:pitch:02876,BE-003:onset:0689,121.440363,829.440363,204.000000,52,1.000000,80.8438,A5,872.0947,0.487619,1.000000,1.000000,0.850000,0.840000,,0.517541,870.848,6,5,0.010000,0.080000,0.840000,0.070000,0.000000,0.120000,0.580000,0.220000,NOTE_HYPOTHESIS,shared_audio_intelligence_v0_2;spectral_peak;owner_supplied_audio
BE-003:pitch:02877,BE-003:onset:0689,121.440363,829.440363,204.000000,52,1.000000,77.6874,F#5,726.7456,0.394739,1.000000,1.000000,0.850000,0.840000,,0.517541,870.848,6,6,0.010000,0.080000,0.840000,0.070000,0.000000,0.120000,0.580000,0.220000,NOTE_HYPOTHESIS,shared_audio_intelligence_v0_2;spectral_peak;owner_supplied_audio
BE-003:pitch:02878,BE-003:onset:0690,121.765442,829.765442,204.538462,52,1.538462,61.8242,D4,290.6982,0.162540,1.000000,0.492237,0.850000,0.520000,,0.543483,737.519,3,1,0.250000,0.520000,0.150000,0.080000,0.000000,0.450000,0.250000,0.200000,NOTE_HYPOTHESIS,shared_audio_intelligence_v0_2;spectral_peak;owner_supplied_audio
BE-003:pitch:02879,BE-003:onset:0690,121.765442,829.765442,204.538462,52,1.538462,73.8242,D5,581.3965,0.162540,1.000000,0.492237,0.850000,0.580000,,0.543483,737.519,3,2,0.050000,0.300000,0.580000,0.070000,0.000000,0.120000,0.580000,0.220000,NOTE_HYPOTHESIS,shared_audio_intelligence_v0_2;spectral_peak;owner_supplied_audio
BE-003:pitch:02880,BE-003:onset:0690,121.765442,829.765442,204.538462,52,1.538462,50.4538,D3,150.7324,0.278639,1.000000,0.492237,0.850000,0.550000,,0.543483,737.519,3,3,0.550000,0.350000,0.030000,0.070000,0.480000,0.320000,0.000000,0.000000,NOTE_HYPOTHESIS,shared_audio_intelligence_v0_2;spectral_peak;owner_supplied_audio
BE-003:pitch:02881,BE-003:onset:0691,121.881542,829.881542,204.730769,52,1.730769,66.8047,G4,387.5977,0.487619,1.000000,0.606057,0.850000,0.580000,,0.516336,810.102,6,1,0.050000,0.300000,0.580000,0.070000,0.000000,0.450000,0.250000,0.200000,NOTE_HYPOTHESIS,shared_audio_intelligence_v0_2;spectral_peak;owner_supplied_audio
BE-003:pitch:02882,BE-003:onset:0691,121.881542,829.881542,204.730769,52,1.730769,61.8242,D4,290.6982,0.092880,1.000000,0.606057,0.850000,0.520000,,0.516336,810.102,6,2,0.250000,0.520000,0.150000,0.080000,0.000000,0.450000,0.250000,0.200000,NOTE_HYPOTHESIS,shared_audio_intelligence_v0_2;spectral_peak;owner_supplied_audio
BE-003:pitch:02883,BE-003:onset:0691,121.881542,829.881542,204.730769,52,1.730769,49.8242,D3,145.3491,0.162540,1.000000,0.606057,0.850000,0.550000,,0.516336,810.102,6,3,0.550000,0.350000,0.030000,0.070000,0.480000,0.320000,0.000000,0.000000,NOTE_HYPOTHESIS,shared_audio_intelligence_v0_2;spectral_peak;owner_supplied_audio
BE-003:pitch:02884,BE-003:onset:0691,121.881542,829.881542,204.730769,52,1.730769,78.9245,G5,780.5786,0.208980,1.000000,0.606057,0.850000,0.840000,,0.516336,810.102,6,4,0.010000,0.080000,0.840000,0.070000,0.000000,0.120000,0.580000,0.220000,NOTE_HYPOTHESIS,shared_audio_intelligence_v0_2;spectral_peak;owner_supplied_audio
BE-003:pitch:02885,BE-003:onset:0691,121.881542,829.881542,204.730769,52,1.730769,73.9838,D5,586.7798,0.069660,1.000000,0.606057,0.850000,0.580000,,0.516336,810.102,6,5,0.050000,0.300000,0.580000,0.070000,0.000000,0.120000,0.580000,0.220000,NOTE_HYPOTHESIS,shared_audio_intelligence_v0_2;spectral_peak;owner_supplied_audio
BE-003:pitch:02886,BE-003:onset:0691,121.881542,829.881542,204.730769,52,1.730769,85.9838,D6,1173.5596,0.139320,1.000000,0.606057,0.850000,0.840000,,0.516336,810.102,6,6,0.010000,0.080000,0.840000,0.070000,0.000000,0.120000,0.580000,0.220000,NOTE_HYPOTHESIS,shared_audio_intelligence_v0_2;spectral_peak;owner_supplied_audio
BE-003:pitch:02887,BE-003:onset:0692,122.044082,830.044082,205.000000,52,2.000000,81.8808,A#5,925.9277,0.301859,1.000000,0.860997,0.850000,0.840000,,0.624532,1140.103,6,1,0.010000,0.080000,0.840000,0.070000,0.000000,0.120000,0.580000,0.220000,NOTE_HYPOTHESIS,shared_audio_intelligence_v0_2;spectral_peak;owner_supplied_audio
BE-003:pitch:02888,BE-003:onset:0692,122.044082,830.044082,205.000000,52,2.000000,69.8808,A#4,462.9639,0.371519,1.000000,0.860997,0.850000,0.580000,,0.624532,1140.103,6,2,0.050000,0.300000,0.580000,0.070000,0.000000,0.450000,0.250000,0.200000,NOTE_HYPOTHESIS,shared_audio_intelligence_v0_2;spectral_peak;owner_supplied_audio
BE-003:pitch:02889,BE-003:onset:0692,122.044082,830.044082,205.000000,52,2.000000,88.9673,F6,1394.2749,0.255420,1.000000,0.860997,0.850000,0.840000,,0.624532,1140.103,6,3,0.010000,0.080000,0.840000,0.070000,0.000000,0.120000,0.580000,0.220000,NOTE_HYPOTHESIS,shared_audio_intelligence_v0_2;spectral_peak;owner_supplied_audio
BE-003:pitch:02890,BE-003:onset:0692,122.044082,830.044082,205.000000,52,2.000000,42.8047,G2,96.8994,0.185760,1.000000,0.860997,0.850000,0.760000,,0.624532,1140.103,6,4,0.760000,0.180000,0.010000,0.050000,0.480000,0.320000,0.000000,0.000000,NOTE_HYPOTHESIS,shared_audio_intelligence_v0_2;spectral_peak;owner_supplied_audio
BE-003:pitch:02891,BE-003:onset:0692,122.044082,830.044082,205.000000,52,2.000000,67.0435,G4,392.9810,0.859138,1.000000,0.860997,0.850000,0.580000,,0.624532,1140.103,6,5,0.050000,0.300000,0.580000,0.070000,0.000000,0.450000,0.250000,0.200000,NOTE_HYPOTHESIS,shared_audio_intelligence_v0_2;spectral_peak;owner_supplied_audio
BE-003:pitch:02892,BE-003:onset:0692,122.044082,830.044082,205.000000,52,2.000000,93.9811,A#6,1862.6221,0.278639,1.000000,0.860997,0.850000,0.840000,,0.624532,1140.103,6,6,0.010000,0.080000,0.840000,0.070000,0.000000,0.120000,0.580000,0.220000,NOTE_HYPOTHESIS,shared_audio_intelligence_v0_2;spectral_peak;owner_supplied_audio
BE-003:pitch:02893,BE-003:onset:0693,122.183401,830.183401,205.240000,52,2.240000,47.7851,C3,129.1992,0.325079,1.000000,0.788579,0.850000,0.550000,,0.640671,894.235,6,1,0.550000,0.350000,0.030000,0.070000,0.480000,0.320000,0.000000,0.000000,NOTE_HYPOTHESIS,shared_audio_intelligence_v0_2;spectral_peak;owner_supplied_audio
BE-003:pitch:02894,BE-003:onset:0693,122.183401,830.183401,205.240000,52,2.240000,81.8808,A#5,925.9277,0.139320,1.000000,0.788579,0.850000,0.840000,,0.640671,894.235,6,2,0.010000,0.080000,0.840000,0.070000,0.000000,0.120000,0.580000,0.220000,NOTE_HYPOTHESIS,shared_audio_intelligence_v0_2;spectral_peak;owner_supplied_audio
BE-003:pitch:02895,BE-003:onset:0693,122.183401,830.183401,205.240000,52,2.240000,69.8808,A#4,462.9639,0.185760,1.000000,0.788579,0.850000,0.580000,,0.640671,894.235,6,3,0.050000,0.300000,0.580000,0.070000,0.000000,0.450000,0.250000,0.200000,NOTE_HYPOTHESIS,shared_audio_intelligence_v0_2;spectral_peak;owner_supplied_audio
BE-003:pitch:02896,BE-003:onset:0693,122.183401,830.183401,205.240000,52,2.240000,88.9673,F6,1394.2749,0.116100,1.000000,0.788579,0.850000,0.840000,,0.640671,894.235,6,4,0.010000,0.080000,0.840000,0.070000,0.000000,0.120000,0.580000,0.220000,NOTE_HYPOTHESIS,shared_audio_intelligence_v0_2;spectral_peak;owner_supplied_audio
BE-003:pitch:02897,BE-003:onset:0693,122.183401,830.183401,205.240000,52,2.240000,66.8047,G4,387.5977,0.719819,1.000000,0.788579,0.850000,0.580000,,0.640671,894.235,6,5,0.050000,0.300000,0.580000,0.070000,0.000000,0.450000,0.250000,0.200000,NOTE_HYPOTHESIS,shared_audio_intelligence_v0_2;spectral_peak;owner_supplied_audio
BE-003:pitch:02898,BE-003:onset:0693,122.183401,830.183401,205.240000,52,2.240000,78.9245,G5,780.5786,0.580499,1.000000,0.788579,0.850000,0.840000,,0.640671,894.235,6,6,0.010000,0.080000,0.840000,0.070000,0.000000,0.120000,0.580000,0.220000,NOTE_HYPOTHESIS,shared_audio_intelligence_v0_2;spectral_peak;owner_supplied_audio
BE-003:pitch:02899,BE-003:onset:0694,122.345941,830.345941,205.520000,52,2.520000,47.7851,C3,129.1992,0.162540,1.000000,0.661831,0.850000,0.550000,,0.529705,697.744,6,1,0.550000,0.350000,0.030000,0.070000,0.480000,0.320000,0.000000,0.000000,NOTE_HYPOTHESIS,shared_audio_intelligence_v0_2;spectral_peak;owner_supplied_audio
BE-003:pitch:02900,BE-003:onset:0694,122.345941,830.345941,205.520000,52,2.520000,43.7407,G#2,102.2827,0.185760,1.000000,0.661831,0.850000,0.760000,,0.529705,697.744,6,2,0.760000,0.180000,0.010000,0.050000,0.480000,0.320000,0.000000,0.000000,NOTE_HYPOTHESIS,shared_audio_intelligence_v0_2;spectral_peak;owner_supplied_audio
BE-003:pitch:02901,BE-003:onset:0694,122.345941,830.345941,205.520000,52,2.520000,69.8808,A#4,462.9639,0.116100,1.000000,0.661831,0.850000,0.580000,,0.529705,697.744,6,3,0.050000,0.300000,0.580000,0.070000,0.000000,0.450000,0.250000,0.200000,NOTE_HYPOTHESIS,shared_audio_intelligence_v0_2;spectral_peak;owner_supplied_audio
BE-003:pitch:02902,BE-003:onset:0694,122.345941,830.345941,205.520000,52,2.520000,60.1421,C4,263.7817,0.185760,1.000000,0.661831,0.850000,0.520000,,0.529705,697.744,6,4,0.250000,0.520000,0.150000,0.080000,0.000000,0.450000,0.250000,0.200000,NOTE_HYPOTHESIS,shared_audio_intelligence_v0_2;spectral_peak;owner_supplied_audio
BE-003:pitch:02903,BE-003:onset:0694,122.345941,830.345941,205.520000,52,2.520000,61.8242,D4,290.6982,0.139320,1.000000,0.661831,0.850000,0.520000,,0.529705,697.744,6,5,0.250000,0.520000,0.150000,0.080000,0.000000,0.450000,0.250000,0.200000,NOTE_HYPOTHESIS,shared_audio_intelligence_v0_2;spectral_peak;owner_supplied_audio
BE-003:pitch:02904,BE-003:onset:0694,122.345941,830.345941,205.520000,52,2.520000,66.8047,G4,387.5977,0.603719,1.000000,0.661831,0.850000,0.580000,,0.529705,697.744,6,6,0.050000,0.300000,0.580000,0.070000,0.000000,0.450000,0.250000,0.200000,NOTE_HYPOTHESIS,shared_audio_intelligence_v0_2;spectral_peak;owner_supplied_audio
BE-003:pitch:02905,BE-003:onset:0695,122.462041,830.462041,205.720000,52,2.720000,67.0435,G4,392.9810,0.255420,1.000000,0.864548,0.850000,0.580000,,0.658519,987.500,4,1,0.050000,0.300000,0.580000,0.070000,0.000000,0.450000,0.250000,0.200000,NOTE_HYPOTHESIS,shared_audio_intelligence_v0_2;spectral_peak;owner_supplied_audio
BE-003:pitch:02906,BE-003:onset:0695,122.462041,830.462041,205.720000,52,2.720000,78.9245,G5,780.5786,0.232200,1.000000,0.864548,0.850000,0.840000,,0.658519,987.500,4,2,0.010000,0.080000,0.840000,0.070000,0.000000,0.120000,0.580000,0.220000,NOTE_HYPOTHESIS,shared_audio_intelligence_v0_2;spectral_peak;owner_supplied_audio
BE-003:pitch:02907,BE-003:onset:0695,122.462041,830.462041,205.720000,52,2.720000,47.7851,C3,129.1992,0.069660,1.000000,0.864548,0.850000,0.550000,,0.658519,987.500,4,3,0.550000,0.350000,0.030000,0.070000,0.480000,0.320000,0.000000,0.000000,NOTE_HYPOTHESIS,shared_audio_intelligence_v0_2;spectral_peak;owner_supplied_audio
BE-003:pitch:02908,BE-003:onset:0695,122.462041,830.462041,205.720000,52,2.720000,85.9042,D6,1168.1763,0.185760,1.000000,0.864548,0.850000,0.840000,,0.658519,987.500,4,4,0.010000,0.080000,0.840000,0.070000,0.000000,0.120000,0.580000,0.220000,NOTE_HYPOTHESIS,shared_audio_intelligence_v0_2;spectral_peak;owner_supplied_audio
BE-003:pitch:02909,BE-003:onset:0696,122.624580,830.624580,206.000000,52,3.000000,37.1709,C#2,69.9829,0.743039,1.000000,0.715203,0.850000,0.760000,,0.613395,673.143,5,1,0.760000,0.180000,0.010000,0.050000,0.480000,0.320000,0.000000,0.000000,NOTE_HYPOTHESIS,shared_audio_intelligence_v0_2;spectral_peak;owner_supplied_audio
BE-003:pitch:02910,BE-003:onset:0696,122.624580,830.624580,206.000000,52,3.000000,66.8047,G4,387.5977,0.232200,1.000000,0.715203,0.850000,0.580000,,0.613395,673.143,5,2,0.050000,0.300000,0.580000,0.070000,0.000000,0.450000,0.250000,0.200000,NOTE_HYPOTHESIS,shared_audio_intelligence_v0_2;spectral_peak;owner_supplied_audio
BE-003:pitch:02911,BE-003:onset:0696,122.624580,830.624580,206.000000,52,3.000000,49.8242,D3,145.3491,0.766259,1.000000,0.715203,0.850000,0.550000,,0.613395,673.143,5,3,0.550000,0.350000,0.030000,0.070000,0.480000,0.320000,0.000000,0.000000,NOTE_HYPOTHESIS,shared_audio_intelligence_v0_2;spectral_peak;owner_supplied_audio
BE-003:pitch:02912,BE-003:onset:0696,122.624580,830.624580,206.000000,52,3.000000,78.9245,G5,780.5786,0.116100,1.000000,0.715203,0.850000,0.840000,,0.613395,673.143,5,4,0.010000,0.080000,0.840000,0.070000,0.000000,0.120000,0.580000,0.220000,NOTE_HYPOTHESIS,shared_audio_intelligence_v0_2;spectral_peak;owner_supplied_audio
BE-003:pitch:02913,BE-003:onset:0696,122.624580,830.624580,206.000000,52,3.000000,66.0679,F#4,371.4478,0.510839,1.000000,0.715203,0.850000,0.580000,,0.613395,673.143,5,5,0.050000,0.300000,0.580000,0.070000,0.000000,0.450000,0.250000,0.200000,NOTE_HYPOTHESIS,shared_audio_intelligence_v0_2;spectral_peak;owner_supplied_audio
BE-003:pitch:02914,BE-003:onset:0697,122.787120,830.787120,206.259259,52,3.259259,38.4538,D2,75.3662,0.580499,1.000000,1.000000,0.850000,0.760000,,0.677530,717.081,6,1,0.760000,0.180000,0.010000,0.050000,0.480000,0.320000,0.000000,0.000000,NOTE_HYPOTHESIS,shared_audio_intelligence_v0_2;spectral_peak;owner_supplied_audio
BE-003:pitch:02915,BE-003:onset:0697,122.787120,830.787120,206.259259,52,3.259259,49.8242,D3,145.3491,0.580499,1.000000,1.000000,0.850000,0.550000,,0.677530,717.081,6,2,0.550000,0.350000,0.030000,0.070000,0.480000,0.320000,0.000000,0.000000,NOTE_HYPOTHESIS,shared_audio_intelligence_v0_2;spectral_peak;owner_supplied_audio
BE-003:pitch:02916,BE-003:onset:0697,122.787120,830.787120,206.259259,52,3.259259,62.7603,D#4,306.8481,0.232200,1.000000,1.000000,0.850000,0.520000,,0.677530,717.081,6,3,0.250000,0.520000,0.150000,0.080000,0.000000,0.450000,0.250000,0.200000,NOTE_HYPOTHESIS,shared_audio_intelligence_v0_2;spectral_peak;owner_supplied_audio
BE-003:pitch:02917,BE-003:onset:0697,122.787120,830.787120,206.259259,52,3.259259,81.8808,A#5,925.9277,0.534059,1.000000,1.000000,0.850000,0.840000,,0.677530,717.081,6,4,0.010000,0.080000,0.840000,0.070000,0.000000,0.120000,0.580000,0.220000,NOTE_HYPOTHESIS,shared_audio_intelligence_v0_2;spectral_peak;owner_supplied_audio
BE-003:pitch:02918,BE-003:onset:0697,122.787120,830.787120,206.259259,52,3.259259,74.9115,D#5,619.0796,0.185760,1.000000,1.000000,0.850000,0.580000,,0.677530,717.081,6,5,0.050000,0.300000,0.580000,0.070000,0.000000,0.120000,0.580000,0.220000,NOTE_HYPOTHESIS,shared_audio_intelligence_v0_2;spectral_peak;owner_supplied_audio
BE-003:pitch:02919,BE-003:onset:0697,122.787120,830.787120,206.259259,52,3.259259,86.9115,D#6,1238.1592,0.139320,1.000000,1.000000,0.850000,0.840000,,0.677530,717.081,6,6,0.010000,0.080000,0.840000,0.070000,0.000000,0.120000,0.580000,0.220000,NOTE_HYPOTHESIS,shared_audio_intelligence_v0_2;spectral_peak;owner_supplied_audio
BE-003:pitch:02920,BE-003:onset:0698,122.949660,830.949660,206.518519,52,3.518519,81.8808,A#5,925.9277,0.255420,1.000000,1.000000,0.850000,0.840000,,0.568777,1014.379,6,1,0.010000,0.080000,0.840000,0.070000,0.000000,0.120000,0.580000,0.220000,NOTE_HYPOTHESIS,shared_audio_intelligence_v0_2;spectral_peak;owner_supplied_audio
BE-003:pitch:02921,BE-003:onset:0698,122.949660,830.949660,206.518519,52,3.518519,38.4538,D2,75.3662,0.441179,1.000000,1.000000,0.850000,0.760000,,0.568777,1014.379,6,2,0.760000,0.180000,0.010000,0.050000,0.480000,0.320000,0.000000,0.000000,NOTE_HYPOTHESIS,shared_audio_intelligence_v0_2;spectral_peak;owner_supplied_audio
BE-003:pitch:02922,BE-003:onset:0698,122.949660,830.949660,206.518519,52,3.518519,49.8242,D3,145.3491,0.441179,1.000000,1.000000,0.850000,0.550000,,0.568777,1014.379,6,3,0.550000,0.350000,0.030000,0.070000,0.480000,0.320000,0.000000,0.000000,NOTE_HYPOTHESIS,shared_audio_intelligence_v0_2;spectral_peak;owner_supplied_audio
BE-003:pitch:02923,BE-003:onset:0698,122.949660,830.949660,206.518519,52,3.518519,69.8808,A#4,462.9639,0.325079,1.000000,1.000000,0.850000,0.580000,,0.568777,1014.379,6,4,0.050000,0.300000,0.580000,0.070000,0.000000,0.450000,0.250000,0.200000,NOTE_HYPOTHESIS,shared_audio_intelligence_v0_2;spectral_peak;owner_supplied_audio
BE-003:pitch:02924,BE-003:onset:0698,122.949660,830.949660,206.518519,52,3.518519,88.9673,F6,1394.2749,0.232200,1.000000,1.000000,0.850000,0.840000,,0.568777,1014.379,6,5,0.010000,0.080000,0.840000,0.070000,0.000000,0.120000,0.580000,0.220000,NOTE_HYPOTHESIS,shared_audio_intelligence_v0_2;spectral_peak;owner_supplied_audio
BE-003:pitch:02925,BE-003:onset:0698,122.949660,830.949660,206.518519,52,3.518519,63.0613,D#4,312.2314,0.092880,1.000000,1.000000,0.850000,0.520000,,0.568777,1014.379,6,6,0.250000,0.520000,0.150000,0.080000,0.000000,0.450000,0.250000,0.200000,NOTE_HYPOTHESIS,shared_audio_intelligence_v0_2;spectral_peak;owner_supplied_audio
BE-003:pitch:02926,BE-003:onset:0699,123.065760,831.065760,206.703704,52,3.703704,38.4538,D2,75.3662,0.325079,1.000000,0.517905,0.850000,0.760000,,0.497461,850.008,6,1,0.760000,0.180000,0.010000,0.050000,0.480000,0.320000,0.000000,0.000000,NOTE_HYPOTHESIS,shared_audio_intelligence_v0_2;spectral_peak;owner_supplied_audio
BE-003:pitch:02927,BE-003:onset:0699,123.065760,831.065760,206.703704,52,3.703704,81.8808,A#5,925.9277,0.255420,1.000000,0.517905,0.850000,0.840000,,0.497461,850.008,6,2,0.010000,0.080000,0.840000,0.070000,0.000000,0.120000,0.580000,0.220000,NOTE_HYPOTHESIS,shared_audio_intelligence_v0_2;spectral_peak;owner_supplied_audio
BE-003:pitch:02928,BE-003:onset:0699,123.065760,831.065760,206.703704,52,3.703704,69.8808,A#4,462.9639,0.208980,1.000000,0.517905,0.850000,0.580000,,0.497461,850.008,6,3,0.050000,0.300000,0.580000,0.070000,0.000000,0.450000,0.250000,0.200000,NOTE_HYPOTHESIS,shared_audio_intelligence_v0_2;spectral_peak;owner_supplied_audio
BE-003:pitch:02929,BE-003:onset:0699,123.065760,831.065760,206.703704,52,3.703704,49.8242,D3,145.3491,0.325079,1.000000,0.517905,0.850000,0.550000,,0.497461,850.008,6,4,0.550000,0.350000,0.030000,0.070000,0.480000,0.320000,0.000000,0.000000,NOTE_HYPOTHESIS,shared_audio_intelligence_v0_2;spectral_peak;owner_supplied_audio
BE-003:pitch:02930,BE-003:onset:0699,123.065760,831.065760,206.703704,52,3.703704,66.8047,G4,387.5977,0.626939,1.000000,0.517905,0.850000,0.580000,,0.497461,850.008,6,5,0.050000,0.300000,0.580000,0.070000,0.000000,0.450000,0.250000,0.200000,NOTE_HYPOTHESIS,shared_audio_intelligence_v0_2;spectral_peak;owner_supplied_audio
BE-003:pitch:02931,BE-003:onset:0699,123.065760,831.065760,206.703704,52,3.703704,88.9673,F6,1394.2749,0.116100,1.000000,0.517905,0.850000,0.840000,,0.497461,850.008,6,6,0.010000,0.080000,0.840000,0.070000,0.000000,0.120000,0.580000,0.220000,NOTE_HYPOTHESIS,shared_audio_intelligence_v0_2;spectral_peak;owner_supplied_audio
BE-003:pitch:02932,BE-003:onset:0700,123.251519,831.251519,207.000000,52,4.000000,37.1709,C#2,69.9829,0.208980,1.000000,1.000000,0.850000,0.760000,,0.593182,1694.077,6,1,0.760000,0.180000,0.010000,0.050000,0.480000,0.320000,0.000000,0.000000,NOTE_HYPOTHESIS,shared_audio_intelligence_v0_2;spectral_peak;owner_supplied_audio
BE-003:pitch:02933,BE-003:onset:0700,123.251519,831.251519,207.000000,52,4.000000,49.8242,D3,145.3491,0.162540,1.000000,1.000000,0.850000,0.550000,,0.593182,1694.077,6,2,0.550000,0.350000,0.030000,0.070000,0.480000,0.320000,0.000000,0.000000,NOTE_HYPOTHESIS,shared_audio_intelligence_v0_2;spectral_peak;owner_supplied_audio
BE-003:pitch:02934,BE-003:onset:0700,123.251519,831.251519,207.000000,52,4.000000,62.7603,D#4,306.8481,0.185760,1.000000,1.000000,0.850000,0.520000,,0.593182,1694.077,6,3,0.250000,0.520000,0.150000,0.080000,0.000000,0.450000,0.250000,0.200000,NOTE_HYPOTHESIS,shared_audio_intelligence_v0_2;spectral_peak;owner_supplied_audio
BE-003:pitch:02935,BE-003:onset:0700,123.251519,831.251519,207.000000,52,4.000000,81.8808,A#5,925.9277,0.092880,1.000000,1.000000,0.850000,0.840000,,0.593182,1694.077,6,4,0.010000,0.080000,0.840000,0.070000,0.000000,0.120000,0.580000,0.220000,NOTE_HYPOTHESIS,shared_audio_intelligence_v0_2;spectral_peak;owner_supplied_audio
BE-003:pitch:02936,BE-003:onset:0700,123.251519,831.251519,207.000000,52,4.000000,67.0435,G4,392.9810,0.626939,1.000000,1.000000,0.850000,0.580000,,0.593182,1694.077,6,5,0.050000,0.300000,0.580000,0.070000,0.000000,0.450000,0.250000,0.200000,NOTE_HYPOTHESIS,shared_audio_intelligence_v0_2;spectral_peak;owner_supplied_audio
BE-003:pitch:02937,BE-003:onset:0700,123.251519,831.251519,207.000000,52,4.000000,53.8151,F#3,183.0322,0.580499,1.000000,1.000000,0.850000,0.550000,,0.593182,1694.077,6,6,0.550000,0.350000,0.030000,0.070000,0.480000,0.320000,0.000000,0.000000,NOTE_HYPOTHESIS,shared_audio_intelligence_v0_2;spectral_peak;owner_supplied_audio
BE-003:pitch:02938,BE-003:onset:0701,123.367619,831.367619,207.200000,52,4.200000,66.8047,G4,387.5977,0.255420,1.000000,0.802494,0.850000,0.580000,,0.711534,1893.654,6,1,0.050000,0.300000,0.580000,0.070000,0.000000,0.450000,0.250000,0.200000,NOTE_HYPOTHESIS,shared_audio_intelligence_v0_2;spectral_peak;owner_supplied_audio
BE-003:pitch:02939,BE-003:onset:0701,123.367619,831.367619,207.200000,52,4.200000,78.9245,G5,780.5786,0.185760,1.000000,0.802494,0.850000,0.840000,,0.711534,1893.654,6,2,0.010000,0.080000,0.840000,0.070000,0.000000,0.120000,0.580000,0.220000,NOTE_HYPOTHESIS,shared_audio_intelligence_v0_2;spectral_peak;owner_supplied_audio
BE-003:pitch:02940,BE-003:onset:0701,123.367619,831.367619,207.200000,52,4.200000,56.1904,G#3,209.9487,0.162540,1.000000,0.802494,0.850000,0.520000,,0.711534,1893.654,6,3,0.250000,0.520000,0.150000,0.080000,0.000000,0.450000,0.250000,0.200000,NOTE_HYPOTHESIS,shared_audio_intelligence_v0_2;spectral_peak;owner_supplied_audio
BE-003:pitch:02941,BE-003:onset:0701,123.367619,831.367619,207.200000,52,4.200000,54.3170,F#3,188.4155,0.371519,1.000000,0.802494,0.850000,0.550000,,0.711534,1893.654,6,4,0.550000,0.350000,0.030000,0.070000,0.480000,0.320000,0.000000,0.000000,NOTE_HYPOTHESIS,shared_audio_intelligence_v0_2;spectral_peak;owner_supplied_audio
BE-003:pitch:02942,BE-003:onset:0701,123.367619,831.367619,207.200000,52,4.200000,85.9042,D6,1168.1763,0.162540,1.000000,0.802494,0.850000,0.840000,,0.711534,1893.654,6,5,0.010000,0.080000,0.840000,0.070000,0.000000,0.120000,0.580000,0.220000,NOTE_HYPOTHESIS,shared_audio_intelligence_v0_2;spectral_peak;owner_supplied_audio
BE-003:pitch:02943,BE-003:onset:0701,123.367619,831.367619,207.200000,52,4.200000,37.1709,C#2,69.9829,1.532517,1.000000,0.802494,0.850000,0.760000,,0.711534,1893.654,6,6,0.760000,0.180000,0.010000,0.050000,0.480000,0.320000,0.000000,0.000000,NOTE_HYPOTHESIS,shared_audio_intelligence_v0_2;spectral_peak;owner_supplied_audio
BE-003:pitch:02944,BE-003:onset:0702,123.646259,831.646259,207.680000,52,4.680000,42.8047,G2,96.8994,0.232200,1.000000,1.000000,0.850000,0.760000,,1.000000,1563.645,5,1,0.760000,0.180000,0.010000,0.050000,0.480000,0.320000,0.000000,0.000000,NOTE_HYPOTHESIS,shared_audio_intelligence_v0_2;spectral_peak;owner_supplied_audio
BE-003:pitch:02945,BE-003:onset:0702,123.646259,831.646259,207.680000,52,4.680000,38.4538,D2,75.3662,0.417959,1.000000,1.000000,0.850000,0.760000,,1.000000,1563.645,5,2,0.760000,0.180000,0.010000,0.050000,0.480000,0.320000,0.000000,0.000000,NOTE_HYPOTHESIS,shared_audio_intelligence_v0_2;spectral_peak;owner_supplied_audio
BE-003:pitch:02946,BE-003:onset:0702,123.646259,831.646259,207.680000,52,4.680000,61.8242,D4,290.6982,0.487619,1.000000,1.000000,0.850000,0.520000,,1.000000,1563.645,5,3,0.250000,0.520000,0.150000,0.080000,0.000000,0.450000,0.250000,0.200000,NOTE_HYPOTHESIS,shared_audio_intelligence_v0_2;spectral_peak;owner_supplied_audio
BE-003:pitch:02947,BE-003:onset:0702,123.646259,831.646259,207.680000,52,4.680000,73.8242,D5,581.3965,0.208980,1.000000,1.000000,0.850000,0.580000,,1.000000,1563.645,5,4,0.050000,0.300000,0.580000,0.070000,0.000000,0.120000,0.580000,0.220000,NOTE_HYPOTHESIS,shared_audio_intelligence_v0_2;spectral_peak;owner_supplied_audio
BE-003:pitch:02948,BE-003:onset:0702,123.646259,831.646259,207.680000,52,4.680000,46.2788,A#2,118.4326,0.301859,1.000000,1.000000,0.850000,0.550000,,1.000000,1563.645,5,5,0.550000,0.350000,0.030000,0.070000,0.480000,0.320000,0.000000,0.000000,NOTE_HYPOTHESIS,shared_audio_intelligence_v0_2;spectral_peak;owner_supplied_audio
BE-003:pitch:02949,BE-003:onset:0703,123.855238,831.855238,208.040000,53,1.040000,64.7656,F4,344.5312,0.255420,1.000000,0.989809,0.850000,0.580000,,1.000000,1379.405,6,1,0.050000,0.300000,0.580000,0.070000,0.000000,0.450000,0.250000,0.200000,NOTE_HYPOTHESIS,shared_audio_intelligence_v0_2;spectral_peak;owner_supplied_audio
BE-003:pitch:02950,BE-003:onset:0703,123.855238,831.855238,208.040000,53,1.040000,32.6287,A1,53.8330,0.626939,1.000000,0.989809,0.850000,0.760000,,1.000000,1379.405,6,2,0.760000,0.180000,0.010000,0.050000,0.480000,0.320000,0.000000,0.000000,NOTE_HYPOTHESIS,shared_audio_intelligence_v0_2;spectral_peak;owner_supplied_audio
BE-003:pitch:02951,BE-003:onset:0703,123.855238,831.855238,208.040000,53,1.040000,76.9003,F5,694.4458,0.162540,1.000000,0.989809,0.850000,0.840000,,1.000000,1379.405,6,3,0.010000,0.080000,0.840000,0.070000,0.000000,0.120000,0.580000,0.220000,NOTE_HYPOTHESIS,shared_audio_intelligence_v0_2;spectral_peak;owner_supplied_audio
BE-003:pitch:02952,BE-003:onset:0703,123.855238,831.855238,208.040000,53,1.040000,38.4538,D2,75.3662,0.255420,1.000000,0.989809,0.850000,0.760000,,1.000000,1379.405,6,4,0.760000,0.180000,0.010000,0.050000,0.480000,0.320000,0.000000,0.000000,NOTE_HYPOTHESIS,shared_audio_intelligence_v0_2;spectral_peak;owner_supplied_audio
BE-003:pitch:02953,BE-003:onset:0703,123.855238,831.855238,208.040000,53,1.040000,42.8047,G2,96.8994,0.255420,1.000000,0.989809,0.850000,0.760000,,1.000000,1379.405,6,5,0.760000,0.180000,0.010000,0.050000,0.480000,0.320000,0.000000,0.000000,NOTE_HYPOTHESIS,shared_audio_intelligence_v0_2;spectral_peak;owner_supplied_audio
BE-003:pitch:02954,BE-003:onset:0703,123.855238,831.855238,208.040000,53,1.040000,45.4734,A2,113.0493,0.092880,1.000000,0.989809,0.850000,0.550000,,1.000000,1379.405,6,6,0.550000,0.350000,0.030000,0.070000,0.480000,0.320000,0.000000,0.000000,NOTE_HYPOTHESIS,shared_audio_intelligence_v0_2;spectral_peak;owner_supplied_audio
BE-003:pitch:02955,BE-003:onset:0704,124.133878,832.133878,208.520000,53,1.520000,62.7603,D#4,306.8481,0.232200,1.000000,0.920196,0.850000,0.520000,,0.754045,2106.757,6,1,0.250000,0.520000,0.150000,0.080000,0.000000,0.450000,0.250000,0.200000,NOTE_HYPOTHESIS,shared_audio_intelligence_v0_2;spectral_peak;owner_supplied_audio
BE-003:pitch:02956,BE-003:onset:0704,124.133878,832.133878,208.520000,53,1.520000,34.2788,A#1,59.2163,0.487619,1.000000,0.920196,0.850000,0.760000,,0.754045,2106.757,6,2,0.760000,0.180000,0.010000,0.050000,0.480000,0.320000,0.000000,0.000000,NOTE_HYPOTHESIS,shared_audio_intelligence_v0_2;spectral_peak;owner_supplied_audio
BE-003:pitch:02957,BE-003:onset:0704,124.133878,832.133878,208.520000,53,1.520000,74.7603,D#5,613.6963,0.208980,1.000000,0.920196,0.850000,0.580000,,0.754045,2106.757,6,3,0.050000,0.300000,0.580000,0.070000,0.000000,0.120000,0.580000,0.220000,NOTE_HYPOTHESIS,shared_audio_intelligence_v0_2;spectral_peak;owner_supplied_audio
BE-003:pitch:02958,BE-003:onset:0704,124.133878,832.133878,208.520000,53,1.520000,55.7407,G#3,204.5654,0.394739,1.000000,0.920196,0.850000,0.520000,,0.754045,2106.757,6,4,0.250000,0.520000,0.150000,0.080000,0.000000,0.450000,0.250000,0.200000,NOTE_HYPOTHESIS,shared_audio_intelligence_v0_2;spectral_peak;owner_supplied_audio
BE-003:pitch:02959,BE-003:onset:0704,124.133878,832.133878,208.520000,53,1.520000,81.8808,A#5,925.9277,0.162540,1.000000,0.920196,0.850000,0.840000,,0.754045,2106.757,6,5,0.010000,0.080000,0.840000,0.070000,0.000000,0.120000,0.580000,0.220000,NOTE_HYPOTHESIS,shared_audio_intelligence_v0_2;spectral_peak;owner_supplied_audio
BE-003:pitch:02960,BE-003:onset:0704,124.133878,832.133878,208.520000,53,1.520000,57.0562,A3,220.7153,0.232200,1.000000,0.920196,0.850000,0.520000,,0.754045,2106.757,6,6,0.250000,0.520000,0.150000,0.080000,0.000000,0.450000,0.250000,0.200000,NOTE_HYPOTHESIS,shared_audio_intelligence_v0_2;spectral_peak;owner_supplied_audio
BE-003:pitch:02961,BE-003:onset:0705,124.273197,832.273197,208.760000,53,1.760000,35.7851,C2,64.5996,0.580499,1.000000,0.719737,0.850000,0.760000,,0.753915,2226.365,6,1,0.760000,0.180000,0.010000,0.050000,0.480000,0.320000,0.000000,0.000000,NOTE_HYPOTHESIS,shared_audio_intelligence_v0_2;spectral_peak;owner_supplied_audio
BE-003:pitch:02962,BE-003:onset:0705,124.273197,832.273197,208.760000,53,1.760000,66.8047,G4,387.5977,0.278639,1.000000,0.719737,0.850000,0.580000,,0.753915,2226.365,6,2,0.050000,0.300000,0.580000,0.070000,0.000000,0.450000,0.250000,0.200000,NOTE_HYPOTHESIS,shared_audio_intelligence_v0_2;spectral_peak;owner_supplied_audio
BE-003:pitch:02963,BE-003:onset:0705,124.273197,832.273197,208.760000,53,1.760000,78.9245,G5,780.5786,0.255420,1.000000,0.719737,0.850000,0.840000,,0.753915,2226.365,6,3,0.010000,0.080000,0.840000,0.070000,0.000000,0.120000,0.580000,0.220000,NOTE_HYPOTHESIS,shared_audio_intelligence_v0_2;spectral_peak;owner_supplied_audio
BE-003:pitch:02964,BE-003:onset:0705,124.273197,832.273197,208.760000,53,1.760000,63.0613,D#4,312.2314,0.417959,1.000000,0.719737,0.850000,0.520000,,0.753915,2226.365,6,4,0.250000,0.520000,0.150000,0.080000,0.000000,0.450000,0.250000,0.200000,NOTE_HYPOTHESIS,shared_audio_intelligence_v0_2;spectral_peak;owner_supplied_audio
BE-003:pitch:02965,BE-003:onset:0705,124.273197,832.273197,208.760000,53,1.760000,85.9042,D6,1168.1763,0.580499,0.904188,0.719737,0.802094,0.840000,,0.753915,2226.365,6,5,0.010000,0.080000,0.840000,0.070000,0.000000,0.120000,0.580000,0.220000,NOTE_HYPOTHESIS,shared_audio_intelligence_v0_2;spectral_peak;owner_supplied_audio
BE-003:pitch:02966,BE-003:onset:0705,124.273197,832.273197,208.760000,53,1.760000,74.9115,D#5,619.0796,0.092880,0.887793,0.719737,0.793896,0.580000,,0.753915,2226.365,6,6,0.050000,0.300000,0.580000,0.070000,0.000000,0.120000,0.580000,0.220000,NOTE_HYPOTHESIS,shared_audio_intelligence_v0_2;spectral_peak;owner_supplied_audio
BE-003:pitch:02967,BE-003:onset:0706,124.458957,832.458957,209.080000,53,2.080000,35.7851,C2,64.5996,0.534059,1.000000,0.923035,0.850000,0.760000,,0.732752,2094.484,6,1,0.760000,0.180000,0.010000,0.050000,0.480000,0.320000,0.000000,0.000000,NOTE_HYPOTHESIS,shared_audio_intelligence_v0_2;spectral_peak;owner_supplied_audio
BE-003:pitch:02968,BE-003:onset:0706,124.458957,832.458957,209.080000,53,2.080000,66.8047,G4,387.5977,0.464399,1.000000,0.923035,0.850000,0.580000,,0.732752,2094.484,6,2,0.050000,0.300000,0.580000,0.070000,0.000000,0.450000,0.250000,0.200000,NOTE_HYPOTHESIS,shared_audio_intelligence_v0_2;spectral_peak;owner_supplied_audio
BE-003:pitch:02969,BE-003:onset:0706,124.458957,832.458957,209.080000,53,2.080000,62.7603,D#4,306.8481,0.232200,1.000000,0.923035,0.850000,0.520000,,0.732752,2094.484,6,3,0.250000,0.520000,0.150000,0.080000,0.000000,0.450000,0.250000,0.200000,NOTE_HYPOTHESIS,shared_audio_intelligence_v0_2;spectral_peak;owner_supplied_audio
BE-003:pitch:02970,BE-003:onset:0706,124.458957,832.458957,209.080000,53,2.080000,81.8808,A#5,925.9277,0.162540,1.000000,0.923035,0.850000,0.840000,,0.732752,2094.484,6,4,0.010000,0.080000,0.840000,0.070000,0.000000,0.120000,0.580000,0.220000,NOTE_HYPOTHESIS,shared_audio_intelligence_v0_2;spectral_peak;owner_supplied_audio
BE-003:pitch:02971,BE-003:onset:0706,124.458957,832.458957,209.080000,53,2.080000,74.7603,D#5,613.6963,0.139320,0.985977,0.923035,0.842988,0.580000,,0.732752,2094.484,6,5,0.050000,0.300000,0.580000,0.070000,0.000000,0.120000,0.580000,0.220000,NOTE_HYPOTHESIS,shared_audio_intelligence_v0_2;spectral_peak;owner_supplied_audio
BE-003:pitch:02972,BE-003:onset:0706,124.458957,832.458957,209.080000,53,2.080000,78.9245,G5,780.5786,0.092880,0.937027,0.923035,0.818514,0.840000,,0.732752,2094.484,6,6,0.010000,0.080000,0.840000,0.070000,0.000000,0.120000,0.580000,0.220000,NOTE_HYPOTHESIS,shared_audio_intelligence_v0_2;spectral_peak;owner_supplied_audio
BE-003:pitch:02973,BE-003:onset:0707,124.575057,832.575057,209.280000,53,2.280000,73.9838,D5,586.7798,0.208980,1.000000,0.685973,0.850000,0.580000,,1.000000,1800.988,4,1,0.050000,0.300000,0.580000,0.070000,0.000000,0.120000,0.580000,0.220000,NOTE_HYPOTHESIS,shared_audio_intelligence_v0_2;spectral_peak;owner_supplied_audio
BE-003:pitch:02974,BE-003:onset:0707,124.575057,832.575057,209.280000,53,2.280000,85.9042,D6,1168.1763,0.185760,1.000000,0.685973,0.850000,0.840000,,1.000000,1800.988,4,2,0.010000,0.080000,0.840000,0.070000,0.000000,0.120000,0.580000,0.220000,NOTE_HYPOTHESIS,shared_audio_intelligence_v0_2;spectral_peak;owner_supplied_audio
BE-003:pitch:02975,BE-003:onset:0707,124.575057,832.575057,209.280000,53,2.280000,37.1709,C#2,69.9829,0.859138,1.000000,0.685973,0.850000,0.760000,,1.000000,1800.988,4,3,0.760000,0.180000,0.010000,0.050000,0.480000,0.320000,0.000000,0.000000,NOTE_HYPOTHESIS,shared_audio_intelligence_v0_2;spectral_peak;owner_supplied_audio
BE-003:pitch:02976,BE-003:onset:0707,124.575057,832.575057,209.280000,53,2.280000,49.8242,D3,145.3491,0.348299,1.000000,0.685973,0.850000,0.550000,,1.000000,1800.988,4,4,0.550000,0.350000,0.030000,0.070000,0.480000,0.320000,0.000000,0.000000,NOTE_HYPOTHESIS,shared_audio_intelligence_v0_2;spectral_peak;owner_supplied_audio
BE-003:pitch:02977,BE-003:onset:0708,124.737596,832.737596,209.560000,53,2.560000,73.9838,D5,586.7798,0.092880,1.000000,0.638512,0.850000,0.580000,,0.655698,2527.996,6,1,0.050000,0.300000,0.580000,0.070000,0.000000,0.120000,0.580000,0.220000,NOTE_HYPOTHESIS,shared_audio_intelligence_v0_2;spectral_peak;owner_supplied_audio
BE-003:pitch:02978,BE-003:onset:0708,124.737596,832.737596,209.560000,53,2.560000,49.8242,D3,145.3491,0.185760,1.000000,0.638512,0.850000,0.550000,,0.655698,2527.996,6,2,0.550000,0.350000,0.030000,0.070000,0.480000,0.320000,0.000000,0.000000,NOTE_HYPOTHESIS,shared_audio_intelligence_v0_2;spectral_peak;owner_supplied_audio
BE-003:pitch:02979,BE-003:onset:0708,124.737596,832.737596,209.560000,53,2.560000,37.1709,C#2,69.9829,0.789478,1.000000,0.638512,0.850000,0.760000,,0.655698,2527.996,6,3,0.760000,0.180000,0.010000,0.050000,0.480000,0.320000,0.000000,0.000000,NOTE_HYPOTHESIS,shared_audio_intelligence_v0_2;spectral_peak;owner_supplied_audio
BE-003:pitch:02980,BE-003:onset:0708,124.737596,832.737596,209.560000,53,2.560000,66.8047,G4,387.5977,0.185760,1.000000,0.638512,0.850000,0.580000,,0.655698,2527.996,6,4,0.050000,0.300000,0.580000,0.070000,0.000000,0.450000,0.250000,0.200000,NOTE_HYPOTHESIS,shared_audio_intelligence_v0_2;spectral_peak;owner_supplied_audio
BE-003:pitch:02981,BE-003:onset:0708,124.737596,832.737596,209.560000,53,2.560000,85.9042,D6,1168.1763,0.092880,0.995104,0.638512,0.847552,0.840000,,0.655698,2527.996,6,5,0.010000,0.080000,0.840000,0.070000,0.000000,0.120000,0.580000,0.220000,NOTE_HYPOTHESIS,shared_audio_intelligence_v0_2;spectral_peak;owner_supplied_audio
BE-003:pitch:02982,BE-003:onset:0708,124.737596,832.737596,209.560000,53,2.560000,78.8047,G5,775.1953,0.139320,0.975163,0.638512,0.837581,0.840000,,0.655698,2527.996,6,6,0.010000,0.080000,0.840000,0.070000,0.000000,0.120000,0.580000,0.220000,NOTE_HYPOTHESIS,shared_audio_intelligence_v0_2;spectral_peak;owner_supplied_audio
BE-003:pitch:02983,BE-003:onset:0709,124.853696,832.853696,209.760000,53,2.760000,38.4538,D2,75.3662,0.626939,1.000000,0.902726,0.850000,0.760000,,0.565120,1969.485,6,1,0.760000,0.180000,0.010000,0.050000,0.480000,0.320000,0.000000,0.000000,NOTE_HYPOTHESIS,shared_audio_intelligence_v0_2;spectral_peak;owner_supplied_audio
BE-003:pitch:02984,BE-003:onset:0709,124.853696,832.853696,209.760000,53,2.760000,81.8808,A#5,925.9277,0.208980,1.000000,0.902726,0.850000,0.840000,,0.565120,1969.485,6,2,0.010000,0.080000,0.840000,0.070000,0.000000,0.120000,0.580000,0.220000,NOTE_HYPOTHESIS,shared_audio_intelligence_v0_2;spectral_peak;owner_supplied_audio
BE-003:pitch:02985,BE-003:onset:0709,124.853696,832.853696,209.760000,53,2.760000,69.8808,A#4,462.9639,1.091338,1.000000,0.902726,0.850000,0.580000,,0.565120,1969.485,6,3,0.050000,0.300000,0.580000,0.070000,0.000000,0.450000,0.250000,0.200000,NOTE_HYPOTHESIS,shared_audio_intelligence_v0_2;spectral_peak;owner_supplied_audio
BE-003:pitch:02986,BE-003:onset:0709,124.853696,832.853696,209.760000,53,2.760000,51.0613,D#3,156.1157,0.557279,1.000000,0.902726,0.850000,0.550000,,0.565120,1969.485,6,4,0.550000,0.350000,0.030000,0.070000,0.480000,0.320000,0.000000,0.000000,NOTE_HYPOTHESIS,shared_audio_intelligence_v0_2;spectral_peak;owner_supplied_audio
BE-003:pitch:02987,BE-003:onset:0709,124.853696,832.853696,209.760000,53,2.760000,88.9673,F6,1394.2749,0.185760,1.000000,0.902726,0.850000,0.840000,,0.565120,1969.485,6,5,0.010000,0.080000,0.840000,0.070000,0.000000,0.120000,0.580000,0.220000,NOTE_HYPOTHESIS,shared_audio_intelligence_v0_2;spectral_peak;owner_supplied_audio
BE-003:pitch:02988,BE-003:onset:0709,124.853696,832.853696,209.760000,53,2.760000,35.7851,C2,64.5996,0.464399,0.939435,0.902726,0.819718,0.760000,,0.565120,1969.485,6,6,0.760000,0.180000,0.010000,0.050000,0.480000,0.320000,0.000000,0.000000,NOTE_HYPOTHESIS,shared_audio_intelligence_v0_2;spectral_peak;owner_supplied_audio
BE-003:pitch:02989,BE-003:onset:0710,125.016236,833.016236,210.035714,53,3.035714,39.6483,E2,80.7495,0.650159,1.000000,0.630980,0.850000,0.760000,,0.718892,2242.660,6,1,0.760000,0.180000,0.010000,0.050000,0.480000,0.320000,0.000000,0.000000,NOTE_HYPOTHESIS,shared_audio_intelligence_v0_2;spectral_peak;owner_supplied_audio
BE-003:pitch:02990,BE-003:onset:0710,125.016236,833.016236,210.035714,53,3.035714,69.8808,A#4,462.9639,0.928798,1.000000,0.630980,0.850000,0.580000,,0.718892,2242.660,6,2,0.050000,0.300000,0.580000,0.070000,0.000000,0.450000,0.250000,0.200000,NOTE_HYPOTHESIS,shared_audio_intelligence_v0_2;spectral_peak;owner_supplied_audio
BE-003:pitch:02991,BE-003:onset:0710,125.016236,833.016236,210.035714,53,3.035714,81.8808,A#5,925.9277,0.626939,1.000000,0.630980,0.850000,0.840000,,0.718892,2242.660,6,3,0.010000,0.080000,0.840000,0.070000,0.000000,0.120000,0.580000,0.220000,NOTE_HYPOTHESIS,shared_audio_intelligence_v0_2;spectral_peak;owner_supplied_audio
BE-003:pitch:02992,BE-003:onset:0710,125.016236,833.016236,210.035714,53,3.035714,67.0435,G4,392.9810,0.278639,0.985825,0.630980,0.842912,0.580000,,0.718892,2242.660,6,4,0.050000,0.300000,0.580000,0.070000,0.000000,0.450000,0.250000,0.200000,NOTE_HYPOTHESIS,shared_audio_intelligence_v0_2;spectral_peak;owner_supplied_audio
BE-003:pitch:02993,BE-003:onset:0710,125.016236,833.016236,210.035714,53,3.035714,78.8047,G5,775.1953,0.208980,0.862377,0.630980,0.781189,0.840000,,0.718892,2242.660,6,5,0.010000,0.080000,0.840000,0.070000,0.000000,0.120000,0.580000,0.220000,NOTE_HYPOTHESIS,shared_audio_intelligence_v0_2;spectral_peak;owner_supplied_audio
BE-003:pitch:02994,BE-003:onset:0710,125.016236,833.016236,210.035714,53,3.035714,51.0613,D#3,156.1157,0.534059,0.859992,0.630980,0.779996,0.550000,,0.718892,2242.660,6,6,0.550000,0.350000,0.030000,0.070000,0.480000,0.320000,0.000000,0.000000,NOTE_HYPOTHESIS,shared_audio_intelligence_v0_2;spectral_peak;owner_supplied_audio
BE-003:pitch:02995,BE-003:onset:0711,125.155556,833.155556,210.250000,53,3.250000,39.6483,E2,80.7495,0.510839,1.000000,0.772208,0.850000,0.760000,,0.605632,2159.500,6,1,0.760000,0.180000,0.010000,0.050000,0.480000,0.320000,0.000000,0.000000,NOTE_HYPOTHESIS,shared_audio_intelligence_v0_2;spectral_peak;owner_supplied_audio
BE-003:pitch:02996,BE-003:onset:0711,125.155556,833.155556,210.250000,53,3.250000,69.8808,A#4,462.9639,0.766259,1.000000,0.772208,0.850000,0.580000,,0.605632,2159.500,6,2,0.050000,0.300000,0.580000,0.070000,0.000000,0.450000,0.250000,0.200000,NOTE_HYPOTHESIS,shared_audio_intelligence_v0_2;spectral_peak;owner_supplied_audio
BE-003:pitch:02997,BE-003:onset:0711,125.155556,833.155556,210.250000,53,3.250000,81.8808,A#5,925.9277,0.464399,1.000000,0.772208,0.850000,0.840000,,0.605632,2159.500,6,3,0.010000,0.080000,0.840000,0.070000,0.000000,0.120000,0.580000,0.220000,NOTE_HYPOTHESIS,shared_audio_intelligence_v0_2;spectral_peak;owner_supplied_audio
BE-003:pitch:02998,BE-003:onset:0711,125.155556,833.155556,210.250000,53,3.250000,42.8047,G2,96.8994,0.116100,1.000000,0.772208,0.850000,0.760000,,0.605632,2159.500,6,4,0.760000,0.180000,0.010000,0.050000,0.480000,0.320000,0.000000,0.000000,NOTE_HYPOTHESIS,shared_audio_intelligence_v0_2;spectral_peak;owner_supplied_audio
BE-003:pitch:02999,BE-003:onset:0711,125.155556,833.155556,210.250000,53,3.250000,66.8047,G4,387.5977,0.116100,1.000000,0.772208,0.850000,0.580000,,0.605632,2159.500,6,5,0.050000,0.300000,0.580000,0.070000,0.000000,0.450000,0.250000,0.200000,NOTE_HYPOTHESIS,shared_audio_intelligence_v0_2;spectral_peak;owner_supplied_audio
BE-003:pitch:03000,BE-003:onset:0711,125.155556,833.155556,210.250000,53,3.250000,88.9673,F6,1394.2749,0.162540,0.984244,0.772208,0.842122,0.840000,,0.605632,2159.500,6,6,0.010000,0.080000,0.840000,0.070000,0.000000,0.120000,0.580000,0.220000,NOTE_HYPOTHESIS,shared_audio_intelligence_v0_2;spectral_peak;owner_supplied_audio
BE-003:pitch:03001,BE-003:onset:0712,125.341315,833.341315,210.535714,53,3.535714,73.9838,D5,586.7798,0.232200,1.000000,1.000000,0.850000,0.580000,,1.000000,1971.426,6,1,0.050000,0.300000,0.580000,0.070000,0.000000,0.120000,0.580000,0.220000,NOTE_HYPOTHESIS,shared_audio_intelligence_v0_2;spectral_peak;owner_supplied_audio
BE-003:pitch:03002,BE-003:onset:0712,125.341315,833.341315,210.535714,53,3.535714,85.9042,D6,1168.1763,0.232200,1.000000,1.000000,0.850000,0.840000,,1.000000,1971.426,6,2,0.010000,0.080000,0.840000,0.070000,0.000000,0.120000,0.580000,0.220000,NOTE_HYPOTHESIS,shared_audio_intelligence_v0_2;spectral_peak;owner_supplied_audio
BE-003:pitch:03003,BE-003:onset:0712,125.341315,833.341315,210.535714,53,3.535714,62.7603,D#4,306.8481,0.371519,1.000000,1.000000,0.850000,0.520000,,1.000000,1971.426,6,3,0.250000,0.520000,0.150000,0.080000,0.000000,0.450000,0.250000,0.200000,NOTE_HYPOTHESIS,shared_audio_intelligence_v0_2;spectral_peak;owner_supplied_audio
BE-003:pitch:03004,BE-003:onset:0712,125.341315,833.341315,210.535714,53,3.535714,39.6483,E2,80.7495,0.441179,1.000000,1.000000,0.850000,0.760000,,1.000000,1971.426,6,4,0.760000,0.180000,0.010000,0.050000,0.480000,0.320000,0.000000,0.000000,NOTE_HYPOTHESIS,shared_audio_intelligence_v0_2;spectral_peak;owner_supplied_audio
BE-003:pitch:03005,BE-003:onset:0712,125.341315,833.341315,210.535714,53,3.535714,81.8808,A#5,925.9277,0.301859,0.973113,1.000000,0.836556,0.840000,,1.000000,1971.426,6,5,0.010000,0.080000,0.840000,0.070000,0.000000,0.120000,0.580000,0.220000,NOTE_HYPOTHESIS,shared_audio_intelligence_v0_2;spectral_peak;owner_supplied_audio
BE-003:pitch:03006,BE-003:onset:0712,125.341315,833.341315,210.535714,53,3.535714,69.8808,A#4,462.9639,0.626939,0.930136,1.000000,0.815068,0.580000,,1.000000,1971.426,6,6,0.050000,0.300000,0.580000,0.070000,0.000000,0.450000,0.250000,0.200000,NOTE_HYPOTHESIS,shared_audio_intelligence_v0_2;spectral_peak;owner_supplied_audio
BE-003:pitch:03007,BE-003:onset:0713,125.736054,833.736054,211.166667,53,4.166667,44.6287,A2,107.6660,0.487619,1.000000,0.822886,0.850000,0.760000,,0.695182,1992.866,6,1,0.760000,0.180000,0.010000,0.050000,0.480000,0.320000,0.000000,0.000000,NOTE_HYPOTHESIS,shared_audio_intelligence_v0_2;spectral_peak;owner_supplied_audio
BE-003:pitch:03008,BE-003:onset:0713,125.736054,833.736054,211.166667,53,4.166667,81.8808,A#5,925.9277,0.185760,1.000000,0.822886,0.850000,0.840000,,0.695182,1992.866,6,2,0.010000,0.080000,0.840000,0.070000,0.000000,0.120000,0.580000,0.220000,NOTE_HYPOTHESIS,shared_audio_intelligence_v0_2;spectral_peak;owner_supplied_audio
BE-003:pitch:03009,BE-003:onset:0713,125.736054,833.736054,211.166667,53,4.166667,32.6287,A1,53.8330,0.743039,1.000000,0.822886,0.850000,0.760000,,0.695182,1992.866,6,3,0.760000,0.180000,0.010000,0.050000,0.480000,0.320000,0.000000,0.000000,NOTE_HYPOTHESIS,shared_audio_intelligence_v0_2;spectral_peak;owner_supplied_audio
BE-003:pitch:03010,BE-003:onset:0713,125.736054,833.736054,211.166667,53,4.166667,65.0340,F4,349.9146,0.417959,1.000000,0.822886,0.850000,0.580000,,0.695182,1992.866,6,4,0.050000,0.300000,0.580000,0.070000,0.000000,0.450000,0.250000,0.200000,NOTE_HYPOTHESIS,shared_audio_intelligence_v0_2;spectral_peak;owner_supplied_audio
BE-003:pitch:03011,BE-003:onset:0713,125.736054,833.736054,211.166667,53,4.166667,69.8808,A#4,462.9639,0.208980,1.000000,0.822886,0.850000,0.580000,,0.695182,1992.866,6,5,0.050000,0.300000,0.580000,0.070000,0.000000,0.450000,0.250000,0.200000,NOTE_HYPOTHESIS,shared_audio_intelligence_v0_2;spectral_peak;owner_supplied_audio
BE-003:pitch:03012,BE-003:onset:0713,125.736054,833.736054,211.166667,53,4.166667,88.9673,F6,1394.2749,0.162540,1.000000,0.822886,0.850000,0.840000,,0.695182,1992.866,6,6,0.010000,0.080000,0.840000,0.070000,0.000000,0.120000,0.580000,0.220000,NOTE_HYPOTHESIS,shared_audio_intelligence_v0_2;spectral_peak;owner_supplied_audio
BE-003:pitch:03013,BE-003:onset:0714,125.921814,833.921814,211.500000,53,4.500000,64.7656,F4,344.5312,0.208980,1.000000,0.717707,0.850000,0.580000,,0.833900,1703.335,6,1,0.050000,0.300000,0.580000,0.070000,0.000000,0.450000,0.250000,0.200000,NOTE_HYPOTHESIS,shared_audio_intelligence_v0_2;spectral_peak;owner_supplied_audio
BE-003:pitch:03014,BE-003:onset:0714,125.921814,833.921814,211.500000,53,4.500000,32.6287,A1,53.8330,0.534059,1.000000,0.717707,0.850000,0.760000,,0.833900,1703.335,6,2,0.760000,0.180000,0.010000,0.050000,0.480000,0.320000,0.000000,0.000000,NOTE_HYPOTHESIS,shared_audio_intelligence_v0_2;spectral_peak;owner_supplied_audio
BE-003:pitch:03015,BE-003:onset:0714,125.921814,833.921814,211.500000,53,4.500000,42.8047,G2,96.8994,0.278639,1.000000,0.717707,0.850000,0.760000,,0.833900,1703.335,6,3,0.760000,0.180000,0.010000,0.050000,0.480000,0.320000,0.000000,0.000000,NOTE_HYPOTHESIS,shared_audio_intelligence_v0_2;spectral_peak;owner_supplied_audio
BE-003:pitch:03016,BE-003:onset:0714,125.921814,833.921814,211.500000,53,4.500000,44.6287,A2,107.6660,0.441179,1.000000,0.717707,0.850000,0.760000,,0.833900,1703.335,6,4,0.760000,0.180000,0.010000,0.050000,0.480000,0.320000,0.000000,0.000000,NOTE_HYPOTHESIS,shared_audio_intelligence_v0_2;spectral_peak;owner_supplied_audio
BE-003:pitch:03017,BE-003:onset:0714,125.921814,833.921814,211.500000,53,4.500000,76.9003,F5,694.4458,0.139320,0.924093,0.717707,0.812047,0.840000,,0.833900,1703.335,6,5,0.010000,0.080000,0.840000,0.070000,0.000000,0.120000,0.580000,0.220000,NOTE_HYPOTHESIS,shared_audio_intelligence_v0_2;spectral_peak;owner_supplied_audio
BE-003:pitch:03018,BE-003:onset:0714,125.921814,833.921814,211.500000,53,4.500000,73.9838,D5,586.7798,0.116100,0.896400,0.717707,0.798200,0.580000,,0.833900,1703.335,6,6,0.050000,0.300000,0.580000,0.070000,0.000000,0.120000,0.580000,0.220000,NOTE_HYPOTHESIS,shared_audio_intelligence_v0_2;spectral_peak;owner_supplied_audio
BE-003:pitch:03019,BE-003:onset:0715,126.037914,834.037914,211.708333,53,4.708333,34.2788,A#1,59.2163,0.394739,1.000000,0.565278,0.850000,0.760000,,0.681274,1896.031,6,1,0.760000,0.180000,0.010000,0.050000,0.480000,0.320000,0.000000,0.000000,NOTE_HYPOTHESIS,shared_audio_intelligence_v0_2;spectral_peak;owner_supplied_audio
BE-003:pitch:03020,BE-003:onset:0715,126.037914,834.037914,211.708333,53,4.708333,65.0340,F4,349.9146,0.092880,1.000000,0.565278,0.850000,0.580000,,0.681274,1896.031,6,2,0.050000,0.300000,0.580000,0.070000,0.000000,0.450000,0.250000,0.200000,NOTE_HYPOTHESIS,shared_audio_intelligence_v0_2;spectral_peak;owner_supplied_audio
BE-003:pitch:03021,BE-003:onset:0715,126.037914,834.037914,211.708333,53,4.708333,46.2788,A#2,118.4326,0.232200,1.000000,0.565278,0.850000,0.550000,,0.681274,1896.031,6,3,0.550000,0.350000,0.030000,0.070000,0.480000,0.320000,0.000000,0.000000,NOTE_HYPOTHESIS,shared_audio_intelligence_v0_2;spectral_peak;owner_supplied_audio
BE-003:pitch:03022,BE-003:onset:0715,126.037914,834.037914,211.708333,53,4.708333,68.8438,A4,436.0474,0.487619,1.000000,0.565278,0.850000,0.580000,,0.681274,1896.031,6,4,0.050000,0.300000,0.580000,0.070000,0.000000,0.450000,0.250000,0.200000,NOTE_HYPOTHESIS,shared_audio_intelligence_v0_2;spectral_peak;owner_supplied_audio
BE-003:pitch:03023,BE-003:onset:0715,126.037914,834.037914,211.708333,53,4.708333,43.7407,G#2,102.2827,0.371519,1.000000,0.565278,0.850000,0.760000,,0.681274,1896.031,6,5,0.760000,0.180000,0.010000,0.050000,0.480000,0.320000,0.000000,0.000000,NOTE_HYPOTHESIS,shared_audio_intelligence_v0_2;spectral_peak;owner_supplied_audio
BE-003:pitch:03024,BE-003:onset:0715,126.037914,834.037914,211.708333,53,4.708333,87.8633,E6,1308.1421,0.139320,0.956556,0.565278,0.828278,0.840000,,0.681274,1896.031,6,6,0.010000,0.080000,0.840000,0.070000,0.000000,0.120000,0.580000,0.220000,NOTE_HYPOTHESIS,shared_audio_intelligence_v0_2;spectral_peak;owner_supplied_audio
BE-003:pitch:03025,BE-003:onset:0716,126.200454,834.200454,212.000000,54,1.000000,83.9645,C6,1044.3604,0.185760,1.000000,0.969466,0.850000,0.840000,,0.872614,1964.536,5,1,0.010000,0.080000,0.840000,0.070000,0.000000,0.120000,0.580000,0.220000,NOTE_HYPOTHESIS,shared_audio_intelligence_v0_2;spectral_peak;owner_supplied_audio
BE-003:pitch:03026,BE-003:onset:0716,126.200454,834.200454,212.000000,54,1.000000,34.2788,A#1,59.2163,0.232200,1.000000,0.969466,0.850000,0.760000,,0.872614,1964.536,5,2,0.760000,0.180000,0.010000,0.050000,0.480000,0.320000,0.000000,0.000000,NOTE_HYPOTHESIS,shared_audio_intelligence_v0_2;spectral_peak;owner_supplied_audio
BE-003:pitch:03027,BE-003:onset:0716,126.200454,834.200454,212.000000,54,1.000000,71.9645,C5,522.1802,0.278639,1.000000,0.969466,0.850000,0.580000,,0.872614,1964.536,5,3,0.050000,0.300000,0.580000,0.070000,0.000000,0.120000,0.580000,0.220000,NOTE_HYPOTHESIS,shared_audio_intelligence_v0_2;spectral_peak;owner_supplied_audio
BE-003:pitch:03028,BE-003:onset:0716,126.200454,834.200454,212.000000,54,1.000000,46.2788,A#2,118.4326,0.092880,1.000000,0.969466,0.850000,0.550000,,0.872614,1964.536,5,4,0.550000,0.350000,0.030000,0.070000,0.480000,0.320000,0.000000,0.000000,NOTE_HYPOTHESIS,shared_audio_intelligence_v0_2;spectral_peak;owner_supplied_audio
BE-003:pitch:03029,BE-003:onset:0716,126.200454,834.200454,212.000000,54,1.000000,68.8438,A4,436.0474,0.975238,1.000000,0.969466,0.850000,0.580000,,0.872614,1964.536,5,5,0.050000,0.300000,0.580000,0.070000,0.000000,0.450000,0.250000,0.200000,NOTE_HYPOTHESIS,shared_audio_intelligence_v0_2;spectral_peak;owner_supplied_audio
BE-003:pitch:03030,BE-003:onset:0717,126.479093,834.479093,212.480000,54,1.480000,64.7656,F4,344.5312,0.208980,1.000000,0.559239,0.850000,0.580000,,0.479439,2033.563,6,1,0.050000,0.300000,0.580000,0.070000,0.000000,0.450000,0.250000,0.200000,NOTE_HYPOTHESIS,shared_audio_intelligence_v0_2;spectral_peak;owner_supplied_audio
BE-003:pitch:03031,BE-003:onset:0717,126.479093,834.479093,212.480000,54,1.480000,49.8242,D3,145.3491,0.092880,1.000000,0.559239,0.850000,0.550000,,0.479439,2033.563,6,2,0.550000,0.350000,0.030000,0.070000,0.480000,0.320000,0.000000,0.000000,NOTE_HYPOTHESIS,shared_audio_intelligence_v0_2;spectral_peak;owner_supplied_audio
BE-003:pitch:03032,BE-003:onset:0717,126.479093,834.479093,212.480000,54,1.480000,37.1709,C#2,69.9829,0.185760,1.000000,0.559239,0.850000,0.760000,,0.479439,2033.563,6,3,0.760000,0.180000,0.010000,0.050000,0.480000,0.320000,0.000000,0.000000,NOTE_HYPOTHESIS,shared_audio_intelligence_v0_2;spectral_peak;owner_supplied_audio
BE-003:pitch:03033,BE-003:onset:0717,126.479093,834.479093,212.480000,54,1.480000,68.8438,A4,436.0474,0.696599,1.000000,0.559239,0.850000,0.580000,,0.479439,2033.563,6,4,0.050000,0.300000,0.580000,0.070000,0.000000,0.450000,0.250000,0.200000,NOTE_HYPOTHESIS,shared_audio_intelligence_v0_2;spectral_peak;owner_supplied_audio
BE-003:pitch:03034,BE-003:onset:0717,126.479093,834.479093,212.480000,54,1.480000,71.9645,C5,522.1802,0.092880,0.921287,0.559239,0.810644,0.580000,,0.479439,2033.563,6,5,0.050000,0.300000,0.580000,0.070000,0.000000,0.120000,0.580000,0.220000,NOTE_HYPOTHESIS,shared_audio_intelligence_v0_2;spectral_peak;owner_supplied_audio
BE-003:pitch:03035,BE-003:onset:0717,126.479093,834.479093,212.480000,54,1.480000,76.9003,F5,694.4458,0.139320,0.914389,0.559239,0.807195,0.840000,,0.479439,2033.563,6,6,0.010000,0.080000,0.840000,0.070000,0.000000,0.120000,0.580000,0.220000,NOTE_HYPOTHESIS,shared_audio_intelligence_v0_2;spectral_peak;owner_supplied_audio
BE-003:pitch:03036,BE-003:onset:0718,126.618413,834.618413,212.720000,54,1.720000,40.7656,F2,86.1328,0.232200,1.000000,0.759175,0.850000,0.760000,,0.465605,2102.177,5,1,0.760000,0.180000,0.010000,0.050000,0.480000,0.320000,0.000000,0.000000,NOTE_HYPOTHESIS,shared_audio_intelligence_v0_2;spectral_peak;owner_supplied_audio
BE-003:pitch:03037,BE-003:onset:0718,126.618413,834.618413,212.720000,54,1.720000,68.8438,A4,436.0474,0.534059,1.000000,0.759175,0.850000,0.580000,,0.465605,2102.177,5,2,0.050000,0.300000,0.580000,0.070000,0.000000,0.450000,0.250000,0.200000,NOTE_HYPOTHESIS,shared_audio_intelligence_v0_2;spectral_peak;owner_supplied_audio
BE-003:pitch:03038,BE-003:onset:0718,126.618413,834.618413,212.720000,54,1.720000,65.0340,F4,349.9146,0.650159,1.000000,0.759175,0.850000,0.580000,,0.465605,2102.177,5,3,0.050000,0.300000,0.580000,0.070000,0.000000,0.450000,0.250000,0.200000,NOTE_HYPOTHESIS,shared_audio_intelligence_v0_2;spectral_peak;owner_supplied_audio
BE-003:pitch:03039,BE-003:onset:0718,126.618413,834.618413,212.720000,54,1.720000,87.9344,E6,1313.5254,0.441179,0.995120,0.759175,0.847560,0.840000,,0.465605,2102.177,5,4,0.010000,0.080000,0.840000,0.070000,0.000000,0.120000,0.580000,0.220000,NOTE_HYPOTHESIS,shared_audio_intelligence_v0_2;spectral_peak;owner_supplied_audio
BE-003:pitch:03040,BE-003:onset:0718,126.618413,834.618413,212.720000,54,1.720000,35.7851,C2,64.5996,0.441179,0.938137,0.759175,0.819068,0.760000,,0.465605,2102.177,5,5,0.760000,0.180000,0.010000,0.050000,0.480000,0.320000,0.000000,0.000000,NOTE_HYPOTHESIS,shared_audio_intelligence_v0_2;spectral_peak;owner_supplied_audio
BE-003:pitch:03041,BE-003:onset:0719,126.780952,834.780952,213.000000,54,2.000000,64.7656,F4,344.5312,0.162540,1.000000,1.000000,0.850000,0.580000,,0.566226,2115.329,6,1,0.050000,0.300000,0.580000,0.070000,0.000000,0.450000,0.250000,0.200000,NOTE_HYPOTHESIS,shared_audio_intelligence_v0_2;spectral_peak;owner_supplied_audio
BE-003:pitch:03042,BE-003:onset:0719,126.780952,834.780952,213.000000,54,2.000000,40.7656,F2,86.1328,0.069660,1.000000,1.000000,0.850000,0.760000,,0.566226,2115.329,6,2,0.760000,0.180000,0.010000,0.050000,0.480000,0.320000,0.000000,0.000000,NOTE_HYPOTHESIS,shared_audio_intelligence_v0_2;spectral_peak;owner_supplied_audio
BE-003:pitch:03043,BE-003:onset:0719,126.780952,834.780952,213.000000,54,2.000000,68.8438,A4,436.0474,0.394739,1.000000,1.000000,0.850000,0.580000,,0.566226,2115.329,6,3,0.050000,0.300000,0.580000,0.070000,0.000000,0.450000,0.250000,0.200000,NOTE_HYPOTHESIS,shared_audio_intelligence_v0_2;spectral_peak;owner_supplied_audio
BE-003:pitch:03044,BE-003:onset:0719,126.780952,834.780952,213.000000,54,2.000000,55.7407,G#3,204.5654,0.464399,0.896683,1.000000,0.798341,0.520000,,0.566226,2115.329,6,4,0.250000,0.520000,0.150000,0.080000,0.000000,0.450000,0.250000,0.200000,NOTE_HYPOTHESIS,shared_audio_intelligence_v0_2;spectral_peak;owner_supplied_audio
BE-003:pitch:03045,BE-003:onset:0719,126.780952,834.780952,213.000000,54,2.000000,57.0562,A3,220.7153,0.348299,0.868647,1.000000,0.784324,0.520000,,0.566226,2115.329,6,5,0.250000,0.520000,0.150000,0.080000,0.000000,0.450000,0.250000,0.200000,NOTE_HYPOTHESIS,shared_audio_intelligence_v0_2;spectral_peak;owner_supplied_audio
BE-003:pitch:03046,BE-003:onset:0719,126.780952,834.780952,213.000000,54,2.000000,73.8242,D5,581.3965,0.092880,0.846799,1.000000,0.773399,0.580000,,0.566226,2115.329,6,6,0.050000,0.300000,0.580000,0.070000,0.000000,0.120000,0.580000,0.220000,NOTE_HYPOTHESIS,shared_audio_intelligence_v0_2;spectral_peak;owner_supplied_audio
BE-003:pitch:03047,BE-003:onset:0720,127.059592,835.059592,213.480000,54,2.480000,64.7656,F4,344.5312,0.185760,1.000000,0.625657,0.850000,0.580000,,0.548076,2502.027,6,1,0.050000,0.300000,0.580000,0.070000,0.000000,0.450000,0.250000,0.200000,NOTE_HYPOTHESIS,shared_audio_intelligence_v0_2;spectral_peak;owner_supplied_audio
BE-003:pitch:03048,BE-003:onset:0720,127.059592,835.059592,213.480000,54,2.480000,45.4734,A2,113.0493,0.139320,1.000000,0.625657,0.850000,0.550000,,0.548076,2502.027,6,2,0.550000,0.350000,0.030000,0.070000,0.480000,0.320000,0.000000,0.000000,NOTE_HYPOTHESIS,shared_audio_intelligence_v0_2;spectral_peak;owner_supplied_audio
BE-003:pitch:03049,BE-003:onset:0720,127.059592,835.059592,213.480000,54,2.480000,68.8438,A4,436.0474,0.116100,0.964175,0.625657,0.832088,0.580000,,0.548076,2502.027,6,3,0.050000,0.300000,0.580000,0.070000,0.000000,0.450000,0.250000,0.200000,NOTE_HYPOTHESIS,shared_audio_intelligence_v0_2;spectral_peak;owner_supplied_audio
BE-003:pitch:03050,BE-003:onset:0720,127.059592,835.059592,213.480000,54,2.480000,73.9838,D5,586.7798,0.232200,0.898032,0.625657,0.799016,0.580000,,0.548076,2502.027,6,4,0.050000,0.300000,0.580000,0.070000,0.000000,0.120000,0.580000,0.220000,NOTE_HYPOTHESIS,shared_audio_intelligence_v0_2;spectral_peak;owner_supplied_audio
BE-003:pitch:03051,BE-003:onset:0720,127.059592,835.059592,213.480000,54,2.480000,67.0435,G4,392.9810,1.532517,0.880192,0.625657,0.790096,0.580000,,0.548076,2502.027,6,5,0.050000,0.300000,0.580000,0.070000,0.000000,0.450000,0.250000,0.200000,NOTE_HYPOTHESIS,shared_audio_intelligence_v0_2;spectral_peak;owner_supplied_audio
BE-003:pitch:03052,BE-003:onset:0720,127.059592,835.059592,213.480000,54,2.480000,54.3170,F#3,188.4155,0.232200,0.863359,0.625657,0.781680,0.550000,,0.548076,2502.027,6,6,0.550000,0.350000,0.030000,0.070000,0.480000,0.320000,0.000000,0.000000,NOTE_HYPOTHESIS,shared_audio_intelligence_v0_2;spectral_peak;owner_supplied_audio
BE-003:pitch:03053,BE-003:onset:0721,127.175692,835.175692,213.680000,54,2.680000,66.8047,G4,387.5977,1.114558,1.000000,0.910353,0.850000,0.580000,,0.804355,1721.312,6,1,0.050000,0.300000,0.580000,0.070000,0.000000,0.450000,0.250000,0.200000,NOTE_HYPOTHESIS,shared_audio_intelligence_v0_2;spectral_peak;owner_supplied_audio
BE-003:pitch:03054,BE-003:onset:0721,127.175692,835.175692,213.680000,54,2.680000,47.7851,C3,129.1992,0.255420,1.000000,0.910353,0.850000,0.550000,,0.804355,1721.312,6,2,0.550000,0.350000,0.030000,0.070000,0.480000,0.320000,0.000000,0.000000,NOTE_HYPOTHESIS,shared_audio_intelligence_v0_2;spectral_peak;owner_supplied_audio
BE-003:pitch:03055,BE-003:onset:0721,127.175692,835.175692,213.680000,54,2.680000,78.9245,G5,780.5786,0.185760,1.000000,0.910353,0.850000,0.840000,,0.804355,1721.312,6,3,0.010000,0.080000,0.840000,0.070000,0.000000,0.120000,0.580000,0.220000,NOTE_HYPOTHESIS,shared_audio_intelligence_v0_2;spectral_peak;owner_supplied_audio
BE-003:pitch:03056,BE-003:onset:0721,127.175692,835.175692,213.680000,54,2.680000,43.7407,G#2,102.2827,0.139320,1.000000,0.910353,0.850000,0.760000,,0.804355,1721.312,6,4,0.760000,0.180000,0.010000,0.050000,0.480000,0.320000,0.000000,0.000000,NOTE_HYPOTHESIS,shared_audio_intelligence_v0_2;spectral_peak;owner_supplied_audio
BE-003:pitch:03057,BE-003:onset:0721,127.175692,835.175692,213.680000,54,2.680000,65.0340,F4,349.9146,0.069660,1.000000,0.910353,0.850000,0.580000,,0.804355,1721.312,6,5,0.050000,0.300000,0.580000,0.070000,0.000000,0.450000,0.250000,0.200000,NOTE_HYPOTHESIS,shared_audio_intelligence_v0_2;spectral_peak;owner_supplied_audio
BE-003:pitch:03058,BE-003:onset:0721,127.175692,835.175692,213.680000,54,2.680000,85.9042,D6,1168.1763,0.162540,1.000000,0.910353,0.850000,0.840000,,0.804355,1721.312,6,6,0.010000,0.080000,0.840000,0.070000,0.000000,0.120000,0.580000,0.220000,NOTE_HYPOTHESIS,shared_audio_intelligence_v0_2;spectral_peak;owner_supplied_audio
BE-003:pitch:03059,BE-003:onset:0722,127.361451,835.361451,214.000000,54,3.000000,81.8808,A#5,925.9277,0.185760,1.000000,1.000000,0.850000,0.840000,,0.688166,1925.039,6,1,0.010000,0.080000,0.840000,0.070000,0.000000,0.120000,0.580000,0.220000,NOTE_HYPOTHESIS,shared_audio_intelligence_v0_2;spectral_peak;owner_supplied_audio
BE-003:pitch:03060,BE-003:onset:0722,127.361451,835.361451,214.000000,54,3.000000,69.8808,A#4,462.9639,0.301859,1.000000,1.000000,0.850000,0.580000,,0.688166,1925.039,6,2,0.050000,0.300000,0.580000,0.070000,0.000000,0.450000,0.250000,0.200000,NOTE_HYPOTHESIS,shared_audio_intelligence_v0_2;spectral_peak;owner_supplied_audio
BE-003:pitch:03061,BE-003:onset:0722,127.361451,835.361451,214.000000,54,3.000000,47.7851,C3,129.1992,0.092880,1.000000,1.000000,0.850000,0.550000,,0.688166,1925.039,6,3,0.550000,0.350000,0.030000,0.070000,0.480000,0.320000,0.000000,0.000000,NOTE_HYPOTHESIS,shared_audio_intelligence_v0_2;spectral_peak;owner_supplied_audio
BE-003:pitch:03062,BE-003:onset:0722,127.361451,835.361451,214.000000,54,3.000000,66.8047,G4,387.5977,1.068118,1.000000,1.000000,0.850000,0.580000,,0.688166,1925.039,6,4,0.050000,0.300000,0.580000,0.070000,0.000000,0.450000,0.250000,0.200000,NOTE_HYPOTHESIS,shared_audio_intelligence_v0_2;spectral_peak;owner_supplied_audio
BE-003:pitch:03063,BE-003:onset:0722,127.361451,835.361451,214.000000,54,3.000000,88.9673,F6,1394.2749,0.162540,1.000000,1.000000,0.850000,0.840000,,0.688166,1925.039,6,5,0.010000,0.080000,0.840000,0.070000,0.000000,0.120000,0.580000,0.220000,NOTE_HYPOTHESIS,shared_audio_intelligence_v0_2;spectral_peak;owner_supplied_audio
BE-003:pitch:03064,BE-003:onset:0722,127.361451,835.361451,214.000000,54,3.000000,43.7407,G#2,102.2827,0.464399,0.970838,1.000000,0.835419,0.760000,,0.688166,1925.039,6,6,0.760000,0.180000,0.010000,0.050000,0.480000,0.320000,0.000000,0.000000,NOTE_HYPOTHESIS,shared_audio_intelligence_v0_2;spectral_peak;owner_supplied_audio
BE-003:pitch:03065,BE-003:onset:0723,127.477551,835.477551,214.200000,54,3.200000,49.8242,D3,145.3491,0.278639,1.000000,0.682747,0.850000,0.550000,,0.665066,2055.546,6,1,0.550000,0.350000,0.030000,0.070000,0.480000,0.320000,0.000000,0.000000,NOTE_HYPOTHESIS,shared_audio_intelligence_v0_2;spectral_peak;owner_supplied_audio
BE-003:pitch:03066,BE-003:onset:0723,127.477551,835.477551,214.200000,54,3.200000,66.8047,G4,387.5977,0.905578,1.000000,0.682747,0.850000,0.580000,,0.665066,2055.546,6,2,0.050000,0.300000,0.580000,0.070000,0.000000,0.450000,0.250000,0.200000,NOTE_HYPOTHESIS,shared_audio_intelligence_v0_2;spectral_peak;owner_supplied_audio
BE-003:pitch:03067,BE-003:onset:0723,127.477551,835.477551,214.200000,54,3.200000,81.8808,A#5,925.9277,0.092880,1.000000,0.682747,0.850000,0.840000,,0.665066,2055.546,6,3,0.010000,0.080000,0.840000,0.070000,0.000000,0.120000,0.580000,0.220000,NOTE_HYPOTHESIS,shared_audio_intelligence_v0_2;spectral_peak;owner_supplied_audio
BE-003:pitch:03068,BE-003:onset:0723,127.477551,835.477551,214.200000,54,3.200000,69.8808,A#4,462.9639,0.185760,1.000000,0.682747,0.850000,0.580000,,0.665066,2055.546,6,4,0.050000,0.300000,0.580000,0.070000,0.000000,0.450000,0.250000,0.200000,NOTE_HYPOTHESIS,shared_audio_intelligence_v0_2;spectral_peak;owner_supplied_audio
BE-003:pitch:03069,BE-003:onset:0723,127.477551,835.477551,214.200000,54,3.200000,78.9245,G5,780.5786,0.812698,1.000000,0.682747,0.850000,0.840000,,0.665066,2055.546,6,5,0.010000,0.080000,0.840000,0.070000,0.000000,0.120000,0.580000,0.220000,NOTE_HYPOTHESIS,shared_audio_intelligence_v0_2;spectral_peak;owner_supplied_audio
BE-003:pitch:03070,BE-003:onset:0723,127.477551,835.477551,214.200000,54,3.200000,34.2788,A#1,59.2163,1.277098,0.993544,0.682747,0.846772,0.760000,,0.665066,2055.546,6,6,0.760000,0.180000,0.010000,0.050000,0.480000,0.320000,0.000000,0.000000,NOTE_HYPOTHESIS,shared_audio_intelligence_v0_2;spectral_peak;owner_supplied_audio
BE-003:pitch:03071,BE-003:onset:0724,127.686531,835.686531,214.560000,54,3.560000,62.7603,D#4,306.8481,0.487619,1.000000,0.772596,0.850000,0.520000,,0.456816,2006.523,6,1,0.250000,0.520000,0.150000,0.080000,0.000000,0.450000,0.250000,0.200000,NOTE_HYPOTHESIS,shared_audio_intelligence_v0_2;spectral_peak;owner_supplied_audio
BE-003:pitch:03072,BE-003:onset:0724,127.686531,835.686531,214.560000,54,3.560000,66.8047,G4,387.5977,0.975238,1.000000,0.772596,0.850000,0.580000,,0.456816,2006.523,6,2,0.050000,0.300000,0.580000,0.070000,0.000000,0.450000,0.250000,0.200000,NOTE_HYPOTHESIS,shared_audio_intelligence_v0_2;spectral_peak;owner_supplied_audio
BE-003:pitch:03073,BE-003:onset:0724,127.686531,835.686531,214.560000,54,3.560000,50.4538,D3,150.7324,0.673379,1.000000,0.772596,0.850000,0.550000,,0.456816,2006.523,6,3,0.550000,0.350000,0.030000,0.070000,0.480000,0.320000,0.000000,0.000000,NOTE_HYPOTHESIS,shared_audio_intelligence_v0_2;spectral_peak;owner_supplied_audio
BE-003:pitch:03074,BE-003:onset:0724,127.686531,835.686531,214.560000,54,3.560000,74.7603,D#5,613.6963,0.441179,0.947349,0.772596,0.823674,0.580000,,0.456816,2006.523,6,4,0.050000,0.300000,0.580000,0.070000,0.000000,0.120000,0.580000,0.220000,NOTE_HYPOTHESIS,shared_audio_intelligence_v0_2;spectral_peak;owner_supplied_audio
BE-003:pitch:03075,BE-003:onset:0724,127.686531,835.686531,214.560000,54,3.560000,44.6287,A2,107.6660,0.116100,0.945220,0.772596,0.822610,0.760000,,0.456816,2006.523,6,5,0.760000,0.180000,0.010000,0.050000,0.480000,0.320000,0.000000,0.000000,NOTE_HYPOTHESIS,shared_audio_intelligence_v0_2;spectral_peak;owner_supplied_audio
BE-003:pitch:03076,BE-003:onset:0724,127.686531,835.686531,214.560000,54,3.560000,67.2790,G4,398.3643,0.743039,0.935587,0.772596,0.817794,0.580000,,0.456816,2006.523,6,6,0.050000,0.300000,0.580000,0.070000,0.000000,0.450000,0.250000,0.200000,NOTE_HYPOTHESIS,shared_audio_intelligence_v0_2;spectral_peak;owner_supplied_audio
BE-003:pitch:03077,BE-003:onset:0725,127.756190,835.756190,214.680000,54,3.680000,66.8047,G4,387.5977,0.626939,1.000000,0.856594,0.850000,0.580000,,0.492960,1999.929,6,1,0.050000,0.300000,0.580000,0.070000,0.000000,0.450000,0.250000,0.200000,NOTE_HYPOTHESIS,shared_audio_intelligence_v0_2;spectral_peak;owner_supplied_audio
BE-003:pitch:03078,BE-003:onset:0725,127.756190,835.756190,214.680000,54,3.680000,78.9245,G5,780.5786,0.208980,1.000000,0.856594,0.850000,0.840000,,0.492960,1999.929,6,2,0.010000,0.080000,0.840000,0.070000,0.000000,0.120000,0.580000,0.220000,NOTE_HYPOTHESIS,shared_audio_intelligence_v0_2;spectral_peak;owner_supplied_audio
BE-003:pitch:03079,BE-003:onset:0725,127.756190,835.756190,214.680000,54,3.680000,62.7603,D#4,306.8481,0.464399,1.000000,0.856594,0.850000,0.520000,,0.492960,1999.929,6,3,0.250000,0.520000,0.150000,0.080000,0.000000,0.450000,0.250000,0.200000,NOTE_HYPOTHESIS,shared_audio_intelligence_v0_2;spectral_peak;owner_supplied_audio
BE-003:pitch:03080,BE-003:onset:0725,127.756190,835.756190,214.680000,54,3.680000,51.0613,D#3,156.1157,0.743039,1.000000,0.856594,0.850000,0.550000,,0.492960,1999.929,6,4,0.550000,0.350000,0.030000,0.070000,0.480000,0.320000,0.000000,0.000000,NOTE_HYPOTHESIS,shared_audio_intelligence_v0_2;spectral_peak;owner_supplied_audio
BE-003:pitch:03081,BE-003:onset:0725,127.756190,835.756190,214.680000,54,3.680000,85.9042,D6,1168.1763,0.162540,1.000000,0.856594,0.850000,0.840000,,0.492960,1999.929,6,5,0.010000,0.080000,0.840000,0.070000,0.000000,0.120000,0.580000,0.220000,NOTE_HYPOTHESIS,shared_audio_intelligence_v0_2;spectral_peak;owner_supplied_audio
BE-003:pitch:03082,BE-003:onset:0725,127.756190,835.756190,214.680000,54,3.680000,35.7851,C2,64.5996,1.044898,0.943577,0.856594,0.821789,0.760000,,0.492960,1999.929,6,6,0.760000,0.180000,0.010000,0.050000,0.480000,0.320000,0.000000,0.000000,NOTE_HYPOTHESIS,shared_audio_intelligence_v0_2;spectral_peak;owner_supplied_audio
BE-003:pitch:03083,BE-003:onset:0726,127.965170,835.965170,215.040000,54,4.040000,67.0435,G4,392.9810,0.464399,1.000000,0.601494,0.850000,0.580000,,0.685261,2214.512,6,1,0.050000,0.300000,0.580000,0.070000,0.000000,0.450000,0.250000,0.200000,NOTE_HYPOTHESIS,shared_audio_intelligence_v0_2;spectral_peak;owner_supplied_audio
BE-003:pitch:03084,BE-003:onset:0726,127.965170,835.965170,215.040000,54,4.040000,51.0613,D#3,156.1157,0.510839,1.000000,0.601494,0.850000,0.550000,,0.685261,2214.512,6,2,0.550000,0.350000,0.030000,0.070000,0.480000,0.320000,0.000000,0.000000,NOTE_HYPOTHESIS,shared_audio_intelligence_v0_2;spectral_peak;owner_supplied_audio
BE-003:pitch:03085,BE-003:onset:0726,127.965170,835.965170,215.040000,54,4.040000,62.7603,D#4,306.8481,0.278639,1.000000,0.601494,0.850000,0.520000,,0.685261,2214.512,6,3,0.250000,0.520000,0.150000,0.080000,0.000000,0.450000,0.250000,0.200000,NOTE_HYPOTHESIS,shared_audio_intelligence_v0_2;spectral_peak;owner_supplied_audio
BE-003:pitch:03086,BE-003:onset:0726,127.965170,835.965170,215.040000,54,4.040000,74.7603,D#5,613.6963,0.162540,1.000000,0.601494,0.850000,0.580000,,0.685261,2214.512,6,4,0.050000,0.300000,0.580000,0.070000,0.000000,0.120000,0.580000,0.220000,NOTE_HYPOTHESIS,shared_audio_intelligence_v0_2;spectral_peak;owner_supplied_audio
BE-003:pitch:03087,BE-003:onset:0726,127.965170,835.965170,215.040000,54,4.040000,56.1904,G#3,209.9487,0.116100,1.000000,0.601494,0.850000,0.520000,,0.685261,2214.512,6,5,0.250000,0.520000,0.150000,0.080000,0.000000,0.450000,0.250000,0.200000,NOTE_HYPOTHESIS,shared_audio_intelligence_v0_2;spectral_peak;owner_supplied_audio
BE-003:pitch:03088,BE-003:onset:0726,127.965170,835.965170,215.040000,54,4.040000,81.8808,A#5,925.9277,0.116100,0.990424,0.601494,0.845212,0.840000,,0.685261,2214.512,6,6,0.010000,0.080000,0.840000,0.070000,0.000000,0.120000,0.580000,0.220000,NOTE_HYPOTHESIS,shared_audio_intelligence_v0_2;spectral_peak;owner_supplied_audio
BE-003:pitch:03089,BE-003:onset:0727,128.058050,836.058050,215.200000,54,4.200000,66.8047,G4,387.5977,0.325079,1.000000,0.730221,0.850000,0.580000,,0.661540,1995.917,6,1,0.050000,0.300000,0.580000,0.070000,0.000000,0.450000,0.250000,0.200000,NOTE_HYPOTHESIS,shared_audio_intelligence_v0_2;spectral_peak;owner_supplied_audio
BE-003:pitch:03090,BE-003:onset:0727,128.058050,836.058050,215.200000,54,4.200000,51.0613,D#3,156.1157,0.232200,1.000000,0.730221,0.850000,0.550000,,0.661540,1995.917,6,2,0.550000,0.350000,0.030000,0.070000,0.480000,0.320000,0.000000,0.000000,NOTE_HYPOTHESIS,shared_audio_intelligence_v0_2;spectral_peak;owner_supplied_audio
BE-003:pitch:03091,BE-003:onset:0727,128.058050,836.058050,215.200000,54,4.200000,78.8047,G5,775.1953,0.208980,1.000000,0.730221,0.850000,0.840000,,0.661540,1995.917,6,3,0.010000,0.080000,0.840000,0.070000,0.000000,0.120000,0.580000,0.220000,NOTE_HYPOTHESIS,shared_audio_intelligence_v0_2;spectral_peak;owner_supplied_audio
BE-003:pitch:03092,BE-003:onset:0727,128.058050,836.058050,215.200000,54,4.200000,39.6483,E2,80.7495,0.255420,1.000000,0.730221,0.850000,0.760000,,0.661540,1995.917,6,4,0.760000,0.180000,0.010000,0.050000,0.480000,0.320000,0.000000,0.000000,NOTE_HYPOTHESIS,shared_audio_intelligence_v0_2;spectral_peak;owner_supplied_audio
BE-003:pitch:03093,BE-003:onset:0727,128.058050,836.058050,215.200000,54,4.200000,63.0613,D#4,312.2314,0.185760,1.000000,0.730221,0.850000,0.520000,,0.661540,1995.917,6,5,0.250000,0.520000,0.150000,0.080000,0.000000,0.450000,0.250000,0.200000,NOTE_HYPOTHESIS,shared_audio_intelligence_v0_2;spectral_peak;owner_supplied_audio
BE-003:pitch:03094,BE-003:onset:0727,128.058050,836.058050,215.200000,54,4.200000,34.2788,A#1,59.2163,0.719819,0.998810,0.730221,0.849405,0.760000,,0.661540,1995.917,6,6,0.760000,0.180000,0.010000,0.050000,0.480000,0.320000,0.000000,0.000000,NOTE_HYPOTHESIS,shared_audio_intelligence_v0_2;spectral_peak;owner_supplied_audio
BE-003:pitch:03095,BE-003:onset:0728,128.336689,836.336689,215.680000,54,4.680000,44.6287,A2,107.6660,0.301859,1.000000,0.659754,0.850000,0.760000,,0.368646,2362.835,5,1,0.760000,0.180000,0.010000,0.050000,0.480000,0.320000,0.000000,0.000000,NOTE_HYPOTHESIS,shared_audio_intelligence_v0_2;spectral_peak;owner_supplied_audio
BE-003:pitch:03096,BE-003:onset:0728,128.336689,836.336689,215.680000,54,4.680000,34.2788,A#1,59.2163,0.325079,1.000000,0.659754,0.850000,0.760000,,0.368646,2362.835,5,2,0.760000,0.180000,0.010000,0.050000,0.480000,0.320000,0.000000,0.000000,NOTE_HYPOTHESIS,shared_audio_intelligence_v0_2;spectral_peak;owner_supplied_audio
BE-003:pitch:03097,BE-003:onset:0728,128.336689,836.336689,215.680000,54,4.680000,66.8047,G4,387.5977,0.371519,1.000000,0.659754,0.850000,0.580000,,0.368646,2362.835,5,3,0.050000,0.300000,0.580000,0.070000,0.000000,0.450000,0.250000,0.200000,NOTE_HYPOTHESIS,shared_audio_intelligence_v0_2;spectral_peak;owner_supplied_audio
BE-003:pitch:03098,BE-003:onset:0728,128.336689,836.336689,215.680000,54,4.680000,74.4538,D5,602.9297,0.348299,0.900440,0.659754,0.800220,0.580000,,0.368646,2362.835,5,4,0.050000,0.300000,0.580000,0.070000,0.000000,0.120000,0.580000,0.220000,NOTE_HYPOTHESIS,shared_audio_intelligence_v0_2;spectral_peak;owner_supplied_audio
BE-003:pitch:03099,BE-003:onset:0728,128.336689,836.336689,215.680000,54,4.680000,64.2159,E4,333.7646,0.882358,0.892674,0.659754,0.796337,0.580000,,0.368646,2362.835,5,5,0.050000,0.300000,0.580000,0.070000,0.000000,0.450000,0.250000,0.200000,NOTE_HYPOTHESIS,shared_audio_intelligence_v0_2;spectral_peak;owner_supplied_audio
BE-003:pitch:03100,BE-003:onset:0729,128.522449,836.522449,216.000000,55,1.000000,44.6287,A2,107.6660,0.139320,1.000000,1.000000,0.850000,0.760000,,0.657074,1648.155,6,1,0.760000,0.180000,0.010000,0.050000,0.480000,0.320000,0.000000,0.000000,NOTE_HYPOTHESIS,shared_audio_intelligence_v0_2;spectral_peak;owner_supplied_audio
BE-003:pitch:03101,BE-003:onset:0729,128.522449,836.522449,216.000000,55,1.000000,61.8242,D4,290.6982,0.139320,1.000000,1.000000,0.850000,0.520000,,0.657074,1648.155,6,2,0.250000,0.520000,0.150000,0.080000,0.000000,0.450000,0.250000,0.200000,NOTE_HYPOTHESIS,shared_audio_intelligence_v0_2;spectral_peak;owner_supplied_audio
BE-003:pitch:03102,BE-003:onset:0729,128.522449,836.522449,216.000000,55,1.000000,32.6287,A1,53.8330,0.208980,1.000000,1.000000,0.850000,0.760000,,0.657074,1648.155,6,3,0.760000,0.180000,0.010000,0.050000,0.480000,0.320000,0.000000,0.000000,NOTE_HYPOTHESIS,shared_audio_intelligence_v0_2;spectral_peak;owner_supplied_audio
BE-003:pitch:03103,BE-003:onset:0729,128.522449,836.522449,216.000000,55,1.000000,73.8242,D5,581.3965,0.185760,1.000000,1.000000,0.850000,0.580000,,0.657074,1648.155,6,4,0.050000,0.300000,0.580000,0.070000,0.000000,0.120000,0.580000,0.220000,NOTE_HYPOTHESIS,shared_audio_intelligence_v0_2;spectral_peak;owner_supplied_audio
BE-003:pitch:03104,BE-003:onset:0729,128.522449,836.522449,216.000000,55,1.000000,66.8047,G4,387.5977,0.325079,0.948642,1.000000,0.824321,0.580000,,0.657074,1648.155,6,5,0.050000,0.300000,0.580000,0.070000,0.000000,0.450000,0.250000,0.200000,NOTE_HYPOTHESIS,shared_audio_intelligence_v0_2;spectral_peak;owner_supplied_audio
BE-003:pitch:03105,BE-003:onset:0729,128.522449,836.522449,216.000000,55,1.000000,85.9042,D6,1168.1763,0.162540,0.903237,1.000000,0.801618,0.840000,,0.657074,1648.155,6,6,0.010000,0.080000,0.840000,0.070000,0.000000,0.120000,0.580000,0.220000,NOTE_HYPOTHESIS,shared_audio_intelligence_v0_2;spectral_peak;owner_supplied_audio
BE-003:pitch:03106,BE-003:onset:0730,128.661769,836.661769,216.240000,55,1.240000,64.7656,F4,344.5312,0.232200,1.000000,0.682665,0.850000,0.580000,,0.741014,1977.010,3,1,0.050000,0.300000,0.580000,0.070000,0.000000,0.450000,0.250000,0.200000,NOTE_HYPOTHESIS,shared_audio_intelligence_v0_2;spectral_peak;owner_supplied_audio
BE-003:pitch:03107,BE-003:onset:0730,128.661769,836.661769,216.240000,55,1.240000,51.0613,D#3,156.1157,1.068118,1.000000,0.682665,0.850000,0.550000,,0.741014,1977.010,3,2,0.550000,0.350000,0.030000,0.070000,0.480000,0.320000,0.000000,0.000000,NOTE_HYPOTHESIS,shared_audio_intelligence_v0_2;spectral_peak;owner_supplied_audio
BE-003:pitch:03108,BE-003:onset:0730,128.661769,836.661769,216.240000,55,1.240000,76.9003,F5,694.4458,0.162540,1.000000,0.682665,0.850000,0.840000,,0.741014,1977.010,3,3,0.010000,0.080000,0.840000,0.070000,0.000000,0.120000,0.580000,0.220000,NOTE_HYPOTHESIS,shared_audio_intelligence_v0_2;spectral_peak;owner_supplied_audio
BE-003:pitch:03109,BE-003:onset:0731,128.801088,836.801088,216.480000,55,1.480000,65.0340,F4,349.9146,0.116100,1.000000,0.642551,0.850000,0.580000,,0.680135,2085.455,5,1,0.050000,0.300000,0.580000,0.070000,0.000000,0.450000,0.250000,0.200000,NOTE_HYPOTHESIS,shared_audio_intelligence_v0_2;spectral_peak;owner_supplied_audio
BE-003:pitch:03110,BE-003:onset:0731,128.801088,836.801088,216.480000,55,1.480000,61.8242,D4,290.6982,0.208980,1.000000,0.642551,0.850000,0.520000,,0.680135,2085.455,5,2,0.250000,0.520000,0.150000,0.080000,0.000000,0.450000,0.250000,0.200000,NOTE_HYPOTHESIS,shared_audio_intelligence_v0_2;spectral_peak;owner_supplied_audio
BE-003:pitch:03111,BE-003:onset:0731,128.801088,836.801088,216.480000,55,1.480000,73.8242,D5,581.3965,0.162540,1.000000,0.642551,0.850000,0.580000,,0.680135,2085.455,5,3,0.050000,0.300000,0.580000,0.070000,0.000000,0.120000,0.580000,0.220000,NOTE_HYPOTHESIS,shared_audio_intelligence_v0_2;spectral_peak;owner_supplied_audio
BE-003:pitch:03112,BE-003:onset:0731,128.801088,836.801088,216.480000,55,1.480000,50.4538,D3,150.7324,1.021678,1.000000,0.642551,0.850000,0.550000,,0.680135,2085.455,5,4,0.550000,0.350000,0.030000,0.070000,0.480000,0.320000,0.000000,0.000000,NOTE_HYPOTHESIS,shared_audio_intelligence_v0_2;spectral_peak;owner_supplied_audio
BE-003:pitch:03113,BE-003:onset:0731,128.801088,836.801088,216.480000,55,1.480000,56.1904,G#3,209.9487,0.255420,0.948383,0.642551,0.824192,0.520000,,0.680135,2085.455,5,5,0.250000,0.520000,0.150000,0.080000,0.000000,0.450000,0.250000,0.200000,NOTE_HYPOTHESIS,shared_audio_intelligence_v0_2;spectral_peak;owner_supplied_audio
BE-003:pitch:03114,BE-003:onset:0732,128.940408,836.940408,216.720000,55,1.720000,49.8242,D3,145.3491,0.325079,1.000000,0.766442,0.850000,0.550000,,0.540420,1928.499,6,1,0.550000,0.350000,0.030000,0.070000,0.480000,0.320000,0.000000,0.000000,NOTE_HYPOTHESIS,shared_audio_intelligence_v0_2;spectral_peak;owner_supplied_audio
BE-003:pitch:03115,BE-003:onset:0732,128.940408,836.940408,216.720000,55,1.720000,62.7603,D#4,306.8481,0.417959,1.000000,0.766442,0.850000,0.520000,,0.540420,1928.499,6,2,0.250000,0.520000,0.150000,0.080000,0.000000,0.450000,0.250000,0.200000,NOTE_HYPOTHESIS,shared_audio_intelligence_v0_2;spectral_peak;owner_supplied_audio
BE-003:pitch:03116,BE-003:onset:0732,128.940408,836.940408,216.720000,55,1.720000,74.7603,D#5,613.6963,0.116100,1.000000,0.766442,0.850000,0.580000,,0.540420,1928.499,6,3,0.050000,0.300000,0.580000,0.070000,0.000000,0.120000,0.580000,0.220000,NOTE_HYPOTHESIS,shared_audio_intelligence_v0_2;spectral_peak;owner_supplied_audio
BE-003:pitch:03117,BE-003:onset:0732,128.940408,836.940408,216.720000,55,1.720000,81.8808,A#5,925.9277,0.116100,1.000000,0.766442,0.850000,0.840000,,0.540420,1928.499,6,4,0.010000,0.080000,0.840000,0.070000,0.000000,0.120000,0.580000,0.220000,NOTE_HYPOTHESIS,shared_audio_intelligence_v0_2;spectral_peak;owner_supplied_audio
BE-003:pitch:03118,BE-003:onset:0732,128.940408,836.940408,216.720000,55,1.720000,73.8242,D5,581.3965,0.208980,0.955222,0.766442,0.827611,0.580000,,0.540420,1928.499,6,5,0.050000,0.300000,0.580000,0.070000,0.000000,0.120000,0.580000,0.220000,NOTE_HYPOTHESIS,shared_audio_intelligence_v0_2;spectral_peak;owner_supplied_audio
BE-003:pitch:03119,BE-003:onset:0732,128.940408,836.940408,216.720000,55,1.720000,74.1419,D5,592.1631,0.092880,0.925527,0.766442,0.812763,0.580000,,0.540420,1928.499,6,6,0.050000,0.300000,0.580000,0.070000,0.000000,0.120000,0.580000,0.220000,NOTE_HYPOTHESIS,shared_audio_intelligence_v0_2;spectral_peak;owner_supplied_audio
BE-003:pitch:03120,BE-003:onset:0733,129.102948,837.102948,217.000000,55,2.000000,66.8047,G4,387.5977,0.208980,1.000000,1.000000,0.850000,0.580000,,0.687604,2040.396,4,1,0.050000,0.300000,0.580000,0.070000,0.000000,0.450000,0.250000,0.200000,NOTE_HYPOTHESIS,shared_audio_intelligence_v0_2;spectral_peak;owner_supplied_audio
BE-003:pitch:03121,BE-003:onset:0733,129.102948,837.102948,217.000000,55,2.000000,78.9245,G5,780.5786,0.185760,1.000000,1.000000,0.850000,0.840000,,0.687604,2040.396,4,2,0.010000,0.080000,0.840000,0.070000,0.000000,0.120000,0.580000,0.220000,NOTE_HYPOTHESIS,shared_audio_intelligence_v0_2;spectral_peak;owner_supplied_audio
BE-003:pitch:03122,BE-003:onset:0733,129.102948,837.102948,217.000000,55,2.000000,49.8242,D3,145.3491,0.626939,1.000000,1.000000,0.850000,0.550000,,0.687604,2040.396,4,3,0.550000,0.350000,0.030000,0.070000,0.480000,0.320000,0.000000,0.000000,NOTE_HYPOTHESIS,shared_audio_intelligence_v0_2;spectral_peak;owner_supplied_audio
BE-003:pitch:03123,BE-003:onset:0733,129.102948,837.102948,217.000000,55,2.000000,85.9042,D6,1168.1763,0.139320,1.000000,1.000000,0.850000,0.840000,,0.687604,2040.396,4,4,0.010000,0.080000,0.840000,0.070000,0.000000,0.120000,0.580000,0.220000,NOTE_HYPOTHESIS,shared_audio_intelligence_v0_2;spectral_peak;owner_supplied_audio
BE-003:pitch:03124,BE-003:onset:0734,129.335147,837.335147,217.370370,55,2.370370,50.4538,D3,150.7324,0.487619,1.000000,0.536750,0.850000,0.550000,,0.336789,2096.231,6,1,0.550000,0.350000,0.030000,0.070000,0.480000,0.320000,0.000000,0.000000,NOTE_HYPOTHESIS,shared_audio_intelligence_v0_2;spectral_peak;owner_supplied_audio
BE-003:pitch:03125,BE-003:onset:0734,129.335147,837.335147,217.370370,55,2.370370,67.0435,G4,392.9810,0.208980,1.000000,0.536750,0.850000,0.580000,,0.336789,2096.231,6,2,0.050000,0.300000,0.580000,0.070000,0.000000,0.450000,0.250000,0.200000,NOTE_HYPOTHESIS,shared_audio_intelligence_v0_2;spectral_peak;owner_supplied_audio
BE-003:pitch:03126,BE-003:onset:0734,129.335147,837.335147,217.370370,55,2.370370,59.7851,C4,258.3984,0.162540,1.000000,0.536750,0.850000,0.520000,,0.336789,2096.231,6,3,0.250000,0.520000,0.150000,0.080000,0.000000,0.450000,0.250000,0.200000,NOTE_HYPOTHESIS,shared_audio_intelligence_v0_2;spectral_peak;owner_supplied_audio
BE-003:pitch:03127,BE-003:onset:0734,129.335147,837.335147,217.370370,55,2.370370,62.7603,D#4,306.8481,0.208980,0.995511,0.536750,0.847756,0.520000,,0.336789,2096.231,6,4,0.250000,0.520000,0.150000,0.080000,0.000000,0.450000,0.250000,0.200000,NOTE_HYPOTHESIS,shared_audio_intelligence_v0_2;spectral_peak;owner_supplied_audio
BE-003:pitch:03128,BE-003:onset:0734,129.335147,837.335147,217.370370,55,2.370370,56.6287,A3,215.3320,0.278639,0.903758,0.536750,0.801879,0.520000,,0.336789,2096.231,6,5,0.250000,0.520000,0.150000,0.080000,0.000000,0.450000,0.250000,0.200000,NOTE_HYPOTHESIS,shared_audio_intelligence_v0_2;spectral_peak;owner_supplied_audio
BE-003:pitch:03129,BE-003:onset:0734,129.335147,837.335147,217.370370,55,2.370370,35.7851,C2,64.5996,1.532517,0.836474,0.536750,0.768237,0.760000,,0.336789,2096.231,6,6,0.760000,0.180000,0.010000,0.050000,0.480000,0.320000,0.000000,0.000000,NOTE_HYPOTHESIS,shared_audio_intelligence_v0_2;spectral_peak;owner_supplied_audio
BE-003:pitch:03130,BE-003:onset:0735,129.520907,837.520907,217.666667,55,2.666667,76.9003,F5,694.4458,0.208980,1.000000,0.915042,0.850000,0.840000,,0.886303,1901.204,3,1,0.010000,0.080000,0.840000,0.070000,0.000000,0.120000,0.580000,0.220000,NOTE_HYPOTHESIS,shared_audio_intelligence_v0_2;spectral_peak;owner_supplied_audio
BE-003:pitch:03131,BE-003:onset:0735,129.520907,837.520907,217.666667,55,2.666667,88.9673,F6,1394.2749,0.208980,1.000000,0.915042,0.850000,0.840000,,0.886303,1901.204,3,2,0.010000,0.080000,0.840000,0.070000,0.000000,0.120000,0.580000,0.220000,NOTE_HYPOTHESIS,shared_audio_intelligence_v0_2;spectral_peak;owner_supplied_audio
BE-003:pitch:03132,BE-003:onset:0735,129.520907,837.520907,217.666667,55,2.666667,49.8242,D3,145.3491,0.185760,1.000000,0.915042,0.850000,0.550000,,0.886303,1901.204,3,3,0.550000,0.350000,0.030000,0.070000,0.480000,0.320000,0.000000,0.000000,NOTE_HYPOTHESIS,shared_audio_intelligence_v0_2;spectral_peak;owner_supplied_audio
BE-003:pitch:03133,BE-003:onset:0736,129.706667,837.706667,217.962963,55,2.962963,73.8242,D5,581.3965,0.185760,1.000000,0.934284,0.850000,0.580000,,0.645678,2636.117,5,1,0.050000,0.300000,0.580000,0.070000,0.000000,0.120000,0.580000,0.220000,NOTE_HYPOTHESIS,shared_audio_intelligence_v0_2;spectral_peak;owner_supplied_audio
BE-003:pitch:03134,BE-003:onset:0736,129.706667,837.706667,217.962963,55,2.962963,44.6287,A2,107.6660,0.650159,1.000000,0.934284,0.850000,0.695860,,0.645678,2636.117,5,2,0.695860,0.164809,0.009952,0.129379,0.480000,0.320000,0.000000,0.000000,NOTE_HYPOTHESIS,shared_audio_intelligence_v0_2;spectral_peak;owner_supplied_audio
BE-003:pitch:03135,BE-003:onset:0736,129.706667,837.706667,217.962963,55,2.962963,76.9003,F5,694.4458,0.116100,1.000000,0.934284,0.850000,0.840000,,0.645678,2636.117,5,3,0.010000,0.080000,0.840000,0.070000,0.000000,0.120000,0.580000,0.220000,NOTE_HYPOTHESIS,shared_audio_intelligence_v0_2;spectral_peak;owner_supplied_audio
BE-003:pitch:03136,BE-003:onset:0736,129.706667,837.706667,217.962963,55,2.962963,88.9673,F6,1394.2749,0.232200,1.000000,0.934284,0.850000,0.840000,,0.645678,2636.117,5,4,0.010000,0.080000,0.840000,0.070000,0.000000,0.120000,0.580000,0.220000,NOTE_HYPOTHESIS,shared_audio_intelligence_v0_2;spectral_peak;owner_supplied_audio
BE-003:pitch:03137,BE-003:onset:0736,129.706667,837.706667,217.962963,55,2.962963,85.9042,D6,1168.1763,0.185760,0.949695,0.934284,0.824848,0.840000,,0.645678,2636.117,5,5,0.010000,0.080000,0.840000,0.070000,0.000000,0.120000,0.580000,0.220000,NOTE_HYPOTHESIS,shared_audio_intelligence_v0_2;spectral_peak;owner_supplied_audio
BE-003:pitch:03138,BE-003:onset:0737,129.753107,837.753107,218.040000,55,3.040000,44.6287,A2,107.6660,0.557279,1.000000,0.953572,0.850000,0.760000,,0.624916,2419.158,4,1,0.760000,0.180000,0.010000,0.050000,0.480000,0.320000,0.000000,0.000000,NOTE_HYPOTHESIS,shared_audio_intelligence_v0_2;spectral_peak;owner_supplied_audio
BE-003:pitch:03139,BE-003:onset:0737,129.753107,837.753107,218.040000,55,3.040000,73.8242,D5,581.3965,0.139320,1.000000,0.953572,0.850000,0.580000,,0.624916,2419.158,4,2,0.050000,0.300000,0.580000,0.070000,0.000000,0.120000,0.580000,0.220000,NOTE_HYPOTHESIS,shared_audio_intelligence_v0_2;spectral_peak;owner_supplied_audio
BE-003:pitch:03140,BE-003:onset:0737,129.753107,837.753107,218.040000,55,3.040000,76.9003,F5,694.4458,0.116100,1.000000,0.953572,0.850000,0.840000,,0.624916,2419.158,4,3,0.010000,0.080000,0.840000,0.070000,0.000000,0.120000,0.580000,0.220000,NOTE_HYPOTHESIS,shared_audio_intelligence_v0_2;spectral_peak;owner_supplied_audio
BE-003:pitch:03141,BE-003:onset:0737,129.753107,837.753107,218.040000,55,3.040000,85.9042,D6,1168.1763,0.139320,0.969257,0.953572,0.834629,0.840000,,0.624916,2419.158,4,4,0.010000,0.080000,0.840000,0.070000,0.000000,0.120000,0.580000,0.220000,NOTE_HYPOTHESIS,shared_audio_intelligence_v0_2;spectral_peak;owner_supplied_audio
BE-003:pitch:03142,BE-003:onset:0738,129.822766,837.822766,218.160000,55,3.160000,44.6287,A2,107.6660,0.510839,1.000000,0.578422,0.850000,0.760000,,0.571838,2159.167,4,1,0.760000,0.180000,0.010000,0.050000,0.480000,0.320000,0.000000,0.000000,NOTE_HYPOTHESIS,shared_audio_intelligence_v0_2;spectral_peak;owner_supplied_audio
BE-003:pitch:03143,BE-003:onset:0738,129.822766,837.822766,218.160000,55,3.160000,73.8242,D5,581.3965,0.116100,1.000000,0.578422,0.850000,0.580000,,0.571838,2159.167,4,2,0.050000,0.300000,0.580000,0.070000,0.000000,0.120000,0.580000,0.220000,NOTE_HYPOTHESIS,shared_audio_intelligence_v0_2;spectral_peak;owner_supplied_audio
BE-003:pitch:03144,BE-003:onset:0738,129.822766,837.822766,218.160000,55,3.160000,81.8808,A#5,925.9277,0.719819,1.000000,0.578422,0.850000,0.840000,,0.571838,2159.167,4,3,0.010000,0.080000,0.840000,0.070000,0.000000,0.120000,0.580000,0.220000,NOTE_HYPOTHESIS,shared_audio_intelligence_v0_2;spectral_peak;owner_supplied_audio
BE-003:pitch:03145,BE-003:onset:0738,129.822766,837.822766,218.160000,55,3.160000,69.8808,A#4,462.9639,0.952018,1.000000,0.578422,0.850000,0.580000,,0.571838,2159.167,4,4,0.050000,0.300000,0.580000,0.070000,0.000000,0.450000,0.250000,0.200000,NOTE_HYPOTHESIS,shared_audio_intelligence_v0_2;spectral_peak;owner_supplied_audio
BE-003:pitch:03146,BE-003:onset:0739,129.938866,837.938866,218.360000,55,3.360000,44.6287,A2,107.6660,0.394739,1.000000,0.668695,0.850000,0.760000,,0.486127,2351.758,4,1,0.760000,0.180000,0.010000,0.050000,0.480000,0.320000,0.000000,0.000000,NOTE_HYPOTHESIS,shared_audio_intelligence_v0_2;spectral_peak;owner_supplied_audio
BE-003:pitch:03147,BE-003:onset:0739,129.938866,837.938866,218.360000,55,3.360000,69.8808,A#4,462.9639,0.835918,1.000000,0.668695,0.850000,0.580000,,0.486127,2351.758,4,2,0.050000,0.300000,0.580000,0.070000,0.000000,0.450000,0.250000,0.200000,NOTE_HYPOTHESIS,shared_audio_intelligence_v0_2;spectral_peak;owner_supplied_audio
BE-003:pitch:03148,BE-003:onset:0739,129.938866,837.938866,218.360000,55,3.360000,81.8808,A#5,925.9277,0.626939,0.995168,0.668695,0.847584,0.840000,,0.486127,2351.758,4,3,0.010000,0.080000,0.840000,0.070000,0.000000,0.120000,0.580000,0.220000,NOTE_HYPOTHESIS,shared_audio_intelligence_v0_2;spectral_peak;owner_supplied_audio
BE-003:pitch:03149,BE-003:onset:0739,129.938866,837.938866,218.360000,55,3.360000,56.1904,G#3,209.9487,0.139320,0.974666,0.668695,0.837333,0.520000,,0.486127,2351.758,4,4,0.250000,0.520000,0.150000,0.080000,0.000000,0.450000,0.250000,0.200000,NOTE_HYPOTHESIS,shared_audio_intelligence_v0_2;spectral_peak;owner_supplied_audio
BE-003:pitch:03150,BE-003:onset:0740,130.008526,838.008526,218.480000,55,3.480000,45.4734,A2,113.0493,0.325079,1.000000,0.709987,0.850000,0.550000,,0.581702,1869.774,6,1,0.550000,0.350000,0.030000,0.070000,0.480000,0.320000,0.000000,0.000000,NOTE_HYPOTHESIS,shared_audio_intelligence_v0_2;spectral_peak;owner_supplied_audio
BE-003:pitch:03151,BE-003:onset:0740,130.008526,838.008526,218.480000,55,3.480000,43.7407,G#2,102.2827,0.348299,1.000000,0.709987,0.850000,0.760000,,0.581702,1869.774,6,2,0.760000,0.180000,0.010000,0.050000,0.480000,0.320000,0.000000,0.000000,NOTE_HYPOTHESIS,shared_audio_intelligence_v0_2;spectral_peak;owner_supplied_audio
BE-003:pitch:03152,BE-003:onset:0740,130.008526,838.008526,218.480000,55,3.480000,66.0679,F#4,371.4478,0.580499,1.000000,0.709987,0.850000,0.580000,,0.581702,1869.774,6,3,0.050000,0.300000,0.580000,0.070000,0.000000,0.450000,0.250000,0.200000,NOTE_HYPOTHESIS,shared_audio_intelligence_v0_2;spectral_peak;owner_supplied_audio
BE-003:pitch:03153,BE-003:onset:0740,130.008526,838.008526,218.480000,55,3.480000,77.9420,F#5,737.5122,0.116100,1.000000,0.709987,0.850000,0.840000,,0.581702,1869.774,6,4,0.010000,0.080000,0.840000,0.070000,0.000000,0.120000,0.580000,0.220000,NOTE_HYPOTHESIS,shared_audio_intelligence_v0_2;spectral_peak;owner_supplied_audio
BE-003:pitch:03154,BE-003:onset:0740,130.008526,838.008526,218.480000,55,3.480000,34.2788,A#1,59.2163,1.532517,0.946781,0.709987,0.823391,0.760000,,0.581702,1869.774,6,5,0.760000,0.180000,0.010000,0.050000,0.480000,0.320000,0.000000,0.000000,NOTE_HYPOTHESIS,shared_audio_intelligence_v0_2;spectral_peak;owner_supplied_audio
BE-003:pitch:03155,BE-003:onset:0740,130.008526,838.008526,218.480000,55,3.480000,69.8808,A#4,462.9639,0.812698,0.927968,0.709987,0.813984,0.580000,,0.581702,1869.774,6,6,0.050000,0.300000,0.580000,0.070000,0.000000,0.450000,0.250000,0.200000,NOTE_HYPOTHESIS,shared_audio_intelligence_v0_2;spectral_peak;owner_supplied_audio
BE-003:pitch:03156,BE-003:onset:0741,130.101406,838.101406,218.640000,55,3.640000,45.4734,A2,113.0493,0.208980,1.000000,0.630297,0.850000,0.550000,,0.655877,1571.827,6,1,0.550000,0.350000,0.030000,0.070000,0.480000,0.320000,0.000000,0.000000,NOTE_HYPOTHESIS,shared_audio_intelligence_v0_2;spectral_peak;owner_supplied_audio
BE-003:pitch:03157,BE-003:onset:0741,130.101406,838.101406,218.640000,55,3.640000,32.6287,A1,53.8330,0.394739,1.000000,0.630297,0.850000,0.760000,,0.655877,1571.827,6,2,0.760000,0.180000,0.010000,0.050000,0.480000,0.320000,0.000000,0.000000,NOTE_HYPOTHESIS,shared_audio_intelligence_v0_2;spectral_peak;owner_supplied_audio
BE-003:pitch:03158,BE-003:onset:0741,130.101406,838.101406,218.640000,55,3.640000,81.8808,A#5,925.9277,0.185760,1.000000,0.630297,0.850000,0.840000,,0.655877,1571.827,6,3,0.010000,0.080000,0.840000,0.070000,0.000000,0.120000,0.580000,0.220000,NOTE_HYPOTHESIS,shared_audio_intelligence_v0_2;spectral_peak;owner_supplied_audio
BE-003:pitch:03159,BE-003:onset:0741,130.101406,838.101406,218.640000,55,3.640000,66.0679,F#4,371.4478,0.487619,1.000000,0.630297,0.850000,0.580000,,0.655877,1571.827,6,4,0.050000,0.300000,0.580000,0.070000,0.000000,0.450000,0.250000,0.200000,NOTE_HYPOTHESIS,shared_audio_intelligence_v0_2;spectral_peak;owner_supplied_audio
BE-003:pitch:03160,BE-003:onset:0741,130.101406,838.101406,218.640000,55,3.640000,88.9003,F6,1388.8916,0.185760,1.000000,0.630297,0.850000,0.840000,,0.655877,1571.827,6,5,0.010000,0.080000,0.840000,0.070000,0.000000,0.120000,0.580000,0.220000,NOTE_HYPOTHESIS,shared_audio_intelligence_v0_2;spectral_peak;owner_supplied_audio
BE-003:pitch:03161,BE-003:onset:0741,130.101406,838.101406,218.640000,55,3.640000,69.8808,A#4,462.9639,0.673379,1.000000,0.630297,0.850000,0.580000,,0.655877,1571.827,6,6,0.050000,0.300000,0.580000,0.070000,0.000000,0.450000,0.250000,0.200000,NOTE_HYPOTHESIS,shared_audio_intelligence_v0_2;spectral_peak;owner_supplied_audio
BE-003:pitch:03162,BE-003:onset:0742,130.263946,838.263946,218.920000,55,3.920000,32.6287,A1,53.8330,0.232200,1.000000,0.865678,0.850000,0.760000,,0.640908,2009.005,6,1,0.760000,0.180000,0.010000,0.050000,0.480000,0.320000,0.000000,0.000000,NOTE_HYPOTHESIS,shared_audio_intelligence_v0_2;spectral_peak;owner_supplied_audio
BE-003:pitch:03163,BE-003:onset:0742,130.263946,838.263946,218.920000,55,3.920000,44.6287,A2,107.6660,0.092880,1.000000,0.865678,0.850000,0.760000,,0.640908,2009.005,6,2,0.760000,0.180000,0.010000,0.050000,0.480000,0.320000,0.000000,0.000000,NOTE_HYPOTHESIS,shared_audio_intelligence_v0_2;spectral_peak;owner_supplied_audio
BE-003:pitch:03164,BE-003:onset:0742,130.263946,838.263946,218.920000,55,3.920000,65.8151,F#4,366.0645,0.301859,1.000000,0.865678,0.850000,0.580000,,0.640908,2009.005,6,3,0.050000,0.300000,0.580000,0.070000,0.000000,0.450000,0.250000,0.200000,NOTE_HYPOTHESIS,shared_audio_intelligence_v0_2;spectral_peak;owner_supplied_audio
BE-003:pitch:03165,BE-003:onset:0742,130.263946,838.263946,218.920000,55,3.920000,77.9420,F#5,737.5122,0.232200,1.000000,0.865678,0.850000,0.840000,,0.640908,2009.005,6,4,0.010000,0.080000,0.840000,0.070000,0.000000,0.120000,0.580000,0.220000,NOTE_HYPOTHESIS,shared_audio_intelligence_v0_2;spectral_peak;owner_supplied_audio
BE-003:pitch:03166,BE-003:onset:0742,130.263946,838.263946,218.920000,55,3.920000,69.8808,A#4,462.9639,0.534059,1.000000,0.865678,0.850000,0.580000,,0.640908,2009.005,6,5,0.050000,0.300000,0.580000,0.070000,0.000000,0.450000,0.250000,0.200000,NOTE_HYPOTHESIS,shared_audio_intelligence_v0_2;spectral_peak;owner_supplied_audio
BE-003:pitch:03167,BE-003:onset:0742,130.263946,838.263946,218.920000,55,3.920000,84.9193,C#6,1103.5767,0.232200,0.971912,0.865678,0.835956,0.840000,,0.640908,2009.005,6,6,0.010000,0.080000,0.840000,0.070000,0.000000,0.120000,0.580000,0.220000,NOTE_HYPOTHESIS,shared_audio_intelligence_v0_2;spectral_peak;owner_supplied_audio
BE-003:pitch:03168,BE-003:onset:0743,130.380045,838.380045,219.130435,55,4.130435,49.8242,D3,145.3491,0.510839,1.000000,0.710881,0.850000,0.550000,,0.628082,1934.550,6,1,0.550000,0.350000,0.030000,0.070000,0.480000,0.320000,0.000000,0.000000,NOTE_HYPOTHESIS,shared_audio_intelligence_v0_2;spectral_peak;owner_supplied_audio
BE-003:pitch:03169,BE-003:onset:0743,130.380045,838.380045,219.130435,55,4.130435,65.8151,F#4,366.0645,0.162540,1.000000,0.710881,0.850000,0.580000,,0.628082,1934.550,6,2,0.050000,0.300000,0.580000,0.070000,0.000000,0.450000,0.250000,0.200000,NOTE_HYPOTHESIS,shared_audio_intelligence_v0_2;spectral_peak;owner_supplied_audio
BE-003:pitch:03170,BE-003:onset:0743,130.380045,838.380045,219.130435,55,4.130435,37.1709,C#2,69.9829,0.185760,1.000000,0.710881,0.850000,0.760000,,0.628082,1934.550,6,3,0.760000,0.180000,0.010000,0.050000,0.480000,0.320000,0.000000,0.000000,NOTE_HYPOTHESIS,shared_audio_intelligence_v0_2;spectral_peak;owner_supplied_audio
BE-003:pitch:03171,BE-003:onset:0743,130.380045,838.380045,219.130435,55,4.130435,77.8151,F#5,732.1289,0.116100,1.000000,0.710881,0.850000,0.840000,,0.628082,1934.550,6,4,0.010000,0.080000,0.840000,0.070000,0.000000,0.120000,0.580000,0.220000,NOTE_HYPOTHESIS,shared_audio_intelligence_v0_2;spectral_peak;owner_supplied_audio
BE-003:pitch:03172,BE-003:onset:0743,130.380045,838.380045,219.130435,55,4.130435,81.8808,A#5,925.9277,0.162540,1.000000,0.710881,0.850000,0.840000,,0.628082,1934.550,6,5,0.010000,0.080000,0.840000,0.070000,0.000000,0.120000,0.580000,0.220000,NOTE_HYPOTHESIS,shared_audio_intelligence_v0_2;spectral_peak;owner_supplied_audio
BE-003:pitch:03173,BE-003:onset:0743,130.380045,838.380045,219.130435,55,4.130435,34.2788,A#1,59.2163,0.208980,1.000000,0.710881,0.850000,0.760000,,0.628082,1934.550,6,6,0.760000,0.180000,0.010000,0.050000,0.480000,0.320000,0.000000,0.000000,NOTE_HYPOTHESIS,shared_audio_intelligence_v0_2;spectral_peak;owner_supplied_audio
BE-003:pitch:03174,BE-003:onset:0744,130.565805,838.565805,219.478261,55,4.478261,68.8438,A4,436.0474,0.487619,1.000000,1.000000,0.850000,0.580000,,0.607169,1688.990,6,1,0.050000,0.300000,0.580000,0.070000,0.000000,0.450000,0.250000,0.200000,NOTE_HYPOTHESIS,shared_audio_intelligence_v0_2;spectral_peak;owner_supplied_audio
BE-003:pitch:03175,BE-003:onset:0744,130.565805,838.565805,219.478261,55,4.478261,49.8242,D3,145.3491,0.394739,1.000000,1.000000,0.850000,0.550000,,0.607169,1688.990,6,2,0.550000,0.350000,0.030000,0.070000,0.480000,0.320000,0.000000,0.000000,NOTE_HYPOTHESIS,shared_audio_intelligence_v0_2;spectral_peak;owner_supplied_audio
BE-003:pitch:03176,BE-003:onset:0744,130.565805,838.565805,219.478261,55,4.478261,63.9344,E4,328.3813,0.255420,1.000000,1.000000,0.850000,0.520000,,0.607169,1688.990,6,3,0.250000,0.520000,0.150000,0.080000,0.000000,0.450000,0.250000,0.200000,NOTE_HYPOTHESIS,shared_audio_intelligence_v0_2;spectral_peak;owner_supplied_audio
BE-003:pitch:03177,BE-003:onset:0744,130.565805,838.565805,219.478261,55,4.478261,69.8808,A#4,462.9639,0.185760,1.000000,1.000000,0.850000,0.580000,,0.607169,1688.990,6,4,0.050000,0.300000,0.580000,0.070000,0.000000,0.450000,0.250000,0.200000,NOTE_HYPOTHESIS,shared_audio_intelligence_v0_2;spectral_peak;owner_supplied_audio
BE-003:pitch:03178,BE-003:onset:0744,130.565805,838.565805,219.478261,55,4.478261,39.6483,E2,80.7495,0.185760,1.000000,1.000000,0.850000,0.760000,,0.607169,1688.990,6,5,0.760000,0.180000,0.010000,0.050000,0.480000,0.320000,0.000000,0.000000,NOTE_HYPOTHESIS,shared_audio_intelligence_v0_2;spectral_peak;owner_supplied_audio
BE-003:pitch:03179,BE-003:onset:0744,130.565805,838.565805,219.478261,55,4.478261,87.9344,E6,1313.5254,0.208980,1.000000,1.000000,0.850000,0.840000,,0.607169,1688.990,6,6,0.010000,0.080000,0.840000,0.070000,0.000000,0.120000,0.580000,0.220000,NOTE_HYPOTHESIS,shared_audio_intelligence_v0_2;spectral_peak;owner_supplied_audio
BE-003:pitch:03180,BE-003:onset:0745,130.844444,838.844444,220.000000,56,1.000000,83.8751,C6,1038.9771,0.208980,1.000000,1.000000,0.850000,0.840000,,0.764275,1973.933,6,1,0.010000,0.080000,0.840000,0.070000,0.000000,0.120000,0.580000,0.220000,NOTE_HYPOTHESIS,shared_audio_intelligence_v0_2;spectral_peak;owner_supplied_audio
BE-003:pitch:03181,BE-003:onset:0745,130.844444,838.844444,220.000000,56,1.000000,71.9645,C5,522.1802,0.255420,1.000000,1.000000,0.850000,0.580000,,0.764275,1973.933,6,2,0.050000,0.300000,0.580000,0.070000,0.000000,0.120000,0.580000,0.220000,NOTE_HYPOTHESIS,shared_audio_intelligence_v0_2;spectral_peak;owner_supplied_audio
BE-003:pitch:03182,BE-003:onset:0745,130.844444,838.844444,220.000000,56,1.000000,49.8242,D3,145.3491,0.139320,1.000000,1.000000,0.850000,0.550000,,0.764275,1973.933,6,3,0.550000,0.350000,0.030000,0.070000,0.480000,0.320000,0.000000,0.000000,NOTE_HYPOTHESIS,shared_audio_intelligence_v0_2;spectral_peak;owner_supplied_audio
BE-003:pitch:03183,BE-003:onset:0745,130.844444,838.844444,220.000000,56,1.000000,68.8438,A4,436.0474,0.301859,1.000000,1.000000,0.850000,0.580000,,0.764275,1973.933,6,4,0.050000,0.300000,0.580000,0.070000,0.000000,0.450000,0.250000,0.200000,NOTE_HYPOTHESIS,shared_audio_intelligence_v0_2;spectral_peak;owner_supplied_audio
BE-003:pitch:03184,BE-003:onset:0745,130.844444,838.844444,220.000000,56,1.000000,90.9841,G6,1566.5405,0.208980,1.000000,1.000000,0.850000,0.840000,,0.764275,1973.933,6,5,0.010000,0.080000,0.840000,0.070000,0.000000,0.120000,0.580000,0.220000,NOTE_HYPOTHESIS,shared_audio_intelligence_v0_2;spectral_peak;owner_supplied_audio
BE-003:pitch:03185,BE-003:onset:0745,130.844444,838.844444,220.000000,56,1.000000,42.8047,G2,96.8994,0.743039,0.983758,1.000000,0.841879,0.760000,,0.764275,1973.933,6,6,0.760000,0.180000,0.010000,0.050000,0.480000,0.320000,0.000000,0.000000,NOTE_HYPOTHESIS,shared_audio_intelligence_v0_2;spectral_peak;owner_supplied_audio
BE-003:pitch:03186,BE-003:onset:0746,130.983764,838.983764,220.214286,56,1.214286,34.2788,A#1,59.2163,0.534059,1.000000,0.571625,0.850000,0.760000,,0.654397,2090.279,5,1,0.760000,0.180000,0.010000,0.050000,0.480000,0.320000,0.000000,0.000000,NOTE_HYPOTHESIS,shared_audio_intelligence_v0_2;spectral_peak;owner_supplied_audio
BE-003:pitch:03187,BE-003:onset:0746,130.983764,838.983764,220.214286,56,1.214286,71.9645,C5,522.1802,0.139320,1.000000,0.571625,0.850000,0.580000,,0.654397,2090.279,5,2,0.050000,0.300000,0.580000,0.070000,0.000000,0.120000,0.580000,0.220000,NOTE_HYPOTHESIS,shared_audio_intelligence_v0_2;spectral_peak;owner_supplied_audio
BE-003:pitch:03188,BE-003:onset:0746,130.983764,838.983764,220.214286,56,1.214286,83.9645,C6,1044.3604,0.092880,1.000000,0.571625,0.850000,0.840000,,0.654397,2090.279,5,3,0.010000,0.080000,0.840000,0.070000,0.000000,0.120000,0.580000,0.220000,NOTE_HYPOTHESIS,shared_audio_intelligence_v0_2;spectral_peak;owner_supplied_audio
BE-003:pitch:03189,BE-003:onset:0746,130.983764,838.983764,220.214286,56,1.214286,46.2788,A#2,118.4326,0.534059,1.000000,0.571625,0.850000,0.550000,,0.654397,2090.279,5,4,0.550000,0.350000,0.030000,0.070000,0.480000,0.320000,0.000000,0.000000,NOTE_HYPOTHESIS,shared_audio_intelligence_v0_2;spectral_peak;owner_supplied_audio
BE-003:pitch:03190,BE-003:onset:0746,130.983764,838.983764,220.214286,56,1.214286,53.2983,F3,177.6489,0.208980,0.998486,0.571625,0.849243,0.550000,,0.654397,2090.279,5,5,0.550000,0.350000,0.030000,0.070000,0.480000,0.320000,0.000000,0.000000,NOTE_HYPOTHESIS,shared_audio_intelligence_v0_2;spectral_peak;owner_supplied_audio
BE-003:pitch:03191,BE-003:onset:0747,131.123084,839.123084,220.428571,56,1.428571,34.2788,A#1,59.2163,0.417959,1.000000,0.799542,0.850000,0.760000,,0.566294,2224.875,4,1,0.760000,0.180000,0.010000,0.050000,0.480000,0.320000,0.000000,0.000000,NOTE_HYPOTHESIS,shared_audio_intelligence_v0_2;spectral_peak;owner_supplied_audio
BE-003:pitch:03192,BE-003:onset:0747,131.123084,839.123084,220.428571,56,1.428571,81.8808,A#5,925.9277,0.255420,1.000000,0.799542,0.850000,0.840000,,0.566294,2224.875,4,2,0.010000,0.080000,0.840000,0.070000,0.000000,0.120000,0.580000,0.220000,NOTE_HYPOTHESIS,shared_audio_intelligence_v0_2;spectral_peak;owner_supplied_audio
BE-003:pitch:03193,BE-003:onset:0747,131.123084,839.123084,220.428571,56,1.428571,69.8808,A#4,462.9639,0.325079,1.000000,0.799542,0.850000,0.580000,,0.566294,2224.875,4,3,0.050000,0.300000,0.580000,0.070000,0.000000,0.450000,0.250000,0.200000,NOTE_HYPOTHESIS,shared_audio_intelligence_v0_2;spectral_peak;owner_supplied_audio
BE-003:pitch:03194,BE-003:onset:0747,131.123084,839.123084,220.428571,56,1.428571,46.2788,A#2,118.4326,0.394739,1.000000,0.799542,0.850000,0.550000,,0.566294,2224.875,4,4,0.550000,0.350000,0.030000,0.070000,0.480000,0.320000,0.000000,0.000000,NOTE_HYPOTHESIS,shared_audio_intelligence_v0_2;spectral_peak;owner_supplied_audio
BE-003:pitch:03195,BE-003:onset:0748,131.239184,839.239184,220.607143,56,1.607143,44.6287,A2,107.6660,0.278639,1.000000,0.618090,0.850000,0.760000,,0.500775,2157.733,6,1,0.760000,0.180000,0.010000,0.050000,0.480000,0.320000,0.000000,0.000000,NOTE_HYPOTHESIS,shared_audio_intelligence_v0_2;spectral_peak;owner_supplied_audio
BE-003:pitch:03196,BE-003:onset:0748,131.239184,839.239184,220.607143,56,1.607143,34.2788,A#1,59.2163,0.325079,1.000000,0.618090,0.850000,0.760000,,0.500775,2157.733,6,2,0.760000,0.180000,0.010000,0.050000,0.480000,0.320000,0.000000,0.000000,NOTE_HYPOTHESIS,shared_audio_intelligence_v0_2;spectral_peak;owner_supplied_audio
BE-003:pitch:03197,BE-003:onset:0748,131.239184,839.239184,220.607143,56,1.607143,69.8808,A#4,462.9639,0.185760,1.000000,0.618090,0.850000,0.580000,,0.500775,2157.733,6,3,0.050000,0.300000,0.580000,0.070000,0.000000,0.450000,0.250000,0.200000,NOTE_HYPOTHESIS,shared_audio_intelligence_v0_2;spectral_peak;owner_supplied_audio
BE-003:pitch:03198,BE-003:onset:0748,131.239184,839.239184,220.607143,56,1.607143,81.8808,A#5,925.9277,0.116100,1.000000,0.618090,0.850000,0.840000,,0.500775,2157.733,6,4,0.010000,0.080000,0.840000,0.070000,0.000000,0.120000,0.580000,0.220000,NOTE_HYPOTHESIS,shared_audio_intelligence_v0_2;spectral_peak;owner_supplied_audio
BE-003:pitch:03199,BE-003:onset:0748,131.239184,839.239184,220.607143,56,1.607143,61.8242,D4,290.6982,0.185760,1.000000,0.618090,0.850000,0.520000,,0.500775,2157.733,6,5,0.250000,0.520000,0.150000,0.080000,0.000000,0.450000,0.250000,0.200000,NOTE_HYPOTHESIS,shared_audio_intelligence_v0_2;spectral_peak;owner_supplied_audio
BE-003:pitch:03200,BE-003:onset:0748,131.239184,839.239184,220.607143,56,1.607143,73.8242,D5,581.3965,0.185760,1.000000,0.618090,0.850000,0.580000,,0.500775,2157.733,6,6,0.050000,0.300000,0.580000,0.070000,0.000000,0.120000,0.580000,0.220000,NOTE_HYPOTHESIS,shared_audio_intelligence_v0_2;spectral_peak;owner_supplied_audio
BE-003:pitch:03201,BE-003:onset:0749,131.424943,839.424943,220.892857,56,1.892857,44.6287,A2,107.6660,0.116100,1.000000,0.666224,0.850000,0.760000,,0.421987,2380.716,6,1,0.760000,0.180000,0.010000,0.050000,0.480000,0.320000,0.000000,0.000000,NOTE_HYPOTHESIS,shared_audio_intelligence_v0_2;spectral_peak;owner_supplied_audio
BE-003:pitch:03202,BE-003:onset:0749,131.424943,839.424943,220.892857,56,1.892857,32.6287,A1,53.8330,0.139320,1.000000,0.666224,0.850000,0.760000,,0.421987,2380.716,6,2,0.760000,0.180000,0.010000,0.050000,0.480000,0.320000,0.000000,0.000000,NOTE_HYPOTHESIS,shared_audio_intelligence_v0_2;spectral_peak;owner_supplied_audio
BE-003:pitch:03203,BE-003:onset:0749,131.424943,839.424943,220.892857,56,1.892857,65.8151,F#4,366.0645,0.580499,1.000000,0.666224,0.850000,0.580000,,0.421987,2380.716,6,3,0.050000,0.300000,0.580000,0.070000,0.000000,0.450000,0.250000,0.200000,NOTE_HYPOTHESIS,shared_audio_intelligence_v0_2;spectral_peak;owner_supplied_audio
BE-003:pitch:03204,BE-003:onset:0749,131.424943,839.424943,220.892857,56,1.892857,77.9420,F#5,737.5122,0.092880,0.975485,0.666224,0.837742,0.840000,,0.421987,2380.716,6,4,0.010000,0.080000,0.840000,0.070000,0.000000,0.120000,0.580000,0.220000,NOTE_HYPOTHESIS,shared_audio_intelligence_v0_2;spectral_peak;owner_supplied_audio
BE-003:pitch:03205,BE-003:onset:0749,131.424943,839.424943,220.892857,56,1.892857,61.8242,D4,290.6982,0.255420,0.877547,0.666224,0.788774,0.520000,,0.421987,2380.716,6,5,0.250000,0.520000,0.150000,0.080000,0.000000,0.450000,0.250000,0.200000,NOTE_HYPOTHESIS,shared_audio_intelligence_v0_2;spectral_peak;owner_supplied_audio
BE-003:pitch:03206,BE-003:onset:0749,131.424943,839.424943,220.892857,56,1.892857,69.8808,A#4,462.9639,0.116100,0.855667,0.666224,0.777833,0.580000,,0.421987,2380.716,6,6,0.050000,0.300000,0.580000,0.070000,0.000000,0.450000,0.250000,0.200000,NOTE_HYPOTHESIS,shared_audio_intelligence_v0_2;spectral_peak;owner_supplied_audio
BE-003:pitch:03207,BE-003:onset:0750,131.517823,839.517823,221.038462,56,2.038462,37.1709,C#2,69.9829,0.348299,1.000000,0.740421,0.850000,0.760000,,0.471875,2210.432,6,1,0.760000,0.180000,0.010000,0.050000,0.480000,0.320000,0.000000,0.000000,NOTE_HYPOTHESIS,shared_audio_intelligence_v0_2;spectral_peak;owner_supplied_audio
BE-003:pitch:03208,BE-003:onset:0750,131.517823,839.517823,221.038462,56,2.038462,49.8242,D3,145.3491,0.278639,1.000000,0.740421,0.850000,0.550000,,0.471875,2210.432,6,2,0.550000,0.350000,0.030000,0.070000,0.480000,0.320000,0.000000,0.000000,NOTE_HYPOTHESIS,shared_audio_intelligence_v0_2;spectral_peak;owner_supplied_audio
BE-003:pitch:03209,BE-003:onset:0750,131.517823,839.517823,221.038462,56,2.038462,68.8438,A4,436.0474,0.278639,1.000000,0.740421,0.850000,0.580000,,0.471875,2210.432,6,3,0.050000,0.300000,0.580000,0.070000,0.000000,0.450000,0.250000,0.200000,NOTE_HYPOTHESIS,shared_audio_intelligence_v0_2;spectral_peak;owner_supplied_audio
BE-003:pitch:03210,BE-003:onset:0750,131.517823,839.517823,221.038462,56,2.038462,66.0679,F#4,371.4478,0.510839,1.000000,0.740421,0.850000,0.580000,,0.471875,2210.432,6,4,0.050000,0.300000,0.580000,0.070000,0.000000,0.450000,0.250000,0.200000,NOTE_HYPOTHESIS,shared_audio_intelligence_v0_2;spectral_peak;owner_supplied_audio
BE-003:pitch:03211,BE-003:onset:0750,131.517823,839.517823,221.038462,56,2.038462,42.8047,G2,96.8994,1.532517,0.952938,0.740421,0.826469,0.760000,,0.471875,2210.432,6,5,0.760000,0.180000,0.010000,0.050000,0.480000,0.320000,0.000000,0.000000,NOTE_HYPOTHESIS,shared_audio_intelligence_v0_2;spectral_peak;owner_supplied_audio
BE-003:pitch:03212,BE-003:onset:0750,131.517823,839.517823,221.038462,56,2.038462,56.6287,A3,215.3320,0.301859,0.942920,0.740421,0.821460,0.520000,,0.471875,2210.432,6,6,0.250000,0.520000,0.150000,0.080000,0.000000,0.450000,0.250000,0.200000,NOTE_HYPOTHESIS,shared_audio_intelligence_v0_2;spectral_peak;owner_supplied_audio
BE-003:pitch:03213,BE-003:onset:0751,131.726803,839.726803,221.384615,56,2.384615,65.8151,F#4,366.0645,0.232200,1.000000,1.000000,0.850000,0.580000,,0.576376,1949.748,6,1,0.050000,0.300000,0.580000,0.070000,0.000000,0.450000,0.250000,0.200000,NOTE_HYPOTHESIS,shared_audio_intelligence_v0_2;spectral_peak;owner_supplied_audio
BE-003:pitch:03214,BE-003:onset:0751,131.726803,839.726803,221.384615,56,2.384615,77.9420,F#5,737.5122,0.116100,1.000000,1.000000,0.850000,0.840000,,0.576376,1949.748,6,2,0.010000,0.080000,0.840000,0.070000,0.000000,0.120000,0.580000,0.220000,NOTE_HYPOTHESIS,shared_audio_intelligence_v0_2;spectral_peak;owner_supplied_audio
BE-003:pitch:03215,BE-003:onset:0751,131.726803,839.726803,221.384615,56,2.384615,37.1709,C#2,69.9829,0.139320,1.000000,1.000000,0.850000,0.760000,,0.576376,1949.748,6,3,0.760000,0.180000,0.010000,0.050000,0.480000,0.320000,0.000000,0.000000,NOTE_HYPOTHESIS,shared_audio_intelligence_v0_2;spectral_peak;owner_supplied_audio
BE-003:pitch:03216,BE-003:onset:0751,131.726803,839.726803,221.384615,56,2.384615,49.8242,D3,145.3491,0.069660,1.000000,1.000000,0.850000,0.550000,,0.576376,1949.748,6,4,0.550000,0.350000,0.030000,0.070000,0.480000,0.320000,0.000000,0.000000,NOTE_HYPOTHESIS,shared_audio_intelligence_v0_2;spectral_peak;owner_supplied_audio
BE-003:pitch:03217,BE-003:onset:0751,131.726803,839.726803,221.384615,56,2.384615,68.8438,A4,436.0474,0.092880,1.000000,1.000000,0.850000,0.580000,,0.576376,1949.748,6,5,0.050000,0.300000,0.580000,0.070000,0.000000,0.450000,0.250000,0.200000,NOTE_HYPOTHESIS,shared_audio_intelligence_v0_2;spectral_peak;owner_supplied_audio
BE-003:pitch:03218,BE-003:onset:0751,131.726803,839.726803,221.384615,56,2.384615,84.9193,C#6,1103.5767,0.116100,1.000000,1.000000,0.850000,0.840000,,0.576376,1949.748,6,6,0.010000,0.080000,0.840000,0.070000,0.000000,0.120000,0.580000,0.220000,NOTE_HYPOTHESIS,shared_audio_intelligence_v0_2;spectral_peak;owner_supplied_audio
BE-003:pitch:03219,BE-003:onset:0752,131.842902,839.842902,221.576923,56,2.576923,42.8047,G2,96.8994,0.301859,1.000000,0.673479,0.850000,0.760000,,0.644334,1540.047,5,1,0.760000,0.180000,0.010000,0.050000,0.480000,0.320000,0.000000,0.000000,NOTE_HYPOTHESIS,shared_audio_intelligence_v0_2;spectral_peak;owner_supplied_audio
BE-003:pitch:03220,BE-003:onset:0752,131.842902,839.842902,221.576923,56,2.576923,66.8047,G4,387.5977,0.232200,1.000000,0.673479,0.850000,0.580000,,0.644334,1540.047,5,2,0.050000,0.300000,0.580000,0.070000,0.000000,0.450000,0.250000,0.200000,NOTE_HYPOTHESIS,shared_audio_intelligence_v0_2;spectral_peak;owner_supplied_audio
BE-003:pitch:03221,BE-003:onset:0752,131.842902,839.842902,221.576923,56,2.576923,66.0679,F#4,371.4478,0.139320,1.000000,0.673479,0.850000,0.580000,,0.644334,1540.047,5,3,0.050000,0.300000,0.580000,0.070000,0.000000,0.450000,0.250000,0.200000,NOTE_HYPOTHESIS,shared_audio_intelligence_v0_2;spectral_peak;owner_supplied_audio
BE-003:pitch:03222,BE-003:onset:0752,131.842902,839.842902,221.576923,56,2.576923,78.9245,G5,780.5786,0.185760,1.000000,0.673479,0.850000,0.840000,,0.644334,1540.047,5,4,0.010000,0.080000,0.840000,0.070000,0.000000,0.120000,0.580000,0.220000,NOTE_HYPOTHESIS,shared_audio_intelligence_v0_2;spectral_peak;owner_supplied_audio
BE-003:pitch:03223,BE-003:onset:0752,131.842902,839.842902,221.576923,56,2.576923,63.9344,E4,328.3813,0.092880,1.000000,0.673479,0.850000,0.520000,,0.644334,1540.047,5,5,0.250000,0.520000,0.150000,0.080000,0.000000,0.450000,0.250000,0.200000,NOTE_HYPOTHESIS,shared_audio_intelligence_v0_2;spectral_peak;owner_supplied_audio
BE-003:pitch:03224,BE-003:onset:0753,132.005442,840.005442,221.846154,56,2.846154,42.8047,G2,96.8994,0.162540,1.000000,0.931236,0.850000,0.760000,,0.583247,2285.562,4,1,0.760000,0.180000,0.010000,0.050000,0.480000,0.320000,0.000000,0.000000,NOTE_HYPOTHESIS,shared_audio_intelligence_v0_2;spectral_peak;owner_supplied_audio
BE-003:pitch:03225,BE-003:onset:0753,132.005442,840.005442,221.846154,56,2.846154,82.8591,B5,979.7607,0.185760,1.000000,0.931236,0.850000,0.840000,,0.583247,2285.562,4,2,0.010000,0.080000,0.840000,0.070000,0.000000,0.120000,0.580000,0.220000,NOTE_HYPOTHESIS,shared_audio_intelligence_v0_2;spectral_peak;owner_supplied_audio
BE-003:pitch:03226,BE-003:onset:0753,132.005442,840.005442,221.846154,56,2.846154,67.0435,G4,392.9810,0.185760,1.000000,0.931236,0.850000,0.580000,,0.583247,2285.562,4,3,0.050000,0.300000,0.580000,0.070000,0.000000,0.450000,0.250000,0.200000,NOTE_HYPOTHESIS,shared_audio_intelligence_v0_2;spectral_peak;owner_supplied_audio
BE-003:pitch:03227,BE-003:onset:0753,132.005442,840.005442,221.846154,56,2.846154,54.8047,G3,193.7988,0.325079,0.968854,0.931236,0.834427,0.550000,,0.583247,2285.562,4,4,0.550000,0.350000,0.030000,0.070000,0.480000,0.320000,0.000000,0.000000,NOTE_HYPOTHESIS,shared_audio_intelligence_v0_2;spectral_peak;owner_supplied_audio
BE-003:pitch:03228,BE-003:onset:0754,132.098322,840.098322,222.000000,56,3.000000,44.6287,A2,107.6660,0.487619,1.000000,0.904821,0.850000,0.760000,,0.768251,1920.915,4,1,0.760000,0.180000,0.010000,0.050000,0.480000,0.320000,0.000000,0.000000,NOTE_HYPOTHESIS,shared_audio_intelligence_v0_2;spectral_peak;owner_supplied_audio
BE-003:pitch:03229,BE-003:onset:0754,132.098322,840.098322,222.000000,56,3.000000,74.9115,D#5,619.0796,0.348299,1.000000,0.904821,0.850000,0.580000,,0.768251,1920.915,4,2,0.050000,0.300000,0.580000,0.070000,0.000000,0.120000,0.580000,0.220000,NOTE_HYPOTHESIS,shared_audio_intelligence_v0_2;spectral_peak;owner_supplied_audio
BE-003:pitch:03230,BE-003:onset:0754,132.098322,840.098322,222.000000,56,3.000000,82.8591,B5,979.7607,0.116100,1.000000,0.904821,0.850000,0.840000,,0.768251,1920.915,4,3,0.010000,0.080000,0.840000,0.070000,0.000000,0.120000,0.580000,0.220000,NOTE_HYPOTHESIS,shared_audio_intelligence_v0_2;spectral_peak;owner_supplied_audio
BE-003:pitch:03231,BE-003:onset:0754,132.098322,840.098322,222.000000,56,3.000000,86.9115,D#6,1238.1592,0.325079,1.000000,0.904821,0.850000,0.840000,,0.768251,1920.915,4,4,0.010000,0.080000,0.840000,0.070000,0.000000,0.120000,0.580000,0.220000,NOTE_HYPOTHESIS,shared_audio_intelligence_v0_2;spectral_peak;owner_supplied_audio
BE-003:pitch:03232,BE-003:onset:0755,132.284082,840.284082,222.320000,56,3.320000,78.9245,G5,780.5786,0.185760,1.000000,0.986663,0.850000,0.840000,,0.966326,1768.148,3,1,0.010000,0.080000,0.840000,0.070000,0.000000,0.120000,0.580000,0.220000,NOTE_HYPOTHESIS,shared_audio_intelligence_v0_2;spectral_peak;owner_supplied_audio
BE-003:pitch:03233,BE-003:onset:0755,132.284082,840.284082,222.320000,56,3.320000,45.4734,A2,113.0493,0.394739,1.000000,0.986663,0.850000,0.550000,,0.966326,1768.148,3,2,0.550000,0.350000,0.030000,0.070000,0.480000,0.320000,0.000000,0.000000,NOTE_HYPOTHESIS,shared_audio_intelligence_v0_2;spectral_peak;owner_supplied_audio
BE-003:pitch:03234,BE-003:onset:0755,132.284082,840.284082,222.320000,56,3.320000,74.7603,D#5,613.6963,0.208980,1.000000,0.986663,0.850000,0.580000,,0.966326,1768.148,3,3,0.050000,0.300000,0.580000,0.070000,0.000000,0.120000,0.580000,0.220000,NOTE_HYPOTHESIS,shared_audio_intelligence_v0_2;spectral_peak;owner_supplied_audio
BE-003:pitch:03235,BE-003:onset:0756,132.423401,840.423401,222.560000,56,3.560000,81.8808,A#5,925.9277,0.116100,1.000000,0.882899,0.850000,0.840000,,0.984517,1710.940,3,1,0.010000,0.080000,0.840000,0.070000,0.000000,0.120000,0.580000,0.220000,NOTE_HYPOTHESIS,shared_audio_intelligence_v0_2;spectral_peak;owner_supplied_audio
BE-003:pitch:03236,BE-003:onset:0756,132.423401,840.423401,222.560000,56,3.560000,78.9245,G5,780.5786,0.278639,1.000000,0.882899,0.850000,0.840000,,0.984517,1710.940,3,2,0.010000,0.080000,0.840000,0.070000,0.000000,0.120000,0.580000,0.220000,NOTE_HYPOTHESIS,shared_audio_intelligence_v0_2;spectral_peak;owner_supplied_audio
BE-003:pitch:03237,BE-003:onset:0756,132.423401,840.423401,222.560000,56,3.560000,46.2788,A#2,118.4326,0.255420,1.000000,0.882899,0.850000,0.550000,,0.984517,1710.940,3,3,0.550000,0.350000,0.030000,0.070000,0.480000,0.320000,0.000000,0.000000,NOTE_HYPOTHESIS,shared_audio_intelligence_v0_2;spectral_peak;owner_supplied_audio
BE-003:pitch:03238,BE-003:onset:0757,132.609161,840.609161,222.880000,56,3.880000,78.8047,G5,775.1953,0.069660,1.000000,1.000000,0.850000,0.840000,,0.774182,2087.495,6,1,0.010000,0.080000,0.840000,0.070000,0.000000,0.120000,0.580000,0.220000,NOTE_HYPOTHESIS,shared_audio_intelligence_v0_2;spectral_peak;owner_supplied_audio
BE-003:pitch:03239,BE-003:onset:0757,132.609161,840.609161,222.880000,56,3.880000,81.9811,A#5,931.3110,0.325079,1.000000,1.000000,0.850000,0.840000,,0.774182,2087.495,6,2,0.010000,0.080000,0.840000,0.070000,0.000000,0.120000,0.580000,0.220000,NOTE_HYPOTHESIS,shared_audio_intelligence_v0_2;spectral_peak;owner_supplied_audio
BE-003:pitch:03240,BE-003:onset:0757,132.609161,840.609161,222.880000,56,3.880000,44.6287,A2,107.6660,0.139320,1.000000,1.000000,0.850000,0.760000,,0.774182,2087.495,6,3,0.760000,0.180000,0.010000,0.050000,0.480000,0.320000,0.000000,0.000000,NOTE_HYPOTHESIS,shared_audio_intelligence_v0_2;spectral_peak;owner_supplied_audio
BE-003:pitch:03241,BE-003:onset:0757,132.609161,840.609161,222.880000,56,3.880000,81.7798,A#5,920.5444,0.348299,1.000000,1.000000,0.850000,0.840000,,0.774182,2087.495,6,4,0.010000,0.080000,0.840000,0.070000,0.000000,0.120000,0.580000,0.220000,NOTE_HYPOTHESIS,shared_audio_intelligence_v0_2;spectral_peak;owner_supplied_audio
BE-003:pitch:03242,BE-003:onset:0757,132.609161,840.609161,222.880000,56,3.880000,93.9811,A#6,1862.6221,0.394739,0.882454,1.000000,0.791227,0.840000,,0.774182,2087.495,6,5,0.010000,0.080000,0.840000,0.070000,0.000000,0.120000,0.580000,0.220000,NOTE_HYPOTHESIS,shared_audio_intelligence_v0_2;spectral_peak;owner_supplied_audio
BE-003:pitch:03243,BE-003:onset:0757,132.609161,840.609161,222.880000,56,3.880000,49.1709,C#3,139.9658,1.532517,0.846912,1.000000,0.773456,0.550000,,0.774182,2087.495,6,6,0.550000,0.350000,0.030000,0.070000,0.480000,0.320000,0.000000,0.000000,NOTE_HYPOTHESIS,shared_audio_intelligence_v0_2;spectral_peak;owner_supplied_audio
BE-003:pitch:03244,BE-003:onset:0758,132.702041,840.702041,223.045455,56,4.045455,81.8808,A#5,925.9277,0.092880,1.000000,1.000000,0.850000,0.840000,,0.895457,2240.893,2,1,0.010000,0.080000,0.840000,0.070000,0.000000,0.120000,0.580000,0.220000,NOTE_HYPOTHESIS,shared_audio_intelligence_v0_2;spectral_peak;owner_supplied_audio
BE-003:pitch:03245,BE-003:onset:0758,132.702041,840.702041,223.045455,56,4.045455,49.8242,D3,145.3491,0.534059,1.000000,1.000000,0.850000,0.550000,,0.895457,2240.893,2,2,0.550000,0.350000,0.030000,0.070000,0.480000,0.320000,0.000000,0.000000,NOTE_HYPOTHESIS,shared_audio_intelligence_v0_2;spectral_peak;owner_supplied_audio
BE-003:pitch:03246,BE-003:onset:0759,132.887800,840.887800,223.409091,56,4.409091,78.9245,G5,780.5786,0.208980,1.000000,0.937542,0.850000,0.840000,,1.000000,1993.130,1,1,0.010000,0.080000,0.840000,0.070000,0.000000,0.120000,0.580000,0.220000,NOTE_HYPOTHESIS,shared_audio_intelligence_v0_2;spectral_peak;owner_supplied_audio
BE-003:pitch:03247,BE-003:onset:0760,132.980680,840.980680,223.590909,56,4.590909,78.9245,G5,780.5786,0.139320,1.000000,0.672391,0.850000,0.840000,,0.847123,2449.051,2,1,0.010000,0.080000,0.840000,0.070000,0.000000,0.120000,0.580000,0.220000,NOTE_HYPOTHESIS,shared_audio_intelligence_v0_2;spectral_peak;owner_supplied_audio
BE-003:pitch:03248,BE-003:onset:0760,132.980680,840.980680,223.590909,56,4.590909,49.8242,D3,145.3491,0.255420,1.000000,0.672391,0.850000,0.550000,,0.847123,2449.051,2,2,0.550000,0.350000,0.030000,0.070000,0.480000,0.320000,0.000000,0.000000,NOTE_HYPOTHESIS,shared_audio_intelligence_v0_2;spectral_peak;owner_supplied_audio
BE-003:pitch:03249,BE-003:onset:0761,133.166440,841.166440,223.954545,56,4.954545,49.8242,D3,145.3491,0.116100,1.000000,0.717197,0.850000,0.550000,,0.635363,1647.634,6,1,0.550000,0.350000,0.030000,0.070000,0.480000,0.320000,0.000000,0.000000,NOTE_HYPOTHESIS,shared_audio_intelligence_v0_2;spectral_peak;owner_supplied_audio
BE-003:pitch:03250,BE-003:onset:0761,133.166440,841.166440,223.954545,56,4.954545,62.7603,D#4,306.8481,0.232200,1.000000,0.717197,0.850000,0.520000,,0.635363,1647.634,6,2,0.250000,0.520000,0.150000,0.080000,0.000000,0.450000,0.250000,0.200000,NOTE_HYPOTHESIS,shared_audio_intelligence_v0_2;spectral_peak;owner_supplied_audio
BE-003:pitch:03251,BE-003:onset:0761,133.166440,841.166440,223.954545,56,4.954545,81.8808,A#5,925.9277,0.116100,1.000000,0.717197,0.850000,0.840000,,0.635363,1647.634,6,3,0.010000,0.080000,0.840000,0.070000,0.000000,0.120000,0.580000,0.220000,NOTE_HYPOTHESIS,shared_audio_intelligence_v0_2;spectral_peak;owner_supplied_audio
BE-003:pitch:03252,BE-003:onset:0761,133.166440,841.166440,223.954545,56,4.954545,57.8808,A#3,231.4819,0.301859,1.000000,0.717197,0.850000,0.520000,,0.635363,1647.634,6,4,0.250000,0.520000,0.150000,0.080000,0.000000,0.450000,0.250000,0.200000,NOTE_HYPOTHESIS,shared_audio_intelligence_v0_2;spectral_peak;owner_supplied_audio
BE-003:pitch:03253,BE-003:onset:0761,133.166440,841.166440,223.954545,56,4.954545,90.8647,G6,1555.7739,0.232200,1.000000,0.717197,0.850000,0.840000,,0.635363,1647.634,6,5,0.010000,0.080000,0.840000,0.070000,0.000000,0.120000,0.580000,0.220000,NOTE_HYPOTHESIS,shared_audio_intelligence_v0_2;spectral_peak;owner_supplied_audio
BE-003:pitch:03254,BE-003:onset:0761,133.166440,841.166440,223.954545,56,4.954545,56.1904,G#3,209.9487,0.464399,0.971330,0.717197,0.835665,0.520000,,0.635363,1647.634,6,6,0.250000,0.520000,0.150000,0.080000,0.000000,0.450000,0.250000,0.200000,NOTE_HYPOTHESIS,shared_audio_intelligence_v0_2;spectral_peak;owner_supplied_audio
BE-003:pitch:03255,BE-003:onset:0762,133.352200,841.352200,224.280000,57,1.280000,47.7851,C3,129.1992,0.232200,1.000000,0.505172,0.850000,0.550000,,0.486712,2096.324,5,1,0.550000,0.350000,0.030000,0.070000,0.480000,0.320000,0.000000,0.000000,NOTE_HYPOTHESIS,shared_audio_intelligence_v0_2;spectral_peak;owner_supplied_audio
BE-003:pitch:03256,BE-003:onset:0762,133.352200,841.352200,224.280000,57,1.280000,78.9245,G5,780.5786,0.162540,1.000000,0.505172,0.850000,0.840000,,0.486712,2096.324,5,2,0.010000,0.080000,0.840000,0.070000,0.000000,0.120000,0.580000,0.220000,NOTE_HYPOTHESIS,shared_audio_intelligence_v0_2;spectral_peak;owner_supplied_audio
BE-003:pitch:03257,BE-003:onset:0762,133.352200,841.352200,224.280000,57,1.280000,67.0435,G4,392.9810,0.185760,0.941835,0.505172,0.820918,0.580000,,0.486712,2096.324,5,3,0.050000,0.300000,0.580000,0.070000,0.000000,0.450000,0.250000,0.200000,NOTE_HYPOTHESIS,shared_audio_intelligence_v0_2;spectral_peak;owner_supplied_audio
BE-003:pitch:03258,BE-003:onset:0762,133.352200,841.352200,224.280000,57,1.280000,57.8808,A#3,231.4819,0.185760,0.929583,0.505172,0.814791,0.520000,,0.486712,2096.324,5,4,0.250000,0.520000,0.150000,0.080000,0.000000,0.450000,0.250000,0.200000,NOTE_HYPOTHESIS,shared_audio_intelligence_v0_2;spectral_peak;owner_supplied_audio
BE-003:pitch:03259,BE-003:onset:0762,133.352200,841.352200,224.280000,57,1.280000,63.0613,D#4,312.2314,0.278639,0.896775,0.505172,0.798387,0.520000,,0.486712,2096.324,5,5,0.250000,0.520000,0.150000,0.080000,0.000000,0.450000,0.250000,0.200000,NOTE_HYPOTHESIS,shared_audio_intelligence_v0_2;spectral_peak;owner_supplied_audio
BE-003:pitch:03260,BE-003:onset:0763,133.468299,841.468299,224.480000,57,1.480000,47.7851,C3,129.1992,0.116100,1.000000,0.710472,0.850000,0.550000,,0.536970,2578.679,5,1,0.550000,0.350000,0.030000,0.070000,0.480000,0.320000,0.000000,0.000000,NOTE_HYPOTHESIS,shared_audio_intelligence_v0_2;spectral_peak;owner_supplied_audio
BE-003:pitch:03261,BE-003:onset:0763,133.468299,841.468299,224.480000,57,1.480000,49.8242,D3,145.3491,0.603719,1.000000,0.710472,0.850000,0.550000,,0.536970,2578.679,5,2,0.550000,0.350000,0.030000,0.070000,0.480000,0.320000,0.000000,0.000000,NOTE_HYPOTHESIS,shared_audio_intelligence_v0_2;spectral_peak;owner_supplied_audio
BE-003:pitch:03262,BE-003:onset:0763,133.468299,841.468299,224.480000,57,1.480000,78.9245,G5,780.5786,0.069660,1.000000,0.710472,0.850000,0.840000,,0.536970,2578.679,5,3,0.010000,0.080000,0.840000,0.070000,0.000000,0.120000,0.580000,0.220000,NOTE_HYPOTHESIS,shared_audio_intelligence_v0_2;spectral_peak;owner_supplied_audio
BE-003:pitch:03263,BE-003:onset:0763,133.468299,841.468299,224.480000,57,1.480000,42.8047,G2,96.8994,0.255420,1.000000,0.710472,0.850000,0.760000,,0.536970,2578.679,5,4,0.760000,0.180000,0.010000,0.050000,0.480000,0.320000,0.000000,0.000000,NOTE_HYPOTHESIS,shared_audio_intelligence_v0_2;spectral_peak;owner_supplied_audio
BE-003:pitch:03264,BE-003:onset:0763,133.468299,841.468299,224.480000,57,1.480000,52.7656,F3,172.2656,0.371519,0.977190,0.710472,0.838595,0.550000,,0.536970,2578.679,5,5,0.550000,0.350000,0.030000,0.070000,0.480000,0.320000,0.000000,0.000000,NOTE_HYPOTHESIS,shared_audio_intelligence_v0_2;spectral_peak;owner_supplied_audio
BE-003:pitch:03265,BE-003:onset:0764,133.746939,841.746939,224.960000,57,1.960000,62.7603,D#4,306.8481,0.557279,1.000000,0.732324,0.850000,0.520000,,0.430326,1916.118,6,1,0.250000,0.520000,0.150000,0.080000,0.000000,0.450000,0.250000,0.200000,NOTE_HYPOTHESIS,shared_audio_intelligence_v0_2;spectral_peak;owner_supplied_audio
BE-003:pitch:03266,BE-003:onset:0764,133.746939,841.746939,224.960000,57,1.960000,57.8808,A#3,231.4819,0.603719,1.000000,0.732324,0.850000,0.520000,,0.430326,1916.118,6,2,0.250000,0.520000,0.150000,0.080000,0.000000,0.450000,0.250000,0.200000,NOTE_HYPOTHESIS,shared_audio_intelligence_v0_2;spectral_peak;owner_supplied_audio
BE-003:pitch:03267,BE-003:onset:0764,133.746939,841.746939,224.960000,57,1.960000,49.8242,D3,145.3491,0.348299,1.000000,0.732324,0.850000,0.550000,,0.430326,1916.118,6,3,0.550000,0.350000,0.030000,0.070000,0.480000,0.320000,0.000000,0.000000,NOTE_HYPOTHESIS,shared_audio_intelligence_v0_2;spectral_peak;owner_supplied_audio
BE-003:pitch:03268,BE-003:onset:0764,133.746939,841.746939,224.960000,57,1.960000,74.7603,D#5,613.6963,0.487619,1.000000,0.732324,0.850000,0.580000,,0.430326,1916.118,6,4,0.050000,0.300000,0.580000,0.070000,0.000000,0.120000,0.580000,0.220000,NOTE_HYPOTHESIS,shared_audio_intelligence_v0_2;spectral_peak;owner_supplied_audio
BE-003:pitch:03269,BE-003:onset:0764,133.746939,841.746939,224.960000,57,1.960000,81.8808,A#5,925.9277,0.139320,1.000000,0.732324,0.850000,0.840000,,0.430326,1916.118,6,5,0.010000,0.080000,0.840000,0.070000,0.000000,0.120000,0.580000,0.220000,NOTE_HYPOTHESIS,shared_audio_intelligence_v0_2;spectral_peak;owner_supplied_audio
BE-003:pitch:03270,BE-003:onset:0764,133.746939,841.746939,224.960000,57,1.960000,85.7439,D6,1157.4097,0.139320,0.913446,0.732324,0.806723,0.840000,,0.430326,1916.118,6,6,0.010000,0.080000,0.840000,0.070000,0.000000,0.120000,0.580000,0.220000,NOTE_HYPOTHESIS,shared_audio_intelligence_v0_2;spectral_peak;owner_supplied_audio
BE-003:pitch:03271,BE-003:onset:0765,134.048798,842.048798,225.480000,57,2.480000,62.7603,D#4,306.8481,0.208980,1.000000,1.000000,0.850000,0.520000,,0.592831,1746.304,6,1,0.250000,0.520000,0.150000,0.080000,0.000000,0.450000,0.250000,0.200000,NOTE_HYPOTHESIS,shared_audio_intelligence_v0_2;spectral_peak;owner_supplied_audio
BE-003:pitch:03272,BE-003:onset:0765,134.048798,842.048798,225.480000,57,2.480000,74.7603,D#5,613.6963,0.139320,1.000000,1.000000,0.850000,0.580000,,0.592831,1746.304,6,2,0.050000,0.300000,0.580000,0.070000,0.000000,0.120000,0.580000,0.220000,NOTE_HYPOTHESIS,shared_audio_intelligence_v0_2;spectral_peak;owner_supplied_audio
BE-003:pitch:03273,BE-003:onset:0765,134.048798,842.048798,225.480000,57,2.480000,57.8808,A#3,231.4819,0.278639,1.000000,1.000000,0.850000,0.520000,,0.592831,1746.304,6,3,0.250000,0.520000,0.150000,0.080000,0.000000,0.450000,0.250000,0.200000,NOTE_HYPOTHESIS,shared_audio_intelligence_v0_2;spectral_peak;owner_supplied_audio
BE-003:pitch:03274,BE-003:onset:0765,134.048798,842.048798,225.480000,57,2.480000,81.8808,A#5,925.9277,0.139320,1.000000,1.000000,0.850000,0.840000,,0.592831,1746.304,6,4,0.010000,0.080000,0.840000,0.070000,0.000000,0.120000,0.580000,0.220000,NOTE_HYPOTHESIS,shared_audio_intelligence_v0_2;spectral_peak;owner_supplied_audio
BE-003:pitch:03275,BE-003:onset:0765,134.048798,842.048798,225.480000,57,2.480000,86.9115,D#6,1238.1592,0.162540,1.000000,1.000000,0.850000,0.840000,,0.592831,1746.304,6,5,0.010000,0.080000,0.840000,0.070000,0.000000,0.120000,0.580000,0.220000,NOTE_HYPOTHESIS,shared_audio_intelligence_v0_2;spectral_peak;owner_supplied_audio
BE-003:pitch:03276,BE-003:onset:0765,134.048798,842.048798,225.480000,57,2.480000,85.7439,D6,1157.4097,0.162540,0.966623,1.000000,0.833311,0.840000,,0.592831,1746.304,6,6,0.010000,0.080000,0.840000,0.070000,0.000000,0.120000,0.580000,0.220000,NOTE_HYPOTHESIS,shared_audio_intelligence_v0_2;spectral_peak;owner_supplied_audio
BE-003:pitch:03277,BE-003:onset:0766,134.188118,842.188118,225.720000,57,2.720000,78.8047,G5,775.1953,0.139320,1.000000,0.622305,0.850000,0.840000,,0.638262,2004.686,6,1,0.010000,0.080000,0.840000,0.070000,0.000000,0.120000,0.580000,0.220000,NOTE_HYPOTHESIS,shared_audio_intelligence_v0_2;spectral_peak;owner_supplied_audio
BE-003:pitch:03278,BE-003:onset:0766,134.188118,842.188118,225.720000,57,2.720000,63.0613,D#4,312.2314,0.139320,1.000000,0.622305,0.850000,0.520000,,0.638262,2004.686,6,2,0.250000,0.520000,0.150000,0.080000,0.000000,0.450000,0.250000,0.200000,NOTE_HYPOTHESIS,shared_audio_intelligence_v0_2;spectral_peak;owner_supplied_audio
BE-003:pitch:03279,BE-003:onset:0766,134.188118,842.188118,225.720000,57,2.720000,57.8808,A#3,231.4819,0.185760,1.000000,0.622305,0.850000,0.520000,,0.638262,2004.686,6,3,0.250000,0.520000,0.150000,0.080000,0.000000,0.450000,0.250000,0.200000,NOTE_HYPOTHESIS,shared_audio_intelligence_v0_2;spectral_peak;owner_supplied_audio
BE-003:pitch:03280,BE-003:onset:0766,134.188118,842.188118,225.720000,57,2.720000,52.7656,F3,172.2656,0.557279,0.939460,0.622305,0.819730,0.550000,,0.638262,2004.686,6,4,0.550000,0.350000,0.030000,0.070000,0.480000,0.320000,0.000000,0.000000,NOTE_HYPOTHESIS,shared_audio_intelligence_v0_2;spectral_peak;owner_supplied_audio
BE-003:pitch:03281,BE-003:onset:0766,134.188118,842.188118,225.720000,57,2.720000,71.7851,C5,516.7969,0.278639,0.863966,0.622305,0.781983,0.580000,,0.638262,2004.686,6,5,0.050000,0.300000,0.580000,0.070000,0.000000,0.120000,0.580000,0.220000,NOTE_HYPOTHESIS,shared_audio_intelligence_v0_2;spectral_peak;owner_supplied_audio
BE-003:pitch:03282,BE-003:onset:0766,134.188118,842.188118,225.720000,57,2.720000,64.7656,F4,344.5312,0.417959,0.855804,0.622305,0.777902,0.580000,,0.638262,2004.686,6,6,0.050000,0.300000,0.580000,0.070000,0.000000,0.450000,0.250000,0.200000,NOTE_HYPOTHESIS,shared_audio_intelligence_v0_2;spectral_peak;owner_supplied_audio
BE-003:pitch:03283,BE-003:onset:0767,134.350658,842.350658,226.000000,57,3.000000,80.9503,A5,877.4780,0.162540,1.000000,0.925329,0.850000,0.840000,,0.760173,2233.688,2,1,0.010000,0.080000,0.840000,0.070000,0.000000,0.120000,0.580000,0.220000,NOTE_HYPOTHESIS,shared_audio_intelligence_v0_2;spectral_peak;owner_supplied_audio
BE-003:pitch:03284,BE-003:onset:0767,134.350658,842.350658,226.000000,57,3.000000,79.9670,G#5,829.0283,0.185760,1.000000,0.925329,0.850000,0.840000,,0.760173,2233.688,2,2,0.010000,0.080000,0.840000,0.070000,0.000000,0.120000,0.580000,0.220000,NOTE_HYPOTHESIS,shared_audio_intelligence_v0_2;spectral_peak;owner_supplied_audio
BE-003:pitch:03285,BE-003:onset:0768,134.443537,842.443537,226.160000,57,3.160000,81.8808,A#5,925.9277,0.417959,1.000000,0.712358,0.850000,0.840000,,0.777622,2077.889,5,1,0.010000,0.080000,0.840000,0.070000,0.000000,0.120000,0.580000,0.220000,NOTE_HYPOTHESIS,shared_audio_intelligence_v0_2;spectral_peak;owner_supplied_audio
BE-003:pitch:03286,BE-003:onset:0768,134.443537,842.443537,226.160000,57,3.160000,80.9503,A5,877.4780,0.789478,1.000000,0.712358,0.850000,0.840000,,0.777622,2077.889,5,2,0.010000,0.080000,0.840000,0.070000,0.000000,0.120000,0.580000,0.220000,NOTE_HYPOTHESIS,shared_audio_intelligence_v0_2;spectral_peak;owner_supplied_audio
BE-003:pitch:03287,BE-003:onset:0768,134.443537,842.443537,226.160000,57,3.160000,79.8542,G#5,823.6450,0.116100,1.000000,0.712358,0.850000,0.840000,,0.777622,2077.889,5,3,0.010000,0.080000,0.840000,0.070000,0.000000,0.120000,0.580000,0.220000,NOTE_HYPOTHESIS,shared_audio_intelligence_v0_2;spectral_peak;owner_supplied_audio
BE-003:pitch:03288,BE-003:onset:0768,134.443537,842.443537,226.160000,57,3.160000,63.9344,E4,328.3813,0.325079,1.000000,0.712358,0.850000,0.520000,,0.777622,2077.889,5,4,0.250000,0.520000,0.150000,0.080000,0.000000,0.450000,0.250000,0.200000,NOTE_HYPOTHESIS,shared_audio_intelligence_v0_2;spectral_peak;owner_supplied_audio
BE-003:pitch:03289,BE-003:onset:0768,134.443537,842.443537,226.160000,57,3.160000,51.6483,E3,161.4990,0.952018,0.944082,0.712358,0.822041,0.550000,,0.777622,2077.889,5,5,0.550000,0.350000,0.030000,0.070000,0.480000,0.320000,0.000000,0.000000,NOTE_HYPOTHESIS,shared_audio_intelligence_v0_2;spectral_peak;owner_supplied_audio
BE-003:pitch:03290,BE-003:onset:0769,134.629297,842.629297,226.480000,57,3.480000,80.9503,A5,877.4780,0.139320,1.000000,1.000000,0.850000,0.840000,,1.000000,1977.220,2,1,0.010000,0.080000,0.840000,0.070000,0.000000,0.120000,0.580000,0.220000,NOTE_HYPOTHESIS,shared_audio_intelligence_v0_2;spectral_peak;owner_supplied_audio
BE-003:pitch:03291,BE-003:onset:0769,134.629297,842.629297,226.480000,57,3.480000,62.7603,D#4,306.8481,0.301859,1.000000,1.000000,0.850000,0.520000,,1.000000,1977.220,2,2,0.250000,0.520000,0.150000,0.080000,0.000000,0.450000,0.250000,0.200000,NOTE_HYPOTHESIS,shared_audio_intelligence_v0_2;spectral_peak;owner_supplied_audio
BE-003:pitch:03292,BE-003:onset:0770,134.931156,842.931156,227.000000,57,4.000000,76.9003,F5,694.4458,0.139320,1.000000,1.000000,0.850000,0.840000,,0.820443,2057.673,6,1,0.010000,0.080000,0.840000,0.070000,0.000000,0.120000,0.580000,0.220000,NOTE_HYPOTHESIS,shared_audio_intelligence_v0_2;spectral_peak;owner_supplied_audio
BE-003:pitch:03293,BE-003:onset:0770,134.931156,842.931156,227.000000,57,4.000000,80.9503,A5,877.4780,0.325079,1.000000,1.000000,0.850000,0.840000,,0.820443,2057.673,6,2,0.010000,0.080000,0.840000,0.070000,0.000000,0.120000,0.580000,0.220000,NOTE_HYPOTHESIS,shared_audio_intelligence_v0_2;spectral_peak;owner_supplied_audio
BE-003:pitch:03294,BE-003:onset:0770,134.931156,842.931156,227.000000,57,4.000000,88.9003,F6,1388.8916,0.092880,0.880212,1.000000,0.790106,0.840000,,0.820443,2057.673,6,3,0.010000,0.080000,0.840000,0.070000,0.000000,0.120000,0.580000,0.220000,NOTE_HYPOTHESIS,shared_audio_intelligence_v0_2;spectral_peak;owner_supplied_audio
BE-003:pitch:03295,BE-003:onset:0770,134.931156,842.931156,227.000000,57,4.000000,56.1904,G#3,209.9487,0.441179,0.879220,1.000000,0.789610,0.520000,,0.820443,2057.673,6,4,0.250000,0.520000,0.150000,0.080000,0.000000,0.450000,0.250000,0.200000,NOTE_HYPOTHESIS,shared_audio_intelligence_v0_2;spectral_peak;owner_supplied_audio
BE-003:pitch:03296,BE-003:onset:0770,134.931156,842.931156,227.000000,57,4.000000,63.3573,D#4,317.6147,0.464399,0.824186,1.000000,0.762093,0.520000,,0.820443,2057.673,6,5,0.250000,0.520000,0.150000,0.080000,0.000000,0.450000,0.250000,0.200000,NOTE_HYPOTHESIS,shared_audio_intelligence_v0_2;spectral_peak;owner_supplied_audio
BE-003:pitch:03297,BE-003:onset:0770,134.931156,842.931156,227.000000,57,4.000000,62.7603,D#4,306.8481,0.139320,0.813497,1.000000,0.756749,0.520000,,0.820443,2057.673,6,6,0.250000,0.520000,0.150000,0.080000,0.000000,0.450000,0.250000,0.200000,NOTE_HYPOTHESIS,shared_audio_intelligence_v0_2;spectral_peak;owner_supplied_audio
BE-003:pitch:03298,BE-003:onset:0771,135.047256,843.047256,227.208333,57,4.208333,80.9503,A5,877.4780,0.139320,1.000000,0.708235,0.850000,0.840000,,1.000000,1862.762,2,1,0.010000,0.080000,0.840000,0.070000,0.000000,0.120000,0.580000,0.220000,NOTE_HYPOTHESIS,shared_audio_intelligence_v0_2;spectral_peak;owner_supplied_audio
BE-003:pitch:03299,BE-003:onset:0771,135.047256,843.047256,227.208333,57,4.208333,63.9344,E4,328.3813,0.301859,1.000000,0.708235,0.850000,0.520000,,1.000000,1862.762,2,2,0.250000,0.520000,0.150000,0.080000,0.000000,0.450000,0.250000,0.200000,NOTE_HYPOTHESIS,shared_audio_intelligence_v0_2;spectral_peak;owner_supplied_audio
BE-003:pitch:03300,BE-003:onset:0772,135.093696,843.093696,227.291667,57,4.291667,80.9503,A5,877.4780,0.116100,1.000000,0.649508,0.850000,0.840000,,1.000000,1980.913,2,1,0.010000,0.080000,0.840000,0.070000,0.000000,0.120000,0.580000,0.220000,NOTE_HYPOTHESIS,shared_audio_intelligence_v0_2;spectral_peak;owner_supplied_audio
BE-003:pitch:03301,BE-003:onset:0772,135.093696,843.093696,227.291667,57,4.291667,63.9344,E4,328.3813,0.232200,1.000000,0.649508,0.850000,0.520000,,1.000000,1980.913,2,2,0.250000,0.520000,0.150000,0.080000,0.000000,0.450000,0.250000,0.200000,NOTE_HYPOTHESIS,shared_audio_intelligence_v0_2;spectral_peak;owner_supplied_audio
BE-003:pitch:03302,BE-003:onset:0773,135.209796,843.209796,227.500000,57,4.500000,76.9003,F5,694.4458,0.208980,1.000000,1.000000,0.850000,0.840000,,0.798471,1971.593,4,1,0.010000,0.080000,0.840000,0.070000,0.000000,0.120000,0.580000,0.220000,NOTE_HYPOTHESIS,shared_audio_intelligence_v0_2;spectral_peak;owner_supplied_audio
BE-003:pitch:03303,BE-003:onset:0773,135.209796,843.209796,227.500000,57,4.500000,88.9673,F6,1394.2749,0.185760,1.000000,1.000000,0.850000,0.840000,,0.798471,1971.593,4,2,0.010000,0.080000,0.840000,0.070000,0.000000,0.120000,0.580000,0.220000,NOTE_HYPOTHESIS,shared_audio_intelligence_v0_2;spectral_peak;owner_supplied_audio
BE-003:pitch:03304,BE-003:onset:0773,135.209796,843.209796,227.500000,57,4.500000,63.9344,E4,328.3813,0.139320,1.000000,1.000000,0.850000,0.520000,,0.798471,1971.593,4,3,0.250000,0.520000,0.150000,0.080000,0.000000,0.450000,0.250000,0.200000,NOTE_HYPOTHESIS,shared_audio_intelligence_v0_2;spectral_peak;owner_supplied_audio
BE-003:pitch:03305,BE-003:onset:0773,135.209796,843.209796,227.500000,57,4.500000,80.9503,A5,877.4780,0.069660,1.000000,1.000000,0.850000,0.840000,,0.798471,1971.593,4,4,0.010000,0.080000,0.840000,0.070000,0.000000,0.120000,0.580000,0.220000,NOTE_HYPOTHESIS,shared_audio_intelligence_v0_2;spectral_peak;owner_supplied_audio
BE-003:pitch:03306,BE-003:onset:0774,135.325896,843.325896,227.708333,57,4.708333,76.9003,F5,694.4458,0.116100,1.000000,0.677753,0.850000,0.840000,,0.554170,2470.125,4,1,0.010000,0.080000,0.840000,0.070000,0.000000,0.120000,0.580000,0.220000,NOTE_HYPOTHESIS,shared_audio_intelligence_v0_2;spectral_peak;owner_supplied_audio
BE-003:pitch:03307,BE-003:onset:0774,135.325896,843.325896,227.708333,57,4.708333,88.9673,F6,1394.2749,0.092880,1.000000,0.677753,0.850000,0.840000,,0.554170,2470.125,4,2,0.010000,0.080000,0.840000,0.070000,0.000000,0.120000,0.580000,0.220000,NOTE_HYPOTHESIS,shared_audio_intelligence_v0_2;spectral_peak;owner_supplied_audio
BE-003:pitch:03308,BE-003:onset:0774,135.325896,843.325896,227.708333,57,4.708333,64.4929,E4,339.1479,0.139320,0.967740,0.677753,0.833870,0.580000,,0.554170,2470.125,4,3,0.050000,0.300000,0.580000,0.070000,0.000000,0.450000,0.250000,0.200000,NOTE_HYPOTHESIS,shared_audio_intelligence_v0_2;spectral_peak;owner_supplied_audio
BE-003:pitch:03309,BE-003:onset:0774,135.325896,843.325896,227.708333,57,4.708333,52.7656,F3,172.2656,0.232200,0.953092,0.677753,0.826546,0.550000,,0.554170,2470.125,4,4,0.550000,0.350000,0.030000,0.070000,0.480000,0.320000,0.000000,0.000000,NOTE_HYPOTHESIS,shared_audio_intelligence_v0_2;spectral_peak;owner_supplied_audio
BE-003:pitch:03310,BE-003:onset:0775,135.511655,843.511655,228.038462,58,1.038462,57.4734,A3,226.0986,0.952018,1.000000,0.912694,0.850000,0.520000,,0.593204,2072.633,6,1,0.250000,0.520000,0.150000,0.080000,0.000000,0.450000,0.250000,0.200000,NOTE_HYPOTHESIS,shared_audio_intelligence_v0_2;spectral_peak;owner_supplied_audio
BE-003:pitch:03311,BE-003:onset:0775,135.511655,843.511655,228.038462,58,1.038462,56.1904,G#3,209.9487,0.441179,0.984093,0.912694,0.842046,0.520000,,0.593204,2072.633,6,2,0.250000,0.520000,0.150000,0.080000,0.000000,0.450000,0.250000,0.200000,NOTE_HYPOTHESIS,shared_audio_intelligence_v0_2;spectral_peak;owner_supplied_audio
BE-003:pitch:03312,BE-003:onset:0775,135.511655,843.511655,228.038462,58,1.038462,52.7656,F3,172.2656,0.069660,0.918757,0.912694,0.809379,0.550000,,0.593204,2072.633,6,3,0.550000,0.350000,0.030000,0.070000,0.480000,0.320000,0.000000,0.000000,NOTE_HYPOTHESIS,shared_audio_intelligence_v0_2;spectral_peak;owner_supplied_audio
BE-003:pitch:03313,BE-003:onset:0775,135.511655,843.511655,228.038462,58,1.038462,61.8242,D4,290.6982,0.464399,0.893661,0.912694,0.796831,0.520000,,0.593204,2072.633,6,4,0.250000,0.520000,0.150000,0.080000,0.000000,0.450000,0.250000,0.200000,NOTE_HYPOTHESIS,shared_audio_intelligence_v0_2;spectral_peak;owner_supplied_audio
BE-003:pitch:03314,BE-003:onset:0775,135.511655,843.511655,228.038462,58,1.038462,77.0340,F5,699.8291,0.255420,0.842392,0.912694,0.771196,0.840000,,0.593204,2072.633,6,5,0.010000,0.080000,0.840000,0.070000,0.000000,0.120000,0.580000,0.220000,NOTE_HYPOTHESIS,shared_audio_intelligence_v0_2;spectral_peak;owner_supplied_audio
BE-003:pitch:03315,BE-003:onset:0775,135.511655,843.511655,228.038462,58,1.038462,80.8438,A5,872.0947,0.092880,0.824269,0.912694,0.762134,0.840000,,0.593204,2072.633,6,6,0.010000,0.080000,0.840000,0.070000,0.000000,0.120000,0.580000,0.220000,NOTE_HYPOTHESIS,shared_audio_intelligence_v0_2;spectral_peak;owner_supplied_audio
BE-003:pitch:03316,BE-003:onset:0776,135.813515,843.813515,228.538462,58,1.538462,49.8242,D3,145.3491,0.139320,1.000000,0.795482,0.850000,0.501984,,0.504653,2733.964,5,1,0.501984,0.319444,0.029762,0.148810,0.480000,0.320000,0.000000,0.000000,NOTE_HYPOTHESIS,shared_audio_intelligence_v0_2;spectral_peak;owner_supplied_audio
BE-003:pitch:03317,BE-003:onset:0776,135.813515,843.813515,228.538462,58,1.538462,68.8438,A4,436.0474,0.185760,0.949240,0.795482,0.824620,0.580000,,0.504653,2733.964,5,2,0.050000,0.300000,0.580000,0.070000,0.000000,0.450000,0.250000,0.200000,NOTE_HYPOTHESIS,shared_audio_intelligence_v0_2;spectral_peak;owner_supplied_audio
BE-003:pitch:03318,BE-003:onset:0776,135.813515,843.813515,228.538462,58,1.538462,44.6287,A2,107.6660,0.441179,0.936634,0.795482,0.818317,0.695860,,0.504653,2733.964,5,3,0.695860,0.164809,0.009952,0.129379,0.480000,0.320000,0.000000,0.000000,NOTE_HYPOTHESIS,shared_audio_intelligence_v0_2;spectral_peak;owner_supplied_audio
BE-003:pitch:03319,BE-003:onset:0776,135.813515,843.813515,228.538462,58,1.538462,55.2790,G3,199.1821,0.185760,0.785145,0.795482,0.742572,0.469756,,0.504653,2733.964,5,4,0.225844,0.469756,0.147290,0.157109,0.000000,0.450000,0.250000,0.200000,NOTE_HYPOTHESIS,shared_audio_intelligence_v0_2;spectral_peak;owner_supplied_audio
BE-003:pitch:03320,BE-003:onset:0776,135.813515,843.813515,228.538462,58,1.538462,87.9344,E6,1313.5254,0.092880,0.766233,0.795482,0.733116,0.840000,,0.504653,2733.964,5,5,0.010000,0.080000,0.840000,0.070000,0.000000,0.120000,0.580000,0.220000,NOTE_HYPOTHESIS,shared_audio_intelligence_v0_2;spectral_peak;owner_supplied_audio
BE-003:pitch:03321,BE-003:onset:0777,135.906395,843.906395,228.692308,58,1.692308,83.8751,C6,1038.9771,0.185760,1.000000,1.000000,0.850000,0.840000,,0.743351,1797.482,6,1,0.010000,0.080000,0.840000,0.070000,0.000000,0.120000,0.580000,0.220000,NOTE_HYPOTHESIS,shared_audio_intelligence_v0_2;spectral_peak;owner_supplied_audio
BE-003:pitch:03322,BE-003:onset:0777,135.906395,843.906395,228.692308,58,1.692308,45.4734,A2,113.0493,0.301859,1.000000,1.000000,0.850000,0.550000,,0.743351,1797.482,6,2,0.550000,0.350000,0.030000,0.070000,0.480000,0.320000,0.000000,0.000000,NOTE_HYPOTHESIS,shared_audio_intelligence_v0_2;spectral_peak;owner_supplied_audio
BE-003:pitch:03323,BE-003:onset:0777,135.906395,843.906395,228.692308,58,1.692308,71.9645,C5,522.1802,0.301859,1.000000,1.000000,0.850000,0.580000,,0.743351,1797.482,6,3,0.050000,0.300000,0.580000,0.070000,0.000000,0.120000,0.580000,0.220000,NOTE_HYPOTHESIS,shared_audio_intelligence_v0_2;spectral_peak;owner_supplied_audio
BE-003:pitch:03324,BE-003:onset:0777,135.906395,843.906395,228.692308,58,1.692308,43.7407,G#2,102.2827,0.092880,1.000000,1.000000,0.850000,0.760000,,0.743351,1797.482,6,4,0.760000,0.180000,0.010000,0.050000,0.480000,0.320000,0.000000,0.000000,NOTE_HYPOTHESIS,shared_audio_intelligence_v0_2;spectral_peak;owner_supplied_audio
BE-003:pitch:03325,BE-003:onset:0777,135.906395,843.906395,228.692308,58,1.692308,90.9841,G6,1566.5405,0.185760,0.992745,1.000000,0.846372,0.840000,,0.743351,1797.482,6,5,0.010000,0.080000,0.840000,0.070000,0.000000,0.120000,0.580000,0.220000,NOTE_HYPOTHESIS,shared_audio_intelligence_v0_2;spectral_peak;owner_supplied_audio
BE-003:pitch:03326,BE-003:onset:0777,135.906395,843.906395,228.692308,58,1.692308,57.8808,A#3,231.4819,0.557279,0.939509,1.000000,0.819755,0.520000,,0.743351,1797.482,6,6,0.250000,0.520000,0.150000,0.080000,0.000000,0.450000,0.250000,0.200000,NOTE_HYPOTHESIS,shared_audio_intelligence_v0_2;spectral_peak;owner_supplied_audio
BE-003:pitch:03327,BE-003:onset:0778,136.092154,844.092154,229.000000,58,2.000000,61.8242,D4,290.6982,0.232200,1.000000,1.000000,0.850000,0.520000,,0.571897,2022.213,6,1,0.250000,0.520000,0.150000,0.080000,0.000000,0.450000,0.250000,0.200000,NOTE_HYPOTHESIS,shared_audio_intelligence_v0_2;spectral_peak;owner_supplied_audio
BE-003:pitch:03328,BE-003:onset:0778,136.092154,844.092154,229.000000,58,2.000000,69.8808,A#4,462.9639,0.580499,1.000000,1.000000,0.850000,0.580000,,0.571897,2022.213,6,2,0.050000,0.300000,0.580000,0.070000,0.000000,0.450000,0.250000,0.200000,NOTE_HYPOTHESIS,shared_audio_intelligence_v0_2;spectral_peak;owner_supplied_audio
BE-003:pitch:03329,BE-003:onset:0778,136.092154,844.092154,229.000000,58,2.000000,81.8808,A#5,925.9277,0.139320,1.000000,1.000000,0.850000,0.840000,,0.571897,2022.213,6,3,0.010000,0.080000,0.840000,0.070000,0.000000,0.120000,0.580000,0.220000,NOTE_HYPOTHESIS,shared_audio_intelligence_v0_2;spectral_peak;owner_supplied_audio
BE-003:pitch:03330,BE-003:onset:0778,136.092154,844.092154,229.000000,58,2.000000,45.4734,A2,113.0493,0.139320,1.000000,1.000000,0.850000,0.550000,,0.571897,2022.213,6,4,0.550000,0.350000,0.030000,0.070000,0.480000,0.320000,0.000000,0.000000,NOTE_HYPOTHESIS,shared_audio_intelligence_v0_2;spectral_peak;owner_supplied_audio
BE-003:pitch:03331,BE-003:onset:0778,136.092154,844.092154,229.000000,58,2.000000,73.8242,D5,581.3965,0.394739,1.000000,1.000000,0.850000,0.580000,,0.571897,2022.213,6,5,0.050000,0.300000,0.580000,0.070000,0.000000,0.120000,0.580000,0.220000,NOTE_HYPOTHESIS,shared_audio_intelligence_v0_2;spectral_peak;owner_supplied_audio
BE-003:pitch:03332,BE-003:onset:0778,136.092154,844.092154,229.000000,58,2.000000,71.9645,C5,522.1802,0.162540,1.000000,1.000000,0.850000,0.580000,,0.571897,2022.213,6,6,0.050000,0.300000,0.580000,0.070000,0.000000,0.120000,0.580000,0.220000,NOTE_HYPOTHESIS,shared_audio_intelligence_v0_2;spectral_peak;owner_supplied_audio
BE-003:pitch:03333,BE-003:onset:0779,136.370794,844.370794,229.428571,58,2.428571,81.8808,A#5,925.9277,0.185760,1.000000,0.958578,0.850000,0.840000,,0.389487,2576.829,6,1,0.010000,0.080000,0.840000,0.070000,0.000000,0.120000,0.580000,0.220000,NOTE_HYPOTHESIS,shared_audio_intelligence_v0_2;spectral_peak;owner_supplied_audio
BE-003:pitch:03334,BE-003:onset:0779,136.370794,844.370794,229.428571,58,2.428571,69.8808,A#4,462.9639,0.325079,1.000000,0.958578,0.850000,0.580000,,0.389487,2576.829,6,2,0.050000,0.300000,0.580000,0.070000,0.000000,0.450000,0.250000,0.200000,NOTE_HYPOTHESIS,shared_audio_intelligence_v0_2;spectral_peak;owner_supplied_audio
BE-003:pitch:03335,BE-003:onset:0779,136.370794,844.370794,229.428571,58,2.428571,56.1904,G#3,209.9487,0.255420,1.000000,0.958578,0.850000,0.520000,,0.389487,2576.829,6,3,0.250000,0.520000,0.150000,0.080000,0.000000,0.450000,0.250000,0.200000,NOTE_HYPOTHESIS,shared_audio_intelligence_v0_2;spectral_peak;owner_supplied_audio
BE-003:pitch:03336,BE-003:onset:0779,136.370794,844.370794,229.428571,58,2.428571,88.9003,F6,1388.8916,0.162540,0.925831,0.958578,0.812916,0.840000,,0.389487,2576.829,6,4,0.010000,0.080000,0.840000,0.070000,0.000000,0.120000,0.580000,0.220000,NOTE_HYPOTHESIS,shared_audio_intelligence_v0_2;spectral_peak;owner_supplied_audio
BE-003:pitch:03337,BE-003:onset:0779,136.370794,844.370794,229.428571,58,2.428571,50.4538,D3,150.7324,0.510839,0.907743,0.958578,0.803872,0.550000,,0.389487,2576.829,6,5,0.550000,0.350000,0.030000,0.070000,0.480000,0.320000,0.000000,0.000000,NOTE_HYPOTHESIS,shared_audio_intelligence_v0_2;spectral_peak;owner_supplied_audio
BE-003:pitch:03338,BE-003:onset:0779,136.370794,844.370794,229.428571,58,2.428571,73.8242,D5,581.3965,0.162540,0.880933,0.958578,0.790466,0.580000,,0.389487,2576.829,6,6,0.050000,0.300000,0.580000,0.070000,0.000000,0.120000,0.580000,0.220000,NOTE_HYPOTHESIS,shared_audio_intelligence_v0_2;spectral_peak;owner_supplied_audio
BE-003:pitch:03339,BE-003:onset:0780,136.486893,844.486893,229.607143,58,2.607143,62.7603,D#4,306.8481,0.185760,1.000000,1.000000,0.850000,0.520000,,0.423476,1997.472,6,1,0.250000,0.520000,0.150000,0.080000,0.000000,0.450000,0.250000,0.200000,NOTE_HYPOTHESIS,shared_audio_intelligence_v0_2;spectral_peak;owner_supplied_audio
BE-003:pitch:03340,BE-003:onset:0780,136.486893,844.486893,229.607143,58,2.607143,84.9193,C#6,1103.5767,0.139320,1.000000,1.000000,0.850000,0.840000,,0.423476,1997.472,6,2,0.010000,0.080000,0.840000,0.070000,0.000000,0.120000,0.580000,0.220000,NOTE_HYPOTHESIS,shared_audio_intelligence_v0_2;spectral_peak;owner_supplied_audio
BE-003:pitch:03341,BE-003:onset:0780,136.486893,844.486893,229.607143,58,2.607143,69.8808,A#4,462.9639,0.208980,1.000000,1.000000,0.850000,0.580000,,0.423476,1997.472,6,3,0.050000,0.300000,0.580000,0.070000,0.000000,0.450000,0.250000,0.200000,NOTE_HYPOTHESIS,shared_audio_intelligence_v0_2;spectral_peak;owner_supplied_audio
BE-003:pitch:03342,BE-003:onset:0780,136.486893,844.486893,229.607143,58,2.607143,73.0036,C#5,554.4800,0.301859,1.000000,1.000000,0.850000,0.580000,,0.423476,1997.472,6,4,0.050000,0.300000,0.580000,0.070000,0.000000,0.120000,0.580000,0.220000,NOTE_HYPOTHESIS,shared_audio_intelligence_v0_2;spectral_peak;owner_supplied_audio
BE-003:pitch:03343,BE-003:onset:0780,136.486893,844.486893,229.607143,58,2.607143,50.4538,D3,150.7324,0.301859,1.000000,1.000000,0.850000,0.550000,,0.423476,1997.472,6,5,0.550000,0.350000,0.030000,0.070000,0.480000,0.320000,0.000000,0.000000,NOTE_HYPOTHESIS,shared_audio_intelligence_v0_2;spectral_peak;owner_supplied_audio
BE-003:pitch:03344,BE-003:onset:0780,136.486893,844.486893,229.607143,58,2.607143,81.8808,A#5,925.9277,0.092880,1.000000,1.000000,0.850000,0.840000,,0.423476,1997.472,6,6,0.010000,0.080000,0.840000,0.070000,0.000000,0.120000,0.580000,0.220000,NOTE_HYPOTHESIS,shared_audio_intelligence_v0_2;spectral_peak;owner_supplied_audio
BE-003:pitch:03345,BE-003:onset:0781,136.695873,844.695873,229.928571,58,2.928571,73.8242,D5,581.3965,0.116100,1.000000,0.764056,0.850000,0.580000,,0.773810,2162.860,6,1,0.050000,0.300000,0.580000,0.070000,0.000000,0.120000,0.580000,0.220000,NOTE_HYPOTHESIS,shared_audio_intelligence_v0_2;spectral_peak;owner_supplied_audio
BE-003:pitch:03346,BE-003:onset:0781,136.695873,844.695873,229.928571,58,2.928571,63.6483,E4,322.9980,0.162540,1.000000,0.764056,0.850000,0.520000,,0.773810,2162.860,6,2,0.250000,0.520000,0.150000,0.080000,0.000000,0.450000,0.250000,0.200000,NOTE_HYPOTHESIS,shared_audio_intelligence_v0_2;spectral_peak;owner_supplied_audio
BE-003:pitch:03347,BE-003:onset:0781,136.695873,844.695873,229.928571,58,2.928571,61.8242,D4,290.6982,0.162540,1.000000,0.764056,0.850000,0.520000,,0.773810,2162.860,6,3,0.250000,0.520000,0.150000,0.080000,0.000000,0.450000,0.250000,0.200000,NOTE_HYPOTHESIS,shared_audio_intelligence_v0_2;spectral_peak;owner_supplied_audio
BE-003:pitch:03348,BE-003:onset:0781,136.695873,844.695873,229.928571,58,2.928571,76.7656,F5,689.0625,0.487619,0.989207,0.764056,0.844603,0.840000,,0.773810,2162.860,6,4,0.010000,0.080000,0.840000,0.070000,0.000000,0.120000,0.580000,0.220000,NOTE_HYPOTHESIS,shared_audio_intelligence_v0_2;spectral_peak;owner_supplied_audio
BE-003:pitch:03349,BE-003:onset:0781,136.695873,844.695873,229.928571,58,2.928571,44.6287,A2,107.6660,1.532517,0.982138,0.764056,0.841069,0.760000,,0.773810,2162.860,6,5,0.760000,0.180000,0.010000,0.050000,0.480000,0.320000,0.000000,0.000000,NOTE_HYPOTHESIS,shared_audio_intelligence_v0_2;spectral_peak;owner_supplied_audio
BE-003:pitch:03350,BE-003:onset:0781,136.695873,844.695873,229.928571,58,2.928571,73.0036,C#5,554.4800,0.116100,0.980780,0.764056,0.840390,0.580000,,0.773810,2162.860,6,6,0.050000,0.300000,0.580000,0.070000,0.000000,0.120000,0.580000,0.220000,NOTE_HYPOTHESIS,shared_audio_intelligence_v0_2;spectral_peak;owner_supplied_audio
BE-003:pitch:03351,BE-003:onset:0782,136.765533,844.765533,230.038462,58,3.038462,76.9003,F5,694.4458,0.301859,1.000000,1.000000,0.850000,0.840000,,0.930490,1955.410,5,1,0.010000,0.080000,0.840000,0.070000,0.000000,0.120000,0.580000,0.220000,NOTE_HYPOTHESIS,shared_audio_intelligence_v0_2;spectral_peak;owner_supplied_audio
BE-003:pitch:03352,BE-003:onset:0782,136.765533,844.765533,230.038462,58,3.038462,45.4734,A2,113.0493,0.255420,1.000000,1.000000,0.850000,0.550000,,0.930490,1955.410,5,2,0.550000,0.350000,0.030000,0.070000,0.480000,0.320000,0.000000,0.000000,NOTE_HYPOTHESIS,shared_audio_intelligence_v0_2;spectral_peak;owner_supplied_audio
BE-003:pitch:03353,BE-003:onset:0782,136.765533,844.765533,230.038462,58,3.038462,88.9673,F6,1394.2749,0.208980,1.000000,1.000000,0.850000,0.840000,,0.930490,1955.410,5,3,0.010000,0.080000,0.840000,0.070000,0.000000,0.120000,0.580000,0.220000,NOTE_HYPOTHESIS,shared_audio_intelligence_v0_2;spectral_peak;owner_supplied_audio
BE-003:pitch:03354,BE-003:onset:0782,136.765533,844.765533,230.038462,58,3.038462,63.9344,E4,328.3813,0.116100,1.000000,1.000000,0.850000,0.520000,,0.930490,1955.410,5,4,0.250000,0.520000,0.150000,0.080000,0.000000,0.450000,0.250000,0.200000,NOTE_HYPOTHESIS,shared_audio_intelligence_v0_2;spectral_peak;owner_supplied_audio
BE-003:pitch:03355,BE-003:onset:0782,136.765533,844.765533,230.038462,58,3.038462,73.8242,D5,581.3965,0.069660,1.000000,1.000000,0.850000,0.580000,,0.930490,1955.410,5,5,0.050000,0.300000,0.580000,0.070000,0.000000,0.120000,0.580000,0.220000,NOTE_HYPOTHESIS,shared_audio_intelligence_v0_2;spectral_peak;owner_supplied_audio
BE-003:pitch:03356,BE-003:onset:0783,136.951293,844.951293,230.346154,58,3.346154,76.9003,F5,694.4458,0.162540,1.000000,1.000000,0.850000,0.840000,,0.851645,1824.749,6,1,0.010000,0.080000,0.840000,0.070000,0.000000,0.120000,0.580000,0.220000,NOTE_HYPOTHESIS,shared_audio_intelligence_v0_2;spectral_peak;owner_supplied_audio
BE-003:pitch:03357,BE-003:onset:0783,136.951293,844.951293,230.346154,58,3.346154,45.4734,A2,113.0493,0.139320,1.000000,1.000000,0.850000,0.550000,,0.851645,1824.749,6,2,0.550000,0.350000,0.030000,0.070000,0.480000,0.320000,0.000000,0.000000,NOTE_HYPOTHESIS,shared_audio_intelligence_v0_2;spectral_peak;owner_supplied_audio
BE-003:pitch:03358,BE-003:onset:0783,136.951293,844.951293,230.346154,58,3.346154,74.6077,D#5,608.3130,0.301859,1.000000,1.000000,0.850000,0.580000,,0.851645,1824.749,6,3,0.050000,0.300000,0.580000,0.070000,0.000000,0.120000,0.580000,0.220000,NOTE_HYPOTHESIS,shared_audio_intelligence_v0_2;spectral_peak;owner_supplied_audio
BE-003:pitch:03359,BE-003:onset:0783,136.951293,844.951293,230.346154,58,3.346154,74.9115,D#5,619.0796,0.301859,1.000000,1.000000,0.850000,0.580000,,0.851645,1824.749,6,4,0.050000,0.300000,0.580000,0.070000,0.000000,0.120000,0.580000,0.220000,NOTE_HYPOTHESIS,shared_audio_intelligence_v0_2;spectral_peak;owner_supplied_audio
BE-003:pitch:03360,BE-003:onset:0783,136.951293,844.951293,230.346154,58,3.346154,88.9003,F6,1388.8916,0.116100,0.931569,1.000000,0.815785,0.840000,,0.851645,1824.749,6,5,0.010000,0.080000,0.840000,0.070000,0.000000,0.120000,0.580000,0.220000,NOTE_HYPOTHESIS,shared_audio_intelligence_v0_2;spectral_peak;owner_supplied_audio
BE-003:pitch:03361,BE-003:onset:0783,136.951293,844.951293,230.346154,58,3.346154,87.9344,E6,1313.5254,0.116100,0.909372,1.000000,0.804686,0.840000,,0.851645,1824.749,6,6,0.010000,0.080000,0.840000,0.070000,0.000000,0.120000,0.580000,0.220000,NOTE_HYPOTHESIS,shared_audio_intelligence_v0_2;spectral_peak;owner_supplied_audio
BE-003:pitch:03362,BE-003:onset:0784,137.020952,845.020952,230.461538,58,3.461538,74.9115,D#5,619.0796,0.208980,1.000000,1.000000,0.850000,0.580000,,1.000000,1764.730,5,1,0.050000,0.300000,0.580000,0.070000,0.000000,0.120000,0.580000,0.220000,NOTE_HYPOTHESIS,shared_audio_intelligence_v0_2;spectral_peak;owner_supplied_audio
BE-003:pitch:03363,BE-003:onset:0784,137.020952,845.020952,230.461538,58,3.461538,42.8047,G2,96.8994,0.394739,1.000000,1.000000,0.850000,0.760000,,1.000000,1764.730,5,2,0.760000,0.180000,0.010000,0.050000,0.480000,0.320000,0.000000,0.000000,NOTE_HYPOTHESIS,shared_audio_intelligence_v0_2;spectral_peak;owner_supplied_audio
BE-003:pitch:03364,BE-003:onset:0784,137.020952,845.020952,230.461538,58,3.461538,76.9003,F5,694.4458,0.092880,1.000000,1.000000,0.850000,0.840000,,1.000000,1764.730,5,3,0.010000,0.080000,0.840000,0.070000,0.000000,0.120000,0.580000,0.220000,NOTE_HYPOTHESIS,shared_audio_intelligence_v0_2;spectral_peak;owner_supplied_audio
BE-003:pitch:03365,BE-003:onset:0784,137.020952,845.020952,230.461538,58,3.461538,73.9838,D5,586.7798,0.348299,1.000000,1.000000,0.850000,0.580000,,1.000000,1764.730,5,4,0.050000,0.300000,0.580000,0.070000,0.000000,0.120000,0.580000,0.220000,NOTE_HYPOTHESIS,shared_audio_intelligence_v0_2;spectral_peak;owner_supplied_audio
BE-003:pitch:03366,BE-003:onset:0784,137.020952,845.020952,230.461538,58,3.461538,74.2986,D5,597.5464,0.371519,1.000000,1.000000,0.850000,0.580000,,1.000000,1764.730,5,5,0.050000,0.300000,0.580000,0.070000,0.000000,0.120000,0.580000,0.220000,NOTE_HYPOTHESIS,shared_audio_intelligence_v0_2;spectral_peak;owner_supplied_audio
BE-003:pitch:03367,BE-003:onset:0785,137.090612,845.090612,230.576923,58,3.576923,42.8047,G2,96.8994,0.301859,1.000000,0.756909,0.850000,0.760000,,1.000000,1699.548,4,1,0.760000,0.180000,0.010000,0.050000,0.480000,0.320000,0.000000,0.000000,NOTE_HYPOTHESIS,shared_audio_intelligence_v0_2;spectral_peak;owner_supplied_audio
BE-003:pitch:03368,BE-003:onset:0785,137.090612,845.090612,230.576923,58,3.576923,73.8242,D5,581.3965,0.255420,1.000000,0.756909,0.850000,0.580000,,1.000000,1699.548,4,2,0.050000,0.300000,0.580000,0.070000,0.000000,0.120000,0.580000,0.220000,NOTE_HYPOTHESIS,shared_audio_intelligence_v0_2;spectral_peak;owner_supplied_audio
BE-003:pitch:03369,BE-003:onset:0785,137.090612,845.090612,230.576923,58,3.576923,74.9115,D#5,619.0796,0.139320,1.000000,0.756909,0.850000,0.580000,,1.000000,1699.548,4,3,0.050000,0.300000,0.580000,0.070000,0.000000,0.120000,0.580000,0.220000,NOTE_HYPOTHESIS,shared_audio_intelligence_v0_2;spectral_peak;owner_supplied_audio
BE-003:pitch:03370,BE-003:onset:0785,137.090612,845.090612,230.576923,58,3.576923,85.9042,D6,1168.1763,0.348299,1.000000,0.756909,0.850000,0.840000,,1.000000,1699.548,4,4,0.010000,0.080000,0.840000,0.070000,0.000000,0.120000,0.580000,0.220000,NOTE_HYPOTHESIS,shared_audio_intelligence_v0_2;spectral_peak;owner_supplied_audio
BE-003:pitch:03371,BE-003:onset:0786,137.253152,845.253152,230.846154,58,3.846154,42.8047,G2,96.8994,0.162540,1.000000,1.000000,0.850000,0.760000,,0.776912,1722.947,6,1,0.760000,0.180000,0.010000,0.050000,0.480000,0.320000,0.000000,0.000000,NOTE_HYPOTHESIS,shared_audio_intelligence_v0_2;spectral_peak;owner_supplied_audio
BE-003:pitch:03372,BE-003:onset:0786,137.253152,845.253152,230.846154,58,3.846154,73.9838,D5,586.7798,0.116100,1.000000,1.000000,0.850000,0.580000,,0.776912,1722.947,6,2,0.050000,0.300000,0.580000,0.070000,0.000000,0.120000,0.580000,0.220000,NOTE_HYPOTHESIS,shared_audio_intelligence_v0_2;spectral_peak;owner_supplied_audio
BE-003:pitch:03373,BE-003:onset:0786,137.253152,845.253152,230.846154,58,3.846154,81.8808,A#5,925.9277,0.162540,1.000000,1.000000,0.850000,0.840000,,0.776912,1722.947,6,3,0.010000,0.080000,0.840000,0.070000,0.000000,0.120000,0.580000,0.220000,NOTE_HYPOTHESIS,shared_audio_intelligence_v0_2;spectral_peak;owner_supplied_audio
BE-003:pitch:03374,BE-003:onset:0786,137.253152,845.253152,230.846154,58,3.846154,88.9673,F6,1394.2749,0.162540,1.000000,1.000000,0.850000,0.840000,,0.776912,1722.947,6,4,0.010000,0.080000,0.840000,0.070000,0.000000,0.120000,0.580000,0.220000,NOTE_HYPOTHESIS,shared_audio_intelligence_v0_2;spectral_peak;owner_supplied_audio
BE-003:pitch:03375,BE-003:onset:0786,137.253152,845.253152,230.846154,58,3.846154,61.8242,D4,290.6982,0.139320,1.000000,1.000000,0.850000,0.520000,,0.776912,1722.947,6,5,0.250000,0.520000,0.150000,0.080000,0.000000,0.450000,0.250000,0.200000,NOTE_HYPOTHESIS,shared_audio_intelligence_v0_2;spectral_peak;owner_supplied_audio
BE-003:pitch:03376,BE-003:onset:0786,137.253152,845.253152,230.846154,58,3.846154,69.8808,A#4,462.9639,0.255420,1.000000,1.000000,0.850000,0.580000,,0.776912,1722.947,6,6,0.050000,0.300000,0.580000,0.070000,0.000000,0.450000,0.250000,0.200000,NOTE_HYPOTHESIS,shared_audio_intelligence_v0_2;spectral_peak;owner_supplied_audio
BE-003:pitch:03377,BE-003:onset:0787,137.369252,845.369252,231.040000,58,4.040000,46.2788,A#2,118.4326,0.882358,1.000000,0.814891,0.850000,0.550000,,0.693303,1925.639,6,1,0.550000,0.350000,0.030000,0.070000,0.480000,0.320000,0.000000,0.000000,NOTE_HYPOTHESIS,shared_audio_intelligence_v0_2;spectral_peak;owner_supplied_audio
BE-003:pitch:03378,BE-003:onset:0787,137.369252,845.369252,231.040000,58,4.040000,66.8047,G4,387.5977,0.232200,1.000000,0.814891,0.850000,0.580000,,0.693303,1925.639,6,2,0.050000,0.300000,0.580000,0.070000,0.000000,0.450000,0.250000,0.200000,NOTE_HYPOTHESIS,shared_audio_intelligence_v0_2;spectral_peak;owner_supplied_audio
BE-003:pitch:03379,BE-003:onset:0787,137.369252,845.369252,231.040000,58,4.040000,43.7407,G#2,102.2827,0.116100,1.000000,0.814891,0.850000,0.760000,,0.693303,1925.639,6,3,0.760000,0.180000,0.010000,0.050000,0.480000,0.320000,0.000000,0.000000,NOTE_HYPOTHESIS,shared_audio_intelligence_v0_2;spectral_peak;owner_supplied_audio
BE-003:pitch:03380,BE-003:onset:0787,137.369252,845.369252,231.040000,58,4.040000,69.8808,A#4,462.9639,0.162540,1.000000,0.814891,0.850000,0.580000,,0.693303,1925.639,6,4,0.050000,0.300000,0.580000,0.070000,0.000000,0.450000,0.250000,0.200000,NOTE_HYPOTHESIS,shared_audio_intelligence_v0_2;spectral_peak;owner_supplied_audio
BE-003:pitch:03381,BE-003:onset:0787,137.369252,845.369252,231.040000,58,4.040000,81.8808,A#5,925.9277,0.069660,1.000000,0.814891,0.850000,0.840000,,0.693303,1925.639,6,5,0.010000,0.080000,0.840000,0.070000,0.000000,0.120000,0.580000,0.220000,NOTE_HYPOTHESIS,shared_audio_intelligence_v0_2;spectral_peak;owner_supplied_audio
BE-003:pitch:03382,BE-003:onset:0787,137.369252,845.369252,231.040000,58,4.040000,78.9245,G5,780.5786,0.162540,1.000000,0.814891,0.850000,0.840000,,0.693303,1925.639,6,6,0.010000,0.080000,0.840000,0.070000,0.000000,0.120000,0.580000,0.220000,NOTE_HYPOTHESIS,shared_audio_intelligence_v0_2;spectral_peak;owner_supplied_audio
BE-003:pitch:03383,BE-003:onset:0788,137.531791,845.531791,231.320000,58,4.320000,46.2788,A#2,118.4326,0.789478,1.000000,0.603367,0.850000,0.550000,,0.508336,2335.671,6,1,0.550000,0.350000,0.030000,0.070000,0.480000,0.320000,0.000000,0.000000,NOTE_HYPOTHESIS,shared_audio_intelligence_v0_2;spectral_peak;owner_supplied_audio
BE-003:pitch:03384,BE-003:onset:0788,137.531791,845.531791,231.320000,58,4.320000,62.7603,D#4,306.8481,0.232200,1.000000,0.603367,0.850000,0.520000,,0.508336,2335.671,6,2,0.250000,0.520000,0.150000,0.080000,0.000000,0.450000,0.250000,0.200000,NOTE_HYPOTHESIS,shared_audio_intelligence_v0_2;spectral_peak;owner_supplied_audio
BE-003:pitch:03385,BE-003:onset:0788,137.531791,845.531791,231.320000,58,4.320000,56.1904,G#3,209.9487,0.208980,1.000000,0.603367,0.850000,0.520000,,0.508336,2335.671,6,3,0.250000,0.520000,0.150000,0.080000,0.000000,0.450000,0.250000,0.200000,NOTE_HYPOTHESIS,shared_audio_intelligence_v0_2;spectral_peak;owner_supplied_audio
BE-003:pitch:03386,BE-003:onset:0788,137.531791,845.531791,231.320000,58,4.320000,67.0435,G4,392.9810,0.208980,0.984939,0.603367,0.842470,0.580000,,0.508336,2335.671,6,4,0.050000,0.300000,0.580000,0.070000,0.000000,0.450000,0.250000,0.200000,NOTE_HYPOTHESIS,shared_audio_intelligence_v0_2;spectral_peak;owner_supplied_audio
BE-003:pitch:03387,BE-003:onset:0788,137.531791,845.531791,231.320000,58,4.320000,81.8808,A#5,925.9277,0.139320,0.967726,0.603367,0.833863,0.840000,,0.508336,2335.671,6,5,0.010000,0.080000,0.840000,0.070000,0.000000,0.120000,0.580000,0.220000,NOTE_HYPOTHESIS,shared_audio_intelligence_v0_2;spectral_peak;owner_supplied_audio
BE-003:pitch:03388,BE-003:onset:0788,137.531791,845.531791,231.320000,58,4.320000,42.8047,G2,96.8994,0.882358,0.930881,0.603367,0.815441,0.760000,,0.508336,2335.671,6,6,0.760000,0.180000,0.010000,0.050000,0.480000,0.320000,0.000000,0.000000,NOTE_HYPOTHESIS,shared_audio_intelligence_v0_2;spectral_peak;owner_supplied_audio
BE-003:pitch:03389,BE-003:onset:0789,137.856871,845.856871,231.880000,58,4.880000,44.6287,A2,107.6660,0.348299,1.000000,0.785444,0.850000,0.760000,,0.840445,2103.037,5,1,0.760000,0.180000,0.010000,0.050000,0.480000,0.320000,0.000000,0.000000,NOTE_HYPOTHESIS,shared_audio_intelligence_v0_2;spectral_peak;owner_supplied_audio
BE-003:pitch:03390,BE-003:onset:0789,137.856871,845.856871,231.880000,58,4.880000,73.9838,D5,586.7798,0.162540,1.000000,0.785444,0.850000,0.580000,,0.840445,2103.037,5,2,0.050000,0.300000,0.580000,0.070000,0.000000,0.120000,0.580000,0.220000,NOTE_HYPOTHESIS,shared_audio_intelligence_v0_2;spectral_peak;owner_supplied_audio
BE-003:pitch:03391,BE-003:onset:0789,137.856871,845.856871,231.880000,58,4.880000,65.0340,F4,349.9146,0.441179,1.000000,0.785444,0.850000,0.580000,,0.840445,2103.037,5,3,0.050000,0.300000,0.580000,0.070000,0.000000,0.450000,0.250000,0.200000,NOTE_HYPOTHESIS,shared_audio_intelligence_v0_2;spectral_peak;owner_supplied_audio
BE-003:pitch:03392,BE-003:onset:0789,137.856871,845.856871,231.880000,58,4.880000,62.1419,D4,296.0815,0.162540,0.977262,0.785444,0.838631,0.520000,,0.840445,2103.037,5,4,0.250000,0.520000,0.150000,0.080000,0.000000,0.450000,0.250000,0.200000,NOTE_HYPOTHESIS,shared_audio_intelligence_v0_2;spectral_peak;owner_supplied_audio
BE-003:pitch:03393,BE-003:onset:0789,137.856871,845.856871,231.880000,58,4.880000,57.0562,A3,220.7153,0.092880,0.970403,0.785444,0.835201,0.520000,,0.840445,2103.037,5,5,0.250000,0.520000,0.150000,0.080000,0.000000,0.450000,0.250000,0.200000,NOTE_HYPOTHESIS,shared_audio_intelligence_v0_2;spectral_peak;owner_supplied_audio
BE-003:pitch:03394,BE-003:onset:0790,137.926531,845.926531,232.000000,59,1.000000,64.7656,F4,344.5312,0.278639,1.000000,0.961646,0.850000,0.580000,,1.000000,1660.370,3,1,0.050000,0.300000,0.580000,0.070000,0.000000,0.450000,0.250000,0.200000,NOTE_HYPOTHESIS,shared_audio_intelligence_v0_2;spectral_peak;owner_supplied_audio
BE-003:pitch:03395,BE-003:onset:0790,137.926531,845.926531,232.000000,59,1.000000,44.6287,A2,107.6660,0.278639,1.000000,0.961646,0.850000,0.760000,,1.000000,1660.370,3,2,0.760000,0.180000,0.010000,0.050000,0.480000,0.320000,0.000000,0.000000,NOTE_HYPOTHESIS,shared_audio_intelligence_v0_2;spectral_peak;owner_supplied_audio
BE-003:pitch:03396,BE-003:onset:0790,137.926531,845.926531,232.000000,59,1.000000,34.2788,A#1,59.2163,0.766259,1.000000,0.961646,0.850000,0.760000,,1.000000,1660.370,3,3,0.760000,0.180000,0.010000,0.050000,0.480000,0.320000,0.000000,0.000000,NOTE_HYPOTHESIS,shared_audio_intelligence_v0_2;spectral_peak;owner_supplied_audio
BE-003:pitch:03397,BE-003:onset:0791,138.135510,846.135510,232.375000,59,1.375000,65.0340,F4,349.9146,0.092880,1.000000,0.624336,0.850000,0.580000,,0.802520,1612.375,5,1,0.050000,0.300000,0.580000,0.070000,0.000000,0.450000,0.250000,0.200000,NOTE_HYPOTHESIS,shared_audio_intelligence_v0_2;spectral_peak;owner_supplied_audio
BE-003:pitch:03398,BE-003:onset:0791,138.135510,846.135510,232.375000,59,1.375000,32.6287,A1,53.8330,0.232200,1.000000,0.624336,0.850000,0.760000,,0.802520,1612.375,5,2,0.760000,0.180000,0.010000,0.050000,0.480000,0.320000,0.000000,0.000000,NOTE_HYPOTHESIS,shared_audio_intelligence_v0_2;spectral_peak;owner_supplied_audio
BE-003:pitch:03399,BE-003:onset:0791,138.135510,846.135510,232.375000,59,1.375000,44.6287,A2,107.6660,0.116100,1.000000,0.624336,0.850000,0.760000,,0.802520,1612.375,5,3,0.760000,0.180000,0.010000,0.050000,0.480000,0.320000,0.000000,0.000000,NOTE_HYPOTHESIS,shared_audio_intelligence_v0_2;spectral_peak;owner_supplied_audio
BE-003:pitch:03400,BE-003:onset:0791,138.135510,846.135510,232.375000,59,1.375000,61.8242,D4,290.6982,0.116100,1.000000,0.624336,0.850000,0.520000,,0.802520,1612.375,5,4,0.250000,0.520000,0.150000,0.080000,0.000000,0.450000,0.250000,0.200000,NOTE_HYPOTHESIS,shared_audio_intelligence_v0_2;spectral_peak;owner_supplied_audio
BE-003:pitch:03401,BE-003:onset:0791,138.135510,846.135510,232.375000,59,1.375000,73.9838,D5,586.7798,0.116100,1.000000,0.624336,0.850000,0.580000,,0.802520,1612.375,5,5,0.050000,0.300000,0.580000,0.070000,0.000000,0.120000,0.580000,0.220000,NOTE_HYPOTHESIS,shared_audio_intelligence_v0_2;spectral_peak;owner_supplied_audio
BE-003:pitch:03402,BE-003:onset:0792,138.228390,846.228390,232.541667,59,1.541667,35.7851,C2,64.5996,0.394739,1.000000,0.706185,0.850000,0.760000,,0.584918,1989.626,6,1,0.760000,0.180000,0.010000,0.050000,0.480000,0.320000,0.000000,0.000000,NOTE_HYPOTHESIS,shared_audio_intelligence_v0_2;spectral_peak;owner_supplied_audio
BE-003:pitch:03403,BE-003:onset:0792,138.228390,846.228390,232.541667,59,1.541667,62.7603,D#4,306.8481,0.232200,1.000000,0.706185,0.850000,0.520000,,0.584918,1989.626,6,2,0.250000,0.520000,0.150000,0.080000,0.000000,0.450000,0.250000,0.200000,NOTE_HYPOTHESIS,shared_audio_intelligence_v0_2;spectral_peak;owner_supplied_audio
BE-003:pitch:03404,BE-003:onset:0792,138.228390,846.228390,232.541667,59,1.541667,65.0340,F4,349.9146,0.139320,1.000000,0.706185,0.850000,0.580000,,0.584918,1989.626,6,3,0.050000,0.300000,0.580000,0.070000,0.000000,0.450000,0.250000,0.200000,NOTE_HYPOTHESIS,shared_audio_intelligence_v0_2;spectral_peak;owner_supplied_audio
BE-003:pitch:03405,BE-003:onset:0792,138.228390,846.228390,232.541667,59,1.541667,74.7603,D#5,613.6963,0.185760,1.000000,0.706185,0.850000,0.580000,,0.584918,1989.626,6,4,0.050000,0.300000,0.580000,0.070000,0.000000,0.120000,0.580000,0.220000,NOTE_HYPOTHESIS,shared_audio_intelligence_v0_2;spectral_peak;owner_supplied_audio
BE-003:pitch:03406,BE-003:onset:0792,138.228390,846.228390,232.541667,59,1.541667,47.7851,C3,129.1992,0.325079,1.000000,0.706185,0.850000,0.550000,,0.584918,1989.626,6,5,0.550000,0.350000,0.030000,0.070000,0.480000,0.320000,0.000000,0.000000,NOTE_HYPOTHESIS,shared_audio_intelligence_v0_2;spectral_peak;owner_supplied_audio
BE-003:pitch:03407,BE-003:onset:0792,138.228390,846.228390,232.541667,59,1.541667,43.7407,G#2,102.2827,0.185760,0.977523,0.706185,0.838761,0.760000,,0.584918,1989.626,6,6,0.760000,0.180000,0.010000,0.050000,0.480000,0.320000,0.000000,0.000000,NOTE_HYPOTHESIS,shared_audio_intelligence_v0_2;spectral_peak;owner_supplied_audio
BE-003:pitch:03408,BE-003:onset:0793,138.274830,846.274830,232.625000,59,1.625000,35.7851,C2,64.5996,0.255420,1.000000,0.540366,0.850000,0.760000,,0.508972,1827.029,4,1,0.760000,0.180000,0.010000,0.050000,0.480000,0.320000,0.000000,0.000000,NOTE_HYPOTHESIS,shared_audio_intelligence_v0_2;spectral_peak;owner_supplied_audio
BE-003:pitch:03409,BE-003:onset:0793,138.274830,846.274830,232.625000,59,1.625000,62.7603,D#4,306.8481,0.185760,1.000000,0.540366,0.850000,0.520000,,0.508972,1827.029,4,2,0.250000,0.520000,0.150000,0.080000,0.000000,0.450000,0.250000,0.200000,NOTE_HYPOTHESIS,shared_audio_intelligence_v0_2;spectral_peak;owner_supplied_audio
BE-003:pitch:03410,BE-003:onset:0793,138.274830,846.274830,232.625000,59,1.625000,47.7851,C3,129.1992,0.232200,1.000000,0.540366,0.850000,0.550000,,0.508972,1827.029,4,3,0.550000,0.350000,0.030000,0.070000,0.480000,0.320000,0.000000,0.000000,NOTE_HYPOTHESIS,shared_audio_intelligence_v0_2;spectral_peak;owner_supplied_audio
BE-003:pitch:03411,BE-003:onset:0793,138.274830,846.274830,232.625000,59,1.625000,74.9115,D#5,619.0796,0.139320,1.000000,0.540366,0.850000,0.580000,,0.508972,1827.029,4,4,0.050000,0.300000,0.580000,0.070000,0.000000,0.120000,0.580000,0.220000,NOTE_HYPOTHESIS,shared_audio_intelligence_v0_2;spectral_peak;owner_supplied_audio
BE-003:pitch:03412,BE-003:onset:0794,138.507029,846.507029,233.043478,59,2.043478,39.6483,E2,80.7495,0.766259,1.000000,0.883245,0.850000,0.695860,,0.346378,2887.143,6,1,0.695860,0.164809,0.009952,0.129379,0.480000,0.320000,0.000000,0.000000,NOTE_HYPOTHESIS,shared_audio_intelligence_v0_2;spectral_peak;owner_supplied_audio
BE-003:pitch:03413,BE-003:onset:0794,138.507029,846.507029,233.043478,59,2.043478,35.7851,C2,64.5996,1.532517,1.000000,0.883245,0.850000,0.695860,,0.346378,2887.143,6,2,0.695860,0.164809,0.009952,0.129379,0.480000,0.320000,0.000000,0.000000,NOTE_HYPOTHESIS,shared_audio_intelligence_v0_2;spectral_peak;owner_supplied_audio
BE-003:pitch:03414,BE-003:onset:0794,138.507029,846.507029,233.043478,59,2.043478,51.0613,D#3,156.1157,0.603719,1.000000,0.883245,0.850000,0.501984,,0.346378,2887.143,6,3,0.501984,0.319444,0.029762,0.148810,0.480000,0.320000,0.000000,0.000000,NOTE_HYPOTHESIS,shared_audio_intelligence_v0_2;spectral_peak;owner_supplied_audio
BE-003:pitch:03415,BE-003:onset:0794,138.507029,846.507029,233.043478,59,2.043478,66.8047,G4,387.5977,0.185760,0.999081,0.883245,0.849540,0.580000,,0.346378,2887.143,6,4,0.050000,0.300000,0.580000,0.070000,0.000000,0.450000,0.250000,0.200000,NOTE_HYPOTHESIS,shared_audio_intelligence_v0_2;spectral_peak;owner_supplied_audio
BE-003:pitch:03416,BE-003:onset:0794,138.507029,846.507029,233.043478,59,2.043478,47.7851,C3,129.1992,1.532517,0.788845,0.883245,0.744422,0.501984,,0.346378,2887.143,6,5,0.501984,0.319444,0.029762,0.148810,0.480000,0.320000,0.000000,0.000000,NOTE_HYPOTHESIS,shared_audio_intelligence_v0_2;spectral_peak;owner_supplied_audio
BE-003:pitch:03417,BE-003:onset:0794,138.507029,846.507029,233.043478,59,2.043478,78.9245,G5,780.5786,0.232200,0.783132,0.883245,0.741566,0.840000,,0.346378,2887.143,6,6,0.010000,0.080000,0.840000,0.070000,0.000000,0.120000,0.580000,0.220000,NOTE_HYPOTHESIS,shared_audio_intelligence_v0_2;spectral_peak;owner_supplied_audio
BE-003:pitch:03418,BE-003:onset:0795,138.716009,846.716009,233.434783,59,2.434783,38.4538,D2,75.3662,0.859138,1.000000,1.000000,0.850000,0.760000,,0.538069,2507.807,6,1,0.760000,0.180000,0.010000,0.050000,0.480000,0.320000,0.000000,0.000000,NOTE_HYPOTHESIS,shared_audio_intelligence_v0_2;spectral_peak;owner_supplied_audio
BE-003:pitch:03419,BE-003:onset:0795,138.716009,846.716009,233.434783,59,2.434783,56.1904,G#3,209.9487,0.162540,1.000000,1.000000,0.850000,0.520000,,0.538069,2507.807,6,2,0.250000,0.520000,0.150000,0.080000,0.000000,0.450000,0.250000,0.200000,NOTE_HYPOTHESIS,shared_audio_intelligence_v0_2;spectral_peak;owner_supplied_audio
BE-003:pitch:03420,BE-003:onset:0795,138.716009,846.716009,233.434783,59,2.434783,81.8808,A#5,925.9277,0.116100,0.915679,1.000000,0.807840,0.840000,,0.538069,2507.807,6,3,0.010000,0.080000,0.840000,0.070000,0.000000,0.120000,0.580000,0.220000,NOTE_HYPOTHESIS,shared_audio_intelligence_v0_2;spectral_peak;owner_supplied_audio
BE-003:pitch:03421,BE-003:onset:0795,138.716009,846.716009,233.434783,59,2.434783,54.8047,G3,193.7988,0.185760,0.914544,1.000000,0.807272,0.550000,,0.538069,2507.807,6,4,0.550000,0.350000,0.030000,0.070000,0.480000,0.320000,0.000000,0.000000,NOTE_HYPOTHESIS,shared_audio_intelligence_v0_2;spectral_peak;owner_supplied_audio
BE-003:pitch:03422,BE-003:onset:0795,138.716009,846.716009,233.434783,59,2.434783,57.4734,A3,226.0986,0.487619,0.888794,1.000000,0.794397,0.520000,,0.538069,2507.807,6,5,0.250000,0.520000,0.150000,0.080000,0.000000,0.450000,0.250000,0.200000,NOTE_HYPOTHESIS,shared_audio_intelligence_v0_2;spectral_peak;owner_supplied_audio
BE-003:pitch:03423,BE-003:onset:0795,138.716009,846.716009,233.434783,59,2.434783,69.8808,A#4,462.9639,0.208980,0.845656,1.000000,0.772828,0.580000,,0.538069,2507.807,6,6,0.050000,0.300000,0.580000,0.070000,0.000000,0.450000,0.250000,0.200000,NOTE_HYPOTHESIS,shared_audio_intelligence_v0_2;spectral_peak;owner_supplied_audio
BE-003:pitch:03424,BE-003:onset:0796,138.832109,846.832109,233.652174,59,2.652174,73.9838,D5,586.7798,0.208980,1.000000,1.000000,0.850000,0.580000,,1.000000,1761.760,4,1,0.050000,0.300000,0.580000,0.070000,0.000000,0.120000,0.580000,0.220000,NOTE_HYPOTHESIS,shared_audio_intelligence_v0_2;spectral_peak;owner_supplied_audio
BE-003:pitch:03425,BE-003:onset:0796,138.832109,846.832109,233.652174,59,2.652174,37.1709,C#2,69.9829,0.835918,1.000000,1.000000,0.850000,0.760000,,1.000000,1761.760,4,2,0.760000,0.180000,0.010000,0.050000,0.480000,0.320000,0.000000,0.000000,NOTE_HYPOTHESIS,shared_audio_intelligence_v0_2;spectral_peak;owner_supplied_audio
BE-003:pitch:03426,BE-003:onset:0796,138.832109,846.832109,233.652174,59,2.652174,49.8242,D3,145.3491,0.255420,1.000000,1.000000,0.850000,0.550000,,1.000000,1761.760,4,3,0.550000,0.350000,0.030000,0.070000,0.480000,0.320000,0.000000,0.000000,NOTE_HYPOTHESIS,shared_audio_intelligence_v0_2;spectral_peak;owner_supplied_audio
BE-003:pitch:03427,BE-003:onset:0796,138.832109,846.832109,233.652174,59,2.652174,85.9042,D6,1168.1763,0.139320,1.000000,1.000000,0.850000,0.840000,,1.000000,1761.760,4,4,0.010000,0.080000,0.840000,0.070000,0.000000,0.120000,0.580000,0.220000,NOTE_HYPOTHESIS,shared_audio_intelligence_v0_2;spectral_peak;owner_supplied_audio
BE-003:pitch:03428,BE-003:onset:0797,139.017868,847.017868,234.000000,59,3.000000,74.9115,D#5,619.0796,0.185760,1.000000,1.000000,0.850000,0.580000,,1.000000,1829.216,4,1,0.050000,0.300000,0.580000,0.070000,0.000000,0.120000,0.580000,0.220000,NOTE_HYPOTHESIS,shared_audio_intelligence_v0_2;spectral_peak;owner_supplied_audio
BE-003:pitch:03429,BE-003:onset:0797,139.017868,847.017868,234.000000,59,3.000000,73.9838,D5,586.7798,0.139320,1.000000,1.000000,0.850000,0.580000,,1.000000,1829.216,4,2,0.050000,0.300000,0.580000,0.070000,0.000000,0.120000,0.580000,0.220000,NOTE_HYPOTHESIS,shared_audio_intelligence_v0_2;spectral_peak;owner_supplied_audio
BE-003:pitch:03430,BE-003:onset:0797,139.017868,847.017868,234.000000,59,3.000000,86.9115,D#6,1238.1592,0.185760,1.000000,1.000000,0.850000,0.840000,,1.000000,1829.216,4,3,0.010000,0.080000,0.840000,0.070000,0.000000,0.120000,0.580000,0.220000,NOTE_HYPOTHESIS,shared_audio_intelligence_v0_2;spectral_peak;owner_supplied_audio
BE-003:pitch:03431,BE-003:onset:0797,139.017868,847.017868,234.000000,59,3.000000,49.8242,D3,145.3491,0.092880,1.000000,1.000000,0.850000,0.550000,,1.000000,1829.216,4,4,0.550000,0.350000,0.030000,0.070000,0.480000,0.320000,0.000000,0.000000,NOTE_HYPOTHESIS,shared_audio_intelligence_v0_2;spectral_peak;owner_supplied_audio
BE-003:pitch:03432,BE-003:onset:0798,139.366168,847.366168,234.600000,59,3.600000,73.9838,D5,586.7798,0.232200,1.000000,0.707058,0.850000,0.580000,,0.697806,1822.617,6,1,0.050000,0.300000,0.580000,0.070000,0.000000,0.120000,0.580000,0.220000,NOTE_HYPOTHESIS,shared_audio_intelligence_v0_2;spectral_peak;owner_supplied_audio
BE-003:pitch:03433,BE-003:onset:0798,139.366168,847.366168,234.600000,59,3.600000,35.7851,C2,64.5996,1.532517,1.000000,0.707058,0.850000,0.760000,,0.697806,1822.617,6,2,0.760000,0.180000,0.010000,0.050000,0.480000,0.320000,0.000000,0.000000,NOTE_HYPOTHESIS,shared_audio_intelligence_v0_2;spectral_peak;owner_supplied_audio
BE-003:pitch:03434,BE-003:onset:0798,139.366168,847.366168,234.600000,59,3.600000,32.6287,A1,53.8330,1.532517,0.992793,0.707058,0.846396,0.760000,,0.697806,1822.617,6,3,0.760000,0.180000,0.010000,0.050000,0.480000,0.320000,0.000000,0.000000,NOTE_HYPOTHESIS,shared_audio_intelligence_v0_2;spectral_peak;owner_supplied_audio
BE-003:pitch:03435,BE-003:onset:0798,139.366168,847.366168,234.600000,59,3.600000,44.6287,A2,107.6660,1.532517,0.981144,0.707058,0.840572,0.760000,,0.697806,1822.617,6,4,0.760000,0.180000,0.010000,0.050000,0.480000,0.320000,0.000000,0.000000,NOTE_HYPOTHESIS,shared_audio_intelligence_v0_2;spectral_peak;owner_supplied_audio
BE-003:pitch:03436,BE-003:onset:0798,139.366168,847.366168,234.600000,59,3.600000,46.2788,A#2,118.4326,0.650159,0.964835,0.707058,0.832418,0.550000,,0.697806,1822.617,6,5,0.550000,0.350000,0.030000,0.070000,0.480000,0.320000,0.000000,0.000000,NOTE_HYPOTHESIS,shared_audio_intelligence_v0_2;spectral_peak;owner_supplied_audio
BE-003:pitch:03437,BE-003:onset:0798,139.366168,847.366168,234.600000,59,3.600000,59.7851,C4,258.3984,0.185760,0.941296,0.707058,0.820648,0.520000,,0.697806,1822.617,6,6,0.250000,0.520000,0.150000,0.080000,0.000000,0.450000,0.250000,0.200000,NOTE_HYPOTHESIS,shared_audio_intelligence_v0_2;spectral_peak;owner_supplied_audio
BE-003:pitch:03438,BE-003:onset:0799,139.412608,847.412608,234.680000,59,3.680000,73.8242,D5,581.3965,0.162540,1.000000,1.000000,0.850000,0.580000,,0.766905,1689.189,4,1,0.050000,0.300000,0.580000,0.070000,0.000000,0.120000,0.580000,0.220000,NOTE_HYPOTHESIS,shared_audio_intelligence_v0_2;spectral_peak;owner_supplied_audio
BE-003:pitch:03439,BE-003:onset:0799,139.412608,847.412608,234.680000,59,3.680000,32.6287,A1,53.8330,1.462857,1.000000,1.000000,0.850000,0.760000,,0.766905,1689.189,4,2,0.760000,0.180000,0.010000,0.050000,0.480000,0.320000,0.000000,0.000000,NOTE_HYPOTHESIS,shared_audio_intelligence_v0_2;spectral_peak;owner_supplied_audio
BE-003:pitch:03440,BE-003:onset:0799,139.412608,847.412608,234.680000,59,3.680000,85.9042,D6,1168.1763,0.139320,1.000000,1.000000,0.850000,0.840000,,0.766905,1689.189,4,3,0.010000,0.080000,0.840000,0.070000,0.000000,0.120000,0.580000,0.220000,NOTE_HYPOTHESIS,shared_audio_intelligence_v0_2;spectral_peak;owner_supplied_audio
BE-003:pitch:03441,BE-003:onset:0799,139.412608,847.412608,234.680000,59,3.680000,46.2788,A#2,118.4326,0.534059,1.000000,1.000000,0.850000,0.550000,,0.766905,1689.189,4,4,0.550000,0.350000,0.030000,0.070000,0.480000,0.320000,0.000000,0.000000,NOTE_HYPOTHESIS,shared_audio_intelligence_v0_2;spectral_peak;owner_supplied_audio
BE-003:pitch:03442,BE-003:onset:0800,139.598367,847.598367,235.000000,59,4.000000,34.2788,A#1,59.2163,1.277098,1.000000,1.000000,0.850000,0.760000,,0.673000,2263.689,6,1,0.760000,0.180000,0.010000,0.050000,0.480000,0.320000,0.000000,0.000000,NOTE_HYPOTHESIS,shared_audio_intelligence_v0_2;spectral_peak;owner_supplied_audio
BE-003:pitch:03443,BE-003:onset:0800,139.598367,847.598367,235.000000,59,4.000000,81.8808,A#5,925.9277,0.185760,1.000000,1.000000,0.850000,0.840000,,0.673000,2263.689,6,2,0.010000,0.080000,0.840000,0.070000,0.000000,0.120000,0.580000,0.220000,NOTE_HYPOTHESIS,shared_audio_intelligence_v0_2;spectral_peak;owner_supplied_audio
BE-003:pitch:03444,BE-003:onset:0800,139.598367,847.598367,235.000000,59,4.000000,69.8808,A#4,462.9639,0.301859,1.000000,1.000000,0.850000,0.580000,,0.673000,2263.689,6,3,0.050000,0.300000,0.580000,0.070000,0.000000,0.450000,0.250000,0.200000,NOTE_HYPOTHESIS,shared_audio_intelligence_v0_2;spectral_peak;owner_supplied_audio
BE-003:pitch:03445,BE-003:onset:0800,139.598367,847.598367,235.000000,59,4.000000,88.9673,F6,1394.2749,0.185760,1.000000,1.000000,0.850000,0.840000,,0.673000,2263.689,6,4,0.010000,0.080000,0.840000,0.070000,0.000000,0.120000,0.580000,0.220000,NOTE_HYPOTHESIS,shared_audio_intelligence_v0_2;spectral_peak;owner_supplied_audio
BE-003:pitch:03446,BE-003:onset:0800,139.598367,847.598367,235.000000,59,4.000000,93.9811,A#6,1862.6221,0.185760,0.962490,1.000000,0.831245,0.840000,,0.673000,2263.689,6,5,0.010000,0.080000,0.840000,0.070000,0.000000,0.120000,0.580000,0.220000,NOTE_HYPOTHESIS,shared_audio_intelligence_v0_2;spectral_peak;owner_supplied_audio
BE-003:pitch:03447,BE-003:onset:0800,139.598367,847.598367,235.000000,59,4.000000,47.0483,B2,123.8159,0.348299,0.924490,1.000000,0.812245,0.550000,,0.673000,2263.689,6,6,0.550000,0.350000,0.030000,0.070000,0.480000,0.320000,0.000000,0.000000,NOTE_HYPOTHESIS,shared_audio_intelligence_v0_2;spectral_peak;owner_supplied_audio
BE-003:pitch:03448,BE-003:onset:0801,139.877007,847.877007,235.461538,59,4.461538,32.6287,A1,53.8330,0.975238,1.000000,0.591747,0.850000,0.760000,,0.596013,2189.367,4,1,0.760000,0.180000,0.010000,0.050000,0.480000,0.320000,0.000000,0.000000,NOTE_HYPOTHESIS,shared_audio_intelligence_v0_2;spectral_peak;owner_supplied_audio
BE-003:pitch:03449,BE-003:onset:0801,139.877007,847.877007,235.461538,59,4.461538,45.4734,A2,113.0493,0.092880,1.000000,0.591747,0.850000,0.550000,,0.596013,2189.367,4,2,0.550000,0.350000,0.030000,0.070000,0.480000,0.320000,0.000000,0.000000,NOTE_HYPOTHESIS,shared_audio_intelligence_v0_2;spectral_peak;owner_supplied_audio
BE-003:pitch:03450,BE-003:onset:0801,139.877007,847.877007,235.461538,59,4.461538,66.0679,F#4,371.4478,0.116100,0.892869,0.591747,0.796435,0.580000,,0.596013,2189.367,4,3,0.050000,0.300000,0.580000,0.070000,0.000000,0.450000,0.250000,0.200000,NOTE_HYPOTHESIS,shared_audio_intelligence_v0_2;spectral_peak;owner_supplied_audio
BE-003:pitch:03451,BE-003:onset:0801,139.877007,847.877007,235.461538,59,4.461538,69.8808,A#4,462.9639,0.139320,0.877566,0.591747,0.788783,0.580000,,0.596013,2189.367,4,4,0.050000,0.300000,0.580000,0.070000,0.000000,0.450000,0.250000,0.200000,NOTE_HYPOTHESIS,shared_audio_intelligence_v0_2;spectral_peak;owner_supplied_audio
BE-003:pitch:03452,BE-003:onset:0802,140.016327,848.016327,235.692308,59,4.692308,34.2788,A#1,59.2163,0.882358,1.000000,0.678680,0.850000,0.760000,,0.559855,2191.728,6,1,0.760000,0.180000,0.010000,0.050000,0.480000,0.320000,0.000000,0.000000,NOTE_HYPOTHESIS,shared_audio_intelligence_v0_2;spectral_peak;owner_supplied_audio
BE-003:pitch:03453,BE-003:onset:0802,140.016327,848.016327,235.692308,59,4.692308,42.8047,G2,96.8994,0.301859,1.000000,0.678680,0.850000,0.760000,,0.559855,2191.728,6,2,0.760000,0.180000,0.010000,0.050000,0.480000,0.320000,0.000000,0.000000,NOTE_HYPOTHESIS,shared_audio_intelligence_v0_2;spectral_peak;owner_supplied_audio
BE-003:pitch:03454,BE-003:onset:0802,140.016327,848.016327,235.692308,59,4.692308,68.8438,A4,436.0474,0.255420,1.000000,0.678680,0.850000,0.580000,,0.559855,2191.728,6,3,0.050000,0.300000,0.580000,0.070000,0.000000,0.450000,0.250000,0.200000,NOTE_HYPOTHESIS,shared_audio_intelligence_v0_2;spectral_peak;owner_supplied_audio
BE-003:pitch:03455,BE-003:onset:0802,140.016327,848.016327,235.692308,59,4.692308,63.9344,E4,328.3813,0.185760,0.944457,0.678680,0.822229,0.520000,,0.559855,2191.728,6,4,0.250000,0.520000,0.150000,0.080000,0.000000,0.450000,0.250000,0.200000,NOTE_HYPOTHESIS,shared_audio_intelligence_v0_2;spectral_peak;owner_supplied_audio
BE-003:pitch:03456,BE-003:onset:0802,140.016327,848.016327,235.692308,59,4.692308,87.9344,E6,1313.5254,0.185760,0.914685,0.678680,0.807343,0.840000,,0.559855,2191.728,6,5,0.010000,0.080000,0.840000,0.070000,0.000000,0.120000,0.580000,0.220000,NOTE_HYPOTHESIS,shared_audio_intelligence_v0_2;spectral_peak;owner_supplied_audio
BE-003:pitch:03457,BE-003:onset:0802,140.016327,848.016327,235.692308,59,4.692308,49.8242,D3,145.3491,0.278639,0.859387,0.678680,0.779693,0.550000,,0.559855,2191.728,6,6,0.550000,0.350000,0.030000,0.070000,0.480000,0.320000,0.000000,0.000000,NOTE_HYPOTHESIS,shared_audio_intelligence_v0_2;spectral_peak;owner_supplied_audio
BE-003:pitch:03458,BE-003:onset:0803,140.202086,848.202086,236.000000,60,1.000000,65.8151,F#4,366.0645,0.232200,1.000000,0.617956,0.850000,0.580000,,0.433288,2639.904,6,1,0.050000,0.300000,0.580000,0.070000,0.000000,0.450000,0.250000,0.200000,NOTE_HYPOTHESIS,shared_audio_intelligence_v0_2;spectral_peak;owner_supplied_audio
BE-003:pitch:03459,BE-003:onset:0803,140.202086,848.202086,236.000000,60,1.000000,77.9420,F#5,737.5122,0.116100,1.000000,0.617956,0.850000,0.840000,,0.433288,2639.904,6,2,0.010000,0.080000,0.840000,0.070000,0.000000,0.120000,0.580000,0.220000,NOTE_HYPOTHESIS,shared_audio_intelligence_v0_2;spectral_peak;owner_supplied_audio
BE-003:pitch:03460,BE-003:onset:0803,140.202086,848.202086,236.000000,60,1.000000,34.2788,A#1,59.2163,0.719819,1.000000,0.617956,0.850000,0.695860,,0.433288,2639.904,6,3,0.695860,0.164809,0.009952,0.129379,0.480000,0.320000,0.000000,0.000000,NOTE_HYPOTHESIS,shared_audio_intelligence_v0_2;spectral_peak;owner_supplied_audio
BE-003:pitch:03461,BE-003:onset:0803,140.202086,848.202086,236.000000,60,1.000000,44.6287,A2,107.6660,1.207438,1.000000,0.617956,0.850000,0.695860,,0.433288,2639.904,6,4,0.695860,0.164809,0.009952,0.129379,0.480000,0.320000,0.000000,0.000000,NOTE_HYPOTHESIS,shared_audio_intelligence_v0_2;spectral_peak;owner_supplied_audio
BE-003:pitch:03462,BE-003:onset:0803,140.202086,848.202086,236.000000,60,1.000000,68.8438,A4,436.0474,0.116100,0.953417,0.617956,0.826708,0.580000,,0.433288,2639.904,6,5,0.050000,0.300000,0.580000,0.070000,0.000000,0.450000,0.250000,0.200000,NOTE_HYPOTHESIS,shared_audio_intelligence_v0_2;spectral_peak;owner_supplied_audio
BE-003:pitch:03463,BE-003:onset:0803,140.202086,848.202086,236.000000,60,1.000000,84.9193,C#6,1103.5767,0.092880,0.861956,0.617956,0.780978,0.840000,,0.433288,2639.904,6,6,0.010000,0.080000,0.840000,0.070000,0.000000,0.120000,0.580000,0.220000,NOTE_HYPOTHESIS,shared_audio_intelligence_v0_2;spectral_peak;owner_supplied_audio
BE-003:pitch:03464,BE-003:onset:0804,140.248526,848.248526,236.080000,60,1.080000,34.2788,A#1,59.2163,0.650159,1.000000,0.544148,0.850000,0.760000,,0.487085,2341.180,6,1,0.760000,0.180000,0.010000,0.050000,0.480000,0.320000,0.000000,0.000000,NOTE_HYPOTHESIS,shared_audio_intelligence_v0_2;spectral_peak;owner_supplied_audio
BE-003:pitch:03465,BE-003:onset:0804,140.248526,848.248526,236.080000,60,1.080000,65.8151,F#4,366.0645,0.185760,1.000000,0.544148,0.850000,0.580000,,0.487085,2341.180,6,2,0.050000,0.300000,0.580000,0.070000,0.000000,0.450000,0.250000,0.200000,NOTE_HYPOTHESIS,shared_audio_intelligence_v0_2;spectral_peak;owner_supplied_audio
BE-003:pitch:03466,BE-003:onset:0804,140.248526,848.248526,236.080000,60,1.080000,45.4734,A2,113.0493,0.603719,1.000000,0.544148,0.850000,0.550000,,0.487085,2341.180,6,3,0.550000,0.350000,0.030000,0.070000,0.480000,0.320000,0.000000,0.000000,NOTE_HYPOTHESIS,shared_audio_intelligence_v0_2;spectral_peak;owner_supplied_audio
BE-003:pitch:03467,BE-003:onset:0804,140.248526,848.248526,236.080000,60,1.080000,77.9420,F#5,737.5122,0.092880,1.000000,0.544148,0.850000,0.840000,,0.487085,2341.180,6,4,0.010000,0.080000,0.840000,0.070000,0.000000,0.120000,0.580000,0.220000,NOTE_HYPOTHESIS,shared_audio_intelligence_v0_2;spectral_peak;owner_supplied_audio
BE-003:pitch:03468,BE-003:onset:0804,140.248526,848.248526,236.080000,60,1.080000,43.7407,G#2,102.2827,0.092880,0.973310,0.544148,0.836655,0.760000,,0.487085,2341.180,6,5,0.760000,0.180000,0.010000,0.050000,0.480000,0.320000,0.000000,0.000000,NOTE_HYPOTHESIS,shared_audio_intelligence_v0_2;spectral_peak;owner_supplied_audio
BE-003:pitch:03469,BE-003:onset:0804,140.248526,848.248526,236.080000,60,1.080000,53.2983,F3,177.6489,0.859138,0.865532,0.544148,0.782766,0.550000,,0.487085,2341.180,6,6,0.550000,0.350000,0.030000,0.070000,0.480000,0.320000,0.000000,0.000000,NOTE_HYPOTHESIS,shared_audio_intelligence_v0_2;spectral_peak;owner_supplied_audio
BE-003:pitch:03470,BE-003:onset:0805,140.480726,848.480726,236.480000,60,1.480000,44.6287,A2,107.6660,0.510839,1.000000,0.611169,0.850000,0.760000,,0.389016,2596.902,6,1,0.760000,0.180000,0.010000,0.050000,0.480000,0.320000,0.000000,0.000000,NOTE_HYPOTHESIS,shared_audio_intelligence_v0_2;spectral_peak;owner_supplied_audio
BE-003:pitch:03471,BE-003:onset:0805,140.480726,848.480726,236.480000,60,1.480000,34.2788,A#1,59.2163,0.417959,1.000000,0.611169,0.850000,0.760000,,0.389016,2596.902,6,2,0.760000,0.180000,0.010000,0.050000,0.480000,0.320000,0.000000,0.000000,NOTE_HYPOTHESIS,shared_audio_intelligence_v0_2;spectral_peak;owner_supplied_audio
BE-003:pitch:03472,BE-003:onset:0805,140.480726,848.480726,236.480000,60,1.480000,68.8438,A4,436.0474,0.301859,0.981244,0.611169,0.840622,0.580000,,0.389016,2596.902,6,3,0.050000,0.300000,0.580000,0.070000,0.000000,0.450000,0.250000,0.200000,NOTE_HYPOTHESIS,shared_audio_intelligence_v0_2;spectral_peak;owner_supplied_audio
BE-003:pitch:03473,BE-003:onset:0805,140.480726,848.480726,236.480000,60,1.480000,67.0435,G4,392.9810,0.371519,0.900069,0.611169,0.800034,0.580000,,0.389016,2596.902,6,4,0.050000,0.300000,0.580000,0.070000,0.000000,0.450000,0.250000,0.200000,NOTE_HYPOTHESIS,shared_audio_intelligence_v0_2;spectral_peak;owner_supplied_audio
BE-003:pitch:03474,BE-003:onset:0805,140.480726,848.480726,236.480000,60,1.480000,52.2159,E3,166.8823,0.719819,0.833880,0.611169,0.766940,0.550000,,0.389016,2596.902,6,5,0.550000,0.350000,0.030000,0.070000,0.480000,0.320000,0.000000,0.000000,NOTE_HYPOTHESIS,shared_audio_intelligence_v0_2;spectral_peak;owner_supplied_audio
BE-003:pitch:03475,BE-003:onset:0805,140.480726,848.480726,236.480000,60,1.480000,55.7407,G#3,204.5654,1.532517,0.809485,0.611169,0.754742,0.520000,,0.389016,2596.902,6,6,0.250000,0.520000,0.150000,0.080000,0.000000,0.450000,0.250000,0.200000,NOTE_HYPOTHESIS,shared_audio_intelligence_v0_2;spectral_peak;owner_supplied_audio
BE-003:pitch:03476,BE-003:onset:0806,140.596825,848.596825,236.680000,60,1.680000,32.6287,A1,53.8330,0.255420,1.000000,0.975052,0.850000,0.760000,,0.455473,2241.411,6,1,0.760000,0.180000,0.010000,0.050000,0.480000,0.320000,0.000000,0.000000,NOTE_HYPOTHESIS,shared_audio_intelligence_v0_2;spectral_peak;owner_supplied_audio
BE-003:pitch:03477,BE-003:onset:0806,140.596825,848.596825,236.680000,60,1.680000,45.4734,A2,113.0493,0.232200,1.000000,0.975052,0.850000,0.550000,,0.455473,2241.411,6,2,0.550000,0.350000,0.030000,0.070000,0.480000,0.320000,0.000000,0.000000,NOTE_HYPOTHESIS,shared_audio_intelligence_v0_2;spectral_peak;owner_supplied_audio
BE-003:pitch:03478,BE-003:onset:0806,140.596825,848.596825,236.680000,60,1.680000,69.8808,A#4,462.9639,0.534059,1.000000,0.975052,0.850000,0.580000,,0.455473,2241.411,6,3,0.050000,0.300000,0.580000,0.070000,0.000000,0.450000,0.250000,0.200000,NOTE_HYPOTHESIS,shared_audio_intelligence_v0_2;spectral_peak;owner_supplied_audio
BE-003:pitch:03479,BE-003:onset:0806,140.596825,848.596825,236.680000,60,1.680000,68.8438,A4,436.0474,0.185760,1.000000,0.975052,0.850000,0.580000,,0.455473,2241.411,6,4,0.050000,0.300000,0.580000,0.070000,0.000000,0.450000,0.250000,0.200000,NOTE_HYPOTHESIS,shared_audio_intelligence_v0_2;spectral_peak;owner_supplied_audio
BE-003:pitch:03480,BE-003:onset:0806,140.596825,848.596825,236.680000,60,1.680000,81.8808,A#5,925.9277,0.487619,0.983621,0.975052,0.841810,0.840000,,0.455473,2241.411,6,5,0.010000,0.080000,0.840000,0.070000,0.000000,0.120000,0.580000,0.220000,NOTE_HYPOTHESIS,shared_audio_intelligence_v0_2;spectral_peak;owner_supplied_audio
BE-003:pitch:03481,BE-003:onset:0806,140.596825,848.596825,236.680000,60,1.680000,52.2159,E3,166.8823,0.510839,0.934115,0.975052,0.817057,0.550000,,0.455473,2241.411,6,6,0.550000,0.350000,0.030000,0.070000,0.480000,0.320000,0.000000,0.000000,NOTE_HYPOTHESIS,shared_audio_intelligence_v0_2;spectral_peak;owner_supplied_audio
BE-003:pitch:03482,BE-003:onset:0807,140.759365,848.759365,236.960000,60,1.960000,81.8808,A#5,925.9277,0.278639,1.000000,0.769347,0.850000,0.840000,,0.611506,2251.370,6,1,0.010000,0.080000,0.840000,0.070000,0.000000,0.120000,0.580000,0.220000,NOTE_HYPOTHESIS,shared_audio_intelligence_v0_2;spectral_peak;owner_supplied_audio
BE-003:pitch:03483,BE-003:onset:0807,140.759365,848.759365,236.960000,60,1.960000,69.8808,A#4,462.9639,0.348299,1.000000,0.769347,0.850000,0.580000,,0.611506,2251.370,6,2,0.050000,0.300000,0.580000,0.070000,0.000000,0.450000,0.250000,0.200000,NOTE_HYPOTHESIS,shared_audio_intelligence_v0_2;spectral_peak;owner_supplied_audio
BE-003:pitch:03484,BE-003:onset:0807,140.759365,848.759365,236.960000,60,1.960000,32.6287,A1,53.8330,0.116100,1.000000,0.769347,0.850000,0.760000,,0.611506,2251.370,6,3,0.760000,0.180000,0.010000,0.050000,0.480000,0.320000,0.000000,0.000000,NOTE_HYPOTHESIS,shared_audio_intelligence_v0_2;spectral_peak;owner_supplied_audio
BE-003:pitch:03485,BE-003:onset:0807,140.759365,848.759365,236.960000,60,1.960000,45.4734,A2,113.0493,0.092880,1.000000,0.769347,0.850000,0.550000,,0.611506,2251.370,6,4,0.550000,0.350000,0.030000,0.070000,0.480000,0.320000,0.000000,0.000000,NOTE_HYPOTHESIS,shared_audio_intelligence_v0_2;spectral_peak;owner_supplied_audio
BE-003:pitch:03486,BE-003:onset:0807,140.759365,848.759365,236.960000,60,1.960000,88.9673,F6,1394.2749,0.255420,1.000000,0.769347,0.850000,0.840000,,0.611506,2251.370,6,5,0.010000,0.080000,0.840000,0.070000,0.000000,0.120000,0.580000,0.220000,NOTE_HYPOTHESIS,shared_audio_intelligence_v0_2;spectral_peak;owner_supplied_audio
BE-003:pitch:03487,BE-003:onset:0807,140.759365,848.759365,236.960000,60,1.960000,55.7407,G#3,204.5654,0.162540,0.972124,0.769347,0.836062,0.520000,,0.611506,2251.370,6,6,0.250000,0.520000,0.150000,0.080000,0.000000,0.450000,0.250000,0.200000,NOTE_HYPOTHESIS,shared_audio_intelligence_v0_2;spectral_peak;owner_supplied_audio
BE-003:pitch:03488,BE-003:onset:0808,140.829025,848.829025,237.074074,60,2.074074,81.8808,A#5,925.9277,0.185760,1.000000,0.728212,0.850000,0.840000,,0.631309,2328.805,6,1,0.010000,0.080000,0.840000,0.070000,0.000000,0.120000,0.580000,0.220000,NOTE_HYPOTHESIS,shared_audio_intelligence_v0_2;spectral_peak;owner_supplied_audio
BE-003:pitch:03489,BE-003:onset:0808,140.829025,848.829025,237.074074,60,2.074074,69.8808,A#4,462.9639,0.255420,1.000000,0.728212,0.850000,0.580000,,0.631309,2328.805,6,2,0.050000,0.300000,0.580000,0.070000,0.000000,0.450000,0.250000,0.200000,NOTE_HYPOTHESIS,shared_audio_intelligence_v0_2;spectral_peak;owner_supplied_audio
BE-003:pitch:03490,BE-003:onset:0808,140.829025,848.829025,237.074074,60,2.074074,88.9673,F6,1394.2749,0.162540,1.000000,0.728212,0.850000,0.840000,,0.631309,2328.805,6,3,0.010000,0.080000,0.840000,0.070000,0.000000,0.120000,0.580000,0.220000,NOTE_HYPOTHESIS,shared_audio_intelligence_v0_2;spectral_peak;owner_supplied_audio
BE-003:pitch:03491,BE-003:onset:0808,140.829025,848.829025,237.074074,60,2.074074,37.1709,C#2,69.9829,0.301859,1.000000,0.728212,0.850000,0.760000,,0.631309,2328.805,6,4,0.760000,0.180000,0.010000,0.050000,0.480000,0.320000,0.000000,0.000000,NOTE_HYPOTHESIS,shared_audio_intelligence_v0_2;spectral_peak;owner_supplied_audio
BE-003:pitch:03492,BE-003:onset:0808,140.829025,848.829025,237.074074,60,2.074074,49.8242,D3,145.3491,0.325079,1.000000,0.728212,0.850000,0.550000,,0.631309,2328.805,6,5,0.550000,0.350000,0.030000,0.070000,0.480000,0.320000,0.000000,0.000000,NOTE_HYPOTHESIS,shared_audio_intelligence_v0_2;spectral_peak;owner_supplied_audio
BE-003:pitch:03493,BE-003:onset:0808,140.829025,848.829025,237.074074,60,2.074074,43.7407,G#2,102.2827,0.650159,1.000000,0.728212,0.850000,0.760000,,0.631309,2328.805,6,6,0.760000,0.180000,0.010000,0.050000,0.480000,0.320000,0.000000,0.000000,NOTE_HYPOTHESIS,shared_audio_intelligence_v0_2;spectral_peak;owner_supplied_audio
BE-003:pitch:03494,BE-003:onset:0809,141.061224,849.061224,237.444444,60,2.444444,42.8047,G2,96.8994,0.696599,1.000000,0.868770,0.850000,0.760000,,0.649155,1884.272,6,1,0.760000,0.180000,0.010000,0.050000,0.480000,0.320000,0.000000,0.000000,NOTE_HYPOTHESIS,shared_audio_intelligence_v0_2;spectral_peak;owner_supplied_audio
BE-003:pitch:03495,BE-003:onset:0809,141.061224,849.061224,237.444444,60,2.444444,66.8047,G4,387.5977,0.487619,1.000000,0.868770,0.850000,0.580000,,0.649155,1884.272,6,2,0.050000,0.300000,0.580000,0.070000,0.000000,0.450000,0.250000,0.200000,NOTE_HYPOTHESIS,shared_audio_intelligence_v0_2;spectral_peak;owner_supplied_audio
BE-003:pitch:03496,BE-003:onset:0809,141.061224,849.061224,237.444444,60,2.444444,49.8242,D3,145.3491,0.092880,1.000000,0.868770,0.850000,0.550000,,0.649155,1884.272,6,3,0.550000,0.350000,0.030000,0.070000,0.480000,0.320000,0.000000,0.000000,NOTE_HYPOTHESIS,shared_audio_intelligence_v0_2;spectral_peak;owner_supplied_audio
BE-003:pitch:03497,BE-003:onset:0809,141.061224,849.061224,237.444444,60,2.444444,68.8438,A4,436.0474,0.116100,0.984378,0.868770,0.842189,0.580000,,0.649155,1884.272,6,4,0.050000,0.300000,0.580000,0.070000,0.000000,0.450000,0.250000,0.200000,NOTE_HYPOTHESIS,shared_audio_intelligence_v0_2;spectral_peak;owner_supplied_audio
BE-003:pitch:03498,BE-003:onset:0809,141.061224,849.061224,237.444444,60,2.444444,78.9245,G5,780.5786,0.417959,0.980600,0.868770,0.840300,0.840000,,0.649155,1884.272,6,5,0.010000,0.080000,0.840000,0.070000,0.000000,0.120000,0.580000,0.220000,NOTE_HYPOTHESIS,shared_audio_intelligence_v0_2;spectral_peak;owner_supplied_audio
BE-003:pitch:03499,BE-003:onset:0809,141.061224,849.061224,237.444444,60,2.444444,69.8808,A#4,462.9639,0.069660,0.963506,0.868770,0.831753,0.580000,,0.649155,1884.272,6,6,0.050000,0.300000,0.580000,0.070000,0.000000,0.450000,0.250000,0.200000,NOTE_HYPOTHESIS,shared_audio_intelligence_v0_2;spectral_peak;owner_supplied_audio
BE-003:pitch:03500,BE-003:onset:0810,141.177324,849.177324,237.629630,60,2.629630,42.8047,G2,96.8994,0.371519,1.000000,0.619021,0.850000,0.760000,,0.728120,1809.043,4,1,0.760000,0.180000,0.010000,0.050000,0.480000,0.320000,0.000000,0.000000,NOTE_HYPOTHESIS,shared_audio_intelligence_v0_2;spectral_peak;owner_supplied_audio
BE-003:pitch:03501,BE-003:onset:0810,141.177324,849.177324,237.629630,60,2.629630,65.8151,F#4,366.0645,0.232200,1.000000,0.619021,0.850000,0.580000,,0.728120,1809.043,4,2,0.050000,0.300000,0.580000,0.070000,0.000000,0.450000,0.250000,0.200000,NOTE_HYPOTHESIS,shared_audio_intelligence_v0_2;spectral_peak;owner_supplied_audio
BE-003:pitch:03502,BE-003:onset:0810,141.177324,849.177324,237.629630,60,2.629630,66.8047,G4,387.5977,0.487619,1.000000,0.619021,0.850000,0.580000,,0.728120,1809.043,4,3,0.050000,0.300000,0.580000,0.070000,0.000000,0.450000,0.250000,0.200000,NOTE_HYPOTHESIS,shared_audio_intelligence_v0_2;spectral_peak;owner_supplied_audio
BE-003:pitch:03503,BE-003:onset:0810,141.177324,849.177324,237.629630,60,2.629630,77.9420,F#5,737.5122,0.139320,1.000000,0.619021,0.850000,0.840000,,0.728120,1809.043,4,4,0.010000,0.080000,0.840000,0.070000,0.000000,0.120000,0.580000,0.220000,NOTE_HYPOTHESIS,shared_audio_intelligence_v0_2;spectral_peak;owner_supplied_audio
BE-003:pitch:03504,BE-003:onset:0811,141.339864,849.339864,237.888889,60,2.888889,42.8047,G2,96.8994,0.348299,1.000000,0.874812,0.850000,0.760000,,0.545223,2225.523,5,1,0.760000,0.180000,0.010000,0.050000,0.480000,0.320000,0.000000,0.000000,NOTE_HYPOTHESIS,shared_audio_intelligence_v0_2;spectral_peak;owner_supplied_audio
BE-003:pitch:03505,BE-003:onset:0811,141.339864,849.339864,237.888889,60,2.888889,66.8047,G4,387.5977,0.185760,1.000000,0.874812,0.850000,0.580000,,0.545223,2225.523,5,2,0.050000,0.300000,0.580000,0.070000,0.000000,0.450000,0.250000,0.200000,NOTE_HYPOTHESIS,shared_audio_intelligence_v0_2;spectral_peak;owner_supplied_audio
BE-003:pitch:03506,BE-003:onset:0811,141.339864,849.339864,237.888889,60,2.888889,66.0679,F#4,371.4478,0.092880,1.000000,0.874812,0.850000,0.580000,,0.545223,2225.523,5,3,0.050000,0.300000,0.580000,0.070000,0.000000,0.450000,0.250000,0.200000,NOTE_HYPOTHESIS,shared_audio_intelligence_v0_2;spectral_peak;owner_supplied_audio
BE-003:pitch:03507,BE-003:onset:0811,141.339864,849.339864,237.888889,60,2.888889,78.9245,G5,780.5786,0.116100,1.000000,0.874812,0.850000,0.840000,,0.545223,2225.523,5,4,0.010000,0.080000,0.840000,0.070000,0.000000,0.120000,0.580000,0.220000,NOTE_HYPOTHESIS,shared_audio_intelligence_v0_2;spectral_peak;owner_supplied_audio
BE-003:pitch:03508,BE-003:onset:0811,141.339864,849.339864,237.888889,60,2.888889,38.4538,D2,75.3662,1.532517,0.956437,0.874812,0.828218,0.760000,,0.545223,2225.523,5,5,0.760000,0.180000,0.010000,0.050000,0.480000,0.320000,0.000000,0.000000,NOTE_HYPOTHESIS,shared_audio_intelligence_v0_2;spectral_peak;owner_supplied_audio
BE-003:pitch:03509,BE-003:onset:0812,141.409524,849.409524,238.000000,60,3.000000,40.7656,F2,86.1328,0.510839,1.000000,0.705357,0.850000,0.695860,,0.529221,2668.428,2,1,0.695860,0.164809,0.009952,0.129379,0.480000,0.320000,0.000000,0.000000,NOTE_HYPOTHESIS,shared_audio_intelligence_v0_2;spectral_peak;owner_supplied_audio
BE-003:pitch:03510,BE-003:onset:0812,141.409524,849.409524,238.000000,60,3.000000,66.8047,G4,387.5977,0.255420,1.000000,0.705357,0.850000,0.580000,,0.529221,2668.428,2,2,0.050000,0.300000,0.580000,0.070000,0.000000,0.450000,0.250000,0.200000,NOTE_HYPOTHESIS,shared_audio_intelligence_v0_2;spectral_peak;owner_supplied_audio
BE-003:pitch:03511,BE-003:onset:0813,141.618503,849.618503,238.360000,60,3.360000,40.7656,F2,86.1328,0.348299,1.000000,0.819832,0.850000,0.760000,,0.485865,2568.678,5,1,0.760000,0.180000,0.010000,0.050000,0.480000,0.320000,0.000000,0.000000,NOTE_HYPOTHESIS,shared_audio_intelligence_v0_2;spectral_peak;owner_supplied_audio
BE-003:pitch:03512,BE-003:onset:0813,141.618503,849.618503,238.360000,60,3.360000,56.1904,G#3,209.9487,0.255420,1.000000,0.819832,0.850000,0.520000,,0.485865,2568.678,5,2,0.250000,0.520000,0.150000,0.080000,0.000000,0.450000,0.250000,0.200000,NOTE_HYPOTHESIS,shared_audio_intelligence_v0_2;spectral_peak;owner_supplied_audio
BE-003:pitch:03513,BE-003:onset:0813,141.618503,849.618503,238.360000,60,3.360000,66.8047,G4,387.5977,0.487619,0.955787,0.819832,0.827894,0.580000,,0.485865,2568.678,5,3,0.050000,0.300000,0.580000,0.070000,0.000000,0.450000,0.250000,0.200000,NOTE_HYPOTHESIS,shared_audio_intelligence_v0_2;spectral_peak;owner_supplied_audio
BE-003:pitch:03514,BE-003:onset:0813,141.618503,849.618503,238.360000,60,3.360000,57.4734,A3,226.0986,0.580499,0.920107,0.819832,0.810053,0.520000,,0.485865,2568.678,5,4,0.250000,0.520000,0.150000,0.080000,0.000000,0.450000,0.250000,0.200000,NOTE_HYPOTHESIS,shared_audio_intelligence_v0_2;spectral_peak;owner_supplied_audio
BE-003:pitch:03515,BE-003:onset:0813,141.618503,849.618503,238.360000,60,3.360000,54.8047,G3,193.7988,1.323537,0.913350,0.819832,0.806675,0.550000,,0.485865,2568.678,5,5,0.550000,0.350000,0.030000,0.070000,0.480000,0.320000,0.000000,0.000000,NOTE_HYPOTHESIS,shared_audio_intelligence_v0_2;spectral_peak;owner_supplied_audio
BE-003:pitch:03516,BE-003:onset:0814,141.734603,849.734603,238.560000,60,3.560000,38.4538,D2,75.3662,1.532517,1.000000,0.713791,0.850000,0.760000,,0.438784,2360.302,6,1,0.760000,0.180000,0.010000,0.050000,0.480000,0.320000,0.000000,0.000000,NOTE_HYPOTHESIS,shared_audio_intelligence_v0_2;spectral_peak;owner_supplied_audio
BE-003:pitch:03517,BE-003:onset:0814,141.734603,849.734603,238.560000,60,3.560000,51.0613,D#3,156.1157,1.532517,1.000000,0.713791,0.850000,0.550000,,0.438784,2360.302,6,2,0.550000,0.350000,0.030000,0.070000,0.480000,0.320000,0.000000,0.000000,NOTE_HYPOTHESIS,shared_audio_intelligence_v0_2;spectral_peak;owner_supplied_audio
BE-003:pitch:03518,BE-003:onset:0814,141.734603,849.734603,238.560000,60,3.560000,34.2788,A#1,59.2163,1.532517,0.989485,0.713791,0.844742,0.760000,,0.438784,2360.302,6,3,0.760000,0.180000,0.010000,0.050000,0.480000,0.320000,0.000000,0.000000,NOTE_HYPOTHESIS,shared_audio_intelligence_v0_2;spectral_peak;owner_supplied_audio
BE-003:pitch:03519,BE-003:onset:0814,141.734603,849.734603,238.560000,60,3.560000,57.8808,A#3,231.4819,0.394739,0.950706,0.713791,0.825353,0.520000,,0.438784,2360.302,6,4,0.250000,0.520000,0.150000,0.080000,0.000000,0.450000,0.250000,0.200000,NOTE_HYPOTHESIS,shared_audio_intelligence_v0_2;spectral_peak;owner_supplied_audio
BE-003:pitch:03520,BE-003:onset:0814,141.734603,849.734603,238.560000,60,3.560000,62.7603,D#4,306.8481,0.348299,0.928649,0.713791,0.814325,0.520000,,0.438784,2360.302,6,5,0.250000,0.520000,0.150000,0.080000,0.000000,0.450000,0.250000,0.200000,NOTE_HYPOTHESIS,shared_audio_intelligence_v0_2;spectral_peak;owner_supplied_audio
BE-003:pitch:03521,BE-003:onset:0814,141.734603,849.734603,238.560000,60,3.560000,42.8047,G2,96.8994,0.116100,0.919259,0.713791,0.809630,0.760000,,0.438784,2360.302,6,6,0.760000,0.180000,0.010000,0.050000,0.480000,0.320000,0.000000,0.000000,NOTE_HYPOTHESIS,shared_audio_intelligence_v0_2;spectral_peak;owner_supplied_audio
BE-003:pitch:03522,BE-003:onset:0815,141.920363,849.920363,238.880000,60,3.880000,38.4538,D2,75.3662,1.532517,1.000000,0.670583,0.850000,0.760000,,0.424077,2109.623,6,1,0.760000,0.180000,0.010000,0.050000,0.480000,0.320000,0.000000,0.000000,NOTE_HYPOTHESIS,shared_audio_intelligence_v0_2;spectral_peak;owner_supplied_audio
BE-003:pitch:03523,BE-003:onset:0815,141.920363,849.920363,238.880000,60,3.880000,50.4538,D3,150.7324,1.532517,1.000000,0.670583,0.850000,0.550000,,0.424077,2109.623,6,2,0.550000,0.350000,0.030000,0.070000,0.480000,0.320000,0.000000,0.000000,NOTE_HYPOTHESIS,shared_audio_intelligence_v0_2;spectral_peak;owner_supplied_audio
BE-003:pitch:03524,BE-003:onset:0815,141.920363,849.920363,238.880000,60,3.880000,57.4734,A3,226.0986,0.232200,0.995017,0.670583,0.847509,0.520000,,0.424077,2109.623,6,3,0.250000,0.520000,0.150000,0.080000,0.000000,0.450000,0.250000,0.200000,NOTE_HYPOTHESIS,shared_audio_intelligence_v0_2;spectral_peak;owner_supplied_audio
BE-003:pitch:03525,BE-003:onset:0815,141.920363,849.920363,238.880000,60,3.880000,63.9344,E4,328.3813,0.092880,0.950843,0.670583,0.825422,0.520000,,0.424077,2109.623,6,4,0.250000,0.520000,0.150000,0.080000,0.000000,0.450000,0.250000,0.200000,NOTE_HYPOTHESIS,shared_audio_intelligence_v0_2;spectral_peak;owner_supplied_audio
BE-003:pitch:03526,BE-003:onset:0815,141.920363,849.920363,238.880000,60,3.880000,55.7407,G#3,204.5654,1.021678,0.870408,0.670583,0.785204,0.520000,,0.424077,2109.623,6,5,0.250000,0.520000,0.150000,0.080000,0.000000,0.450000,0.250000,0.200000,NOTE_HYPOTHESIS,shared_audio_intelligence_v0_2;spectral_peak;owner_supplied_audio
BE-003:pitch:03527,BE-003:onset:0815,141.920363,849.920363,238.880000,60,3.880000,62.7603,D#4,306.8481,1.068118,0.860774,0.670583,0.780387,0.520000,,0.424077,2109.623,6,6,0.250000,0.520000,0.150000,0.080000,0.000000,0.450000,0.250000,0.200000,NOTE_HYPOTHESIS,shared_audio_intelligence_v0_2;spectral_peak;owner_supplied_audio
BE-003:pitch:03528,BE-003:onset:0816,142.013243,850.013243,239.045455,60,4.045455,49.8242,D3,145.3491,0.301859,1.000000,0.713812,0.850000,0.501984,,0.498651,2625.769,4,1,0.501984,0.319444,0.029762,0.148810,0.480000,0.320000,0.000000,0.000000,NOTE_HYPOTHESIS,shared_audio_intelligence_v0_2;spectral_peak;owner_supplied_audio
BE-003:pitch:03529,BE-003:onset:0816,142.013243,850.013243,239.045455,60,4.045455,37.1709,C#2,69.9829,1.532517,1.000000,0.713812,0.850000,0.695860,,0.498651,2625.769,4,2,0.695860,0.164809,0.009952,0.129379,0.480000,0.320000,0.000000,0.000000,NOTE_HYPOTHESIS,shared_audio_intelligence_v0_2;spectral_peak;owner_supplied_audio
BE-003:pitch:03530,BE-003:onset:0816,142.013243,850.013243,239.045455,60,4.045455,56.1904,G#3,209.9487,0.139320,1.000000,0.713812,0.850000,0.469756,,0.498651,2625.769,4,3,0.225844,0.469756,0.147290,0.157109,0.000000,0.450000,0.250000,0.200000,NOTE_HYPOTHESIS,shared_audio_intelligence_v0_2;spectral_peak;owner_supplied_audio
BE-003:pitch:03531,BE-003:onset:0816,142.013243,850.013243,239.045455,60,4.045455,57.4734,A3,226.0986,0.185760,0.913193,0.713812,0.806597,0.469756,,0.498651,2625.769,4,4,0.225844,0.469756,0.147290,0.157109,0.000000,0.450000,0.250000,0.200000,NOTE_HYPOTHESIS,shared_audio_intelligence_v0_2;spectral_peak;owner_supplied_audio
BE-003:pitch:03532,BE-003:onset:0817,142.199002,850.199002,239.409091,60,4.409091,49.8242,D3,145.3491,1.300317,1.000000,0.887201,0.850000,0.550000,,0.505155,2072.679,6,1,0.550000,0.350000,0.030000,0.070000,0.480000,0.320000,0.000000,0.000000,NOTE_HYPOTHESIS,shared_audio_intelligence_v0_2;spectral_peak;owner_supplied_audio
BE-003:pitch:03533,BE-003:onset:0817,142.199002,850.199002,239.409091,60,4.409091,38.4538,D2,75.3662,1.532517,1.000000,0.887201,0.850000,0.760000,,0.505155,2072.679,6,2,0.760000,0.180000,0.010000,0.050000,0.480000,0.320000,0.000000,0.000000,NOTE_HYPOTHESIS,shared_audio_intelligence_v0_2;spectral_peak;owner_supplied_audio
BE-003:pitch:03534,BE-003:onset:0817,142.199002,850.199002,239.409091,60,4.409091,72.8347,C#5,549.0967,0.185760,1.000000,0.887201,0.850000,0.580000,,0.505155,2072.679,6,3,0.050000,0.300000,0.580000,0.070000,0.000000,0.120000,0.580000,0.220000,NOTE_HYPOTHESIS,shared_audio_intelligence_v0_2;spectral_peak;owner_supplied_audio
BE-003:pitch:03535,BE-003:onset:0817,142.199002,850.199002,239.409091,60,4.409091,60.8347,C#4,274.5483,0.116100,1.000000,0.887201,0.850000,0.520000,,0.505155,2072.679,6,4,0.250000,0.520000,0.150000,0.080000,0.000000,0.450000,0.250000,0.200000,NOTE_HYPOTHESIS,shared_audio_intelligence_v0_2;spectral_peak;owner_supplied_audio
BE-003:pitch:03536,BE-003:onset:0817,142.199002,850.199002,239.409091,60,4.409091,73.9838,D5,586.7798,0.139320,0.935686,0.887201,0.817843,0.580000,,0.505155,2072.679,6,5,0.050000,0.300000,0.580000,0.070000,0.000000,0.120000,0.580000,0.220000,NOTE_HYPOTHESIS,shared_audio_intelligence_v0_2;spectral_peak;owner_supplied_audio
BE-003:pitch:03537,BE-003:onset:0817,142.199002,850.199002,239.409091,60,4.409091,54.8047,G3,193.7988,0.185760,0.904750,0.887201,0.802375,0.550000,,0.505155,2072.679,6,6,0.550000,0.350000,0.030000,0.070000,0.480000,0.320000,0.000000,0.000000,NOTE_HYPOTHESIS,shared_audio_intelligence_v0_2;spectral_peak;owner_supplied_audio
BE-003:pitch:03538,BE-003:onset:0818,142.500862,850.500862,240.000000,61,1.000000,38.4538,D2,75.3662,1.532517,1.000000,0.993516,0.850000,0.760000,,0.487146,2145.480,6,1,0.760000,0.180000,0.010000,0.050000,0.480000,0.320000,0.000000,0.000000,NOTE_HYPOTHESIS,shared_audio_intelligence_v0_2;spectral_peak;owner_supplied_audio
BE-003:pitch:03539,BE-003:onset:0818,142.500862,850.500862,240.000000,61,1.000000,51.0613,D#3,156.1157,1.021678,1.000000,0.993516,0.850000,0.550000,,0.487146,2145.480,6,2,0.550000,0.350000,0.030000,0.070000,0.480000,0.320000,0.000000,0.000000,NOTE_HYPOTHESIS,shared_audio_intelligence_v0_2;spectral_peak;owner_supplied_audio
BE-003:pitch:03540,BE-003:onset:0818,142.500862,850.500862,240.000000,61,1.000000,56.1904,G#3,209.9487,0.139320,1.000000,0.993516,0.850000,0.520000,,0.487146,2145.480,6,3,0.250000,0.520000,0.150000,0.080000,0.000000,0.450000,0.250000,0.200000,NOTE_HYPOTHESIS,shared_audio_intelligence_v0_2;spectral_peak;owner_supplied_audio
BE-003:pitch:03541,BE-003:onset:0818,142.500862,850.500862,240.000000,61,1.000000,54.3170,F#3,188.4155,0.441179,0.890559,0.993516,0.795279,0.550000,,0.487146,2145.480,6,4,0.550000,0.350000,0.030000,0.070000,0.480000,0.320000,0.000000,0.000000,NOTE_HYPOTHESIS,shared_audio_intelligence_v0_2;spectral_peak;owner_supplied_audio
BE-003:pitch:03542,BE-003:onset:0818,142.500862,850.500862,240.000000,61,1.000000,66.8047,G4,387.5977,0.417959,0.856928,0.993516,0.778464,0.580000,,0.487146,2145.480,6,5,0.050000,0.300000,0.580000,0.070000,0.000000,0.450000,0.250000,0.200000,NOTE_HYPOTHESIS,shared_audio_intelligence_v0_2;spectral_peak;owner_supplied_audio
BE-003:pitch:03543,BE-003:onset:0818,142.500862,850.500862,240.000000,61,1.000000,52.7656,F3,172.2656,0.116100,0.811589,0.993516,0.755794,0.550000,,0.487146,2145.480,6,6,0.550000,0.350000,0.030000,0.070000,0.480000,0.320000,0.000000,0.000000,NOTE_HYPOTHESIS,shared_audio_intelligence_v0_2;spectral_peak;owner_supplied_audio
BE-003:pitch:03544,BE-003:onset:0819,142.616961,850.616961,240.172414,61,1.172414,38.4538,D2,75.3662,1.532517,1.000000,0.677062,0.850000,0.760000,,0.388892,2355.051,6,1,0.760000,0.180000,0.010000,0.050000,0.480000,0.320000,0.000000,0.000000,NOTE_HYPOTHESIS,shared_audio_intelligence_v0_2;spectral_peak;owner_supplied_audio
BE-003:pitch:03545,BE-003:onset:0819,142.616961,850.616961,240.172414,61,1.172414,51.0613,D#3,156.1157,0.208980,1.000000,0.677062,0.850000,0.550000,,0.388892,2355.051,6,2,0.550000,0.350000,0.030000,0.070000,0.480000,0.320000,0.000000,0.000000,NOTE_HYPOTHESIS,shared_audio_intelligence_v0_2;spectral_peak;owner_supplied_audio
BE-003:pitch:03546,BE-003:onset:0819,142.616961,850.616961,240.172414,61,1.172414,35.7851,C2,64.5996,1.532517,0.943611,0.677062,0.821805,0.760000,,0.388892,2355.051,6,3,0.760000,0.180000,0.010000,0.050000,0.480000,0.320000,0.000000,0.000000,NOTE_HYPOTHESIS,shared_audio_intelligence_v0_2;spectral_peak;owner_supplied_audio
BE-003:pitch:03547,BE-003:onset:0819,142.616961,850.616961,240.172414,61,1.172414,66.0679,F#4,371.4478,0.208980,0.871349,0.677062,0.785674,0.580000,,0.388892,2355.051,6,4,0.050000,0.300000,0.580000,0.070000,0.000000,0.450000,0.250000,0.200000,NOTE_HYPOTHESIS,shared_audio_intelligence_v0_2;spectral_peak;owner_supplied_audio
BE-003:pitch:03548,BE-003:onset:0819,142.616961,850.616961,240.172414,61,1.172414,68.8438,A4,436.0474,0.232200,0.843502,0.677062,0.771751,0.580000,,0.388892,2355.051,6,5,0.050000,0.300000,0.580000,0.070000,0.000000,0.450000,0.250000,0.200000,NOTE_HYPOTHESIS,shared_audio_intelligence_v0_2;spectral_peak;owner_supplied_audio
BE-003:pitch:03549,BE-003:onset:0819,142.616961,850.616961,240.172414,61,1.172414,57.4734,A3,226.0986,1.532517,0.809228,0.677062,0.754614,0.520000,,0.388892,2355.051,6,6,0.250000,0.520000,0.150000,0.080000,0.000000,0.450000,0.250000,0.200000,NOTE_HYPOTHESIS,shared_audio_intelligence_v0_2;spectral_peak;owner_supplied_audio
BE-003:pitch:03550,BE-003:onset:0820,142.802721,850.802721,240.448276,61,1.448276,83.9645,C6,1044.3604,0.232200,1.000000,1.000000,0.850000,0.840000,,1.000000,1936.207,3,1,0.010000,0.080000,0.840000,0.070000,0.000000,0.120000,0.580000,0.220000,NOTE_HYPOTHESIS,shared_audio_intelligence_v0_2;spectral_peak;owner_supplied_audio
BE-003:pitch:03551,BE-003:onset:0820,142.802721,850.802721,240.448276,61,1.448276,71.9645,C5,522.1802,1.369977,1.000000,1.000000,0.850000,0.580000,,1.000000,1936.207,3,2,0.050000,0.300000,0.580000,0.070000,0.000000,0.120000,0.580000,0.220000,NOTE_HYPOTHESIS,shared_audio_intelligence_v0_2;spectral_peak;owner_supplied_audio
BE-003:pitch:03552,BE-003:onset:0820,142.802721,850.802721,240.448276,61,1.448276,90.9841,G6,1566.5405,0.255420,1.000000,1.000000,0.850000,0.840000,,1.000000,1936.207,3,3,0.010000,0.080000,0.840000,0.070000,0.000000,0.120000,0.580000,0.220000,NOTE_HYPOTHESIS,shared_audio_intelligence_v0_2;spectral_peak;owner_supplied_audio
BE-003:pitch:03553,BE-003:onset:0821,142.895601,850.895601,240.586207,61,1.586207,83.9645,C6,1044.3604,0.139320,1.000000,0.765294,0.850000,0.840000,,1.000000,1823.059,4,1,0.010000,0.080000,0.840000,0.070000,0.000000,0.120000,0.580000,0.220000,NOTE_HYPOTHESIS,shared_audio_intelligence_v0_2;spectral_peak;owner_supplied_audio
BE-003:pitch:03554,BE-003:onset:0821,142.895601,850.895601,240.586207,61,1.586207,71.9645,C5,522.1802,0.835918,1.000000,0.765294,0.850000,0.580000,,1.000000,1823.059,4,2,0.050000,0.300000,0.580000,0.070000,0.000000,0.120000,0.580000,0.220000,NOTE_HYPOTHESIS,shared_audio_intelligence_v0_2;spectral_peak;owner_supplied_audio
BE-003:pitch:03555,BE-003:onset:0821,142.895601,850.895601,240.586207,61,1.586207,37.1709,C#2,69.9829,1.532517,1.000000,0.765294,0.850000,0.760000,,1.000000,1823.059,4,3,0.760000,0.180000,0.010000,0.050000,0.480000,0.320000,0.000000,0.000000,NOTE_HYPOTHESIS,shared_audio_intelligence_v0_2;spectral_peak;owner_supplied_audio
BE-003:pitch:03556,BE-003:onset:0821,142.895601,850.895601,240.586207,61,1.586207,49.8242,D3,145.3491,0.603719,1.000000,0.765294,0.850000,0.550000,,1.000000,1823.059,4,4,0.550000,0.350000,0.030000,0.070000,0.480000,0.320000,0.000000,0.000000,NOTE_HYPOTHESIS,shared_audio_intelligence_v0_2;spectral_peak;owner_supplied_audio
BE-003:pitch:03557,BE-003:onset:0822,143.081361,851.081361,240.862069,61,1.862069,49.8242,D3,145.3491,0.394739,1.000000,0.933753,0.850000,0.550000,,0.650618,1605.711,6,1,0.550000,0.350000,0.030000,0.070000,0.480000,0.320000,0.000000,0.000000,NOTE_HYPOTHESIS,shared_audio_intelligence_v0_2;spectral_peak;owner_supplied_audio
BE-003:pitch:03558,BE-003:onset:0822,143.081361,851.081361,240.862069,61,1.862069,37.1709,C#2,69.9829,1.532517,1.000000,0.933753,0.850000,0.760000,,0.650618,1605.711,6,2,0.760000,0.180000,0.010000,0.050000,0.480000,0.320000,0.000000,0.000000,NOTE_HYPOTHESIS,shared_audio_intelligence_v0_2;spectral_peak;owner_supplied_audio
BE-003:pitch:03559,BE-003:onset:0822,143.081361,851.081361,240.862069,61,1.862069,71.9645,C5,522.1802,1.532517,1.000000,0.933753,0.850000,0.580000,,0.650618,1605.711,6,3,0.050000,0.300000,0.580000,0.070000,0.000000,0.120000,0.580000,0.220000,NOTE_HYPOTHESIS,shared_audio_intelligence_v0_2;spectral_peak;owner_supplied_audio
BE-003:pitch:03560,BE-003:onset:0822,143.081361,851.081361,240.862069,61,1.862069,83.9645,C6,1044.3604,1.532517,1.000000,0.933753,0.850000,0.840000,,0.650618,1605.711,6,4,0.010000,0.080000,0.840000,0.070000,0.000000,0.120000,0.580000,0.220000,NOTE_HYPOTHESIS,shared_audio_intelligence_v0_2;spectral_peak;owner_supplied_audio
BE-003:pitch:03561,BE-003:onset:0822,143.081361,851.081361,240.862069,61,1.862069,72.8347,C#5,549.0967,0.116100,1.000000,0.933753,0.850000,0.580000,,0.650618,1605.711,6,5,0.050000,0.300000,0.580000,0.070000,0.000000,0.120000,0.580000,0.220000,NOTE_HYPOTHESIS,shared_audio_intelligence_v0_2;spectral_peak;owner_supplied_audio
BE-003:pitch:03562,BE-003:onset:0822,143.081361,851.081361,240.862069,61,1.862069,65.8151,F#4,366.0645,0.255420,1.000000,0.933753,0.850000,0.580000,,0.650618,1605.711,6,6,0.050000,0.300000,0.580000,0.070000,0.000000,0.450000,0.250000,0.200000,NOTE_HYPOTHESIS,shared_audio_intelligence_v0_2;spectral_peak;owner_supplied_audio
BE-003:pitch:03563,BE-003:onset:0823,143.197460,851.197460,241.043478,61,2.043478,83.8751,C6,1038.9771,0.464399,1.000000,1.000000,0.850000,0.840000,,0.980935,1913.303,5,1,0.010000,0.080000,0.840000,0.070000,0.000000,0.120000,0.580000,0.220000,NOTE_HYPOTHESIS,shared_audio_intelligence_v0_2;spectral_peak;owner_supplied_audio
BE-003:pitch:03564,BE-003:onset:0823,143.197460,851.197460,241.043478,61,2.043478,71.9645,C5,522.1802,0.975238,1.000000,1.000000,0.850000,0.580000,,0.980935,1913.303,5,2,0.050000,0.300000,0.580000,0.070000,0.000000,0.120000,0.580000,0.220000,NOTE_HYPOTHESIS,shared_audio_intelligence_v0_2;spectral_peak;owner_supplied_audio
BE-003:pitch:03565,BE-003:onset:0823,143.197460,851.197460,241.043478,61,2.043478,37.1709,C#2,69.9829,1.532517,1.000000,1.000000,0.850000,0.760000,,0.980935,1913.303,5,3,0.760000,0.180000,0.010000,0.050000,0.480000,0.320000,0.000000,0.000000,NOTE_HYPOTHESIS,shared_audio_intelligence_v0_2;spectral_peak;owner_supplied_audio
BE-003:pitch:03566,BE-003:onset:0823,143.197460,851.197460,241.043478,61,2.043478,90.9841,G6,1566.5405,0.232200,1.000000,1.000000,0.850000,0.840000,,0.980935,1913.303,5,4,0.010000,0.080000,0.840000,0.070000,0.000000,0.120000,0.580000,0.220000,NOTE_HYPOTHESIS,shared_audio_intelligence_v0_2;spectral_peak;owner_supplied_audio
BE-003:pitch:03567,BE-003:onset:0823,143.197460,851.197460,241.043478,61,2.043478,49.8242,D3,145.3491,0.325079,1.000000,1.000000,0.850000,0.550000,,0.980935,1913.303,5,5,0.550000,0.350000,0.030000,0.070000,0.480000,0.320000,0.000000,0.000000,NOTE_HYPOTHESIS,shared_audio_intelligence_v0_2;spectral_peak;owner_supplied_audio
BE-003:pitch:03568,BE-003:onset:0824,143.383220,851.383220,241.391304,61,2.391304,83.8751,C6,1038.9771,0.766259,1.000000,0.773564,0.850000,0.840000,,0.686069,2360.324,6,1,0.010000,0.080000,0.840000,0.070000,0.000000,0.120000,0.580000,0.220000,NOTE_HYPOTHESIS,shared_audio_intelligence_v0_2;spectral_peak;owner_supplied_audio
BE-003:pitch:03569,BE-003:onset:0824,143.383220,851.383220,241.391304,61,2.391304,71.9645,C5,522.1802,1.532517,1.000000,0.773564,0.850000,0.580000,,0.686069,2360.324,6,2,0.050000,0.300000,0.580000,0.070000,0.000000,0.120000,0.580000,0.220000,NOTE_HYPOTHESIS,shared_audio_intelligence_v0_2;spectral_peak;owner_supplied_audio
BE-003:pitch:03570,BE-003:onset:0824,143.383220,851.383220,241.391304,61,2.391304,49.8242,D3,145.3491,0.116100,1.000000,0.773564,0.850000,0.550000,,0.686069,2360.324,6,3,0.550000,0.350000,0.030000,0.070000,0.480000,0.320000,0.000000,0.000000,NOTE_HYPOTHESIS,shared_audio_intelligence_v0_2;spectral_peak;owner_supplied_audio
BE-003:pitch:03571,BE-003:onset:0824,143.383220,851.383220,241.391304,61,2.391304,37.1709,C#2,69.9829,1.532517,1.000000,0.773564,0.850000,0.760000,,0.686069,2360.324,6,4,0.760000,0.180000,0.010000,0.050000,0.480000,0.320000,0.000000,0.000000,NOTE_HYPOTHESIS,shared_audio_intelligence_v0_2;spectral_peak;owner_supplied_audio
BE-003:pitch:03572,BE-003:onset:0824,143.383220,851.383220,241.391304,61,2.391304,55.7407,G#3,204.5654,0.766259,0.980648,0.773564,0.840324,0.520000,,0.686069,2360.324,6,5,0.250000,0.520000,0.150000,0.080000,0.000000,0.450000,0.250000,0.200000,NOTE_HYPOTHESIS,shared_audio_intelligence_v0_2;spectral_peak;owner_supplied_audio
BE-003:pitch:03573,BE-003:onset:0824,143.383220,851.383220,241.391304,61,2.391304,90.9841,G6,1566.5405,0.185760,0.942606,0.773564,0.821303,0.840000,,0.686069,2360.324,6,6,0.010000,0.080000,0.840000,0.070000,0.000000,0.120000,0.580000,0.220000,NOTE_HYPOTHESIS,shared_audio_intelligence_v0_2;spectral_peak;owner_supplied_audio
BE-003:pitch:03574,BE-003:onset:0825,143.615420,851.615420,241.826087,61,2.826087,35.7851,C2,64.5996,1.532517,1.000000,0.591469,0.850000,0.760000,,0.632752,1795.216,5,1,0.760000,0.180000,0.010000,0.050000,0.480000,0.320000,0.000000,0.000000,NOTE_HYPOTHESIS,shared_audio_intelligence_v0_2;spectral_peak;owner_supplied_audio
BE-003:pitch:03575,BE-003:onset:0825,143.615420,851.615420,241.826087,61,2.826087,71.9645,C5,522.1802,1.393197,1.000000,0.591469,0.850000,0.580000,,0.632752,1795.216,5,2,0.050000,0.300000,0.580000,0.070000,0.000000,0.120000,0.580000,0.220000,NOTE_HYPOTHESIS,shared_audio_intelligence_v0_2;spectral_peak;owner_supplied_audio
BE-003:pitch:03576,BE-003:onset:0825,143.615420,851.615420,241.826087,61,2.826087,83.8751,C6,1038.9771,0.580499,1.000000,0.591469,0.850000,0.840000,,0.632752,1795.216,5,3,0.010000,0.080000,0.840000,0.070000,0.000000,0.120000,0.580000,0.220000,NOTE_HYPOTHESIS,shared_audio_intelligence_v0_2;spectral_peak;owner_supplied_audio
BE-003:pitch:03577,BE-003:onset:0825,143.615420,851.615420,241.826087,61,2.826087,47.7851,C3,129.1992,1.091338,1.000000,0.591469,0.850000,0.550000,,0.632752,1795.216,5,4,0.550000,0.350000,0.030000,0.070000,0.480000,0.320000,0.000000,0.000000,NOTE_HYPOTHESIS,shared_audio_intelligence_v0_2;spectral_peak;owner_supplied_audio
BE-003:pitch:03578,BE-003:onset:0825,143.615420,851.615420,241.826087,61,2.826087,54.8047,G3,193.7988,1.091338,0.878470,0.591469,0.789235,0.550000,,0.632752,1795.216,5,5,0.550000,0.350000,0.030000,0.070000,0.480000,0.320000,0.000000,0.000000,NOTE_HYPOTHESIS,shared_audio_intelligence_v0_2;spectral_peak;owner_supplied_audio
BE-003:pitch:03579,BE-003:onset:0826,143.661859,851.661859,241.913043,61,2.913043,71.9645,C5,522.1802,1.346757,1.000000,0.590453,0.850000,0.580000,,0.610823,1606.014,6,1,0.050000,0.300000,0.580000,0.070000,0.000000,0.120000,0.580000,0.220000,NOTE_HYPOTHESIS,shared_audio_intelligence_v0_2;spectral_peak;owner_supplied_audio
BE-003:pitch:03580,BE-003:onset:0826,143.661859,851.661859,241.913043,61,2.913043,35.7851,C2,64.5996,1.532517,1.000000,0.590453,0.850000,0.760000,,0.610823,1606.014,6,2,0.760000,0.180000,0.010000,0.050000,0.480000,0.320000,0.000000,0.000000,NOTE_HYPOTHESIS,shared_audio_intelligence_v0_2;spectral_peak;owner_supplied_audio
BE-003:pitch:03581,BE-003:onset:0826,143.661859,851.661859,241.913043,61,2.913043,83.8751,C6,1038.9771,0.534059,1.000000,0.590453,0.850000,0.840000,,0.610823,1606.014,6,3,0.010000,0.080000,0.840000,0.070000,0.000000,0.120000,0.580000,0.220000,NOTE_HYPOTHESIS,shared_audio_intelligence_v0_2;spectral_peak;owner_supplied_audio
BE-003:pitch:03582,BE-003:onset:0826,143.661859,851.661859,241.913043,61,2.913043,47.7851,C3,129.1992,1.044898,1.000000,0.590453,0.850000,0.550000,,0.610823,1606.014,6,4,0.550000,0.350000,0.030000,0.070000,0.480000,0.320000,0.000000,0.000000,NOTE_HYPOTHESIS,shared_audio_intelligence_v0_2;spectral_peak;owner_supplied_audio
BE-003:pitch:03583,BE-003:onset:0826,143.661859,851.661859,241.913043,61,2.913043,64.7656,F4,344.5312,0.139320,0.919777,0.590453,0.809889,0.580000,,0.610823,1606.014,6,5,0.050000,0.300000,0.580000,0.070000,0.000000,0.450000,0.250000,0.200000,NOTE_HYPOTHESIS,shared_audio_intelligence_v0_2;spectral_peak;owner_supplied_audio
BE-003:pitch:03584,BE-003:onset:0826,143.661859,851.661859,241.913043,61,2.913043,55.2790,G3,199.1821,0.510839,0.868623,0.590453,0.784311,0.520000,,0.610823,1606.014,6,6,0.250000,0.520000,0.150000,0.080000,0.000000,0.450000,0.250000,0.200000,NOTE_HYPOTHESIS,shared_audio_intelligence_v0_2;spectral_peak;owner_supplied_audio
BE-003:pitch:03585,BE-003:onset:0827,143.801179,851.801179,242.166667,61,3.166667,83.9645,C6,1044.3604,0.208980,1.000000,0.942875,0.850000,0.840000,,0.956752,1932.618,5,1,0.010000,0.080000,0.840000,0.070000,0.000000,0.120000,0.580000,0.220000,NOTE_HYPOTHESIS,shared_audio_intelligence_v0_2;spectral_peak;owner_supplied_audio
BE-003:pitch:03586,BE-003:onset:0827,143.801179,851.801179,242.166667,61,3.166667,35.7851,C2,64.5996,1.462857,1.000000,0.942875,0.850000,0.760000,,0.956752,1932.618,5,2,0.760000,0.180000,0.010000,0.050000,0.480000,0.320000,0.000000,0.000000,NOTE_HYPOTHESIS,shared_audio_intelligence_v0_2;spectral_peak;owner_supplied_audio
BE-003:pitch:03587,BE-003:onset:0827,143.801179,851.801179,242.166667,61,3.166667,71.9645,C5,522.1802,1.044898,1.000000,0.942875,0.850000,0.580000,,0.956752,1932.618,5,3,0.050000,0.300000,0.580000,0.070000,0.000000,0.120000,0.580000,0.220000,NOTE_HYPOTHESIS,shared_audio_intelligence_v0_2;spectral_peak;owner_supplied_audio
BE-003:pitch:03588,BE-003:onset:0827,143.801179,851.801179,242.166667,61,3.166667,90.9841,G6,1566.5405,0.162540,1.000000,0.942875,0.850000,0.840000,,0.956752,1932.618,5,4,0.010000,0.080000,0.840000,0.070000,0.000000,0.120000,0.580000,0.220000,NOTE_HYPOTHESIS,shared_audio_intelligence_v0_2;spectral_peak;owner_supplied_audio
BE-003:pitch:03589,BE-003:onset:0827,143.801179,851.801179,242.166667,61,3.166667,47.7851,C3,129.1992,0.905578,1.000000,0.942875,0.850000,0.550000,,0.956752,1932.618,5,5,0.550000,0.350000,0.030000,0.070000,0.480000,0.320000,0.000000,0.000000,NOTE_HYPOTHESIS,shared_audio_intelligence_v0_2;spectral_peak;owner_supplied_audio
BE-003:pitch:03590,BE-003:onset:0828,143.963719,851.963719,242.458333,61,3.458333,84.9193,C#6,1103.5767,0.162540,1.000000,0.820602,0.850000,0.840000,,0.805868,2276.155,6,1,0.010000,0.080000,0.840000,0.070000,0.000000,0.120000,0.580000,0.220000,NOTE_HYPOTHESIS,shared_audio_intelligence_v0_2;spectral_peak;owner_supplied_audio
BE-003:pitch:03591,BE-003:onset:0828,143.963719,851.963719,242.458333,61,3.458333,73.0036,C#5,554.4800,0.534059,1.000000,0.820602,0.850000,0.580000,,0.805868,2276.155,6,2,0.050000,0.300000,0.580000,0.070000,0.000000,0.120000,0.580000,0.220000,NOTE_HYPOTHESIS,shared_audio_intelligence_v0_2;spectral_peak;owner_supplied_audio
BE-003:pitch:03592,BE-003:onset:0828,143.963719,851.963719,242.458333,61,3.458333,83.9645,C6,1044.3604,0.232200,1.000000,0.820602,0.850000,0.840000,,0.805868,2276.155,6,3,0.010000,0.080000,0.840000,0.070000,0.000000,0.120000,0.580000,0.220000,NOTE_HYPOTHESIS,shared_audio_intelligence_v0_2;spectral_peak;owner_supplied_audio
BE-003:pitch:03593,BE-003:onset:0828,143.963719,851.963719,242.458333,61,3.458333,71.9645,C5,522.1802,1.044898,1.000000,0.820602,0.850000,0.580000,,0.805868,2276.155,6,4,0.050000,0.300000,0.580000,0.070000,0.000000,0.120000,0.580000,0.220000,NOTE_HYPOTHESIS,shared_audio_intelligence_v0_2;spectral_peak;owner_supplied_audio
BE-003:pitch:03594,BE-003:onset:0828,143.963719,851.963719,242.458333,61,3.458333,35.7851,C2,64.5996,1.346757,1.000000,0.820602,0.850000,0.760000,,0.805868,2276.155,6,5,0.760000,0.180000,0.010000,0.050000,0.480000,0.320000,0.000000,0.000000,NOTE_HYPOTHESIS,shared_audio_intelligence_v0_2;spectral_peak;owner_supplied_audio
BE-003:pitch:03595,BE-003:onset:0828,143.963719,851.963719,242.458333,61,3.458333,97.0456,C#7,2223.3032,0.139320,1.000000,0.820602,0.850000,0.840000,,0.805868,2276.155,6,6,0.010000,0.080000,0.840000,0.070000,0.000000,0.120000,0.580000,0.220000,NOTE_HYPOTHESIS,shared_audio_intelligence_v0_2;spectral_peak;owner_supplied_audio
BE-003:pitch:03596,BE-003:onset:0829,144.265578,852.265578,243.000000,61,4.000000,34.2788,A#1,59.2163,0.743039,1.000000,1.000000,0.850000,0.760000,,0.801018,1526.942,6,1,0.760000,0.180000,0.010000,0.050000,0.480000,0.320000,0.000000,0.000000,NOTE_HYPOTHESIS,shared_audio_intelligence_v0_2;spectral_peak;owner_supplied_audio
BE-003:pitch:03597,BE-003:onset:0829,144.265578,852.265578,243.000000,61,4.000000,84.9193,C#6,1103.5767,0.116100,1.000000,1.000000,0.850000,0.840000,,0.801018,1526.942,6,2,0.010000,0.080000,0.840000,0.070000,0.000000,0.120000,0.580000,0.220000,NOTE_HYPOTHESIS,shared_audio_intelligence_v0_2;spectral_peak;owner_supplied_audio
BE-003:pitch:03598,BE-003:onset:0829,144.265578,852.265578,243.000000,61,4.000000,72.8347,C#5,549.0967,0.255420,1.000000,1.000000,0.850000,0.580000,,0.801018,1526.942,6,3,0.050000,0.300000,0.580000,0.070000,0.000000,0.120000,0.580000,0.220000,NOTE_HYPOTHESIS,shared_audio_intelligence_v0_2;spectral_peak;owner_supplied_audio
BE-003:pitch:03599,BE-003:onset:0829,144.265578,852.265578,243.000000,61,4.000000,71.9645,C5,522.1802,0.766259,1.000000,1.000000,0.850000,0.580000,,0.801018,1526.942,6,4,0.050000,0.300000,0.580000,0.070000,0.000000,0.120000,0.580000,0.220000,NOTE_HYPOTHESIS,shared_audio_intelligence_v0_2;spectral_peak;owner_supplied_audio
BE-003:pitch:03600,BE-003:onset:0829,144.265578,852.265578,243.000000,61,4.000000,64.7656,F4,344.5312,0.092880,1.000000,1.000000,0.850000,0.580000,,0.801018,1526.942,6,5,0.050000,0.300000,0.580000,0.070000,0.000000,0.450000,0.250000,0.200000,NOTE_HYPOTHESIS,shared_audio_intelligence_v0_2;spectral_peak;owner_supplied_audio
BE-003:pitch:03601,BE-003:onset:0829,144.265578,852.265578,243.000000,61,4.000000,47.0483,B2,123.8159,0.626939,1.000000,1.000000,0.850000,0.550000,,0.801018,1526.942,6,6,0.550000,0.350000,0.030000,0.070000,0.480000,0.320000,0.000000,0.000000,NOTE_HYPOTHESIS,shared_audio_intelligence_v0_2;spectral_peak;owner_supplied_audio
BE-003:pitch:03602,BE-003:onset:0830,144.660317,852.660317,243.680000,61,4.680000,34.2788,A#1,59.2163,0.348299,1.000000,0.513139,0.850000,0.760000,,0.514828,2304.925,5,1,0.760000,0.180000,0.010000,0.050000,0.480000,0.320000,0.000000,0.000000,NOTE_HYPOTHESIS,shared_audio_intelligence_v0_2;spectral_peak;owner_supplied_audio
BE-003:pitch:03603,BE-003:onset:0830,144.660317,852.660317,243.680000,61,4.680000,83.9645,C6,1044.3604,0.278639,1.000000,0.513139,0.850000,0.840000,,0.514828,2304.925,5,2,0.010000,0.080000,0.840000,0.070000,0.000000,0.120000,0.580000,0.220000,NOTE_HYPOTHESIS,shared_audio_intelligence_v0_2;spectral_peak;owner_supplied_audio
BE-003:pitch:03604,BE-003:onset:0830,144.660317,852.660317,243.680000,61,4.680000,71.9645,C5,522.1802,0.371519,1.000000,0.513139,0.850000,0.580000,,0.514828,2304.925,5,3,0.050000,0.300000,0.580000,0.070000,0.000000,0.120000,0.580000,0.220000,NOTE_HYPOTHESIS,shared_audio_intelligence_v0_2;spectral_peak;owner_supplied_audio
BE-003:pitch:03605,BE-003:onset:0830,144.660317,852.660317,243.680000,61,4.680000,45.4734,A2,113.0493,0.255420,1.000000,0.513139,0.850000,0.550000,,0.514828,2304.925,5,4,0.550000,0.350000,0.030000,0.070000,0.480000,0.320000,0.000000,0.000000,NOTE_HYPOTHESIS,shared_audio_intelligence_v0_2;spectral_peak;owner_supplied_audio
BE-003:pitch:03606,BE-003:onset:0830,144.660317,852.660317,243.680000,61,4.680000,43.7407,G#2,102.2827,0.116100,1.000000,0.513139,0.850000,0.760000,,0.514828,2304.925,5,5,0.760000,0.180000,0.010000,0.050000,0.480000,0.320000,0.000000,0.000000,NOTE_HYPOTHESIS,shared_audio_intelligence_v0_2;spectral_peak;owner_supplied_audio
BE-003:pitch:03607,BE-003:onset:0831,144.846077,852.846077,244.000000,62,1.000000,34.2788,A#1,59.2163,0.162540,1.000000,0.692343,0.850000,0.760000,,0.816538,1746.402,6,1,0.760000,0.180000,0.010000,0.050000,0.480000,0.320000,0.000000,0.000000,NOTE_HYPOTHESIS,shared_audio_intelligence_v0_2;spectral_peak;owner_supplied_audio
BE-003:pitch:03608,BE-003:onset:0831,144.846077,852.846077,244.000000,62,1.000000,83.8751,C6,1038.9771,0.162540,0.998026,0.692343,0.849013,0.840000,,0.816538,1746.402,6,2,0.010000,0.080000,0.840000,0.070000,0.000000,0.120000,0.580000,0.220000,NOTE_HYPOTHESIS,shared_audio_intelligence_v0_2;spectral_peak;owner_supplied_audio
BE-003:pitch:03609,BE-003:onset:0831,144.846077,852.846077,244.000000,62,1.000000,71.9645,C5,522.1802,1.068118,0.949318,0.692343,0.824659,0.580000,,0.816538,1746.402,6,3,0.050000,0.300000,0.580000,0.070000,0.000000,0.120000,0.580000,0.220000,NOTE_HYPOTHESIS,shared_audio_intelligence_v0_2;spectral_peak;owner_supplied_audio
BE-003:pitch:03610,BE-003:onset:0831,144.846077,852.846077,244.000000,62,1.000000,63.9344,E4,328.3813,0.348299,0.923635,0.692343,0.811818,0.520000,,0.816538,1746.402,6,4,0.250000,0.520000,0.150000,0.080000,0.000000,0.450000,0.250000,0.200000,NOTE_HYPOTHESIS,shared_audio_intelligence_v0_2;spectral_peak;owner_supplied_audio
BE-003:pitch:03611,BE-003:onset:0831,144.846077,852.846077,244.000000,62,1.000000,45.4734,A2,113.0493,0.116100,0.885753,0.692343,0.792877,0.550000,,0.816538,1746.402,6,5,0.550000,0.350000,0.030000,0.070000,0.480000,0.320000,0.000000,0.000000,NOTE_HYPOTHESIS,shared_audio_intelligence_v0_2;spectral_peak;owner_supplied_audio
BE-003:pitch:03612,BE-003:onset:0831,144.846077,852.846077,244.000000,62,1.000000,61.8242,D4,290.6982,0.208980,0.872146,0.692343,0.786073,0.520000,,0.816538,1746.402,6,6,0.250000,0.520000,0.150000,0.080000,0.000000,0.450000,0.250000,0.200000,NOTE_HYPOTHESIS,shared_audio_intelligence_v0_2;spectral_peak;owner_supplied_audio
BE-003:pitch:03613,BE-003:onset:0832,144.985397,852.985397,244.240000,62,1.240000,37.1709,C#2,69.9829,0.301859,1.000000,0.675040,0.850000,0.760000,,0.789174,1801.981,6,1,0.760000,0.180000,0.010000,0.050000,0.480000,0.320000,0.000000,0.000000,NOTE_HYPOTHESIS,shared_audio_intelligence_v0_2;spectral_peak;owner_supplied_audio
BE-003:pitch:03614,BE-003:onset:0832,144.985397,852.985397,244.240000,62,1.240000,65.8151,F#4,366.0645,0.255420,1.000000,0.675040,0.850000,0.580000,,0.789174,1801.981,6,2,0.050000,0.300000,0.580000,0.070000,0.000000,0.450000,0.250000,0.200000,NOTE_HYPOTHESIS,shared_audio_intelligence_v0_2;spectral_peak;owner_supplied_audio
BE-003:pitch:03615,BE-003:onset:0832,144.985397,852.985397,244.240000,62,1.240000,49.8242,D3,145.3491,0.278639,1.000000,0.675040,0.850000,0.550000,,0.789174,1801.981,6,3,0.550000,0.350000,0.030000,0.070000,0.480000,0.320000,0.000000,0.000000,NOTE_HYPOTHESIS,shared_audio_intelligence_v0_2;spectral_peak;owner_supplied_audio
BE-003:pitch:03616,BE-003:onset:0832,144.985397,852.985397,244.240000,62,1.240000,77.9420,F#5,737.5122,0.139320,1.000000,0.675040,0.850000,0.840000,,0.789174,1801.981,6,4,0.010000,0.080000,0.840000,0.070000,0.000000,0.120000,0.580000,0.220000,NOTE_HYPOTHESIS,shared_audio_intelligence_v0_2;spectral_peak;owner_supplied_audio
BE-003:pitch:03617,BE-003:onset:0832,144.985397,852.985397,244.240000,62,1.240000,84.9193,C#6,1103.5767,0.092880,0.970812,0.675040,0.835406,0.840000,,0.789174,1801.981,6,5,0.010000,0.080000,0.840000,0.070000,0.000000,0.120000,0.580000,0.220000,NOTE_HYPOTHESIS,shared_audio_intelligence_v0_2;spectral_peak;owner_supplied_audio
BE-003:pitch:03618,BE-003:onset:0832,144.985397,852.985397,244.240000,62,1.240000,71.9645,C5,522.1802,1.532517,0.932265,0.675040,0.816133,0.580000,,0.789174,1801.981,6,6,0.050000,0.300000,0.580000,0.070000,0.000000,0.120000,0.580000,0.220000,NOTE_HYPOTHESIS,shared_audio_intelligence_v0_2;spectral_peak;owner_supplied_audio
BE-003:pitch:03619,BE-003:onset:0833,145.147937,853.147937,244.520000,62,1.520000,83.9645,C6,1044.3604,0.255420,1.000000,1.000000,0.850000,0.840000,,0.959188,1884.067,6,1,0.010000,0.080000,0.840000,0.070000,0.000000,0.120000,0.580000,0.220000,NOTE_HYPOTHESIS,shared_audio_intelligence_v0_2;spectral_peak;owner_supplied_audio
BE-003:pitch:03620,BE-003:onset:0833,145.147937,853.147937,244.520000,62,1.520000,71.9645,C5,522.1802,0.650159,1.000000,1.000000,0.850000,0.580000,,0.959188,1884.067,6,2,0.050000,0.300000,0.580000,0.070000,0.000000,0.120000,0.580000,0.220000,NOTE_HYPOTHESIS,shared_audio_intelligence_v0_2;spectral_peak;owner_supplied_audio
BE-003:pitch:03621,BE-003:onset:0833,145.147937,853.147937,244.520000,62,1.520000,90.9841,G6,1566.5405,0.208980,1.000000,1.000000,0.850000,0.840000,,0.959188,1884.067,6,3,0.010000,0.080000,0.840000,0.070000,0.000000,0.120000,0.580000,0.220000,NOTE_HYPOTHESIS,shared_audio_intelligence_v0_2;spectral_peak;owner_supplied_audio
BE-003:pitch:03622,BE-003:onset:0833,145.147937,853.147937,244.520000,62,1.520000,49.8242,D3,145.3491,0.092880,1.000000,1.000000,0.850000,0.550000,,0.959188,1884.067,6,4,0.550000,0.350000,0.030000,0.070000,0.480000,0.320000,0.000000,0.000000,NOTE_HYPOTHESIS,shared_audio_intelligence_v0_2;spectral_peak;owner_supplied_audio
BE-003:pitch:03623,BE-003:onset:0833,145.147937,853.147937,244.520000,62,1.520000,37.1709,C#2,69.9829,0.162540,1.000000,1.000000,0.850000,0.760000,,0.959188,1884.067,6,5,0.760000,0.180000,0.010000,0.050000,0.480000,0.320000,0.000000,0.000000,NOTE_HYPOTHESIS,shared_audio_intelligence_v0_2;spectral_peak;owner_supplied_audio
BE-003:pitch:03624,BE-003:onset:0833,145.147937,853.147937,244.520000,62,1.520000,66.0679,F#4,371.4478,0.092880,1.000000,1.000000,0.850000,0.580000,,0.959188,1884.067,6,6,0.050000,0.300000,0.580000,0.070000,0.000000,0.450000,0.250000,0.200000,NOTE_HYPOTHESIS,shared_audio_intelligence_v0_2;spectral_peak;owner_supplied_audio
BE-003:pitch:03625,BE-003:onset:0834,145.240816,853.240816,244.680000,62,1.680000,83.8751,C6,1038.9771,0.185760,1.000000,0.672002,0.850000,0.840000,,0.906766,1953.999,5,1,0.010000,0.080000,0.840000,0.070000,0.000000,0.120000,0.580000,0.220000,NOTE_HYPOTHESIS,shared_audio_intelligence_v0_2;spectral_peak;owner_supplied_audio
BE-003:pitch:03626,BE-003:onset:0834,145.240816,853.240816,244.680000,62,1.680000,42.8047,G2,96.8994,0.348299,1.000000,0.672002,0.850000,0.760000,,0.906766,1953.999,5,2,0.760000,0.180000,0.010000,0.050000,0.480000,0.320000,0.000000,0.000000,NOTE_HYPOTHESIS,shared_audio_intelligence_v0_2;spectral_peak;owner_supplied_audio
BE-003:pitch:03627,BE-003:onset:0834,145.240816,853.240816,244.680000,62,1.680000,71.9645,C5,522.1802,0.232200,1.000000,0.672002,0.850000,0.580000,,0.906766,1953.999,5,3,0.050000,0.300000,0.580000,0.070000,0.000000,0.120000,0.580000,0.220000,NOTE_HYPOTHESIS,shared_audio_intelligence_v0_2;spectral_peak;owner_supplied_audio
BE-003:pitch:03628,BE-003:onset:0834,145.240816,853.240816,244.680000,62,1.680000,35.7851,C2,64.5996,0.185760,1.000000,0.672002,0.850000,0.760000,,0.906766,1953.999,5,4,0.760000,0.180000,0.010000,0.050000,0.480000,0.320000,0.000000,0.000000,NOTE_HYPOTHESIS,shared_audio_intelligence_v0_2;spectral_peak;owner_supplied_audio
BE-003:pitch:03629,BE-003:onset:0834,145.240816,853.240816,244.680000,62,1.680000,90.9841,G6,1566.5405,0.185760,0.986319,0.672002,0.843159,0.840000,,0.906766,1953.999,5,5,0.010000,0.080000,0.840000,0.070000,0.000000,0.120000,0.580000,0.220000,NOTE_HYPOTHESIS,shared_audio_intelligence_v0_2;spectral_peak;owner_supplied_audio
BE-003:pitch:03630,BE-003:onset:0835,145.426576,853.426576,245.000000,62,2.000000,42.8047,G2,96.8994,0.185760,1.000000,0.667930,0.850000,0.760000,,0.628868,1798.579,6,1,0.760000,0.180000,0.010000,0.050000,0.480000,0.320000,0.000000,0.000000,NOTE_HYPOTHESIS,shared_audio_intelligence_v0_2;spectral_peak;owner_supplied_audio
BE-003:pitch:03631,BE-003:onset:0835,145.426576,853.426576,245.000000,62,2.000000,61.8242,D4,290.6982,0.139320,1.000000,0.667930,0.850000,0.520000,,0.628868,1798.579,6,2,0.250000,0.520000,0.150000,0.080000,0.000000,0.450000,0.250000,0.200000,NOTE_HYPOTHESIS,shared_audio_intelligence_v0_2;spectral_peak;owner_supplied_audio
BE-003:pitch:03632,BE-003:onset:0835,145.426576,853.426576,245.000000,62,2.000000,71.9645,C5,522.1802,0.441179,1.000000,0.667930,0.850000,0.580000,,0.628868,1798.579,6,3,0.050000,0.300000,0.580000,0.070000,0.000000,0.120000,0.580000,0.220000,NOTE_HYPOTHESIS,shared_audio_intelligence_v0_2;spectral_peak;owner_supplied_audio
BE-003:pitch:03633,BE-003:onset:0835,145.426576,853.426576,245.000000,62,2.000000,83.9645,C6,1044.3604,0.371519,1.000000,0.667930,0.850000,0.840000,,0.628868,1798.579,6,4,0.010000,0.080000,0.840000,0.070000,0.000000,0.120000,0.580000,0.220000,NOTE_HYPOTHESIS,shared_audio_intelligence_v0_2;spectral_peak;owner_supplied_audio
BE-003:pitch:03634,BE-003:onset:0835,145.426576,853.426576,245.000000,62,2.000000,57.8808,A#3,231.4819,0.882358,0.960475,0.667930,0.830237,0.520000,,0.628868,1798.579,6,5,0.250000,0.520000,0.150000,0.080000,0.000000,0.450000,0.250000,0.200000,NOTE_HYPOTHESIS,shared_audio_intelligence_v0_2;spectral_peak;owner_supplied_audio
BE-003:pitch:03635,BE-003:onset:0835,145.426576,853.426576,245.000000,62,2.000000,54.8047,G3,193.7988,0.185760,0.936517,0.667930,0.818259,0.550000,,0.628868,1798.579,6,6,0.550000,0.350000,0.030000,0.070000,0.480000,0.320000,0.000000,0.000000,NOTE_HYPOTHESIS,shared_audio_intelligence_v0_2;spectral_peak;owner_supplied_audio
BE-003:pitch:03636,BE-003:onset:0836,145.519456,853.519456,245.160000,62,2.160000,83.8751,C6,1038.9771,0.208980,1.000000,0.776009,0.850000,0.840000,,0.812595,2161.742,5,1,0.010000,0.080000,0.840000,0.070000,0.000000,0.120000,0.580000,0.220000,NOTE_HYPOTHESIS,shared_audio_intelligence_v0_2;spectral_peak;owner_supplied_audio
BE-003:pitch:03637,BE-003:onset:0836,145.519456,853.519456,245.160000,62,2.160000,44.6287,A2,107.6660,1.230658,1.000000,0.776009,0.850000,0.760000,,0.812595,2161.742,5,2,0.760000,0.180000,0.010000,0.050000,0.480000,0.320000,0.000000,0.000000,NOTE_HYPOTHESIS,shared_audio_intelligence_v0_2;spectral_peak;owner_supplied_audio
BE-003:pitch:03638,BE-003:onset:0836,145.519456,853.519456,245.160000,62,2.160000,71.7851,C5,516.7969,0.348299,1.000000,0.776009,0.850000,0.580000,,0.812595,2161.742,5,3,0.050000,0.300000,0.580000,0.070000,0.000000,0.120000,0.580000,0.220000,NOTE_HYPOTHESIS,shared_audio_intelligence_v0_2;spectral_peak;owner_supplied_audio
BE-003:pitch:03639,BE-003:onset:0836,145.519456,853.519456,245.160000,62,2.160000,90.9841,G6,1566.5405,0.162540,1.000000,0.776009,0.850000,0.840000,,0.812595,2161.742,5,4,0.010000,0.080000,0.840000,0.070000,0.000000,0.120000,0.580000,0.220000,NOTE_HYPOTHESIS,shared_audio_intelligence_v0_2;spectral_peak;owner_supplied_audio
BE-003:pitch:03640,BE-003:onset:0836,145.519456,853.519456,245.160000,62,2.160000,62.1419,D4,296.0815,0.092880,0.995632,0.776009,0.847816,0.520000,,0.812595,2161.742,5,5,0.250000,0.520000,0.150000,0.080000,0.000000,0.450000,0.250000,0.200000,NOTE_HYPOTHESIS,shared_audio_intelligence_v0_2;spectral_peak;owner_supplied_audio
BE-003:pitch:03641,BE-003:onset:0837,145.728435,853.728435,245.520000,62,2.520000,84.9193,C#6,1103.5767,0.139320,1.000000,1.000000,0.850000,0.840000,,0.664340,2173.656,6,1,0.010000,0.080000,0.840000,0.070000,0.000000,0.120000,0.580000,0.220000,NOTE_HYPOTHESIS,shared_audio_intelligence_v0_2;spectral_peak;owner_supplied_audio
BE-003:pitch:03642,BE-003:onset:0837,145.728435,853.728435,245.520000,62,2.520000,73.0036,C#5,554.4800,0.487619,1.000000,1.000000,0.850000,0.580000,,0.664340,2173.656,6,2,0.050000,0.300000,0.580000,0.070000,0.000000,0.120000,0.580000,0.220000,NOTE_HYPOTHESIS,shared_audio_intelligence_v0_2;spectral_peak;owner_supplied_audio
BE-003:pitch:03643,BE-003:onset:0837,145.728435,853.728435,245.520000,62,2.520000,44.6287,A2,107.6660,1.068118,1.000000,1.000000,0.850000,0.760000,,0.664340,2173.656,6,3,0.760000,0.180000,0.010000,0.050000,0.480000,0.320000,0.000000,0.000000,NOTE_HYPOTHESIS,shared_audio_intelligence_v0_2;spectral_peak;owner_supplied_audio
BE-003:pitch:03644,BE-003:onset:0837,145.728435,853.728435,245.520000,62,2.520000,56.1904,G#3,209.9487,0.116100,1.000000,1.000000,0.850000,0.520000,,0.664340,2173.656,6,4,0.250000,0.520000,0.150000,0.080000,0.000000,0.450000,0.250000,0.200000,NOTE_HYPOTHESIS,shared_audio_intelligence_v0_2;spectral_peak;owner_supplied_audio
BE-003:pitch:03645,BE-003:onset:0837,145.728435,853.728435,245.520000,62,2.520000,71.9645,C5,522.1802,0.162540,1.000000,1.000000,0.850000,0.580000,,0.664340,2173.656,6,5,0.050000,0.300000,0.580000,0.070000,0.000000,0.120000,0.580000,0.220000,NOTE_HYPOTHESIS,shared_audio_intelligence_v0_2;spectral_peak;owner_supplied_audio
BE-003:pitch:03646,BE-003:onset:0837,145.728435,853.728435,245.520000,62,2.520000,97.0036,C#7,2217.9199,0.116100,0.981776,1.000000,0.840888,0.840000,,0.664340,2173.656,6,6,0.010000,0.080000,0.840000,0.070000,0.000000,0.120000,0.580000,0.220000,NOTE_HYPOTHESIS,shared_audio_intelligence_v0_2;spectral_peak;owner_supplied_audio
BE-003:pitch:03647,BE-003:onset:0838,146.007075,854.007075,246.000000,62,3.000000,45.4734,A2,113.0493,0.371519,1.000000,1.000000,0.850000,0.550000,,0.557504,2101.253,6,1,0.550000,0.350000,0.030000,0.070000,0.480000,0.320000,0.000000,0.000000,NOTE_HYPOTHESIS,shared_audio_intelligence_v0_2;spectral_peak;owner_supplied_audio
BE-003:pitch:03648,BE-003:onset:0838,146.007075,854.007075,246.000000,62,3.000000,84.9193,C#6,1103.5767,0.116100,1.000000,1.000000,0.850000,0.840000,,0.557504,2101.253,6,2,0.010000,0.080000,0.840000,0.070000,0.000000,0.120000,0.580000,0.220000,NOTE_HYPOTHESIS,shared_audio_intelligence_v0_2;spectral_peak;owner_supplied_audio
BE-003:pitch:03649,BE-003:onset:0838,146.007075,854.007075,246.000000,62,3.000000,73.0036,C#5,554.4800,0.278639,1.000000,1.000000,0.850000,0.580000,,0.557504,2101.253,6,3,0.050000,0.300000,0.580000,0.070000,0.000000,0.120000,0.580000,0.220000,NOTE_HYPOTHESIS,shared_audio_intelligence_v0_2;spectral_peak;owner_supplied_audio
BE-003:pitch:03650,BE-003:onset:0838,146.007075,854.007075,246.000000,62,3.000000,63.6483,E4,322.9980,0.441179,0.963895,1.000000,0.831948,0.520000,,0.557504,2101.253,6,4,0.250000,0.520000,0.150000,0.080000,0.000000,0.450000,0.250000,0.200000,NOTE_HYPOTHESIS,shared_audio_intelligence_v0_2;spectral_peak;owner_supplied_audio
BE-003:pitch:03651,BE-003:onset:0838,146.007075,854.007075,246.000000,62,3.000000,97.0456,C#7,2223.3032,0.092880,0.960067,1.000000,0.830033,0.840000,,0.557504,2101.253,6,5,0.010000,0.080000,0.840000,0.070000,0.000000,0.120000,0.580000,0.220000,NOTE_HYPOTHESIS,shared_audio_intelligence_v0_2;spectral_peak;owner_supplied_audio
BE-003:pitch:03652,BE-003:onset:0838,146.007075,854.007075,246.000000,62,3.000000,57.8808,A#3,231.4819,0.301859,0.945758,1.000000,0.822879,0.520000,,0.557504,2101.253,6,6,0.250000,0.520000,0.150000,0.080000,0.000000,0.450000,0.250000,0.200000,NOTE_HYPOTHESIS,shared_audio_intelligence_v0_2;spectral_peak;owner_supplied_audio
BE-003:pitch:03653,BE-003:onset:0839,146.123175,854.123175,246.200000,62,3.200000,44.6287,A2,107.6660,0.626939,1.000000,0.644718,0.850000,0.760000,,0.750804,1907.044,5,1,0.760000,0.180000,0.010000,0.050000,0.480000,0.320000,0.000000,0.000000,NOTE_HYPOTHESIS,shared_audio_intelligence_v0_2;spectral_peak;owner_supplied_audio
BE-003:pitch:03654,BE-003:onset:0839,146.123175,854.123175,246.200000,62,3.200000,83.9645,C6,1044.3604,0.208980,1.000000,0.644718,0.850000,0.840000,,0.750804,1907.044,5,2,0.010000,0.080000,0.840000,0.070000,0.000000,0.120000,0.580000,0.220000,NOTE_HYPOTHESIS,shared_audio_intelligence_v0_2;spectral_peak;owner_supplied_audio
BE-003:pitch:03655,BE-003:onset:0839,146.123175,854.123175,246.200000,62,3.200000,63.9344,E4,328.3813,0.162540,1.000000,0.644718,0.850000,0.520000,,0.750804,1907.044,5,3,0.250000,0.520000,0.150000,0.080000,0.000000,0.450000,0.250000,0.200000,NOTE_HYPOTHESIS,shared_audio_intelligence_v0_2;spectral_peak;owner_supplied_audio
BE-003:pitch:03656,BE-003:onset:0839,146.123175,854.123175,246.200000,62,3.200000,71.9645,C5,522.1802,0.325079,1.000000,0.644718,0.850000,0.580000,,0.750804,1907.044,5,4,0.050000,0.300000,0.580000,0.070000,0.000000,0.120000,0.580000,0.220000,NOTE_HYPOTHESIS,shared_audio_intelligence_v0_2;spectral_peak;owner_supplied_audio
BE-003:pitch:03657,BE-003:onset:0839,146.123175,854.123175,246.200000,62,3.200000,72.8347,C#5,549.0967,0.208980,1.000000,0.644718,0.850000,0.580000,,0.750804,1907.044,5,5,0.050000,0.300000,0.580000,0.070000,0.000000,0.120000,0.580000,0.220000,NOTE_HYPOTHESIS,shared_audio_intelligence_v0_2;spectral_peak;owner_supplied_audio
BE-003:pitch:03658,BE-003:onset:0840,146.610794,854.610794,247.038462,62,4.038462,61.8242,D4,290.6982,0.162540,1.000000,0.776256,0.850000,0.520000,,0.908402,1985.352,6,1,0.250000,0.520000,0.150000,0.080000,0.000000,0.450000,0.250000,0.200000,NOTE_HYPOTHESIS,shared_audio_intelligence_v0_2;spectral_peak;owner_supplied_audio
BE-003:pitch:03659,BE-003:onset:0840,146.610794,854.610794,247.038462,62,4.038462,43.7407,G#2,102.2827,0.208980,1.000000,0.776256,0.850000,0.760000,,0.908402,1985.352,6,2,0.760000,0.180000,0.010000,0.050000,0.480000,0.320000,0.000000,0.000000,NOTE_HYPOTHESIS,shared_audio_intelligence_v0_2;spectral_peak;owner_supplied_audio
BE-003:pitch:03660,BE-003:onset:0840,146.610794,854.610794,247.038462,62,4.038462,41.8151,F#2,91.5161,0.208980,1.000000,0.776256,0.850000,0.760000,,0.908402,1985.352,6,3,0.760000,0.180000,0.010000,0.050000,0.480000,0.320000,0.000000,0.000000,NOTE_HYPOTHESIS,shared_audio_intelligence_v0_2;spectral_peak;owner_supplied_audio
BE-003:pitch:03661,BE-003:onset:0840,146.610794,854.610794,247.038462,62,4.038462,73.8242,D5,581.3965,0.139320,1.000000,0.776256,0.850000,0.580000,,0.908402,1985.352,6,4,0.050000,0.300000,0.580000,0.070000,0.000000,0.120000,0.580000,0.220000,NOTE_HYPOTHESIS,shared_audio_intelligence_v0_2;spectral_peak;owner_supplied_audio
BE-003:pitch:03662,BE-003:onset:0840,146.610794,854.610794,247.038462,62,4.038462,71.9645,C5,522.1802,0.162540,1.000000,0.776256,0.850000,0.580000,,0.908402,1985.352,6,5,0.050000,0.300000,0.580000,0.070000,0.000000,0.120000,0.580000,0.220000,NOTE_HYPOTHESIS,shared_audio_intelligence_v0_2;spectral_peak;owner_supplied_audio
BE-003:pitch:03663,BE-003:onset:0840,146.610794,854.610794,247.038462,62,4.038462,46.2788,A#2,118.4326,1.091338,0.974020,0.776256,0.837010,0.550000,,0.908402,1985.352,6,6,0.550000,0.350000,0.030000,0.070000,0.480000,0.320000,0.000000,0.000000,NOTE_HYPOTHESIS,shared_audio_intelligence_v0_2;spectral_peak;owner_supplied_audio
BE-003:pitch:03664,BE-003:onset:0841,146.680454,854.680454,247.153846,62,4.153846,43.7407,G#2,102.2827,0.139320,1.000000,0.789851,0.850000,0.760000,,0.806039,1948.743,6,1,0.760000,0.180000,0.010000,0.050000,0.480000,0.320000,0.000000,0.000000,NOTE_HYPOTHESIS,shared_audio_intelligence_v0_2;spectral_peak;owner_supplied_audio
BE-003:pitch:03665,BE-003:onset:0841,146.680454,854.680454,247.153846,62,4.153846,61.8242,D4,290.6982,0.092880,1.000000,0.789851,0.850000,0.520000,,0.806039,1948.743,6,2,0.250000,0.520000,0.150000,0.080000,0.000000,0.450000,0.250000,0.200000,NOTE_HYPOTHESIS,shared_audio_intelligence_v0_2;spectral_peak;owner_supplied_audio
BE-003:pitch:03666,BE-003:onset:0841,146.680454,854.680454,247.153846,62,4.153846,47.0483,B2,123.8159,0.835918,1.000000,0.789851,0.850000,0.550000,,0.806039,1948.743,6,3,0.550000,0.350000,0.030000,0.070000,0.480000,0.320000,0.000000,0.000000,NOTE_HYPOTHESIS,shared_audio_intelligence_v0_2;spectral_peak;owner_supplied_audio
BE-003:pitch:03667,BE-003:onset:0841,146.680454,854.680454,247.153846,62,4.153846,73.9838,D5,586.7798,0.069660,1.000000,0.789851,0.850000,0.580000,,0.806039,1948.743,6,4,0.050000,0.300000,0.580000,0.070000,0.000000,0.120000,0.580000,0.220000,NOTE_HYPOTHESIS,shared_audio_intelligence_v0_2;spectral_peak;owner_supplied_audio
BE-003:pitch:03668,BE-003:onset:0841,146.680454,854.680454,247.153846,62,4.153846,71.9645,C5,522.1802,0.116100,0.948569,0.789851,0.824284,0.580000,,0.806039,1948.743,6,5,0.050000,0.300000,0.580000,0.070000,0.000000,0.120000,0.580000,0.220000,NOTE_HYPOTHESIS,shared_audio_intelligence_v0_2;spectral_peak;owner_supplied_audio
BE-003:pitch:03669,BE-003:onset:0841,146.680454,854.680454,247.153846,62,4.153846,59.7851,C4,258.3984,0.557279,0.928282,0.789851,0.814141,0.520000,,0.806039,1948.743,6,6,0.250000,0.520000,0.150000,0.080000,0.000000,0.450000,0.250000,0.200000,NOTE_HYPOTHESIS,shared_audio_intelligence_v0_2;spectral_peak;owner_supplied_audio
BE-003:pitch:03670,BE-003:onset:0842,146.889433,854.889433,247.500000,62,4.500000,62.7603,D#4,306.8481,0.278639,1.000000,1.000000,0.850000,0.520000,,0.959646,1451.543,6,1,0.250000,0.520000,0.150000,0.080000,0.000000,0.450000,0.250000,0.200000,NOTE_HYPOTHESIS,shared_audio_intelligence_v0_2;spectral_peak;owner_supplied_audio
BE-003:pitch:03671,BE-003:onset:0842,146.889433,854.889433,247.500000,62,4.500000,61.8242,D4,290.6982,0.232200,1.000000,1.000000,0.850000,0.520000,,0.959646,1451.543,6,2,0.250000,0.520000,0.150000,0.080000,0.000000,0.450000,0.250000,0.200000,NOTE_HYPOTHESIS,shared_audio_intelligence_v0_2;spectral_peak;owner_supplied_audio
BE-003:pitch:03672,BE-003:onset:0842,146.889433,854.889433,247.500000,62,4.500000,73.8242,D5,581.3965,0.232200,1.000000,1.000000,0.850000,0.580000,,0.959646,1451.543,6,3,0.050000,0.300000,0.580000,0.070000,0.000000,0.120000,0.580000,0.220000,NOTE_HYPOTHESIS,shared_audio_intelligence_v0_2;spectral_peak;owner_supplied_audio
BE-003:pitch:03673,BE-003:onset:0842,146.889433,854.889433,247.500000,62,4.500000,74.7603,D#5,613.6963,0.255420,1.000000,1.000000,0.850000,0.580000,,0.959646,1451.543,6,4,0.050000,0.300000,0.580000,0.070000,0.000000,0.120000,0.580000,0.220000,NOTE_HYPOTHESIS,shared_audio_intelligence_v0_2;spectral_peak;owner_supplied_audio
BE-003:pitch:03674,BE-003:onset:0842,146.889433,854.889433,247.500000,62,4.500000,81.8808,A#5,925.9277,0.650159,1.000000,1.000000,0.850000,0.840000,,0.959646,1451.543,6,5,0.010000,0.080000,0.840000,0.070000,0.000000,0.120000,0.580000,0.220000,NOTE_HYPOTHESIS,shared_audio_intelligence_v0_2;spectral_peak;owner_supplied_audio
BE-003:pitch:03675,BE-003:onset:0842,146.889433,854.889433,247.500000,62,4.500000,86.9115,D#6,1238.1592,0.232200,1.000000,1.000000,0.850000,0.840000,,0.959646,1451.543,6,6,0.010000,0.080000,0.840000,0.070000,0.000000,0.120000,0.580000,0.220000,NOTE_HYPOTHESIS,shared_audio_intelligence_v0_2;spectral_peak;owner_supplied_audio
BE-003:pitch:03676,BE-003:onset:0843,147.191293,855.191293,248.000000,63,1.000000,47.7851,C3,129.1992,0.116100,1.000000,1.000000,0.850000,0.550000,,0.548684,2388.174,6,1,0.550000,0.350000,0.030000,0.070000,0.480000,0.320000,0.000000,0.000000,NOTE_HYPOTHESIS,shared_audio_intelligence_v0_2;spectral_peak;owner_supplied_audio
BE-003:pitch:03677,BE-003:onset:0843,147.191293,855.191293,248.000000,63,1.000000,81.8808,A#5,925.9277,0.348299,1.000000,1.000000,0.850000,0.840000,,0.548684,2388.174,6,2,0.010000,0.080000,0.840000,0.070000,0.000000,0.120000,0.580000,0.220000,NOTE_HYPOTHESIS,shared_audio_intelligence_v0_2;spectral_peak;owner_supplied_audio
BE-003:pitch:03678,BE-003:onset:0843,147.191293,855.191293,248.000000,63,1.000000,69.8808,A#4,462.9639,0.371519,1.000000,1.000000,0.850000,0.580000,,0.548684,2388.174,6,3,0.050000,0.300000,0.580000,0.070000,0.000000,0.450000,0.250000,0.200000,NOTE_HYPOTHESIS,shared_audio_intelligence_v0_2;spectral_peak;owner_supplied_audio
BE-003:pitch:03679,BE-003:onset:0843,147.191293,855.191293,248.000000,63,1.000000,88.9673,F6,1394.2749,0.139320,1.000000,1.000000,0.850000,0.840000,,0.548684,2388.174,6,4,0.010000,0.080000,0.840000,0.070000,0.000000,0.120000,0.580000,0.220000,NOTE_HYPOTHESIS,shared_audio_intelligence_v0_2;spectral_peak;owner_supplied_audio
BE-003:pitch:03680,BE-003:onset:0843,147.191293,855.191293,248.000000,63,1.000000,63.0613,D#4,312.2314,0.116100,0.944560,1.000000,0.822280,0.520000,,0.548684,2388.174,6,5,0.250000,0.520000,0.150000,0.080000,0.000000,0.450000,0.250000,0.200000,NOTE_HYPOTHESIS,shared_audio_intelligence_v0_2;spectral_peak;owner_supplied_audio
BE-003:pitch:03681,BE-003:onset:0843,147.191293,855.191293,248.000000,63,1.000000,43.7407,G#2,102.2827,1.091338,0.939955,1.000000,0.819977,0.760000,,0.548684,2388.174,6,6,0.760000,0.180000,0.010000,0.050000,0.480000,0.320000,0.000000,0.000000,NOTE_HYPOTHESIS,shared_audio_intelligence_v0_2;spectral_peak;owner_supplied_audio
BE-003:pitch:03682,BE-003:onset:0844,147.260952,855.260952,248.120000,63,1.120000,45.4734,A2,113.0493,0.301859,1.000000,0.665917,0.850000,0.550000,,0.527847,2389.580,6,1,0.550000,0.350000,0.030000,0.070000,0.480000,0.320000,0.000000,0.000000,NOTE_HYPOTHESIS,shared_audio_intelligence_v0_2;spectral_peak;owner_supplied_audio
BE-003:pitch:03683,BE-003:onset:0844,147.260952,855.260952,248.120000,63,1.120000,43.7407,G#2,102.2827,0.092880,1.000000,0.665917,0.850000,0.760000,,0.527847,2389.580,6,2,0.760000,0.180000,0.010000,0.050000,0.480000,0.320000,0.000000,0.000000,NOTE_HYPOTHESIS,shared_audio_intelligence_v0_2;spectral_peak;owner_supplied_audio
BE-003:pitch:03684,BE-003:onset:0844,147.260952,855.260952,248.120000,63,1.120000,81.8808,A#5,925.9277,0.278639,1.000000,0.665917,0.850000,0.840000,,0.527847,2389.580,6,3,0.010000,0.080000,0.840000,0.070000,0.000000,0.120000,0.580000,0.220000,NOTE_HYPOTHESIS,shared_audio_intelligence_v0_2;spectral_peak;owner_supplied_audio
BE-003:pitch:03685,BE-003:onset:0844,147.260952,855.260952,248.120000,63,1.120000,69.8808,A#4,462.9639,0.325079,1.000000,0.665917,0.850000,0.580000,,0.527847,2389.580,6,4,0.050000,0.300000,0.580000,0.070000,0.000000,0.450000,0.250000,0.200000,NOTE_HYPOTHESIS,shared_audio_intelligence_v0_2;spectral_peak;owner_supplied_audio
BE-003:pitch:03686,BE-003:onset:0844,147.260952,855.260952,248.120000,63,1.120000,83.8751,C6,1038.9771,0.185760,0.964277,0.665917,0.832139,0.840000,,0.527847,2389.580,6,5,0.010000,0.080000,0.840000,0.070000,0.000000,0.120000,0.580000,0.220000,NOTE_HYPOTHESIS,shared_audio_intelligence_v0_2;spectral_peak;owner_supplied_audio
BE-003:pitch:03687,BE-003:onset:0844,147.260952,855.260952,248.120000,63,1.120000,71.9645,C5,522.1802,0.348299,0.946031,0.665917,0.823016,0.580000,,0.527847,2389.580,6,6,0.050000,0.300000,0.580000,0.070000,0.000000,0.120000,0.580000,0.220000,NOTE_HYPOTHESIS,shared_audio_intelligence_v0_2;spectral_peak;owner_supplied_audio
BE-003:pitch:03688,BE-003:onset:0845,147.400272,855.400272,248.360000,63,1.360000,45.4734,A2,113.0493,0.185760,1.000000,0.904692,0.850000,0.550000,,0.483744,2183.266,6,1,0.550000,0.350000,0.030000,0.070000,0.480000,0.320000,0.000000,0.000000,NOTE_HYPOTHESIS,shared_audio_intelligence_v0_2;spectral_peak;owner_supplied_audio
BE-003:pitch:03689,BE-003:onset:0845,147.400272,855.400272,248.360000,63,1.360000,81.8808,A#5,925.9277,0.139320,1.000000,0.904692,0.850000,0.840000,,0.483744,2183.266,6,2,0.010000,0.080000,0.840000,0.070000,0.000000,0.120000,0.580000,0.220000,NOTE_HYPOTHESIS,shared_audio_intelligence_v0_2;spectral_peak;owner_supplied_audio
BE-003:pitch:03690,BE-003:onset:0845,147.400272,855.400272,248.360000,63,1.360000,71.9645,C5,522.1802,0.185760,0.985965,0.904692,0.842983,0.580000,,0.483744,2183.266,6,3,0.050000,0.300000,0.580000,0.070000,0.000000,0.120000,0.580000,0.220000,NOTE_HYPOTHESIS,shared_audio_intelligence_v0_2;spectral_peak;owner_supplied_audio
BE-003:pitch:03691,BE-003:onset:0845,147.400272,855.400272,248.360000,63,1.360000,55.7407,G#3,204.5654,0.441179,0.920453,0.904692,0.810226,0.520000,,0.483744,2183.266,6,4,0.250000,0.520000,0.150000,0.080000,0.000000,0.450000,0.250000,0.200000,NOTE_HYPOTHESIS,shared_audio_intelligence_v0_2;spectral_peak;owner_supplied_audio
BE-003:pitch:03692,BE-003:onset:0845,147.400272,855.400272,248.360000,63,1.360000,69.8808,A#4,462.9639,0.255420,0.895006,0.904692,0.797503,0.580000,,0.483744,2183.266,6,5,0.050000,0.300000,0.580000,0.070000,0.000000,0.450000,0.250000,0.200000,NOTE_HYPOTHESIS,shared_audio_intelligence_v0_2;spectral_peak;owner_supplied_audio
BE-003:pitch:03693,BE-003:onset:0845,147.400272,855.400272,248.360000,63,1.360000,83.9645,C6,1044.3604,0.069660,0.871743,0.904692,0.785872,0.840000,,0.483744,2183.266,6,6,0.010000,0.080000,0.840000,0.070000,0.000000,0.120000,0.580000,0.220000,NOTE_HYPOTHESIS,shared_audio_intelligence_v0_2;spectral_peak;owner_supplied_audio
BE-003:pitch:03694,BE-003:onset:0846,147.469932,855.469932,248.480000,63,1.480000,45.4734,A2,113.0493,0.116100,1.000000,0.795988,0.850000,0.550000,,0.580163,2333.813,6,1,0.550000,0.350000,0.030000,0.070000,0.480000,0.320000,0.000000,0.000000,NOTE_HYPOTHESIS,shared_audio_intelligence_v0_2;spectral_peak;owner_supplied_audio
BE-003:pitch:03695,BE-003:onset:0846,147.469932,855.469932,248.480000,63,1.480000,66.8047,G4,387.5977,0.255420,1.000000,0.795988,0.850000,0.580000,,0.580163,2333.813,6,2,0.050000,0.300000,0.580000,0.070000,0.000000,0.450000,0.250000,0.200000,NOTE_HYPOTHESIS,shared_audio_intelligence_v0_2;spectral_peak;owner_supplied_audio
BE-003:pitch:03696,BE-003:onset:0846,147.469932,855.469932,248.480000,63,1.480000,81.8808,A#5,925.9277,0.069660,1.000000,0.795988,0.850000,0.840000,,0.580163,2333.813,6,3,0.010000,0.080000,0.840000,0.070000,0.000000,0.120000,0.580000,0.220000,NOTE_HYPOTHESIS,shared_audio_intelligence_v0_2;spectral_peak;owner_supplied_audio
BE-003:pitch:03697,BE-003:onset:0846,147.469932,855.469932,248.480000,63,1.480000,56.1904,G#3,209.9487,0.116100,0.959887,0.795988,0.829943,0.520000,,0.580163,2333.813,6,4,0.250000,0.520000,0.150000,0.080000,0.000000,0.450000,0.250000,0.200000,NOTE_HYPOTHESIS,shared_audio_intelligence_v0_2;spectral_peak;owner_supplied_audio
BE-003:pitch:03698,BE-003:onset:0846,147.469932,855.469932,248.480000,63,1.480000,69.8808,A#4,462.9639,0.208980,0.841289,0.795988,0.770645,0.580000,,0.580163,2333.813,6,5,0.050000,0.300000,0.580000,0.070000,0.000000,0.450000,0.250000,0.200000,NOTE_HYPOTHESIS,shared_audio_intelligence_v0_2;spectral_peak;owner_supplied_audio
BE-003:pitch:03699,BE-003:onset:0846,147.469932,855.469932,248.480000,63,1.480000,71.9645,C5,522.1802,0.185760,0.827485,0.795988,0.763742,0.580000,,0.580163,2333.813,6,6,0.050000,0.300000,0.580000,0.070000,0.000000,0.120000,0.580000,0.220000,NOTE_HYPOTHESIS,shared_audio_intelligence_v0_2;spectral_peak;owner_supplied_audio
BE-003:pitch:03700,BE-003:onset:0847,147.586032,855.586032,248.680000,63,1.680000,42.8047,G2,96.8994,0.278639,1.000000,1.000000,0.850000,0.760000,,0.881275,1718.670,5,1,0.760000,0.180000,0.010000,0.050000,0.480000,0.320000,0.000000,0.000000,NOTE_HYPOTHESIS,shared_audio_intelligence_v0_2;spectral_peak;owner_supplied_audio
BE-003:pitch:03701,BE-003:onset:0847,147.586032,855.586032,248.680000,63,1.680000,84.9193,C#6,1103.5767,0.278639,1.000000,1.000000,0.850000,0.840000,,0.881275,1718.670,5,2,0.010000,0.080000,0.840000,0.070000,0.000000,0.120000,0.580000,0.220000,NOTE_HYPOTHESIS,shared_audio_intelligence_v0_2;spectral_peak;owner_supplied_audio
BE-003:pitch:03702,BE-003:onset:0847,147.586032,855.586032,248.680000,63,1.680000,73.0036,C#5,554.4800,0.441179,1.000000,1.000000,0.850000,0.580000,,0.881275,1718.670,5,3,0.050000,0.300000,0.580000,0.070000,0.000000,0.120000,0.580000,0.220000,NOTE_HYPOTHESIS,shared_audio_intelligence_v0_2;spectral_peak;owner_supplied_audio
BE-003:pitch:03703,BE-003:onset:0847,147.586032,855.586032,248.680000,63,1.680000,97.0456,C#7,2223.3032,0.255420,1.000000,1.000000,0.850000,0.840000,,0.881275,1718.670,5,4,0.010000,0.080000,0.840000,0.070000,0.000000,0.120000,0.580000,0.220000,NOTE_HYPOTHESIS,shared_audio_intelligence_v0_2;spectral_peak;owner_supplied_audio
BE-003:pitch:03704,BE-003:onset:0847,147.586032,855.586032,248.680000,63,1.680000,54.8047,G3,193.7988,0.232200,0.981139,1.000000,0.840570,0.550000,,0.881275,1718.670,5,5,0.550000,0.350000,0.030000,0.070000,0.480000,0.320000,0.000000,0.000000,NOTE_HYPOTHESIS,shared_audio_intelligence_v0_2;spectral_peak;owner_supplied_audio
BE-003:pitch:03705,BE-003:onset:0848,147.748571,855.748571,248.960000,63,1.960000,42.8047,G2,96.8994,0.116100,1.000000,0.809886,0.850000,0.760000,,0.966098,1481.452,6,1,0.760000,0.180000,0.010000,0.050000,0.480000,0.320000,0.000000,0.000000,NOTE_HYPOTHESIS,shared_audio_intelligence_v0_2;spectral_peak;owner_supplied_audio
BE-003:pitch:03706,BE-003:onset:0848,147.748571,855.748571,248.960000,63,1.960000,72.8347,C#5,549.0967,0.255420,1.000000,0.809886,0.850000,0.580000,,0.966098,1481.452,6,2,0.050000,0.300000,0.580000,0.070000,0.000000,0.120000,0.580000,0.220000,NOTE_HYPOTHESIS,shared_audio_intelligence_v0_2;spectral_peak;owner_supplied_audio
BE-003:pitch:03707,BE-003:onset:0848,147.748571,855.748571,248.960000,63,1.960000,61.8242,D4,290.6982,0.162540,1.000000,0.809886,0.850000,0.520000,,0.966098,1481.452,6,3,0.250000,0.520000,0.150000,0.080000,0.000000,0.450000,0.250000,0.200000,NOTE_HYPOTHESIS,shared_audio_intelligence_v0_2;spectral_peak;owner_supplied_audio
BE-003:pitch:03708,BE-003:onset:0848,147.748571,855.748571,248.960000,63,1.960000,62.7603,D#4,306.8481,0.232200,1.000000,0.809886,0.850000,0.520000,,0.966098,1481.452,6,4,0.250000,0.520000,0.150000,0.080000,0.000000,0.450000,0.250000,0.200000,NOTE_HYPOTHESIS,shared_audio_intelligence_v0_2;spectral_peak;owner_supplied_audio
BE-003:pitch:03709,BE-003:onset:0848,147.748571,855.748571,248.960000,63,1.960000,84.9193,C#6,1103.5767,0.185760,1.000000,0.809886,0.850000,0.840000,,0.966098,1481.452,6,5,0.010000,0.080000,0.840000,0.070000,0.000000,0.120000,0.580000,0.220000,NOTE_HYPOTHESIS,shared_audio_intelligence_v0_2;spectral_peak;owner_supplied_audio
BE-003:pitch:03710,BE-003:onset:0848,147.748571,855.748571,248.960000,63,1.960000,73.8242,D5,581.3965,0.139320,1.000000,0.809886,0.850000,0.580000,,0.966098,1481.452,6,6,0.050000,0.300000,0.580000,0.070000,0.000000,0.120000,0.580000,0.220000,NOTE_HYPOTHESIS,shared_audio_intelligence_v0_2;spectral_peak;owner_supplied_audio
BE-003:pitch:03711,BE-003:onset:0849,147.864671,855.864671,249.148148,63,2.148148,39.6483,E2,80.7495,0.510839,1.000000,0.691656,0.850000,0.760000,,0.865581,1801.371,6,1,0.760000,0.180000,0.010000,0.050000,0.480000,0.320000,0.000000,0.000000,NOTE_HYPOTHESIS,shared_audio_intelligence_v0_2;spectral_peak;owner_supplied_audio
BE-003:pitch:03712,BE-003:onset:0849,147.864671,855.864671,249.148148,63,2.148148,73.0036,C#5,554.4800,0.162540,1.000000,0.691656,0.850000,0.580000,,0.865581,1801.371,6,2,0.050000,0.300000,0.580000,0.070000,0.000000,0.120000,0.580000,0.220000,NOTE_HYPOTHESIS,shared_audio_intelligence_v0_2;spectral_peak;owner_supplied_audio
BE-003:pitch:03713,BE-003:onset:0849,147.864671,855.864671,249.148148,63,2.148148,83.8751,C6,1038.9771,0.208980,1.000000,0.691656,0.850000,0.840000,,0.865581,1801.371,6,3,0.010000,0.080000,0.840000,0.070000,0.000000,0.120000,0.580000,0.220000,NOTE_HYPOTHESIS,shared_audio_intelligence_v0_2;spectral_peak;owner_supplied_audio
BE-003:pitch:03714,BE-003:onset:0849,147.864671,855.864671,249.148148,63,2.148148,63.0613,D#4,312.2314,0.162540,1.000000,0.691656,0.850000,0.520000,,0.865581,1801.371,6,4,0.250000,0.520000,0.150000,0.080000,0.000000,0.450000,0.250000,0.200000,NOTE_HYPOTHESIS,shared_audio_intelligence_v0_2;spectral_peak;owner_supplied_audio
BE-003:pitch:03715,BE-003:onset:0849,147.864671,855.864671,249.148148,63,2.148148,62.1419,D4,296.0815,0.069660,1.000000,0.691656,0.850000,0.520000,,0.865581,1801.371,6,5,0.250000,0.520000,0.150000,0.080000,0.000000,0.450000,0.250000,0.200000,NOTE_HYPOTHESIS,shared_audio_intelligence_v0_2;spectral_peak;owner_supplied_audio
BE-003:pitch:03716,BE-003:onset:0849,147.864671,855.864671,249.148148,63,2.148148,35.7851,C2,64.5996,1.532517,1.000000,0.691656,0.850000,0.760000,,0.865581,1801.371,6,6,0.760000,0.180000,0.010000,0.050000,0.480000,0.320000,0.000000,0.000000,NOTE_HYPOTHESIS,shared_audio_intelligence_v0_2;spectral_peak;owner_supplied_audio
BE-003:pitch:03717,BE-003:onset:0850,148.189751,856.189751,249.666667,63,2.666667,83.9645,C6,1044.3604,0.185760,1.000000,1.000000,0.850000,0.840000,,0.724798,1912.033,4,1,0.010000,0.080000,0.840000,0.070000,0.000000,0.120000,0.580000,0.220000,NOTE_HYPOTHESIS,shared_audio_intelligence_v0_2;spectral_peak;owner_supplied_audio
BE-003:pitch:03718,BE-003:onset:0850,148.189751,856.189751,249.666667,63,2.666667,40.7656,F2,86.1328,0.603719,1.000000,1.000000,0.850000,0.760000,,0.724798,1912.033,4,2,0.760000,0.180000,0.010000,0.050000,0.480000,0.320000,0.000000,0.000000,NOTE_HYPOTHESIS,shared_audio_intelligence_v0_2;spectral_peak;owner_supplied_audio
BE-003:pitch:03719,BE-003:onset:0850,148.189751,856.189751,249.666667,63,2.666667,71.9645,C5,522.1802,0.557279,1.000000,1.000000,0.850000,0.580000,,0.724798,1912.033,4,3,0.050000,0.300000,0.580000,0.070000,0.000000,0.120000,0.580000,0.220000,NOTE_HYPOTHESIS,shared_audio_intelligence_v0_2;spectral_peak;owner_supplied_audio
BE-003:pitch:03720,BE-003:onset:0850,148.189751,856.189751,249.666667,63,2.666667,90.9841,G6,1566.5405,0.394739,1.000000,1.000000,0.850000,0.840000,,0.724798,1912.033,4,4,0.010000,0.080000,0.840000,0.070000,0.000000,0.120000,0.580000,0.220000,NOTE_HYPOTHESIS,shared_audio_intelligence_v0_2;spectral_peak;owner_supplied_audio
BE-003:pitch:03721,BE-003:onset:0851,148.259410,856.259410,249.777778,63,2.777778,83.9645,C6,1044.3604,0.371519,1.000000,0.612989,0.850000,0.840000,,0.708967,2116.737,4,1,0.010000,0.080000,0.840000,0.070000,0.000000,0.120000,0.580000,0.220000,NOTE_HYPOTHESIS,shared_audio_intelligence_v0_2;spectral_peak;owner_supplied_audio
BE-003:pitch:03722,BE-003:onset:0851,148.259410,856.259410,249.777778,63,2.777778,71.9645,C5,522.1802,0.464399,1.000000,0.612989,0.850000,0.580000,,0.708967,2116.737,4,2,0.050000,0.300000,0.580000,0.070000,0.000000,0.120000,0.580000,0.220000,NOTE_HYPOTHESIS,shared_audio_intelligence_v0_2;spectral_peak;owner_supplied_audio
BE-003:pitch:03723,BE-003:onset:0851,148.259410,856.259410,249.777778,63,2.777778,40.7656,F2,86.1328,0.534059,1.000000,0.612989,0.850000,0.760000,,0.708967,2116.737,4,3,0.760000,0.180000,0.010000,0.050000,0.480000,0.320000,0.000000,0.000000,NOTE_HYPOTHESIS,shared_audio_intelligence_v0_2;spectral_peak;owner_supplied_audio
BE-003:pitch:03724,BE-003:onset:0851,148.259410,856.259410,249.777778,63,2.777778,90.9841,G6,1566.5405,0.348299,1.000000,0.612989,0.850000,0.840000,,0.708967,2116.737,4,4,0.010000,0.080000,0.840000,0.070000,0.000000,0.120000,0.580000,0.220000,NOTE_HYPOTHESIS,shared_audio_intelligence_v0_2;spectral_peak;owner_supplied_audio
BE-003:pitch:03725,BE-003:onset:0852,148.421950,856.421950,250.043478,63,3.043478,83.8751,C6,1038.9771,0.208980,1.000000,0.938474,0.850000,0.840000,,0.621872,2341.714,6,1,0.010000,0.080000,0.840000,0.070000,0.000000,0.120000,0.580000,0.220000,NOTE_HYPOTHESIS,shared_audio_intelligence_v0_2;spectral_peak;owner_supplied_audio
BE-003:pitch:03726,BE-003:onset:0852,148.421950,856.421950,250.043478,63,3.043478,84.0535,C6,1049.7437,0.232200,1.000000,0.938474,0.850000,0.840000,,0.621872,2341.714,6,2,0.010000,0.080000,0.840000,0.070000,0.000000,0.120000,0.580000,0.220000,NOTE_HYPOTHESIS,shared_audio_intelligence_v0_2;spectral_peak;owner_supplied_audio
BE-003:pitch:03727,BE-003:onset:0852,148.421950,856.421950,250.043478,63,3.043478,37.1709,C#2,69.9829,1.532517,1.000000,0.938474,0.850000,0.760000,,0.621872,2341.714,6,3,0.760000,0.180000,0.010000,0.050000,0.480000,0.320000,0.000000,0.000000,NOTE_HYPOTHESIS,shared_audio_intelligence_v0_2;spectral_peak;owner_supplied_audio
BE-003:pitch:03728,BE-003:onset:0852,148.421950,856.421950,250.043478,63,3.043478,39.6483,E2,80.7495,0.928798,1.000000,0.938474,0.850000,0.760000,,0.621872,2341.714,6,4,0.760000,0.180000,0.010000,0.050000,0.480000,0.320000,0.000000,0.000000,NOTE_HYPOTHESIS,shared_audio_intelligence_v0_2;spectral_peak;owner_supplied_audio
BE-003:pitch:03729,BE-003:onset:0852,148.421950,856.421950,250.043478,63,3.043478,72.1421,C5,527.5635,0.371519,1.000000,0.938474,0.850000,0.580000,,0.621872,2341.714,6,5,0.050000,0.300000,0.580000,0.070000,0.000000,0.120000,0.580000,0.220000,NOTE_HYPOTHESIS,shared_audio_intelligence_v0_2;spectral_peak;owner_supplied_audio
BE-003:pitch:03730,BE-003:onset:0852,148.421950,856.421950,250.043478,63,3.043478,90.9841,G6,1566.5405,0.185760,1.000000,0.938474,0.850000,0.840000,,0.621872,2341.714,6,6,0.010000,0.080000,0.840000,0.070000,0.000000,0.120000,0.580000,0.220000,NOTE_HYPOTHESIS,shared_audio_intelligence_v0_2;spectral_peak;owner_supplied_audio
BE-003:pitch:03731,BE-003:onset:0853,148.468390,856.468390,250.130435,63,3.130435,83.8751,C6,1038.9771,0.162540,1.000000,1.000000,0.850000,0.840000,,0.695836,2034.388,5,1,0.010000,0.080000,0.840000,0.070000,0.000000,0.120000,0.580000,0.220000,NOTE_HYPOTHESIS,shared_audio_intelligence_v0_2;spectral_peak;owner_supplied_audio
BE-003:pitch:03732,BE-003:onset:0853,148.468390,856.468390,250.130435,63,3.130435,38.4538,D2,75.3662,0.812698,1.000000,1.000000,0.850000,0.760000,,0.695836,2034.388,5,2,0.760000,0.180000,0.010000,0.050000,0.480000,0.320000,0.000000,0.000000,NOTE_HYPOTHESIS,shared_audio_intelligence_v0_2;spectral_peak;owner_supplied_audio
BE-003:pitch:03733,BE-003:onset:0853,148.468390,856.468390,250.130435,63,3.130435,71.9645,C5,522.1802,0.325079,1.000000,1.000000,0.850000,0.580000,,0.695836,2034.388,5,3,0.050000,0.300000,0.580000,0.070000,0.000000,0.120000,0.580000,0.220000,NOTE_HYPOTHESIS,shared_audio_intelligence_v0_2;spectral_peak;owner_supplied_audio
BE-003:pitch:03734,BE-003:onset:0853,148.468390,856.468390,250.130435,63,3.130435,90.9841,G6,1566.5405,0.116100,1.000000,1.000000,0.850000,0.840000,,0.695836,2034.388,5,4,0.010000,0.080000,0.840000,0.070000,0.000000,0.120000,0.580000,0.220000,NOTE_HYPOTHESIS,shared_audio_intelligence_v0_2;spectral_peak;owner_supplied_audio
BE-003:pitch:03735,BE-003:onset:0853,148.468390,856.468390,250.130435,63,3.130435,51.0613,D#3,156.1157,0.580499,1.000000,1.000000,0.850000,0.550000,,0.695836,2034.388,5,5,0.550000,0.350000,0.030000,0.070000,0.480000,0.320000,0.000000,0.000000,NOTE_HYPOTHESIS,shared_audio_intelligence_v0_2;spectral_peak;owner_supplied_audio
BE-003:pitch:03736,BE-003:onset:0854,148.630930,856.630930,250.434783,63,3.434783,62.7603,D#4,306.8481,0.510839,1.000000,1.000000,0.850000,0.520000,,0.827503,1877.778,6,1,0.250000,0.520000,0.150000,0.080000,0.000000,0.450000,0.250000,0.200000,NOTE_HYPOTHESIS,shared_audio_intelligence_v0_2;spectral_peak;owner_supplied_audio
BE-003:pitch:03737,BE-003:onset:0854,148.630930,856.630930,250.434783,63,3.434783,38.4538,D2,75.3662,0.696599,1.000000,1.000000,0.850000,0.760000,,0.827503,1877.778,6,2,0.760000,0.180000,0.010000,0.050000,0.480000,0.320000,0.000000,0.000000,NOTE_HYPOTHESIS,shared_audio_intelligence_v0_2;spectral_peak;owner_supplied_audio
BE-003:pitch:03738,BE-003:onset:0854,148.630930,856.630930,250.434783,63,3.434783,84.9193,C#6,1103.5767,0.441179,1.000000,1.000000,0.850000,0.840000,,0.827503,1877.778,6,3,0.010000,0.080000,0.840000,0.070000,0.000000,0.120000,0.580000,0.220000,NOTE_HYPOTHESIS,shared_audio_intelligence_v0_2;spectral_peak;owner_supplied_audio
BE-003:pitch:03739,BE-003:onset:0854,148.630930,856.630930,250.434783,63,3.434783,74.7603,D#5,613.6963,0.487619,1.000000,1.000000,0.850000,0.580000,,0.827503,1877.778,6,4,0.050000,0.300000,0.580000,0.070000,0.000000,0.120000,0.580000,0.220000,NOTE_HYPOTHESIS,shared_audio_intelligence_v0_2;spectral_peak;owner_supplied_audio
BE-003:pitch:03740,BE-003:onset:0854,148.630930,856.630930,250.434783,63,3.434783,71.9645,C5,522.1802,0.185760,1.000000,1.000000,0.850000,0.580000,,0.827503,1877.778,6,5,0.050000,0.300000,0.580000,0.070000,0.000000,0.120000,0.580000,0.220000,NOTE_HYPOTHESIS,shared_audio_intelligence_v0_2;spectral_peak;owner_supplied_audio
BE-003:pitch:03741,BE-003:onset:0854,148.630930,856.630930,250.434783,63,3.434783,72.8347,C#5,549.0967,0.603719,1.000000,1.000000,0.850000,0.580000,,0.827503,1877.778,6,6,0.050000,0.300000,0.580000,0.070000,0.000000,0.120000,0.580000,0.220000,NOTE_HYPOTHESIS,shared_audio_intelligence_v0_2;spectral_peak;owner_supplied_audio
BE-003:pitch:03742,BE-003:onset:0855,148.677370,856.677370,250.521739,63,3.521739,84.9193,C#6,1103.5767,0.139320,1.000000,0.976224,0.850000,0.840000,,0.873110,1900.679,6,1,0.010000,0.080000,0.840000,0.070000,0.000000,0.120000,0.580000,0.220000,NOTE_HYPOTHESIS,shared_audio_intelligence_v0_2;spectral_peak;owner_supplied_audio
BE-003:pitch:03743,BE-003:onset:0855,148.677370,856.677370,250.521739,63,3.521739,62.7603,D#4,306.8481,0.464399,1.000000,0.976224,0.850000,0.520000,,0.873110,1900.679,6,2,0.250000,0.520000,0.150000,0.080000,0.000000,0.450000,0.250000,0.200000,NOTE_HYPOTHESIS,shared_audio_intelligence_v0_2;spectral_peak;owner_supplied_audio
BE-003:pitch:03744,BE-003:onset:0855,148.677370,856.677370,250.521739,63,3.521739,73.0036,C#5,554.4800,0.510839,1.000000,0.976224,0.850000,0.580000,,0.873110,1900.679,6,3,0.050000,0.300000,0.580000,0.070000,0.000000,0.120000,0.580000,0.220000,NOTE_HYPOTHESIS,shared_audio_intelligence_v0_2;spectral_peak;owner_supplied_audio
BE-003:pitch:03745,BE-003:onset:0855,148.677370,856.677370,250.521739,63,3.521739,74.9115,D#5,619.0796,0.162540,1.000000,0.976224,0.850000,0.580000,,0.873110,1900.679,6,4,0.050000,0.300000,0.580000,0.070000,0.000000,0.120000,0.580000,0.220000,NOTE_HYPOTHESIS,shared_audio_intelligence_v0_2;spectral_peak;owner_supplied_audio
BE-003:pitch:03746,BE-003:onset:0855,148.677370,856.677370,250.521739,63,3.521739,81.8808,A#5,925.9277,0.139320,1.000000,0.976224,0.850000,0.840000,,0.873110,1900.679,6,5,0.010000,0.080000,0.840000,0.070000,0.000000,0.120000,0.580000,0.220000,NOTE_HYPOTHESIS,shared_audio_intelligence_v0_2;spectral_peak;owner_supplied_audio
BE-003:pitch:03747,BE-003:onset:0855,148.677370,856.677370,250.521739,63,3.521739,37.1709,C#2,69.9829,1.393197,1.000000,0.976224,0.850000,0.760000,,0.873110,1900.679,6,6,0.760000,0.180000,0.010000,0.050000,0.480000,0.320000,0.000000,0.000000,NOTE_HYPOTHESIS,shared_audio_intelligence_v0_2;spectral_peak;owner_supplied_audio
BE-003:pitch:03748,BE-003:onset:0856,148.932789,856.932789,251.000000,63,4.000000,63.0613,D#4,312.2314,0.208980,1.000000,1.000000,0.850000,0.520000,,0.758570,1821.675,6,1,0.250000,0.520000,0.150000,0.080000,0.000000,0.450000,0.250000,0.200000,NOTE_HYPOTHESIS,shared_audio_intelligence_v0_2;spectral_peak;owner_supplied_audio
BE-003:pitch:03749,BE-003:onset:0856,148.932789,856.932789,251.000000,63,4.000000,74.9115,D#5,619.0796,0.162540,1.000000,1.000000,0.850000,0.580000,,0.758570,1821.675,6,2,0.050000,0.300000,0.580000,0.070000,0.000000,0.120000,0.580000,0.220000,NOTE_HYPOTHESIS,shared_audio_intelligence_v0_2;spectral_peak;owner_supplied_audio
BE-003:pitch:03750,BE-003:onset:0856,148.932789,856.932789,251.000000,63,4.000000,49.8242,D3,145.3491,0.116100,1.000000,1.000000,0.850000,0.550000,,0.758570,1821.675,6,3,0.550000,0.350000,0.030000,0.070000,0.480000,0.320000,0.000000,0.000000,NOTE_HYPOTHESIS,shared_audio_intelligence_v0_2;spectral_peak;owner_supplied_audio
BE-003:pitch:03751,BE-003:onset:0856,148.932789,856.932789,251.000000,63,4.000000,38.4538,D2,75.3662,0.348299,1.000000,1.000000,0.850000,0.760000,,0.758570,1821.675,6,4,0.760000,0.180000,0.010000,0.050000,0.480000,0.320000,0.000000,0.000000,NOTE_HYPOTHESIS,shared_audio_intelligence_v0_2;spectral_peak;owner_supplied_audio
BE-003:pitch:03752,BE-003:onset:0856,148.932789,856.932789,251.000000,63,4.000000,72.8347,C#5,549.0967,0.278639,1.000000,1.000000,0.850000,0.580000,,0.758570,1821.675,6,5,0.050000,0.300000,0.580000,0.070000,0.000000,0.120000,0.580000,0.220000,NOTE_HYPOTHESIS,shared_audio_intelligence_v0_2;spectral_peak;owner_supplied_audio
BE-003:pitch:03753,BE-003:onset:0856,148.932789,856.932789,251.000000,63,4.000000,81.8808,A#5,925.9277,0.139320,1.000000,1.000000,0.850000,0.840000,,0.758570,1821.675,6,6,0.010000,0.080000,0.840000,0.070000,0.000000,0.120000,0.580000,0.220000,NOTE_HYPOTHESIS,shared_audio_intelligence_v0_2;spectral_peak;owner_supplied_audio
BE-003:pitch:03754,BE-003:onset:0857,149.211429,857.211429,251.461538,63,4.461538,83.8751,C6,1038.9771,0.348299,1.000000,1.000000,0.850000,0.840000,,0.778467,2266.993,5,1,0.010000,0.080000,0.840000,0.070000,0.000000,0.120000,0.580000,0.220000,NOTE_HYPOTHESIS,shared_audio_intelligence_v0_2;spectral_peak;owner_supplied_audio
BE-003:pitch:03755,BE-003:onset:0857,149.211429,857.211429,251.461538,63,4.461538,71.9645,C5,522.1802,0.510839,1.000000,1.000000,0.850000,0.580000,,0.778467,2266.993,5,2,0.050000,0.300000,0.580000,0.070000,0.000000,0.120000,0.580000,0.220000,NOTE_HYPOTHESIS,shared_audio_intelligence_v0_2;spectral_peak;owner_supplied_audio
BE-003:pitch:03756,BE-003:onset:0857,149.211429,857.211429,251.461538,63,4.461538,35.7851,C2,64.5996,1.532517,1.000000,1.000000,0.850000,0.760000,,0.778467,2266.993,5,3,0.760000,0.180000,0.010000,0.050000,0.480000,0.320000,0.000000,0.000000,NOTE_HYPOTHESIS,shared_audio_intelligence_v0_2;spectral_peak;owner_supplied_audio
BE-003:pitch:03757,BE-003:onset:0857,149.211429,857.211429,251.461538,63,4.461538,90.9841,G6,1566.5405,0.232200,1.000000,1.000000,0.850000,0.840000,,0.778467,2266.993,5,4,0.010000,0.080000,0.840000,0.070000,0.000000,0.120000,0.580000,0.220000,NOTE_HYPOTHESIS,shared_audio_intelligence_v0_2;spectral_peak;owner_supplied_audio
BE-003:pitch:03758,BE-003:onset:0857,149.211429,857.211429,251.461538,63,4.461538,47.7851,C3,129.1992,0.348299,0.979351,1.000000,0.839676,0.550000,,0.778467,2266.993,5,5,0.550000,0.350000,0.030000,0.070000,0.480000,0.320000,0.000000,0.000000,NOTE_HYPOTHESIS,shared_audio_intelligence_v0_2;spectral_peak;owner_supplied_audio
BE-003:pitch:03759,BE-003:onset:0858,149.513288,857.513288,251.961538,63,4.961538,34.2788,A#1,59.2163,1.277098,1.000000,0.677281,0.850000,0.760000,,0.748978,1935.716,6,1,0.760000,0.180000,0.010000,0.050000,0.480000,0.320000,0.000000,0.000000,NOTE_HYPOTHESIS,shared_audio_intelligence_v0_2;spectral_peak;owner_supplied_audio
BE-003:pitch:03760,BE-003:onset:0858,149.513288,857.513288,251.961538,63,4.961538,61.8242,D4,290.6982,0.139320,1.000000,0.677281,0.850000,0.520000,,0.748978,1935.716,6,2,0.250000,0.520000,0.150000,0.080000,0.000000,0.450000,0.250000,0.200000,NOTE_HYPOTHESIS,shared_audio_intelligence_v0_2;spectral_peak;owner_supplied_audio
BE-003:pitch:03761,BE-003:onset:0858,149.513288,857.513288,251.961538,63,4.961538,83.9645,C6,1044.3604,0.208980,1.000000,0.677281,0.850000,0.840000,,0.748978,1935.716,6,3,0.010000,0.080000,0.840000,0.070000,0.000000,0.120000,0.580000,0.220000,NOTE_HYPOTHESIS,shared_audio_intelligence_v0_2;spectral_peak;owner_supplied_audio
BE-003:pitch:03762,BE-003:onset:0858,149.513288,857.513288,251.961538,63,4.961538,57.8808,A#3,231.4819,0.487619,0.990949,0.677281,0.845474,0.520000,,0.748978,1935.716,6,4,0.250000,0.520000,0.150000,0.080000,0.000000,0.450000,0.250000,0.200000,NOTE_HYPOTHESIS,shared_audio_intelligence_v0_2;spectral_peak;owner_supplied_audio
BE-003:pitch:03763,BE-003:onset:0858,149.513288,857.513288,251.961538,63,4.961538,71.9645,C5,522.1802,0.301859,0.980919,0.677281,0.840459,0.580000,,0.748978,1935.716,6,5,0.050000,0.300000,0.580000,0.070000,0.000000,0.120000,0.580000,0.220000,NOTE_HYPOTHESIS,shared_audio_intelligence_v0_2;spectral_peak;owner_supplied_audio
BE-003:pitch:03764,BE-003:onset:0858,149.513288,857.513288,251.961538,63,4.961538,46.2788,A#2,118.4326,1.068118,0.950243,0.677281,0.825121,0.550000,,0.748978,1935.716,6,6,0.550000,0.350000,0.030000,0.070000,0.480000,0.320000,0.000000,0.000000,NOTE_HYPOTHESIS,shared_audio_intelligence_v0_2;spectral_peak;owner_supplied_audio
BE-003:pitch:03765,BE-003:onset:0859,149.675828,857.675828,252.230769,64,1.230769,34.2788,A#1,59.2163,1.021678,1.000000,0.566804,0.850000,0.760000,,0.459045,2456.158,6,1,0.760000,0.180000,0.010000,0.050000,0.480000,0.320000,0.000000,0.000000,NOTE_HYPOTHESIS,shared_audio_intelligence_v0_2;spectral_peak;owner_supplied_audio
BE-003:pitch:03766,BE-003:onset:0859,149.675828,857.675828,252.230769,64,1.230769,46.2788,A#2,118.4326,0.882358,1.000000,0.566804,0.850000,0.550000,,0.459045,2456.158,6,2,0.550000,0.350000,0.030000,0.070000,0.480000,0.320000,0.000000,0.000000,NOTE_HYPOTHESIS,shared_audio_intelligence_v0_2;spectral_peak;owner_supplied_audio
BE-003:pitch:03767,BE-003:onset:0859,149.675828,857.675828,252.230769,64,1.230769,43.7407,G#2,102.2827,1.300317,1.000000,0.566804,0.850000,0.760000,,0.459045,2456.158,6,3,0.760000,0.180000,0.010000,0.050000,0.480000,0.320000,0.000000,0.000000,NOTE_HYPOTHESIS,shared_audio_intelligence_v0_2;spectral_peak;owner_supplied_audio
BE-003:pitch:03768,BE-003:onset:0859,149.675828,857.675828,252.230769,64,1.230769,69.8808,A#4,462.9639,0.557279,0.992583,0.566804,0.846291,0.580000,,0.459045,2456.158,6,4,0.050000,0.300000,0.580000,0.070000,0.000000,0.450000,0.250000,0.200000,NOTE_HYPOTHESIS,shared_audio_intelligence_v0_2;spectral_peak;owner_supplied_audio
BE-003:pitch:03769,BE-003:onset:0859,149.675828,857.675828,252.230769,64,1.230769,71.9645,C5,522.1802,0.185760,0.943219,0.566804,0.821610,0.580000,,0.459045,2456.158,6,5,0.050000,0.300000,0.580000,0.070000,0.000000,0.120000,0.580000,0.220000,NOTE_HYPOTHESIS,shared_audio_intelligence_v0_2;spectral_peak;owner_supplied_audio
BE-003:pitch:03770,BE-003:onset:0859,149.675828,857.675828,252.230769,64,1.230769,81.8808,A#5,925.9277,0.487619,0.899033,0.566804,0.799516,0.840000,,0.459045,2456.158,6,6,0.010000,0.080000,0.840000,0.070000,0.000000,0.120000,0.580000,0.220000,NOTE_HYPOTHESIS,shared_audio_intelligence_v0_2;spectral_peak;owner_supplied_audio
BE-003:pitch:03771,BE-003:onset:0860,149.931247,857.931247,252.653846,64,1.653846,81.8808,A#5,925.9277,0.185760,1.000000,0.641213,0.850000,0.840000,,0.761489,1852.075,6,1,0.010000,0.080000,0.840000,0.070000,0.000000,0.120000,0.580000,0.220000,NOTE_HYPOTHESIS,shared_audio_intelligence_v0_2;spectral_peak;owner_supplied_audio
BE-003:pitch:03772,BE-003:onset:0860,149.931247,857.931247,252.653846,64,1.653846,44.6287,A2,107.6660,0.603719,1.000000,0.641213,0.850000,0.760000,,0.761489,1852.075,6,2,0.760000,0.180000,0.010000,0.050000,0.480000,0.320000,0.000000,0.000000,NOTE_HYPOTHESIS,shared_audio_intelligence_v0_2;spectral_peak;owner_supplied_audio
BE-003:pitch:03773,BE-003:onset:0860,149.931247,857.931247,252.653846,64,1.653846,65.0340,F4,349.9146,0.417959,1.000000,0.641213,0.850000,0.580000,,0.761489,1852.075,6,3,0.050000,0.300000,0.580000,0.070000,0.000000,0.450000,0.250000,0.200000,NOTE_HYPOTHESIS,shared_audio_intelligence_v0_2;spectral_peak;owner_supplied_audio
BE-003:pitch:03774,BE-003:onset:0860,149.931247,857.931247,252.653846,64,1.653846,69.8808,A#4,462.9639,0.278639,1.000000,0.641213,0.850000,0.580000,,0.761489,1852.075,6,4,0.050000,0.300000,0.580000,0.070000,0.000000,0.450000,0.250000,0.200000,NOTE_HYPOTHESIS,shared_audio_intelligence_v0_2;spectral_peak;owner_supplied_audio
BE-003:pitch:03775,BE-003:onset:0860,149.931247,857.931247,252.653846,64,1.653846,42.8047,G2,96.8994,0.882358,1.000000,0.641213,0.850000,0.760000,,0.761489,1852.075,6,5,0.760000,0.180000,0.010000,0.050000,0.480000,0.320000,0.000000,0.000000,NOTE_HYPOTHESIS,shared_audio_intelligence_v0_2;spectral_peak;owner_supplied_audio
BE-003:pitch:03776,BE-003:onset:0860,149.931247,857.931247,252.653846,64,1.653846,88.9673,F6,1394.2749,0.162540,1.000000,0.641213,0.850000,0.840000,,0.761489,1852.075,6,6,0.010000,0.080000,0.840000,0.070000,0.000000,0.120000,0.580000,0.220000,NOTE_HYPOTHESIS,shared_audio_intelligence_v0_2;spectral_peak;owner_supplied_audio
BE-003:pitch:03777,BE-003:onset:0861,150.209887,858.209887,253.130435,64,2.130435,84.9193,C#6,1103.5767,0.139320,1.000000,0.890307,0.850000,0.840000,,0.649550,1757.812,6,1,0.010000,0.080000,0.840000,0.070000,0.000000,0.120000,0.580000,0.220000,NOTE_HYPOTHESIS,shared_audio_intelligence_v0_2;spectral_peak;owner_supplied_audio
BE-003:pitch:03778,BE-003:onset:0861,150.209887,858.209887,253.130435,64,2.130435,64.7656,F4,344.5312,0.139320,1.000000,0.890307,0.850000,0.580000,,0.649550,1757.812,6,2,0.050000,0.300000,0.580000,0.070000,0.000000,0.450000,0.250000,0.200000,NOTE_HYPOTHESIS,shared_audio_intelligence_v0_2;spectral_peak;owner_supplied_audio
BE-003:pitch:03779,BE-003:onset:0861,150.209887,858.209887,253.130435,64,2.130435,44.6287,A2,107.6660,0.348299,1.000000,0.890307,0.850000,0.760000,,0.649550,1757.812,6,3,0.760000,0.180000,0.010000,0.050000,0.480000,0.320000,0.000000,0.000000,NOTE_HYPOTHESIS,shared_audio_intelligence_v0_2;spectral_peak;owner_supplied_audio
BE-003:pitch:03780,BE-003:onset:0861,150.209887,858.209887,253.130435,64,2.130435,34.2788,A#1,59.2163,0.580499,1.000000,0.890307,0.850000,0.760000,,0.649550,1757.812,6,4,0.760000,0.180000,0.010000,0.050000,0.480000,0.320000,0.000000,0.000000,NOTE_HYPOTHESIS,shared_audio_intelligence_v0_2;spectral_peak;owner_supplied_audio
BE-003:pitch:03781,BE-003:onset:0861,150.209887,858.209887,253.130435,64,2.130435,73.0036,C#5,554.4800,0.255420,1.000000,0.890307,0.850000,0.580000,,0.649550,1757.812,6,5,0.050000,0.300000,0.580000,0.070000,0.000000,0.120000,0.580000,0.220000,NOTE_HYPOTHESIS,shared_audio_intelligence_v0_2;spectral_peak;owner_supplied_audio
BE-003:pitch:03782,BE-003:onset:0861,150.209887,858.209887,253.130435,64,2.130435,97.0456,C#7,2223.3032,0.139320,0.969794,0.890307,0.834897,0.840000,,0.649550,1757.812,6,6,0.010000,0.080000,0.840000,0.070000,0.000000,0.120000,0.580000,0.220000,NOTE_HYPOTHESIS,shared_audio_intelligence_v0_2;spectral_peak;owner_supplied_audio
BE-003:pitch:03783,BE-003:onset:0862,150.372426,858.372426,253.434783,64,2.434783,83.9645,C6,1044.3604,0.255420,1.000000,1.000000,0.850000,0.840000,,0.806705,1580.541,6,1,0.010000,0.080000,0.840000,0.070000,0.000000,0.120000,0.580000,0.220000,NOTE_HYPOTHESIS,shared_audio_intelligence_v0_2;spectral_peak;owner_supplied_audio
BE-003:pitch:03784,BE-003:onset:0862,150.372426,858.372426,253.434783,64,2.434783,32.6287,A1,53.8330,0.417959,1.000000,1.000000,0.850000,0.760000,,0.806705,1580.541,6,2,0.760000,0.180000,0.010000,0.050000,0.480000,0.320000,0.000000,0.000000,NOTE_HYPOTHESIS,shared_audio_intelligence_v0_2;spectral_peak;owner_supplied_audio
BE-003:pitch:03785,BE-003:onset:0862,150.372426,858.372426,253.434783,64,2.434783,61.8242,D4,290.6982,0.139320,1.000000,1.000000,0.850000,0.520000,,0.806705,1580.541,6,3,0.250000,0.520000,0.150000,0.080000,0.000000,0.450000,0.250000,0.200000,NOTE_HYPOTHESIS,shared_audio_intelligence_v0_2;spectral_peak;owner_supplied_audio
BE-003:pitch:03786,BE-003:onset:0862,150.372426,858.372426,253.434783,64,2.434783,45.4734,A2,113.0493,0.092880,1.000000,1.000000,0.850000,0.550000,,0.806705,1580.541,6,4,0.550000,0.350000,0.030000,0.070000,0.480000,0.320000,0.000000,0.000000,NOTE_HYPOTHESIS,shared_audio_intelligence_v0_2;spectral_peak;owner_supplied_audio
BE-003:pitch:03787,BE-003:onset:0862,150.372426,858.372426,253.434783,64,2.434783,57.8808,A#3,231.4819,0.394739,1.000000,1.000000,0.850000,0.520000,,0.806705,1580.541,6,5,0.250000,0.520000,0.150000,0.080000,0.000000,0.450000,0.250000,0.200000,NOTE_HYPOTHESIS,shared_audio_intelligence_v0_2;spectral_peak;owner_supplied_audio
BE-003:pitch:03788,BE-003:onset:0862,150.372426,858.372426,253.434783,64,2.434783,90.9841,G6,1566.5405,0.232200,0.994977,1.000000,0.847489,0.840000,,0.806705,1580.541,6,6,0.010000,0.080000,0.840000,0.070000,0.000000,0.120000,0.580000,0.220000,NOTE_HYPOTHESIS,shared_audio_intelligence_v0_2;spectral_peak;owner_supplied_audio
BE-003:pitch:03789,BE-003:onset:0863,150.534966,858.534966,253.739130,64,2.739130,81.8808,A#5,925.9277,0.139320,1.000000,0.718018,0.850000,0.840000,,0.689884,1745.367,6,1,0.010000,0.080000,0.840000,0.070000,0.000000,0.120000,0.580000,0.220000,NOTE_HYPOTHESIS,shared_audio_intelligence_v0_2;spectral_peak;owner_supplied_audio
BE-003:pitch:03790,BE-003:onset:0863,150.534966,858.534966,253.739130,64,2.739130,83.9645,C6,1044.3604,0.092880,1.000000,0.718018,0.850000,0.840000,,0.689884,1745.367,6,2,0.010000,0.080000,0.840000,0.070000,0.000000,0.120000,0.580000,0.220000,NOTE_HYPOTHESIS,shared_audio_intelligence_v0_2;spectral_peak;owner_supplied_audio
BE-003:pitch:03791,BE-003:onset:0863,150.534966,858.534966,253.739130,64,2.739130,71.9645,C5,522.1802,0.092880,1.000000,0.718018,0.850000,0.580000,,0.689884,1745.367,6,3,0.050000,0.300000,0.580000,0.070000,0.000000,0.120000,0.580000,0.220000,NOTE_HYPOTHESIS,shared_audio_intelligence_v0_2;spectral_peak;owner_supplied_audio
BE-003:pitch:03792,BE-003:onset:0863,150.534966,858.534966,253.739130,64,2.739130,69.8808,A#4,462.9639,0.255420,1.000000,0.718018,0.850000,0.580000,,0.689884,1745.367,6,4,0.050000,0.300000,0.580000,0.070000,0.000000,0.450000,0.250000,0.200000,NOTE_HYPOTHESIS,shared_audio_intelligence_v0_2;spectral_peak;owner_supplied_audio
BE-003:pitch:03793,BE-003:onset:0863,150.534966,858.534966,253.739130,64,2.739130,41.8151,F#2,91.5161,0.719819,1.000000,0.718018,0.850000,0.760000,,0.689884,1745.367,6,5,0.760000,0.180000,0.010000,0.050000,0.480000,0.320000,0.000000,0.000000,NOTE_HYPOTHESIS,shared_audio_intelligence_v0_2;spectral_peak;owner_supplied_audio
BE-003:pitch:03794,BE-003:onset:0863,150.534966,858.534966,253.739130,64,2.739130,88.9673,F6,1394.2749,0.116100,1.000000,0.718018,0.850000,0.840000,,0.689884,1745.367,6,6,0.010000,0.080000,0.840000,0.070000,0.000000,0.120000,0.580000,0.220000,NOTE_HYPOTHESIS,shared_audio_intelligence_v0_2;spectral_peak;owner_supplied_audio
BE-003:pitch:03795,BE-003:onset:0864,150.674286,858.674286,254.000000,64,3.000000,66.8047,G4,387.5977,0.278639,1.000000,0.737902,0.850000,0.580000,,0.727870,2044.972,6,1,0.050000,0.300000,0.580000,0.070000,0.000000,0.450000,0.250000,0.200000,NOTE_HYPOTHESIS,shared_audio_intelligence_v0_2;spectral_peak;owner_supplied_audio
BE-003:pitch:03796,BE-003:onset:0864,150.674286,858.674286,254.000000,64,3.000000,56.1904,G#3,209.9487,0.464399,1.000000,0.737902,0.850000,0.520000,,0.727870,2044.972,6,2,0.250000,0.520000,0.150000,0.080000,0.000000,0.450000,0.250000,0.200000,NOTE_HYPOTHESIS,shared_audio_intelligence_v0_2;spectral_peak;owner_supplied_audio
BE-003:pitch:03797,BE-003:onset:0864,150.674286,858.674286,254.000000,64,3.000000,78.9245,G5,780.5786,0.232200,1.000000,0.737902,0.850000,0.840000,,0.727870,2044.972,6,3,0.010000,0.080000,0.840000,0.070000,0.000000,0.120000,0.580000,0.220000,NOTE_HYPOTHESIS,shared_audio_intelligence_v0_2;spectral_peak;owner_supplied_audio
BE-003:pitch:03798,BE-003:onset:0864,150.674286,858.674286,254.000000,64,3.000000,69.8808,A#4,462.9639,0.162540,1.000000,0.737902,0.850000,0.580000,,0.727870,2044.972,6,4,0.050000,0.300000,0.580000,0.070000,0.000000,0.450000,0.250000,0.200000,NOTE_HYPOTHESIS,shared_audio_intelligence_v0_2;spectral_peak;owner_supplied_audio
BE-003:pitch:03799,BE-003:onset:0864,150.674286,858.674286,254.000000,64,3.000000,85.9042,D6,1168.1763,0.185760,0.997255,0.737902,0.848627,0.840000,,0.727870,2044.972,6,5,0.010000,0.080000,0.840000,0.070000,0.000000,0.120000,0.580000,0.220000,NOTE_HYPOTHESIS,shared_audio_intelligence_v0_2;spectral_peak;owner_supplied_audio
BE-003:pitch:03800,BE-003:onset:0864,150.674286,858.674286,254.000000,64,3.000000,34.2788,A#1,59.2163,0.232200,0.993429,0.737902,0.846714,0.760000,,0.727870,2044.972,6,6,0.760000,0.180000,0.010000,0.050000,0.480000,0.320000,0.000000,0.000000,NOTE_HYPOTHESIS,shared_audio_intelligence_v0_2;spectral_peak;owner_supplied_audio
BE-003:pitch:03801,BE-003:onset:0865,150.743946,858.743946,254.120000,64,3.120000,66.8047,G4,387.5977,0.208980,1.000000,0.812230,0.850000,0.580000,,0.673517,2355.343,6,1,0.050000,0.300000,0.580000,0.070000,0.000000,0.450000,0.250000,0.200000,NOTE_HYPOTHESIS,shared_audio_intelligence_v0_2;spectral_peak;owner_supplied_audio
BE-003:pitch:03802,BE-003:onset:0865,150.743946,858.743946,254.120000,64,3.120000,78.9245,G5,780.5786,0.162540,1.000000,0.812230,0.850000,0.840000,,0.673517,2355.343,6,2,0.010000,0.080000,0.840000,0.070000,0.000000,0.120000,0.580000,0.220000,NOTE_HYPOTHESIS,shared_audio_intelligence_v0_2;spectral_peak;owner_supplied_audio
BE-003:pitch:03803,BE-003:onset:0865,150.743946,858.743946,254.120000,64,3.120000,39.6483,E2,80.7495,0.510839,1.000000,0.812230,0.850000,0.760000,,0.673517,2355.343,6,3,0.760000,0.180000,0.010000,0.050000,0.480000,0.320000,0.000000,0.000000,NOTE_HYPOTHESIS,shared_audio_intelligence_v0_2;spectral_peak;owner_supplied_audio
BE-003:pitch:03804,BE-003:onset:0865,150.743946,858.743946,254.120000,64,3.120000,55.7407,G#3,204.5654,0.394739,1.000000,0.812230,0.850000,0.520000,,0.673517,2355.343,6,4,0.250000,0.520000,0.150000,0.080000,0.000000,0.450000,0.250000,0.200000,NOTE_HYPOTHESIS,shared_audio_intelligence_v0_2;spectral_peak;owner_supplied_audio
BE-003:pitch:03805,BE-003:onset:0865,150.743946,858.743946,254.120000,64,3.120000,47.0483,B2,123.8159,1.184218,0.999414,0.812230,0.849707,0.550000,,0.673517,2355.343,6,5,0.550000,0.350000,0.030000,0.070000,0.480000,0.320000,0.000000,0.000000,NOTE_HYPOTHESIS,shared_audio_intelligence_v0_2;spectral_peak;owner_supplied_audio
BE-003:pitch:03806,BE-003:onset:0865,150.743946,858.743946,254.120000,64,3.120000,69.8808,A#4,462.9639,0.092880,0.960034,0.812230,0.830017,0.580000,,0.673517,2355.343,6,6,0.050000,0.300000,0.580000,0.070000,0.000000,0.450000,0.250000,0.200000,NOTE_HYPOTHESIS,shared_audio_intelligence_v0_2;spectral_peak;owner_supplied_audio
BE-003:pitch:03807,BE-003:onset:0866,151.045805,859.045805,254.640000,64,3.640000,47.7851,C3,129.1992,0.441179,1.000000,0.813419,0.850000,0.550000,,0.315985,2542.173,6,1,0.550000,0.350000,0.030000,0.070000,0.480000,0.320000,0.000000,0.000000,NOTE_HYPOTHESIS,shared_audio_intelligence_v0_2;spectral_peak;owner_supplied_audio
BE-003:pitch:03808,BE-003:onset:0866,151.045805,859.045805,254.640000,64,3.640000,40.7656,F2,86.1328,0.208980,1.000000,0.813419,0.850000,0.760000,,0.315985,2542.173,6,2,0.760000,0.180000,0.010000,0.050000,0.480000,0.320000,0.000000,0.000000,NOTE_HYPOTHESIS,shared_audio_intelligence_v0_2;spectral_peak;owner_supplied_audio
BE-003:pitch:03809,BE-003:onset:0866,151.045805,859.045805,254.640000,64,3.640000,56.1904,G#3,209.9487,0.139320,0.992143,0.813419,0.846071,0.520000,,0.315985,2542.173,6,3,0.250000,0.520000,0.150000,0.080000,0.000000,0.450000,0.250000,0.200000,NOTE_HYPOTHESIS,shared_audio_intelligence_v0_2;spectral_peak;owner_supplied_audio
BE-003:pitch:03810,BE-003:onset:0866,151.045805,859.045805,254.640000,64,3.640000,38.4538,D2,75.3662,0.371519,0.938388,0.813419,0.819194,0.760000,,0.315985,2542.173,6,4,0.760000,0.180000,0.010000,0.050000,0.480000,0.320000,0.000000,0.000000,NOTE_HYPOTHESIS,shared_audio_intelligence_v0_2;spectral_peak;owner_supplied_audio
BE-003:pitch:03811,BE-003:onset:0866,151.045805,859.045805,254.640000,64,3.640000,49.8242,D3,145.3491,0.116100,0.930330,0.813419,0.815165,0.550000,,0.315985,2542.173,6,5,0.550000,0.350000,0.030000,0.070000,0.480000,0.320000,0.000000,0.000000,NOTE_HYPOTHESIS,shared_audio_intelligence_v0_2;spectral_peak;owner_supplied_audio
BE-003:pitch:03812,BE-003:onset:0866,151.045805,859.045805,254.640000,64,3.640000,67.0435,G4,392.9810,0.348299,0.799931,0.813419,0.749966,0.580000,,0.315985,2542.173,6,6,0.050000,0.300000,0.580000,0.070000,0.000000,0.450000,0.250000,0.200000,NOTE_HYPOTHESIS,shared_audio_intelligence_v0_2;spectral_peak;owner_supplied_audio
BE-003:pitch:03813,BE-003:onset:0867,151.231565,859.231565,254.960000,64,3.960000,61.8242,D4,290.6982,0.348299,1.000000,1.000000,0.850000,0.520000,,0.636121,1628.806,6,1,0.250000,0.520000,0.150000,0.080000,0.000000,0.450000,0.250000,0.200000,NOTE_HYPOTHESIS,shared_audio_intelligence_v0_2;spectral_peak;owner_supplied_audio
BE-003:pitch:03814,BE-003:onset:0867,151.231565,859.231565,254.960000,64,3.960000,73.8242,D5,581.3965,0.580499,1.000000,1.000000,0.850000,0.580000,,0.636121,1628.806,6,2,0.050000,0.300000,0.580000,0.070000,0.000000,0.120000,0.580000,0.220000,NOTE_HYPOTHESIS,shared_audio_intelligence_v0_2;spectral_peak;owner_supplied_audio
BE-003:pitch:03815,BE-003:onset:0867,151.231565,859.231565,254.960000,64,3.960000,47.7851,C3,129.1992,0.255420,1.000000,1.000000,0.850000,0.550000,,0.636121,1628.806,6,3,0.550000,0.350000,0.030000,0.070000,0.480000,0.320000,0.000000,0.000000,NOTE_HYPOTHESIS,shared_audio_intelligence_v0_2;spectral_peak;owner_supplied_audio
BE-003:pitch:03816,BE-003:onset:0867,151.231565,859.231565,254.960000,64,3.960000,57.4734,A3,226.0986,0.371519,1.000000,1.000000,0.850000,0.520000,,0.636121,1628.806,6,4,0.250000,0.520000,0.150000,0.080000,0.000000,0.450000,0.250000,0.200000,NOTE_HYPOTHESIS,shared_audio_intelligence_v0_2;spectral_peak;owner_supplied_audio
BE-003:pitch:03817,BE-003:onset:0867,151.231565,859.231565,254.960000,64,3.960000,80.8438,A5,872.0947,0.348299,1.000000,1.000000,0.850000,0.840000,,0.636121,1628.806,6,5,0.010000,0.080000,0.840000,0.070000,0.000000,0.120000,0.580000,0.220000,NOTE_HYPOTHESIS,shared_audio_intelligence_v0_2;spectral_peak;owner_supplied_audio
BE-003:pitch:03818,BE-003:onset:0867,151.231565,859.231565,254.960000,64,3.960000,85.8242,D6,1162.7930,0.812698,0.985979,1.000000,0.842989,0.840000,,0.636121,1628.806,6,6,0.010000,0.080000,0.840000,0.070000,0.000000,0.120000,0.580000,0.220000,NOTE_HYPOTHESIS,shared_audio_intelligence_v0_2;spectral_peak;owner_supplied_audio
BE-003:pitch:03819,BE-003:onset:0868,151.533424,859.533424,255.480000,64,4.480000,72.8347,C#5,549.0967,0.278639,1.000000,0.925144,0.850000,0.580000,,0.951165,1584.773,6,1,0.050000,0.300000,0.580000,0.070000,0.000000,0.120000,0.580000,0.220000,NOTE_HYPOTHESIS,shared_audio_intelligence_v0_2;spectral_peak;owner_supplied_audio
BE-003:pitch:03820,BE-003:onset:0868,151.533424,859.533424,255.480000,64,4.480000,73.8242,D5,581.3965,0.278639,1.000000,0.925144,0.850000,0.580000,,0.951165,1584.773,6,2,0.050000,0.300000,0.580000,0.070000,0.000000,0.120000,0.580000,0.220000,NOTE_HYPOTHESIS,shared_audio_intelligence_v0_2;spectral_peak;owner_supplied_audio
BE-003:pitch:03821,BE-003:onset:0868,151.533424,859.533424,255.480000,64,4.480000,60.8347,C#4,274.5483,0.278639,1.000000,0.925144,0.850000,0.520000,,0.951165,1584.773,6,3,0.250000,0.520000,0.150000,0.080000,0.000000,0.450000,0.250000,0.200000,NOTE_HYPOTHESIS,shared_audio_intelligence_v0_2;spectral_peak;owner_supplied_audio
BE-003:pitch:03822,BE-003:onset:0868,151.533424,859.533424,255.480000,64,4.480000,34.2788,A#1,59.2163,0.557279,1.000000,0.925144,0.850000,0.760000,,0.951165,1584.773,6,4,0.760000,0.180000,0.010000,0.050000,0.480000,0.320000,0.000000,0.000000,NOTE_HYPOTHESIS,shared_audio_intelligence_v0_2;spectral_peak;owner_supplied_audio
BE-003:pitch:03823,BE-003:onset:0868,151.533424,859.533424,255.480000,64,4.480000,61.8242,D4,290.6982,0.069660,1.000000,0.925144,0.850000,0.520000,,0.951165,1584.773,6,5,0.250000,0.520000,0.150000,0.080000,0.000000,0.450000,0.250000,0.200000,NOTE_HYPOTHESIS,shared_audio_intelligence_v0_2;spectral_peak;owner_supplied_audio
BE-003:pitch:03824,BE-003:onset:0868,151.533424,859.533424,255.480000,64,4.480000,85.9042,D6,1168.1763,0.464399,1.000000,0.925144,0.850000,0.840000,,0.951165,1584.773,6,6,0.010000,0.080000,0.840000,0.070000,0.000000,0.120000,0.580000,0.220000,NOTE_HYPOTHESIS,shared_audio_intelligence_v0_2;spectral_peak;owner_supplied_audio
BE-003:pitch:03825,BE-003:onset:0869,151.695964,859.695964,255.760000,64,4.760000,72.8347,C#5,549.0967,0.139320,1.000000,0.509814,0.850000,0.580000,,0.838861,1945.793,6,1,0.050000,0.300000,0.580000,0.070000,0.000000,0.120000,0.580000,0.220000,NOTE_HYPOTHESIS,shared_audio_intelligence_v0_2;spectral_peak;owner_supplied_audio
BE-003:pitch:03826,BE-003:onset:0869,151.695964,859.695964,255.760000,64,4.760000,60.8347,C#4,274.5483,0.116100,1.000000,0.509814,0.850000,0.520000,,0.838861,1945.793,6,2,0.250000,0.520000,0.150000,0.080000,0.000000,0.450000,0.250000,0.200000,NOTE_HYPOTHESIS,shared_audio_intelligence_v0_2;spectral_peak;owner_supplied_audio
BE-003:pitch:03827,BE-003:onset:0869,151.695964,859.695964,255.760000,64,4.760000,32.6287,A1,53.8330,0.348299,1.000000,0.509814,0.850000,0.760000,,0.838861,1945.793,6,3,0.760000,0.180000,0.010000,0.050000,0.480000,0.320000,0.000000,0.000000,NOTE_HYPOTHESIS,shared_audio_intelligence_v0_2;spectral_peak;owner_supplied_audio
BE-003:pitch:03828,BE-003:onset:0869,151.695964,859.695964,255.760000,64,4.760000,45.4734,A2,113.0493,0.208980,1.000000,0.509814,0.850000,0.550000,,0.838861,1945.793,6,4,0.550000,0.350000,0.030000,0.070000,0.480000,0.320000,0.000000,0.000000,NOTE_HYPOTHESIS,shared_audio_intelligence_v0_2;spectral_peak;owner_supplied_audio
BE-003:pitch:03829,BE-003:onset:0869,151.695964,859.695964,255.760000,64,4.760000,73.9838,D5,586.7798,0.139320,1.000000,0.509814,0.850000,0.580000,,0.838861,1945.793,6,5,0.050000,0.300000,0.580000,0.070000,0.000000,0.120000,0.580000,0.220000,NOTE_HYPOTHESIS,shared_audio_intelligence_v0_2;spectral_peak;owner_supplied_audio
BE-003:pitch:03830,BE-003:onset:0869,151.695964,859.695964,255.760000,64,4.760000,67.0435,G4,392.9810,1.091338,1.000000,0.509814,0.850000,0.580000,,0.838861,1945.793,6,6,0.050000,0.300000,0.580000,0.070000,0.000000,0.450000,0.250000,0.200000,NOTE_HYPOTHESIS,shared_audio_intelligence_v0_2;spectral_peak;owner_supplied_audio
BE-003:pitch:03831,BE-003:onset:0870,151.835283,859.835283,256.000000,65,1.000000,66.8047,G4,387.5977,0.208980,1.000000,0.820205,0.850000,0.580000,,0.758051,1767.196,6,1,0.050000,0.300000,0.580000,0.070000,0.000000,0.450000,0.250000,0.200000,NOTE_HYPOTHESIS,shared_audio_intelligence_v0_2;spectral_peak;owner_supplied_audio
BE-003:pitch:03832,BE-003:onset:0870,151.835283,859.835283,256.000000,65,1.000000,78.9245,G5,780.5786,0.208980,1.000000,0.820205,0.850000,0.840000,,0.758051,1767.196,6,2,0.010000,0.080000,0.840000,0.070000,0.000000,0.120000,0.580000,0.220000,NOTE_HYPOTHESIS,shared_audio_intelligence_v0_2;spectral_peak;owner_supplied_audio
BE-003:pitch:03833,BE-003:onset:0870,151.835283,859.835283,256.000000,65,1.000000,32.6287,A1,53.8330,0.232200,1.000000,0.820205,0.850000,0.760000,,0.758051,1767.196,6,3,0.760000,0.180000,0.010000,0.050000,0.480000,0.320000,0.000000,0.000000,NOTE_HYPOTHESIS,shared_audio_intelligence_v0_2;spectral_peak;owner_supplied_audio
BE-003:pitch:03834,BE-003:onset:0870,151.835283,859.835283,256.000000,65,1.000000,44.6287,A2,107.6660,0.069660,1.000000,0.820205,0.850000,0.760000,,0.758051,1767.196,6,4,0.760000,0.180000,0.010000,0.050000,0.480000,0.320000,0.000000,0.000000,NOTE_HYPOTHESIS,shared_audio_intelligence_v0_2;spectral_peak;owner_supplied_audio
BE-003:pitch:03835,BE-003:onset:0870,151.835283,859.835283,256.000000,65,1.000000,85.9042,D6,1168.1763,0.162540,0.996386,0.820205,0.848193,0.840000,,0.758051,1767.196,6,5,0.010000,0.080000,0.840000,0.070000,0.000000,0.120000,0.580000,0.220000,NOTE_HYPOTHESIS,shared_audio_intelligence_v0_2;spectral_peak;owner_supplied_audio
BE-003:pitch:03836,BE-003:onset:0870,151.835283,859.835283,256.000000,65,1.000000,73.0036,C#5,554.4800,0.092880,0.934095,0.820205,0.817047,0.580000,,0.758051,1767.196,6,6,0.050000,0.300000,0.580000,0.070000,0.000000,0.120000,0.580000,0.220000,NOTE_HYPOTHESIS,shared_audio_intelligence_v0_2;spectral_peak;owner_supplied_audio
BE-003:pitch:03837,BE-003:onset:0871,151.974603,859.974603,256.240000,65,1.240000,39.6483,E2,80.7495,0.301859,1.000000,0.539417,0.850000,0.760000,,0.572073,1995.873,6,1,0.760000,0.180000,0.010000,0.050000,0.480000,0.320000,0.000000,0.000000,NOTE_HYPOTHESIS,shared_audio_intelligence_v0_2;spectral_peak;owner_supplied_audio
BE-003:pitch:03838,BE-003:onset:0871,151.974603,859.974603,256.240000,65,1.240000,66.8047,G4,387.5977,0.766259,1.000000,0.539417,0.850000,0.580000,,0.572073,1995.873,6,2,0.050000,0.300000,0.580000,0.070000,0.000000,0.450000,0.250000,0.200000,NOTE_HYPOTHESIS,shared_audio_intelligence_v0_2;spectral_peak;owner_supplied_audio
BE-003:pitch:03839,BE-003:onset:0871,151.974603,859.974603,256.240000,65,1.240000,78.9245,G5,780.5786,0.301859,1.000000,0.539417,0.850000,0.840000,,0.572073,1995.873,6,3,0.010000,0.080000,0.840000,0.070000,0.000000,0.120000,0.580000,0.220000,NOTE_HYPOTHESIS,shared_audio_intelligence_v0_2;spectral_peak;owner_supplied_audio
BE-003:pitch:03840,BE-003:onset:0871,151.974603,859.974603,256.240000,65,1.240000,51.0613,D#3,156.1157,0.139320,1.000000,0.539417,0.850000,0.550000,,0.572073,1995.873,6,4,0.550000,0.350000,0.030000,0.070000,0.480000,0.320000,0.000000,0.000000,NOTE_HYPOTHESIS,shared_audio_intelligence_v0_2;spectral_peak;owner_supplied_audio
BE-003:pitch:03841,BE-003:onset:0871,151.974603,859.974603,256.240000,65,1.240000,69.8808,A#4,462.9639,0.232200,0.987138,0.539417,0.843569,0.580000,,0.572073,1995.873,6,5,0.050000,0.300000,0.580000,0.070000,0.000000,0.450000,0.250000,0.200000,NOTE_HYPOTHESIS,shared_audio_intelligence_v0_2;spectral_peak;owner_supplied_audio
BE-003:pitch:03842,BE-003:onset:0871,151.974603,859.974603,256.240000,65,1.240000,34.2788,A#1,59.2163,1.532517,0.981553,0.539417,0.840777,0.760000,,0.572073,1995.873,6,6,0.760000,0.180000,0.010000,0.050000,0.480000,0.320000,0.000000,0.000000,NOTE_HYPOTHESIS,shared_audio_intelligence_v0_2;spectral_peak;owner_supplied_audio
BE-003:pitch:03843,BE-003:onset:0872,152.113923,860.113923,256.480000,65,1.480000,39.6483,E2,80.7495,0.232200,1.000000,0.752422,0.850000,0.695860,,0.461534,2759.222,6,1,0.695860,0.164809,0.009952,0.129379,0.480000,0.320000,0.000000,0.000000,NOTE_HYPOTHESIS,shared_audio_intelligence_v0_2;spectral_peak;owner_supplied_audio
BE-003:pitch:03844,BE-003:onset:0872,152.113923,860.113923,256.480000,65,1.480000,66.8047,G4,387.5977,0.673379,1.000000,0.752422,0.850000,0.580000,,0.461534,2759.222,6,2,0.050000,0.300000,0.580000,0.070000,0.000000,0.450000,0.250000,0.200000,NOTE_HYPOTHESIS,shared_audio_intelligence_v0_2;spectral_peak;owner_supplied_audio
BE-003:pitch:03845,BE-003:onset:0872,152.113923,860.113923,256.480000,65,1.480000,56.1904,G#3,209.9487,0.325079,0.930638,0.752422,0.815319,0.469756,,0.461534,2759.222,6,3,0.225844,0.469756,0.147290,0.157109,0.000000,0.450000,0.250000,0.200000,NOTE_HYPOTHESIS,shared_audio_intelligence_v0_2;spectral_peak;owner_supplied_audio
BE-003:pitch:03846,BE-003:onset:0872,152.113923,860.113923,256.480000,65,1.480000,78.9245,G5,780.5786,0.534059,0.877366,0.752422,0.788683,0.840000,,0.461534,2759.222,6,4,0.010000,0.080000,0.840000,0.070000,0.000000,0.120000,0.580000,0.220000,NOTE_HYPOTHESIS,shared_audio_intelligence_v0_2;spectral_peak;owner_supplied_audio
BE-003:pitch:03847,BE-003:onset:0872,152.113923,860.113923,256.480000,65,1.480000,69.8808,A#4,462.9639,0.139320,0.848176,0.752422,0.774088,0.580000,,0.461534,2759.222,6,5,0.050000,0.300000,0.580000,0.070000,0.000000,0.450000,0.250000,0.200000,NOTE_HYPOTHESIS,shared_audio_intelligence_v0_2;spectral_peak;owner_supplied_audio
BE-003:pitch:03848,BE-003:onset:0872,152.113923,860.113923,256.480000,65,1.480000,57.0562,A3,220.7153,0.208980,0.796119,0.752422,0.748059,0.469756,,0.461534,2759.222,6,6,0.225844,0.469756,0.147290,0.157109,0.000000,0.450000,0.250000,0.200000,NOTE_HYPOTHESIS,shared_audio_intelligence_v0_2;spectral_peak;owner_supplied_audio
BE-003:pitch:03849,BE-003:onset:0873,152.230023,860.230023,256.680000,65,1.680000,35.7851,C2,64.5996,0.766259,1.000000,0.854689,0.850000,0.760000,,0.785735,1871.684,6,1,0.760000,0.180000,0.010000,0.050000,0.480000,0.320000,0.000000,0.000000,NOTE_HYPOTHESIS,shared_audio_intelligence_v0_2;spectral_peak;owner_supplied_audio
BE-003:pitch:03850,BE-003:onset:0873,152.230023,860.230023,256.680000,65,1.680000,84.9193,C#6,1103.5767,0.162540,1.000000,0.854689,0.850000,0.840000,,0.785735,1871.684,6,2,0.010000,0.080000,0.840000,0.070000,0.000000,0.120000,0.580000,0.220000,NOTE_HYPOTHESIS,shared_audio_intelligence_v0_2;spectral_peak;owner_supplied_audio
BE-003:pitch:03851,BE-003:onset:0873,152.230023,860.230023,256.680000,65,1.680000,73.0036,C#5,554.4800,0.952018,1.000000,0.854689,0.850000,0.580000,,0.785735,1871.684,6,3,0.050000,0.300000,0.580000,0.070000,0.000000,0.120000,0.580000,0.220000,NOTE_HYPOTHESIS,shared_audio_intelligence_v0_2;spectral_peak;owner_supplied_audio
BE-003:pitch:03852,BE-003:onset:0873,152.230023,860.230023,256.680000,65,1.680000,66.8047,G4,387.5977,0.534059,1.000000,0.854689,0.850000,0.580000,,0.785735,1871.684,6,4,0.050000,0.300000,0.580000,0.070000,0.000000,0.450000,0.250000,0.200000,NOTE_HYPOTHESIS,shared_audio_intelligence_v0_2;spectral_peak;owner_supplied_audio
BE-003:pitch:03853,BE-003:onset:0873,152.230023,860.230023,256.680000,65,1.680000,54.8047,G3,193.7988,0.394739,1.000000,0.854689,0.850000,0.550000,,0.785735,1871.684,6,5,0.550000,0.350000,0.030000,0.070000,0.480000,0.320000,0.000000,0.000000,NOTE_HYPOTHESIS,shared_audio_intelligence_v0_2;spectral_peak;owner_supplied_audio
BE-003:pitch:03854,BE-003:onset:0873,152.230023,860.230023,256.680000,65,1.680000,47.7851,C3,129.1992,0.301859,1.000000,0.854689,0.850000,0.550000,,0.785735,1871.684,6,6,0.550000,0.350000,0.030000,0.070000,0.480000,0.320000,0.000000,0.000000,NOTE_HYPOTHESIS,shared_audio_intelligence_v0_2;spectral_peak;owner_supplied_audio
BE-003:pitch:03855,BE-003:onset:0874,152.439002,860.439002,257.041667,65,2.041667,72.8347,C#5,549.0967,0.185760,1.000000,1.000000,0.850000,0.580000,,0.908249,1985.982,6,1,0.050000,0.300000,0.580000,0.070000,0.000000,0.120000,0.580000,0.220000,NOTE_HYPOTHESIS,shared_audio_intelligence_v0_2;spectral_peak;owner_supplied_audio
BE-003:pitch:03856,BE-003:onset:0874,152.439002,860.439002,257.041667,65,2.041667,67.0435,G4,392.9810,0.301859,1.000000,1.000000,0.850000,0.580000,,0.908249,1985.982,6,2,0.050000,0.300000,0.580000,0.070000,0.000000,0.450000,0.250000,0.200000,NOTE_HYPOTHESIS,shared_audio_intelligence_v0_2;spectral_peak;owner_supplied_audio
BE-003:pitch:03857,BE-003:onset:0874,152.439002,860.439002,257.041667,65,2.041667,35.7851,C2,64.5996,1.532517,1.000000,1.000000,0.850000,0.760000,,0.908249,1985.982,6,3,0.760000,0.180000,0.010000,0.050000,0.480000,0.320000,0.000000,0.000000,NOTE_HYPOTHESIS,shared_audio_intelligence_v0_2;spectral_peak;owner_supplied_audio
BE-003:pitch:03858,BE-003:onset:0874,152.439002,860.439002,257.041667,65,2.041667,73.8242,D5,581.3965,0.301859,1.000000,1.000000,0.850000,0.580000,,0.908249,1985.982,6,4,0.050000,0.300000,0.580000,0.070000,0.000000,0.120000,0.580000,0.220000,NOTE_HYPOTHESIS,shared_audio_intelligence_v0_2;spectral_peak;owner_supplied_audio
BE-003:pitch:03859,BE-003:onset:0874,152.439002,860.439002,257.041667,65,2.041667,54.8047,G3,193.7988,0.208980,0.996794,1.000000,0.848397,0.550000,,0.908249,1985.982,6,5,0.550000,0.350000,0.030000,0.070000,0.480000,0.320000,0.000000,0.000000,NOTE_HYPOTHESIS,shared_audio_intelligence_v0_2;spectral_peak;owner_supplied_audio
BE-003:pitch:03860,BE-003:onset:0874,152.439002,860.439002,257.041667,65,2.041667,60.8347,C#4,274.5483,0.185760,0.983443,1.000000,0.841721,0.520000,,0.908249,1985.982,6,6,0.250000,0.520000,0.150000,0.080000,0.000000,0.450000,0.250000,0.200000,NOTE_HYPOTHESIS,shared_audio_intelligence_v0_2;spectral_peak;owner_supplied_audio
BE-003:pitch:03861,BE-003:onset:0875,152.555102,860.555102,257.250000,65,2.250000,83.8751,C6,1038.9771,0.162540,1.000000,0.579218,0.850000,0.840000,,0.969565,1635.684,6,1,0.010000,0.080000,0.840000,0.070000,0.000000,0.120000,0.580000,0.220000,NOTE_HYPOTHESIS,shared_audio_intelligence_v0_2;spectral_peak;owner_supplied_audio
BE-003:pitch:03862,BE-003:onset:0875,152.555102,860.555102,257.250000,65,2.250000,32.6287,A1,53.8330,0.301859,1.000000,0.579218,0.850000,0.760000,,0.969565,1635.684,6,2,0.760000,0.180000,0.010000,0.050000,0.480000,0.320000,0.000000,0.000000,NOTE_HYPOTHESIS,shared_audio_intelligence_v0_2;spectral_peak;owner_supplied_audio
BE-003:pitch:03863,BE-003:onset:0875,152.555102,860.555102,257.250000,65,2.250000,73.0036,C#5,554.4800,0.626939,1.000000,0.579218,0.850000,0.580000,,0.969565,1635.684,6,3,0.050000,0.300000,0.580000,0.070000,0.000000,0.120000,0.580000,0.220000,NOTE_HYPOTHESIS,shared_audio_intelligence_v0_2;spectral_peak;owner_supplied_audio
BE-003:pitch:03864,BE-003:onset:0875,152.555102,860.555102,257.250000,65,2.250000,45.4734,A2,113.0493,0.232200,1.000000,0.579218,0.850000,0.550000,,0.969565,1635.684,6,4,0.550000,0.350000,0.030000,0.070000,0.480000,0.320000,0.000000,0.000000,NOTE_HYPOTHESIS,shared_audio_intelligence_v0_2;spectral_peak;owner_supplied_audio
BE-003:pitch:03865,BE-003:onset:0875,152.555102,860.555102,257.250000,65,2.250000,71.9645,C5,522.1802,0.278639,1.000000,0.579218,0.850000,0.580000,,0.969565,1635.684,6,5,0.050000,0.300000,0.580000,0.070000,0.000000,0.120000,0.580000,0.220000,NOTE_HYPOTHESIS,shared_audio_intelligence_v0_2;spectral_peak;owner_supplied_audio
BE-003:pitch:03866,BE-003:onset:0875,152.555102,860.555102,257.250000,65,2.250000,66.8047,G4,387.5977,0.185760,1.000000,0.579218,0.850000,0.580000,,0.969565,1635.684,6,6,0.050000,0.300000,0.580000,0.070000,0.000000,0.450000,0.250000,0.200000,NOTE_HYPOTHESIS,shared_audio_intelligence_v0_2;spectral_peak;owner_supplied_audio
BE-003:pitch:03867,BE-003:onset:0876,152.717642,860.717642,257.541667,65,2.541667,84.9193,C#6,1103.5767,0.139320,1.000000,1.000000,0.850000,0.840000,,0.781375,1979.217,6,1,0.010000,0.080000,0.840000,0.070000,0.000000,0.120000,0.580000,0.220000,NOTE_HYPOTHESIS,shared_audio_intelligence_v0_2;spectral_peak;owner_supplied_audio
BE-003:pitch:03868,BE-003:onset:0876,152.717642,860.717642,257.541667,65,2.541667,73.0036,C#5,554.4800,0.464399,1.000000,1.000000,0.850000,0.580000,,0.781375,1979.217,6,2,0.050000,0.300000,0.580000,0.070000,0.000000,0.120000,0.580000,0.220000,NOTE_HYPOTHESIS,shared_audio_intelligence_v0_2;spectral_peak;owner_supplied_audio
BE-003:pitch:03869,BE-003:onset:0876,152.717642,860.717642,257.541667,65,2.541667,32.6287,A1,53.8330,0.139320,1.000000,1.000000,0.850000,0.760000,,0.781375,1979.217,6,3,0.760000,0.180000,0.010000,0.050000,0.480000,0.320000,0.000000,0.000000,NOTE_HYPOTHESIS,shared_audio_intelligence_v0_2;spectral_peak;owner_supplied_audio
BE-003:pitch:03870,BE-003:onset:0876,152.717642,860.717642,257.541667,65,2.541667,44.6287,A2,107.6660,0.092880,1.000000,1.000000,0.850000,0.760000,,0.781375,1979.217,6,4,0.760000,0.180000,0.010000,0.050000,0.480000,0.320000,0.000000,0.000000,NOTE_HYPOTHESIS,shared_audio_intelligence_v0_2;spectral_peak;owner_supplied_audio
BE-003:pitch:03871,BE-003:onset:0876,152.717642,860.717642,257.541667,65,2.541667,97.0456,C#7,2223.3032,0.116100,1.000000,1.000000,0.850000,0.840000,,0.781375,1979.217,6,5,0.010000,0.080000,0.840000,0.070000,0.000000,0.120000,0.580000,0.220000,NOTE_HYPOTHESIS,shared_audio_intelligence_v0_2;spectral_peak;owner_supplied_audio
BE-003:pitch:03872,BE-003:onset:0876,152.717642,860.717642,257.541667,65,2.541667,71.9645,C5,522.1802,0.139320,0.993566,1.000000,0.846783,0.580000,,0.781375,1979.217,6,6,0.050000,0.300000,0.580000,0.070000,0.000000,0.120000,0.580000,0.220000,NOTE_HYPOTHESIS,shared_audio_intelligence_v0_2;spectral_peak;owner_supplied_audio
BE-003:pitch:03873,BE-003:onset:0877,152.787302,860.787302,257.666667,65,2.666667,84.9193,C#6,1103.5767,0.069660,1.000000,0.725637,0.850000,0.840000,,0.724223,2105.938,6,1,0.010000,0.080000,0.840000,0.070000,0.000000,0.120000,0.580000,0.220000,NOTE_HYPOTHESIS,shared_audio_intelligence_v0_2;spectral_peak;owner_supplied_audio
BE-003:pitch:03874,BE-003:onset:0877,152.787302,860.787302,257.666667,65,2.666667,72.8347,C#5,549.0967,0.394739,1.000000,0.725637,0.850000,0.580000,,0.724223,2105.938,6,2,0.050000,0.300000,0.580000,0.070000,0.000000,0.120000,0.580000,0.220000,NOTE_HYPOTHESIS,shared_audio_intelligence_v0_2;spectral_peak;owner_supplied_audio
BE-003:pitch:03875,BE-003:onset:0877,152.787302,860.787302,257.666667,65,2.666667,37.1709,C#2,69.9829,1.207438,1.000000,0.725637,0.850000,0.760000,,0.724223,2105.938,6,3,0.760000,0.180000,0.010000,0.050000,0.480000,0.320000,0.000000,0.000000,NOTE_HYPOTHESIS,shared_audio_intelligence_v0_2;spectral_peak;owner_supplied_audio
BE-003:pitch:03876,BE-003:onset:0877,152.787302,860.787302,257.666667,65,2.666667,34.2788,A#1,59.2163,0.162540,1.000000,0.725637,0.850000,0.760000,,0.724223,2105.938,6,4,0.760000,0.180000,0.010000,0.050000,0.480000,0.320000,0.000000,0.000000,NOTE_HYPOTHESIS,shared_audio_intelligence_v0_2;spectral_peak;owner_supplied_audio
BE-003:pitch:03877,BE-003:onset:0877,152.787302,860.787302,257.666667,65,2.666667,49.8242,D3,145.3491,0.255420,1.000000,0.725637,0.850000,0.550000,,0.724223,2105.938,6,5,0.550000,0.350000,0.030000,0.070000,0.480000,0.320000,0.000000,0.000000,NOTE_HYPOTHESIS,shared_audio_intelligence_v0_2;spectral_peak;owner_supplied_audio
BE-003:pitch:03878,BE-003:onset:0877,152.787302,860.787302,257.666667,65,2.666667,43.7407,G#2,102.2827,0.069660,0.892288,0.725637,0.796144,0.760000,,0.724223,2105.938,6,6,0.760000,0.180000,0.010000,0.050000,0.480000,0.320000,0.000000,0.000000,NOTE_HYPOTHESIS,shared_audio_intelligence_v0_2;spectral_peak;owner_supplied_audio
BE-003:pitch:03879,BE-003:onset:0878,152.973061,860.973061,258.000000,65,3.000000,74.9115,D#5,619.0796,0.185760,1.000000,1.000000,0.850000,0.580000,,1.000000,1655.259,3,1,0.050000,0.300000,0.580000,0.070000,0.000000,0.120000,0.580000,0.220000,NOTE_HYPOTHESIS,shared_audio_intelligence_v0_2;spectral_peak;owner_supplied_audio
BE-003:pitch:03880,BE-003:onset:0878,152.973061,860.973061,258.000000,65,3.000000,73.0036,C#5,554.4800,0.185760,1.000000,1.000000,0.850000,0.580000,,1.000000,1655.259,3,2,0.050000,0.300000,0.580000,0.070000,0.000000,0.120000,0.580000,0.220000,NOTE_HYPOTHESIS,shared_audio_intelligence_v0_2;spectral_peak;owner_supplied_audio
BE-003:pitch:03881,BE-003:onset:0878,152.973061,860.973061,258.000000,65,3.000000,38.4538,D2,75.3662,0.464399,1.000000,1.000000,0.850000,0.760000,,1.000000,1655.259,3,3,0.760000,0.180000,0.010000,0.050000,0.480000,0.320000,0.000000,0.000000,NOTE_HYPOTHESIS,shared_audio_intelligence_v0_2;spectral_peak;owner_supplied_audio
BE-003:pitch:03882,BE-003:onset:0879,153.112381,861.112381,258.230769,65,3.230769,35.7851,C2,64.5996,0.835918,1.000000,0.656958,0.850000,0.760000,,0.966963,1850.710,6,1,0.760000,0.180000,0.010000,0.050000,0.480000,0.320000,0.000000,0.000000,NOTE_HYPOTHESIS,shared_audio_intelligence_v0_2;spectral_peak;owner_supplied_audio
BE-003:pitch:03883,BE-003:onset:0879,153.112381,861.112381,258.230769,65,3.230769,74.9115,D#5,619.0796,0.348299,1.000000,0.656958,0.850000,0.580000,,0.966963,1850.710,6,2,0.050000,0.300000,0.580000,0.070000,0.000000,0.120000,0.580000,0.220000,NOTE_HYPOTHESIS,shared_audio_intelligence_v0_2;spectral_peak;owner_supplied_audio
BE-003:pitch:03884,BE-003:onset:0879,153.112381,861.112381,258.230769,65,3.230769,87.9344,E6,1313.5254,0.116100,1.000000,0.656958,0.850000,0.840000,,0.966963,1850.710,6,3,0.010000,0.080000,0.840000,0.070000,0.000000,0.120000,0.580000,0.220000,NOTE_HYPOTHESIS,shared_audio_intelligence_v0_2;spectral_peak;owner_supplied_audio
BE-003:pitch:03885,BE-003:onset:0879,153.112381,861.112381,258.230769,65,3.230769,73.0036,C#5,554.4800,0.092880,1.000000,0.656958,0.850000,0.580000,,0.966963,1850.710,6,4,0.050000,0.300000,0.580000,0.070000,0.000000,0.120000,0.580000,0.220000,NOTE_HYPOTHESIS,shared_audio_intelligence_v0_2;spectral_peak;owner_supplied_audio
BE-003:pitch:03886,BE-003:onset:0879,153.112381,861.112381,258.230769,65,3.230769,75.9344,E5,656.7627,0.139320,1.000000,0.656958,0.850000,0.580000,,0.966963,1850.710,6,5,0.050000,0.300000,0.580000,0.070000,0.000000,0.120000,0.580000,0.220000,NOTE_HYPOTHESIS,shared_audio_intelligence_v0_2;spectral_peak;owner_supplied_audio
BE-003:pitch:03887,BE-003:onset:0879,153.112381,861.112381,258.230769,65,3.230769,47.7851,C3,129.1992,0.441179,1.000000,0.656958,0.850000,0.550000,,0.966963,1850.710,6,6,0.550000,0.350000,0.030000,0.070000,0.480000,0.320000,0.000000,0.000000,NOTE_HYPOTHESIS,shared_audio_intelligence_v0_2;spectral_peak;owner_supplied_audio
BE-003:pitch:03888,BE-003:onset:0880,153.251701,861.251701,258.461538,65,3.461538,74.9115,D#5,619.0796,0.185760,1.000000,0.741150,0.850000,0.580000,,0.760202,1962.532,4,1,0.050000,0.300000,0.580000,0.070000,0.000000,0.120000,0.580000,0.220000,NOTE_HYPOTHESIS,shared_audio_intelligence_v0_2;spectral_peak;owner_supplied_audio
BE-003:pitch:03889,BE-003:onset:0880,153.251701,861.251701,258.461538,65,3.461538,86.9866,D#6,1243.5425,0.116100,1.000000,0.741150,0.850000,0.840000,,0.760202,1962.532,4,2,0.010000,0.080000,0.840000,0.070000,0.000000,0.120000,0.580000,0.220000,NOTE_HYPOTHESIS,shared_audio_intelligence_v0_2;spectral_peak;owner_supplied_audio
BE-003:pitch:03890,BE-003:onset:0880,153.251701,861.251701,258.461538,65,3.461538,35.7851,C2,64.5996,0.743039,1.000000,0.741150,0.850000,0.760000,,0.760202,1962.532,4,3,0.760000,0.180000,0.010000,0.050000,0.480000,0.320000,0.000000,0.000000,NOTE_HYPOTHESIS,shared_audio_intelligence_v0_2;spectral_peak;owner_supplied_audio
BE-003:pitch:03891,BE-003:onset:0880,153.251701,861.251701,258.461538,65,3.461538,47.7851,C3,129.1992,0.301859,0.995758,0.741150,0.847879,0.550000,,0.760202,1962.532,4,4,0.550000,0.350000,0.030000,0.070000,0.480000,0.320000,0.000000,0.000000,NOTE_HYPOTHESIS,shared_audio_intelligence_v0_2;spectral_peak;owner_supplied_audio
BE-003:pitch:03892,BE-003:onset:0881,153.391020,861.391020,258.692308,65,3.692308,84.9193,C#6,1103.5767,0.139320,1.000000,1.000000,0.850000,0.840000,,0.757329,1767.223,6,1,0.010000,0.080000,0.840000,0.070000,0.000000,0.120000,0.580000,0.220000,NOTE_HYPOTHESIS,shared_audio_intelligence_v0_2;spectral_peak;owner_supplied_audio
BE-003:pitch:03893,BE-003:onset:0881,153.391020,861.391020,258.692308,65,3.692308,74.9115,D#5,619.0796,0.069660,1.000000,1.000000,0.850000,0.580000,,0.757329,1767.223,6,2,0.050000,0.300000,0.580000,0.070000,0.000000,0.120000,0.580000,0.220000,NOTE_HYPOTHESIS,shared_audio_intelligence_v0_2;spectral_peak;owner_supplied_audio
BE-003:pitch:03894,BE-003:onset:0881,153.391020,861.391020,258.692308,65,3.692308,73.0036,C#5,554.4800,0.301859,1.000000,1.000000,0.850000,0.580000,,0.757329,1767.223,6,3,0.050000,0.300000,0.580000,0.070000,0.000000,0.120000,0.580000,0.220000,NOTE_HYPOTHESIS,shared_audio_intelligence_v0_2;spectral_peak;owner_supplied_audio
BE-003:pitch:03895,BE-003:onset:0881,153.391020,861.391020,258.692308,65,3.692308,32.6287,A1,53.8330,0.371519,1.000000,1.000000,0.850000,0.760000,,0.757329,1767.223,6,4,0.760000,0.180000,0.010000,0.050000,0.480000,0.320000,0.000000,0.000000,NOTE_HYPOTHESIS,shared_audio_intelligence_v0_2;spectral_peak;owner_supplied_audio
BE-003:pitch:03896,BE-003:onset:0881,153.391020,861.391020,258.692308,65,3.692308,46.2788,A#2,118.4326,0.278639,0.980783,1.000000,0.840392,0.550000,,0.757329,1767.223,6,5,0.550000,0.350000,0.030000,0.070000,0.480000,0.320000,0.000000,0.000000,NOTE_HYPOTHESIS,shared_audio_intelligence_v0_2;spectral_peak;owner_supplied_audio
BE-003:pitch:03897,BE-003:onset:0881,153.391020,861.391020,258.692308,65,3.692308,97.0456,C#7,2223.3032,0.116100,0.971125,1.000000,0.835563,0.840000,,0.757329,1767.223,6,6,0.010000,0.080000,0.840000,0.070000,0.000000,0.120000,0.580000,0.220000,NOTE_HYPOTHESIS,shared_audio_intelligence_v0_2;spectral_peak;owner_supplied_audio
BE-003:pitch:03898,BE-003:onset:0882,153.553560,861.553560,258.961538,65,3.961538,34.2788,A#1,59.2163,0.162540,1.000000,0.785235,0.850000,0.760000,,0.774810,1625.404,6,1,0.760000,0.180000,0.010000,0.050000,0.480000,0.320000,0.000000,0.000000,NOTE_HYPOTHESIS,shared_audio_intelligence_v0_2;spectral_peak;owner_supplied_audio
BE-003:pitch:03899,BE-003:onset:0882,153.553560,861.553560,258.961538,65,3.961538,83.9645,C6,1044.3604,0.139320,1.000000,0.785235,0.850000,0.840000,,0.774810,1625.404,6,2,0.010000,0.080000,0.840000,0.070000,0.000000,0.120000,0.580000,0.220000,NOTE_HYPOTHESIS,shared_audio_intelligence_v0_2;spectral_peak;owner_supplied_audio
BE-003:pitch:03900,BE-003:onset:0882,153.553560,861.553560,258.961538,65,3.961538,73.0036,C#5,554.4800,0.208980,1.000000,0.785235,0.850000,0.580000,,0.774810,1625.404,6,3,0.050000,0.300000,0.580000,0.070000,0.000000,0.120000,0.580000,0.220000,NOTE_HYPOTHESIS,shared_audio_intelligence_v0_2;spectral_peak;owner_supplied_audio
BE-003:pitch:03901,BE-003:onset:0882,153.553560,861.553560,258.961538,65,3.961538,59.7851,C4,258.3984,0.139320,1.000000,0.785235,0.850000,0.520000,,0.774810,1625.404,6,4,0.250000,0.520000,0.150000,0.080000,0.000000,0.450000,0.250000,0.200000,NOTE_HYPOTHESIS,shared_audio_intelligence_v0_2;spectral_peak;owner_supplied_audio
BE-003:pitch:03902,BE-003:onset:0882,153.553560,861.553560,258.961538,65,3.961538,71.9645,C5,522.1802,0.301859,1.000000,0.785235,0.850000,0.580000,,0.774810,1625.404,6,5,0.050000,0.300000,0.580000,0.070000,0.000000,0.120000,0.580000,0.220000,NOTE_HYPOTHESIS,shared_audio_intelligence_v0_2;spectral_peak;owner_supplied_audio
BE-003:pitch:03903,BE-003:onset:0882,153.553560,861.553560,258.961538,65,3.961538,65.8151,F#4,366.0645,0.255420,0.973651,0.785235,0.836825,0.580000,,0.774810,1625.404,6,6,0.050000,0.300000,0.580000,0.070000,0.000000,0.450000,0.250000,0.200000,NOTE_HYPOTHESIS,shared_audio_intelligence_v0_2;spectral_peak;owner_supplied_audio
BE-003:pitch:03904,BE-003:onset:0883,153.716100,861.716100,259.240000,65,4.240000,37.1709,C#2,69.9829,0.278639,1.000000,0.529454,0.850000,0.760000,,0.619597,1965.147,6,1,0.760000,0.180000,0.010000,0.050000,0.480000,0.320000,0.000000,0.000000,NOTE_HYPOTHESIS,shared_audio_intelligence_v0_2;spectral_peak;owner_supplied_audio
BE-003:pitch:03905,BE-003:onset:0883,153.716100,861.716100,259.240000,65,4.240000,49.8242,D3,145.3491,0.255420,1.000000,0.529454,0.850000,0.550000,,0.619597,1965.147,6,2,0.550000,0.350000,0.030000,0.070000,0.480000,0.320000,0.000000,0.000000,NOTE_HYPOTHESIS,shared_audio_intelligence_v0_2;spectral_peak;owner_supplied_audio
BE-003:pitch:03906,BE-003:onset:0883,153.716100,861.716100,259.240000,65,4.240000,81.8808,A#5,925.9277,0.162540,1.000000,0.529454,0.850000,0.840000,,0.619597,1965.147,6,3,0.010000,0.080000,0.840000,0.070000,0.000000,0.120000,0.580000,0.220000,NOTE_HYPOTHESIS,shared_audio_intelligence_v0_2;spectral_peak;owner_supplied_audio
BE-003:pitch:03907,BE-003:onset:0883,153.716100,861.716100,259.240000,65,4.240000,69.8808,A#4,462.9639,0.255420,0.967693,0.529454,0.833846,0.580000,,0.619597,1965.147,6,4,0.050000,0.300000,0.580000,0.070000,0.000000,0.450000,0.250000,0.200000,NOTE_HYPOTHESIS,shared_audio_intelligence_v0_2;spectral_peak;owner_supplied_audio
BE-003:pitch:03908,BE-003:onset:0883,153.716100,861.716100,259.240000,65,4.240000,71.9645,C5,522.1802,0.603719,0.966839,0.529454,0.833419,0.580000,,0.619597,1965.147,6,5,0.050000,0.300000,0.580000,0.070000,0.000000,0.120000,0.580000,0.220000,NOTE_HYPOTHESIS,shared_audio_intelligence_v0_2;spectral_peak;owner_supplied_audio
BE-003:pitch:03909,BE-003:onset:0883,153.716100,861.716100,259.240000,65,4.240000,65.8151,F#4,366.0645,0.116100,0.956202,0.529454,0.828101,0.580000,,0.619597,1965.147,6,6,0.050000,0.300000,0.580000,0.070000,0.000000,0.450000,0.250000,0.200000,NOTE_HYPOTHESIS,shared_audio_intelligence_v0_2;spectral_peak;owner_supplied_audio
BE-003:pitch:03910,BE-003:onset:0884,153.855420,861.855420,259.480000,65,4.480000,37.1709,C#2,69.9829,0.139320,1.000000,0.863969,0.850000,0.760000,,0.607545,2426.878,6,1,0.760000,0.180000,0.010000,0.050000,0.480000,0.320000,0.000000,0.000000,NOTE_HYPOTHESIS,shared_audio_intelligence_v0_2;spectral_peak;owner_supplied_audio
BE-003:pitch:03911,BE-003:onset:0884,153.855420,861.855420,259.480000,65,4.480000,49.8242,D3,145.3491,0.139320,1.000000,0.863969,0.850000,0.550000,,0.607545,2426.878,6,2,0.550000,0.350000,0.030000,0.070000,0.480000,0.320000,0.000000,0.000000,NOTE_HYPOTHESIS,shared_audio_intelligence_v0_2;spectral_peak;owner_supplied_audio
BE-003:pitch:03912,BE-003:onset:0884,153.855420,861.855420,259.480000,65,4.480000,56.1904,G#3,209.9487,0.116100,1.000000,0.863969,0.850000,0.520000,,0.607545,2426.878,6,3,0.250000,0.520000,0.150000,0.080000,0.000000,0.450000,0.250000,0.200000,NOTE_HYPOTHESIS,shared_audio_intelligence_v0_2;spectral_peak;owner_supplied_audio
BE-003:pitch:03913,BE-003:onset:0884,153.855420,861.855420,259.480000,65,4.480000,69.8808,A#4,462.9639,0.116100,0.892880,0.863969,0.796440,0.580000,,0.607545,2426.878,6,4,0.050000,0.300000,0.580000,0.070000,0.000000,0.450000,0.250000,0.200000,NOTE_HYPOTHESIS,shared_audio_intelligence_v0_2;spectral_peak;owner_supplied_audio
BE-003:pitch:03914,BE-003:onset:0884,153.855420,861.855420,259.480000,65,4.480000,54.3170,F#3,188.4155,0.325079,0.858495,0.863969,0.779248,0.550000,,0.607545,2426.878,6,5,0.550000,0.350000,0.030000,0.070000,0.480000,0.320000,0.000000,0.000000,NOTE_HYPOTHESIS,shared_audio_intelligence_v0_2;spectral_peak;owner_supplied_audio
BE-003:pitch:03915,BE-003:onset:0884,153.855420,861.855420,259.480000,65,4.480000,81.8808,A#5,925.9277,0.069660,0.821868,0.863969,0.760934,0.840000,,0.607545,2426.878,6,6,0.010000,0.080000,0.840000,0.070000,0.000000,0.120000,0.580000,0.220000,NOTE_HYPOTHESIS,shared_audio_intelligence_v0_2;spectral_peak;owner_supplied_audio
BE-003:pitch:03916,BE-003:onset:0885,153.971519,861.971519,259.680000,65,4.680000,83.8751,C6,1038.9771,0.162540,1.000000,1.000000,0.850000,0.840000,,0.874919,1842.234,4,1,0.010000,0.080000,0.840000,0.070000,0.000000,0.120000,0.580000,0.220000,NOTE_HYPOTHESIS,shared_audio_intelligence_v0_2;spectral_peak;owner_supplied_audio
BE-003:pitch:03917,BE-003:onset:0885,153.971519,861.971519,259.680000,65,4.680000,42.8047,G2,96.8994,0.301859,1.000000,1.000000,0.850000,0.760000,,0.874919,1842.234,4,2,0.760000,0.180000,0.010000,0.050000,0.480000,0.320000,0.000000,0.000000,NOTE_HYPOTHESIS,shared_audio_intelligence_v0_2;spectral_peak;owner_supplied_audio
BE-003:pitch:03918,BE-003:onset:0885,153.971519,861.971519,259.680000,65,4.680000,71.9645,C5,522.1802,0.232200,1.000000,1.000000,0.850000,0.580000,,0.874919,1842.234,4,3,0.050000,0.300000,0.580000,0.070000,0.000000,0.120000,0.580000,0.220000,NOTE_HYPOTHESIS,shared_audio_intelligence_v0_2;spectral_peak;owner_supplied_audio
BE-003:pitch:03919,BE-003:onset:0885,153.971519,861.971519,259.680000,65,4.680000,90.9841,G6,1566.5405,0.139320,1.000000,1.000000,0.850000,0.840000,,0.874919,1842.234,4,4,0.010000,0.080000,0.840000,0.070000,0.000000,0.120000,0.580000,0.220000,NOTE_HYPOTHESIS,shared_audio_intelligence_v0_2;spectral_peak;owner_supplied_audio
BE-003:pitch:03920,BE-003:onset:0886,154.157279,862.157279,260.000000,66,1.000000,42.8047,G2,96.8994,0.185760,1.000000,0.869806,0.850000,0.760000,,0.781379,1788.457,6,1,0.760000,0.180000,0.010000,0.050000,0.480000,0.320000,0.000000,0.000000,NOTE_HYPOTHESIS,shared_audio_intelligence_v0_2;spectral_peak;owner_supplied_audio
BE-003:pitch:03921,BE-003:onset:0886,154.157279,862.157279,260.000000,66,1.000000,63.9344,E4,328.3813,0.185760,1.000000,0.869806,0.850000,0.520000,,0.781379,1788.457,6,2,0.250000,0.520000,0.150000,0.080000,0.000000,0.450000,0.250000,0.200000,NOTE_HYPOTHESIS,shared_audio_intelligence_v0_2;spectral_peak;owner_supplied_audio
BE-003:pitch:03922,BE-003:onset:0886,154.157279,862.157279,260.000000,66,1.000000,71.9645,C5,522.1802,0.162540,1.000000,0.869806,0.850000,0.580000,,0.781379,1788.457,6,3,0.050000,0.300000,0.580000,0.070000,0.000000,0.120000,0.580000,0.220000,NOTE_HYPOTHESIS,shared_audio_intelligence_v0_2;spectral_peak;owner_supplied_audio
BE-003:pitch:03923,BE-003:onset:0886,154.157279,862.157279,260.000000,66,1.000000,40.7656,F2,86.1328,0.232200,0.952053,0.869806,0.826026,0.760000,,0.781379,1788.457,6,4,0.760000,0.180000,0.010000,0.050000,0.480000,0.320000,0.000000,0.000000,NOTE_HYPOTHESIS,shared_audio_intelligence_v0_2;spectral_peak;owner_supplied_audio
BE-003:pitch:03924,BE-003:onset:0886,154.157279,862.157279,260.000000,66,1.000000,83.9645,C6,1044.3604,0.069660,0.950757,0.869806,0.825379,0.840000,,0.781379,1788.457,6,5,0.010000,0.080000,0.840000,0.070000,0.000000,0.120000,0.580000,0.220000,NOTE_HYPOTHESIS,shared_audio_intelligence_v0_2;spectral_peak;owner_supplied_audio
BE-003:pitch:03925,BE-003:onset:0886,154.157279,862.157279,260.000000,66,1.000000,57.8808,A#3,231.4819,0.278639,0.892669,0.869806,0.796335,0.520000,,0.781379,1788.457,6,6,0.250000,0.520000,0.150000,0.080000,0.000000,0.450000,0.250000,0.200000,NOTE_HYPOTHESIS,shared_audio_intelligence_v0_2;spectral_peak;owner_supplied_audio
BE-003:pitch:03926,BE-003:onset:0887,154.250159,862.250159,260.166667,66,1.166667,84.9193,C#6,1103.5767,0.139320,1.000000,0.716530,0.850000,0.840000,,0.750176,1999.235,6,1,0.010000,0.080000,0.840000,0.070000,0.000000,0.120000,0.580000,0.220000,NOTE_HYPOTHESIS,shared_audio_intelligence_v0_2;spectral_peak;owner_supplied_audio
BE-003:pitch:03927,BE-003:onset:0887,154.250159,862.250159,260.166667,66,1.166667,43.7407,G#2,102.2827,0.139320,1.000000,0.716530,0.850000,0.760000,,0.750176,1999.235,6,2,0.760000,0.180000,0.010000,0.050000,0.480000,0.320000,0.000000,0.000000,NOTE_HYPOTHESIS,shared_audio_intelligence_v0_2;spectral_peak;owner_supplied_audio
BE-003:pitch:03928,BE-003:onset:0887,154.250159,862.250159,260.166667,66,1.166667,73.0036,C#5,554.4800,0.278639,1.000000,0.716530,0.850000,0.580000,,0.750176,1999.235,6,3,0.050000,0.300000,0.580000,0.070000,0.000000,0.120000,0.580000,0.220000,NOTE_HYPOTHESIS,shared_audio_intelligence_v0_2;spectral_peak;owner_supplied_audio
BE-003:pitch:03929,BE-003:onset:0887,154.250159,862.250159,260.166667,66,1.166667,63.9344,E4,328.3813,0.185760,0.997365,0.716530,0.848682,0.520000,,0.750176,1999.235,6,4,0.250000,0.520000,0.150000,0.080000,0.000000,0.450000,0.250000,0.200000,NOTE_HYPOTHESIS,shared_audio_intelligence_v0_2;spectral_peak;owner_supplied_audio
BE-003:pitch:03930,BE-003:onset:0887,154.250159,862.250159,260.166667,66,1.166667,62.4538,D4,301.4648,0.371519,0.981612,0.716530,0.840806,0.520000,,0.750176,1999.235,6,5,0.250000,0.520000,0.150000,0.080000,0.000000,0.450000,0.250000,0.200000,NOTE_HYPOTHESIS,shared_audio_intelligence_v0_2;spectral_peak;owner_supplied_audio
BE-003:pitch:03931,BE-003:onset:0887,154.250159,862.250159,260.166667,66,1.166667,97.0456,C#7,2223.3032,0.139320,0.909875,0.716530,0.804938,0.840000,,0.750176,1999.235,6,6,0.010000,0.080000,0.840000,0.070000,0.000000,0.120000,0.580000,0.220000,NOTE_HYPOTHESIS,shared_audio_intelligence_v0_2;spectral_peak;owner_supplied_audio
BE-003:pitch:03932,BE-003:onset:0888,154.435918,862.435918,260.500000,66,1.500000,74.9115,D#5,619.0796,0.139320,1.000000,1.000000,0.850000,0.580000,,0.821346,1977.793,2,1,0.050000,0.300000,0.580000,0.070000,0.000000,0.120000,0.580000,0.220000,NOTE_HYPOTHESIS,shared_audio_intelligence_v0_2;spectral_peak;owner_supplied_audio
BE-003:pitch:03933,BE-003:onset:0888,154.435918,862.435918,260.500000,66,1.500000,86.9115,D#6,1238.1592,0.116100,1.000000,1.000000,0.850000,0.840000,,0.821346,1977.793,2,2,0.010000,0.080000,0.840000,0.070000,0.000000,0.120000,0.580000,0.220000,NOTE_HYPOTHESIS,shared_audio_intelligence_v0_2;spectral_peak;owner_supplied_audio
BE-003:pitch:03934,BE-003:onset:0889,154.552018,862.552018,260.708333,66,1.708333,87.9344,E6,1313.5254,0.116100,1.000000,1.000000,0.850000,0.840000,,0.764298,1897.033,5,1,0.010000,0.080000,0.840000,0.070000,0.000000,0.120000,0.580000,0.220000,NOTE_HYPOTHESIS,shared_audio_intelligence_v0_2;spectral_peak;owner_supplied_audio
BE-003:pitch:03935,BE-003:onset:0889,154.552018,862.552018,260.708333,66,1.708333,49.8242,D3,145.3491,0.185760,1.000000,1.000000,0.850000,0.550000,,0.764298,1897.033,5,2,0.550000,0.350000,0.030000,0.070000,0.480000,0.320000,0.000000,0.000000,NOTE_HYPOTHESIS,shared_audio_intelligence_v0_2;spectral_peak;owner_supplied_audio
BE-003:pitch:03936,BE-003:onset:0889,154.552018,862.552018,260.708333,66,1.708333,74.9115,D#5,619.0796,0.092880,1.000000,1.000000,0.850000,0.580000,,0.764298,1897.033,5,3,0.050000,0.300000,0.580000,0.070000,0.000000,0.120000,0.580000,0.220000,NOTE_HYPOTHESIS,shared_audio_intelligence_v0_2;spectral_peak;owner_supplied_audio
BE-003:pitch:03937,BE-003:onset:0889,154.552018,862.552018,260.708333,66,1.708333,75.9344,E5,656.7627,0.139320,1.000000,1.000000,0.850000,0.580000,,0.764298,1897.033,5,4,0.050000,0.300000,0.580000,0.070000,0.000000,0.120000,0.580000,0.220000,NOTE_HYPOTHESIS,shared_audio_intelligence_v0_2;spectral_peak;owner_supplied_audio
BE-003:pitch:03938,BE-003:onset:0889,154.552018,862.552018,260.708333,66,1.708333,42.8047,G2,96.8994,0.092880,0.877903,1.000000,0.788952,0.760000,,0.764298,1897.033,5,5,0.760000,0.180000,0.010000,0.050000,0.480000,0.320000,0.000000,0.000000,NOTE_HYPOTHESIS,shared_audio_intelligence_v0_2;spectral_peak;owner_supplied_audio
BE-003:pitch:03939,BE-003:onset:0890,154.714558,862.714558,261.000000,66,2.000000,77.9420,F#5,737.5122,0.162540,1.000000,1.000000,0.850000,0.840000,,1.000000,1687.864,1,1,0.010000,0.080000,0.840000,0.070000,0.000000,0.120000,0.580000,0.220000,NOTE_HYPOTHESIS,shared_audio_intelligence_v0_2;spectral_peak;owner_supplied_audio
BE-003:pitch:03940,BE-003:onset:0891,154.853878,862.853878,261.240000,66,2.240000,78.9245,G5,780.5786,0.139320,1.000000,0.689528,0.850000,0.840000,,1.000000,1785.827,3,1,0.010000,0.080000,0.840000,0.070000,0.000000,0.120000,0.580000,0.220000,NOTE_HYPOTHESIS,shared_audio_intelligence_v0_2;spectral_peak;owner_supplied_audio
BE-003:pitch:03941,BE-003:onset:0891,154.853878,862.853878,261.240000,66,2.240000,77.9420,F#5,737.5122,0.394739,1.000000,0.689528,0.850000,0.840000,,1.000000,1785.827,3,2,0.010000,0.080000,0.840000,0.070000,0.000000,0.120000,0.580000,0.220000,NOTE_HYPOTHESIS,shared_audio_intelligence_v0_2;spectral_peak;owner_supplied_audio
BE-003:pitch:03942,BE-003:onset:0891,154.853878,862.853878,261.240000,66,2.240000,48.4919,C3,134.5825,0.278639,1.000000,0.689528,0.850000,0.550000,,1.000000,1785.827,3,3,0.550000,0.350000,0.030000,0.070000,0.480000,0.320000,0.000000,0.000000,NOTE_HYPOTHESIS,shared_audio_intelligence_v0_2;spectral_peak;owner_supplied_audio
BE-003:pitch:03943,BE-003:onset:0892,155.016417,863.016417,261.520000,66,2.520000,77.9420,F#5,737.5122,0.185760,1.000000,1.000000,0.850000,0.840000,,1.000000,2128.363,2,1,0.010000,0.080000,0.840000,0.070000,0.000000,0.120000,0.580000,0.220000,NOTE_HYPOTHESIS,shared_audio_intelligence_v0_2;spectral_peak;owner_supplied_audio
BE-003:pitch:03944,BE-003:onset:0892,155.016417,863.016417,261.520000,66,2.520000,47.7851,C3,129.1992,0.116100,1.000000,1.000000,0.850000,0.550000,,1.000000,2128.363,2,2,0.550000,0.350000,0.030000,0.070000,0.480000,0.320000,0.000000,0.000000,NOTE_HYPOTHESIS,shared_audio_intelligence_v0_2;spectral_peak;owner_supplied_audio
BE-003:pitch:03945,BE-003:onset:0893,155.132517,863.132517,261.720000,66,2.720000,77.9420,F#5,737.5122,0.092880,1.000000,1.000000,0.850000,0.840000,,0.989484,2002.185,5,1,0.010000,0.080000,0.840000,0.070000,0.000000,0.120000,0.580000,0.220000,NOTE_HYPOTHESIS,shared_audio_intelligence_v0_2;spectral_peak;owner_supplied_audio
BE-003:pitch:03946,BE-003:onset:0893,155.132517,863.132517,261.720000,66,2.720000,87.9344,E6,1313.5254,0.139320,1.000000,1.000000,0.850000,0.840000,,0.989484,2002.185,5,2,0.010000,0.080000,0.840000,0.070000,0.000000,0.120000,0.580000,0.220000,NOTE_HYPOTHESIS,shared_audio_intelligence_v0_2;spectral_peak;owner_supplied_audio
BE-003:pitch:03947,BE-003:onset:0893,155.132517,863.132517,261.720000,66,2.720000,45.4734,A2,113.0493,0.232200,1.000000,1.000000,0.850000,0.550000,,0.989484,2002.185,5,3,0.550000,0.350000,0.030000,0.070000,0.480000,0.320000,0.000000,0.000000,NOTE_HYPOTHESIS,shared_audio_intelligence_v0_2;spectral_peak;owner_supplied_audio
BE-003:pitch:03948,BE-003:onset:0893,155.132517,863.132517,261.720000,66,2.720000,75.9344,E5,656.7627,0.139320,0.993229,1.000000,0.846614,0.580000,,0.989484,2002.185,5,4,0.050000,0.300000,0.580000,0.070000,0.000000,0.120000,0.580000,0.220000,NOTE_HYPOTHESIS,shared_audio_intelligence_v0_2;spectral_peak;owner_supplied_audio
BE-003:pitch:03949,BE-003:onset:0893,155.132517,863.132517,261.720000,66,2.720000,42.8047,G2,96.8994,0.859138,0.989778,1.000000,0.844889,0.760000,,0.989484,2002.185,5,5,0.760000,0.180000,0.010000,0.050000,0.480000,0.320000,0.000000,0.000000,NOTE_HYPOTHESIS,shared_audio_intelligence_v0_2;spectral_peak;owner_supplied_audio
BE-003:pitch:03950,BE-003:onset:0894,155.295057,863.295057,262.000000,66,3.000000,74.9115,D#5,619.0796,0.232200,1.000000,1.000000,0.850000,0.580000,,0.962022,1656.269,6,1,0.050000,0.300000,0.580000,0.070000,0.000000,0.120000,0.580000,0.220000,NOTE_HYPOTHESIS,shared_audio_intelligence_v0_2;spectral_peak;owner_supplied_audio
BE-003:pitch:03951,BE-003:onset:0894,155.295057,863.295057,262.000000,66,3.000000,45.4734,A2,113.0493,0.092880,1.000000,1.000000,0.850000,0.550000,,0.962022,1656.269,6,2,0.550000,0.350000,0.030000,0.070000,0.480000,0.320000,0.000000,0.000000,NOTE_HYPOTHESIS,shared_audio_intelligence_v0_2;spectral_peak;owner_supplied_audio
BE-003:pitch:03952,BE-003:onset:0894,155.295057,863.295057,262.000000,66,3.000000,63.9344,E4,328.3813,0.162540,1.000000,1.000000,0.850000,0.520000,,0.962022,1656.269,6,3,0.250000,0.520000,0.150000,0.080000,0.000000,0.450000,0.250000,0.200000,NOTE_HYPOTHESIS,shared_audio_intelligence_v0_2;spectral_peak;owner_supplied_audio
BE-003:pitch:03953,BE-003:onset:0894,155.295057,863.295057,262.000000,66,3.000000,86.9115,D#6,1238.1592,0.185760,1.000000,1.000000,0.850000,0.840000,,0.962022,1656.269,6,4,0.010000,0.080000,0.840000,0.070000,0.000000,0.120000,0.580000,0.220000,NOTE_HYPOTHESIS,shared_audio_intelligence_v0_2;spectral_peak;owner_supplied_audio
BE-003:pitch:03954,BE-003:onset:0894,155.295057,863.295057,262.000000,66,3.000000,57.8808,A#3,231.4819,0.348299,0.955039,1.000000,0.827519,0.520000,,0.962022,1656.269,6,5,0.250000,0.520000,0.150000,0.080000,0.000000,0.450000,0.250000,0.200000,NOTE_HYPOTHESIS,shared_audio_intelligence_v0_2;spectral_peak;owner_supplied_audio
BE-003:pitch:03955,BE-003:onset:0894,155.295057,863.295057,262.000000,66,3.000000,42.8047,G2,96.8994,0.719819,0.907136,1.000000,0.803568,0.760000,,0.962022,1656.269,6,6,0.760000,0.180000,0.010000,0.050000,0.480000,0.320000,0.000000,0.000000,NOTE_HYPOTHESIS,shared_audio_intelligence_v0_2;spectral_peak;owner_supplied_audio
BE-003:pitch:03956,BE-003:onset:0895,155.457596,863.457596,262.280000,66,3.280000,42.8047,G2,96.8994,0.394739,1.000000,0.578344,0.850000,0.760000,,0.757843,2144.629,5,1,0.760000,0.180000,0.010000,0.050000,0.480000,0.320000,0.000000,0.000000,NOTE_HYPOTHESIS,shared_audio_intelligence_v0_2;spectral_peak;owner_supplied_audio
BE-003:pitch:03957,BE-003:onset:0895,155.457596,863.457596,262.280000,66,3.280000,74.9115,D#5,619.0796,0.092880,1.000000,0.578344,0.850000,0.580000,,0.757843,2144.629,5,2,0.050000,0.300000,0.580000,0.070000,0.000000,0.120000,0.580000,0.220000,NOTE_HYPOTHESIS,shared_audio_intelligence_v0_2;spectral_peak;owner_supplied_audio
BE-003:pitch:03958,BE-003:onset:0895,155.457596,863.457596,262.280000,66,3.280000,84.9193,C#6,1103.5767,0.139320,0.978497,0.578344,0.839249,0.840000,,0.757843,2144.629,5,3,0.010000,0.080000,0.840000,0.070000,0.000000,0.120000,0.580000,0.220000,NOTE_HYPOTHESIS,shared_audio_intelligence_v0_2;spectral_peak;owner_supplied_audio
BE-003:pitch:03959,BE-003:onset:0895,155.457596,863.457596,262.280000,66,3.280000,73.0036,C#5,554.4800,0.441179,0.976336,0.578344,0.838168,0.580000,,0.757843,2144.629,5,4,0.050000,0.300000,0.580000,0.070000,0.000000,0.120000,0.580000,0.220000,NOTE_HYPOTHESIS,shared_audio_intelligence_v0_2;spectral_peak;owner_supplied_audio
BE-003:pitch:03960,BE-003:onset:0895,155.457596,863.457596,262.280000,66,3.280000,54.8047,G3,193.7988,0.882358,0.936968,0.578344,0.818484,0.550000,,0.757843,2144.629,5,5,0.550000,0.350000,0.030000,0.070000,0.480000,0.320000,0.000000,0.000000,NOTE_HYPOTHESIS,shared_audio_intelligence_v0_2;spectral_peak;owner_supplied_audio
BE-003:pitch:03961,BE-003:onset:0896,155.596916,863.596916,262.520000,66,3.520000,42.8047,G2,96.8994,0.371519,1.000000,0.627851,0.850000,0.760000,,0.647913,2148.876,6,1,0.760000,0.180000,0.010000,0.050000,0.480000,0.320000,0.000000,0.000000,NOTE_HYPOTHESIS,shared_audio_intelligence_v0_2;spectral_peak;owner_supplied_audio
BE-003:pitch:03962,BE-003:onset:0896,155.596916,863.596916,262.520000,66,3.520000,83.8751,C6,1038.9771,0.232200,1.000000,0.627851,0.850000,0.840000,,0.647913,2148.876,6,2,0.010000,0.080000,0.840000,0.070000,0.000000,0.120000,0.580000,0.220000,NOTE_HYPOTHESIS,shared_audio_intelligence_v0_2;spectral_peak;owner_supplied_audio
BE-003:pitch:03963,BE-003:onset:0896,155.596916,863.596916,262.520000,66,3.520000,71.9645,C5,522.1802,0.743039,1.000000,0.627851,0.850000,0.580000,,0.647913,2148.876,6,3,0.050000,0.300000,0.580000,0.070000,0.000000,0.120000,0.580000,0.220000,NOTE_HYPOTHESIS,shared_audio_intelligence_v0_2;spectral_peak;owner_supplied_audio
BE-003:pitch:03964,BE-003:onset:0896,155.596916,863.596916,262.520000,66,3.520000,72.8347,C#5,549.0967,0.278639,0.981260,0.627851,0.840630,0.580000,,0.647913,2148.876,6,4,0.050000,0.300000,0.580000,0.070000,0.000000,0.120000,0.580000,0.220000,NOTE_HYPOTHESIS,shared_audio_intelligence_v0_2;spectral_peak;owner_supplied_audio
BE-003:pitch:03965,BE-003:onset:0896,155.596916,863.596916,262.520000,66,3.520000,90.9841,G6,1566.5405,0.232200,0.893570,0.627851,0.796785,0.840000,,0.647913,2148.876,6,5,0.010000,0.080000,0.840000,0.070000,0.000000,0.120000,0.580000,0.220000,NOTE_HYPOTHESIS,shared_audio_intelligence_v0_2;spectral_peak;owner_supplied_audio
BE-003:pitch:03966,BE-003:onset:0896,155.596916,863.596916,262.520000,66,3.520000,54.8047,G3,193.7988,0.789478,0.860277,0.627851,0.780138,0.550000,,0.647913,2148.876,6,6,0.550000,0.350000,0.030000,0.070000,0.480000,0.320000,0.000000,0.000000,NOTE_HYPOTHESIS,shared_audio_intelligence_v0_2;spectral_peak;owner_supplied_audio
BE-003:pitch:03967,BE-003:onset:0897,155.759456,863.759456,262.800000,66,3.800000,40.7656,F2,86.1328,0.835918,1.000000,0.814560,0.850000,0.760000,,0.663228,2036.278,6,1,0.760000,0.180000,0.010000,0.050000,0.480000,0.320000,0.000000,0.000000,NOTE_HYPOTHESIS,shared_audio_intelligence_v0_2;spectral_peak;owner_supplied_audio
BE-003:pitch:03968,BE-003:onset:0897,155.759456,863.759456,262.800000,66,3.800000,83.9645,C6,1044.3604,0.092880,1.000000,0.814560,0.850000,0.840000,,0.663228,2036.278,6,2,0.010000,0.080000,0.840000,0.070000,0.000000,0.120000,0.580000,0.220000,NOTE_HYPOTHESIS,shared_audio_intelligence_v0_2;spectral_peak;owner_supplied_audio
BE-003:pitch:03969,BE-003:onset:0897,155.759456,863.759456,262.800000,66,3.800000,81.8808,A#5,925.9277,0.162540,1.000000,0.814560,0.850000,0.840000,,0.663228,2036.278,6,3,0.010000,0.080000,0.840000,0.070000,0.000000,0.120000,0.580000,0.220000,NOTE_HYPOTHESIS,shared_audio_intelligence_v0_2;spectral_peak;owner_supplied_audio
BE-003:pitch:03970,BE-003:onset:0897,155.759456,863.759456,262.800000,66,3.800000,69.8808,A#4,462.9639,0.301859,1.000000,0.814560,0.850000,0.580000,,0.663228,2036.278,6,4,0.050000,0.300000,0.580000,0.070000,0.000000,0.450000,0.250000,0.200000,NOTE_HYPOTHESIS,shared_audio_intelligence_v0_2;spectral_peak;owner_supplied_audio
BE-003:pitch:03971,BE-003:onset:0897,155.759456,863.759456,262.800000,66,3.800000,71.9645,C5,522.1802,0.580499,1.000000,0.814560,0.850000,0.580000,,0.663228,2036.278,6,5,0.050000,0.300000,0.580000,0.070000,0.000000,0.120000,0.580000,0.220000,NOTE_HYPOTHESIS,shared_audio_intelligence_v0_2;spectral_peak;owner_supplied_audio
BE-003:pitch:03972,BE-003:onset:0897,155.759456,863.759456,262.800000,66,3.800000,88.9673,F6,1394.2749,0.162540,0.979904,0.814560,0.839952,0.840000,,0.663228,2036.278,6,6,0.010000,0.080000,0.840000,0.070000,0.000000,0.120000,0.580000,0.220000,NOTE_HYPOTHESIS,shared_audio_intelligence_v0_2;spectral_peak;owner_supplied_audio
BE-003:pitch:03973,BE-003:onset:0898,155.898776,863.898776,263.040000,66,4.040000,63.9344,E4,328.3813,0.325079,1.000000,0.834587,0.850000,0.520000,,0.640400,1953.849,6,1,0.250000,0.520000,0.150000,0.080000,0.000000,0.450000,0.250000,0.200000,NOTE_HYPOTHESIS,shared_audio_intelligence_v0_2;spectral_peak;owner_supplied_audio
BE-003:pitch:03974,BE-003:onset:0898,155.898776,863.898776,263.040000,66,4.040000,69.8808,A#4,462.9639,0.162540,1.000000,0.834587,0.850000,0.580000,,0.640400,1953.849,6,2,0.050000,0.300000,0.580000,0.070000,0.000000,0.450000,0.250000,0.200000,NOTE_HYPOTHESIS,shared_audio_intelligence_v0_2;spectral_peak;owner_supplied_audio
BE-003:pitch:03975,BE-003:onset:0898,155.898776,863.898776,263.040000,66,4.040000,41.8151,F#2,91.5161,0.301859,1.000000,0.834587,0.850000,0.760000,,0.640400,1953.849,6,3,0.760000,0.180000,0.010000,0.050000,0.480000,0.320000,0.000000,0.000000,NOTE_HYPOTHESIS,shared_audio_intelligence_v0_2;spectral_peak;owner_supplied_audio
BE-003:pitch:03976,BE-003:onset:0898,155.898776,863.898776,263.040000,66,4.040000,57.8808,A#3,231.4819,0.534059,0.956656,0.834587,0.828328,0.520000,,0.640400,1953.849,6,4,0.250000,0.520000,0.150000,0.080000,0.000000,0.450000,0.250000,0.200000,NOTE_HYPOTHESIS,shared_audio_intelligence_v0_2;spectral_peak;owner_supplied_audio
BE-003:pitch:03977,BE-003:onset:0898,155.898776,863.898776,263.040000,66,4.040000,68.8438,A4,436.0474,0.255420,0.876268,0.834587,0.788134,0.580000,,0.640400,1953.849,6,5,0.050000,0.300000,0.580000,0.070000,0.000000,0.450000,0.250000,0.200000,NOTE_HYPOTHESIS,shared_audio_intelligence_v0_2;spectral_peak;owner_supplied_audio
BE-003:pitch:03978,BE-003:onset:0898,155.898776,863.898776,263.040000,66,4.040000,38.4538,D2,75.3662,1.532517,0.809147,0.834587,0.754574,0.760000,,0.640400,1953.849,6,6,0.760000,0.180000,0.010000,0.050000,0.480000,0.320000,0.000000,0.000000,NOTE_HYPOTHESIS,shared_audio_intelligence_v0_2;spectral_peak;owner_supplied_audio
BE-003:pitch:03979,BE-003:onset:0899,156.014875,864.014875,263.240000,66,4.240000,83.9645,C6,1044.3604,0.116100,1.000000,0.693200,0.850000,0.840000,,0.801002,1683.764,5,1,0.010000,0.080000,0.840000,0.070000,0.000000,0.120000,0.580000,0.220000,NOTE_HYPOTHESIS,shared_audio_intelligence_v0_2;spectral_peak;owner_supplied_audio
BE-003:pitch:03980,BE-003:onset:0899,156.014875,864.014875,263.240000,66,4.240000,39.6483,E2,80.7495,0.626939,1.000000,0.693200,0.850000,0.760000,,0.801002,1683.764,5,2,0.760000,0.180000,0.010000,0.050000,0.480000,0.320000,0.000000,0.000000,NOTE_HYPOTHESIS,shared_audio_intelligence_v0_2;spectral_peak;owner_supplied_audio
BE-003:pitch:03981,BE-003:onset:0899,156.014875,864.014875,263.240000,66,4.240000,71.9645,C5,522.1802,0.301859,1.000000,0.693200,0.850000,0.580000,,0.801002,1683.764,5,3,0.050000,0.300000,0.580000,0.070000,0.000000,0.120000,0.580000,0.220000,NOTE_HYPOTHESIS,shared_audio_intelligence_v0_2;spectral_peak;owner_supplied_audio
BE-003:pitch:03982,BE-003:onset:0899,156.014875,864.014875,263.240000,66,4.240000,64.2159,E4,333.7646,0.208980,1.000000,0.693200,0.850000,0.580000,,0.801002,1683.764,5,4,0.050000,0.300000,0.580000,0.070000,0.000000,0.450000,0.250000,0.200000,NOTE_HYPOTHESIS,shared_audio_intelligence_v0_2;spectral_peak;owner_supplied_audio
BE-003:pitch:03983,BE-003:onset:0899,156.014875,864.014875,263.240000,66,4.240000,90.9841,G6,1566.5405,0.092880,1.000000,0.693200,0.850000,0.840000,,0.801002,1683.764,5,5,0.010000,0.080000,0.840000,0.070000,0.000000,0.120000,0.580000,0.220000,NOTE_HYPOTHESIS,shared_audio_intelligence_v0_2;spectral_peak;owner_supplied_audio
BE-003:pitch:03984,BE-003:onset:0900,156.154195,864.154195,263.480000,66,4.480000,82.8591,B5,979.7607,0.232200,1.000000,0.844865,0.850000,0.840000,,0.717584,2336.373,6,1,0.010000,0.080000,0.840000,0.070000,0.000000,0.120000,0.580000,0.220000,NOTE_HYPOTHESIS,shared_audio_intelligence_v0_2;spectral_peak;owner_supplied_audio
BE-003:pitch:03985,BE-003:onset:0900,156.154195,864.154195,263.480000,66,4.480000,71.9645,C5,522.1802,0.208980,1.000000,0.844865,0.850000,0.580000,,0.717584,2336.373,6,2,0.050000,0.300000,0.580000,0.070000,0.000000,0.120000,0.580000,0.220000,NOTE_HYPOTHESIS,shared_audio_intelligence_v0_2;spectral_peak;owner_supplied_audio
BE-003:pitch:03986,BE-003:onset:0900,156.154195,864.154195,263.480000,66,4.480000,56.1904,G#3,209.9487,0.139320,0.998509,0.844865,0.849254,0.520000,,0.717584,2336.373,6,3,0.250000,0.520000,0.150000,0.080000,0.000000,0.450000,0.250000,0.200000,NOTE_HYPOTHESIS,shared_audio_intelligence_v0_2;spectral_peak;owner_supplied_audio
BE-003:pitch:03987,BE-003:onset:0900,156.154195,864.154195,263.480000,66,4.480000,39.6483,E2,80.7495,0.673379,0.997259,0.844865,0.848629,0.760000,,0.717584,2336.373,6,4,0.760000,0.180000,0.010000,0.050000,0.480000,0.320000,0.000000,0.000000,NOTE_HYPOTHESIS,shared_audio_intelligence_v0_2;spectral_peak;owner_supplied_audio
BE-003:pitch:03988,BE-003:onset:0900,156.154195,864.154195,263.480000,66,4.480000,54.8047,G3,193.7988,0.185760,0.917024,0.844865,0.808512,0.550000,,0.717584,2336.373,6,5,0.550000,0.350000,0.030000,0.070000,0.480000,0.320000,0.000000,0.000000,NOTE_HYPOTHESIS,shared_audio_intelligence_v0_2;spectral_peak;owner_supplied_audio
BE-003:pitch:03989,BE-003:onset:0900,156.154195,864.154195,263.480000,66,4.480000,63.9344,E4,328.3813,0.162540,0.901780,0.844865,0.800890,0.520000,,0.717584,2336.373,6,6,0.250000,0.520000,0.150000,0.080000,0.000000,0.450000,0.250000,0.200000,NOTE_HYPOTHESIS,shared_audio_intelligence_v0_2;spectral_peak;owner_supplied_audio
BE-003:pitch:03990,BE-003:onset:0901,156.293515,864.293515,263.720000,66,4.720000,82.8591,B5,979.7607,0.092880,1.000000,0.902807,0.850000,0.840000,,0.671372,1940.376,6,1,0.010000,0.080000,0.840000,0.070000,0.000000,0.120000,0.580000,0.220000,NOTE_HYPOTHESIS,shared_audio_intelligence_v0_2;spectral_peak;owner_supplied_audio
BE-003:pitch:03991,BE-003:onset:0901,156.293515,864.293515,263.720000,66,4.720000,38.4538,D2,75.3662,0.534059,1.000000,0.902807,0.850000,0.760000,,0.671372,1940.376,6,2,0.760000,0.180000,0.010000,0.050000,0.480000,0.320000,0.000000,0.000000,NOTE_HYPOTHESIS,shared_audio_intelligence_v0_2;spectral_peak;owner_supplied_audio
BE-003:pitch:03992,BE-003:onset:0901,156.293515,864.293515,263.720000,66,4.720000,81.8808,A#5,925.9277,0.162540,1.000000,0.902807,0.850000,0.840000,,0.671372,1940.376,6,3,0.010000,0.080000,0.840000,0.070000,0.000000,0.120000,0.580000,0.220000,NOTE_HYPOTHESIS,shared_audio_intelligence_v0_2;spectral_peak;owner_supplied_audio
BE-003:pitch:03993,BE-003:onset:0901,156.293515,864.293515,263.720000,66,4.720000,69.8808,A#4,462.9639,0.255420,1.000000,0.902807,0.850000,0.580000,,0.671372,1940.376,6,4,0.050000,0.300000,0.580000,0.070000,0.000000,0.450000,0.250000,0.200000,NOTE_HYPOTHESIS,shared_audio_intelligence_v0_2;spectral_peak;owner_supplied_audio
BE-003:pitch:03994,BE-003:onset:0901,156.293515,864.293515,263.720000,66,4.720000,51.0613,D#3,156.1157,0.208980,0.961819,0.902807,0.830909,0.550000,,0.671372,1940.376,6,5,0.550000,0.350000,0.030000,0.070000,0.480000,0.320000,0.000000,0.000000,NOTE_HYPOTHESIS,shared_audio_intelligence_v0_2;spectral_peak;owner_supplied_audio
BE-003:pitch:03995,BE-003:onset:0901,156.293515,864.293515,263.720000,66,4.720000,88.9003,F6,1388.8916,0.139320,0.957654,0.902807,0.828827,0.840000,,0.671372,1940.376,6,6,0.010000,0.080000,0.840000,0.070000,0.000000,0.120000,0.580000,0.220000,NOTE_HYPOTHESIS,shared_audio_intelligence_v0_2;spectral_peak;owner_supplied_audio
BE-003:pitch:03996,BE-003:onset:0902,156.456054,864.456054,264.000000,67,1.000000,77.8151,F#5,732.1289,0.185760,1.000000,0.912217,0.850000,0.840000,,0.932853,1514.934,6,1,0.010000,0.080000,0.840000,0.070000,0.000000,0.120000,0.580000,0.220000,NOTE_HYPOTHESIS,shared_audio_intelligence_v0_2;spectral_peak;owner_supplied_audio
BE-003:pitch:03997,BE-003:onset:0902,156.456054,864.456054,264.000000,67,1.000000,39.6483,E2,80.7495,0.185760,1.000000,0.912217,0.850000,0.760000,,0.932853,1514.934,6,2,0.760000,0.180000,0.010000,0.050000,0.480000,0.320000,0.000000,0.000000,NOTE_HYPOTHESIS,shared_audio_intelligence_v0_2;spectral_peak;owner_supplied_audio
BE-003:pitch:03998,BE-003:onset:0902,156.456054,864.456054,264.000000,67,1.000000,65.8151,F#4,366.0645,0.325079,1.000000,0.912217,0.850000,0.580000,,0.932853,1514.934,6,3,0.050000,0.300000,0.580000,0.070000,0.000000,0.450000,0.250000,0.200000,NOTE_HYPOTHESIS,shared_audio_intelligence_v0_2;spectral_peak;owner_supplied_audio
BE-003:pitch:03999,BE-003:onset:0902,156.456054,864.456054,264.000000,67,1.000000,72.8347,C#5,549.0967,0.208980,1.000000,0.912217,0.850000,0.580000,,0.932853,1514.934,6,4,0.050000,0.300000,0.580000,0.070000,0.000000,0.120000,0.580000,0.220000,NOTE_HYPOTHESIS,shared_audio_intelligence_v0_2;spectral_peak;owner_supplied_audio
BE-003:pitch:04000,BE-003:onset:0902,156.456054,864.456054,264.000000,67,1.000000,89.9420,F#6,1475.0244,0.162540,0.961191,0.912217,0.830596,0.840000,,0.932853,1514.934,6,5,0.010000,0.080000,0.840000,0.070000,0.000000,0.120000,0.580000,0.220000,NOTE_HYPOTHESIS,shared_audio_intelligence_v0_2;spectral_peak;owner_supplied_audio