event_id,onset_group_id,relative_time_s,source_time_s,beat_position_est,bar_est,beat_in_bar_est,pitch_midi,note_name_nearest,frequency_hz,duration_s_est,spectral_confidence,onset_confidence,duration_confidence,instrument_confidence,alignment_confidence,dynamic_proxy,spectral_centroid_hz,polyphony_at_onset,peak_rank,bass_p,piano_lh_p,piano_rh_p,other_instrument_p,time_floor_role_p,harmonic_support_role_p,foreground_line_role_p,response_role_p,status,provenance
BE-003:pitch:04001,BE-003:onset:0902,156.456054,864.456054,264.000000,67,1.000000,84.9193,C#6,1103.5767,0.208980,0.960432,0.912217,0.830216,0.840000,,0.932853,1514.934,6,6,0.010000,0.080000,0.840000,0.070000,0.000000,0.120000,0.580000,0.220000,NOTE_HYPOTHESIS,shared_audio_intelligence_v0_2;spectral_peak;owner_supplied_audio
BE-003:pitch:04002,BE-003:onset:0903,156.595374,864.595374,264.240000,67,1.240000,35.7851,C2,64.5996,0.673379,1.000000,0.578693,0.850000,0.760000,,0.971292,1580.230,6,1,0.760000,0.180000,0.010000,0.050000,0.480000,0.320000,0.000000,0.000000,NOTE_HYPOTHESIS,shared_audio_intelligence_v0_2;spectral_peak;owner_supplied_audio
BE-003:pitch:04003,BE-003:onset:0903,156.595374,864.595374,264.240000,67,1.240000,66.8047,G4,387.5977,0.185760,1.000000,0.578693,0.850000,0.580000,,0.971292,1580.230,6,2,0.050000,0.300000,0.580000,0.070000,0.000000,0.450000,0.250000,0.200000,NOTE_HYPOTHESIS,shared_audio_intelligence_v0_2;spectral_peak;owner_supplied_audio
BE-003:pitch:04004,BE-003:onset:0903,156.595374,864.595374,264.240000,67,1.240000,65.8151,F#4,366.0645,0.139320,1.000000,0.578693,0.850000,0.580000,,0.971292,1580.230,6,3,0.050000,0.300000,0.580000,0.070000,0.000000,0.450000,0.250000,0.200000,NOTE_HYPOTHESIS,shared_audio_intelligence_v0_2;spectral_peak;owner_supplied_audio
BE-003:pitch:04005,BE-003:onset:0903,156.595374,864.595374,264.240000,67,1.240000,78.9245,G5,780.5786,0.162540,1.000000,0.578693,0.850000,0.840000,,0.971292,1580.230,6,4,0.010000,0.080000,0.840000,0.070000,0.000000,0.120000,0.580000,0.220000,NOTE_HYPOTHESIS,shared_audio_intelligence_v0_2;spectral_peak;owner_supplied_audio
BE-003:pitch:04006,BE-003:onset:0903,156.595374,864.595374,264.240000,67,1.240000,77.9420,F#5,737.5122,0.069660,1.000000,0.578693,0.850000,0.840000,,0.971292,1580.230,6,5,0.010000,0.080000,0.840000,0.070000,0.000000,0.120000,0.580000,0.220000,NOTE_HYPOTHESIS,shared_audio_intelligence_v0_2;spectral_peak;owner_supplied_audio
BE-003:pitch:04007,BE-003:onset:0903,156.595374,864.595374,264.240000,67,1.240000,73.0036,C#5,554.4800,0.162540,0.958009,0.578693,0.829004,0.580000,,0.971292,1580.230,6,6,0.050000,0.300000,0.580000,0.070000,0.000000,0.120000,0.580000,0.220000,NOTE_HYPOTHESIS,shared_audio_intelligence_v0_2;spectral_peak;owner_supplied_audio
BE-003:pitch:04008,BE-003:onset:0904,156.734694,864.734694,264.480000,67,1.480000,81.8808,A#5,925.9277,0.232200,1.000000,0.642403,0.850000,0.840000,,0.714607,1941.892,6,1,0.010000,0.080000,0.840000,0.070000,0.000000,0.120000,0.580000,0.220000,NOTE_HYPOTHESIS,shared_audio_intelligence_v0_2;spectral_peak;owner_supplied_audio
BE-003:pitch:04009,BE-003:onset:0904,156.734694,864.734694,264.480000,67,1.480000,69.8808,A#4,462.9639,0.278639,1.000000,0.642403,0.850000,0.580000,,0.714607,1941.892,6,2,0.050000,0.300000,0.580000,0.070000,0.000000,0.450000,0.250000,0.200000,NOTE_HYPOTHESIS,shared_audio_intelligence_v0_2;spectral_peak;owner_supplied_audio
BE-003:pitch:04010,BE-003:onset:0904,156.734694,864.734694,264.480000,67,1.480000,35.7851,C2,64.5996,1.532517,1.000000,0.642403,0.850000,0.760000,,0.714607,1941.892,6,3,0.760000,0.180000,0.010000,0.050000,0.480000,0.320000,0.000000,0.000000,NOTE_HYPOTHESIS,shared_audio_intelligence_v0_2;spectral_peak;owner_supplied_audio
BE-003:pitch:04011,BE-003:onset:0904,156.734694,864.734694,264.480000,67,1.480000,88.9673,F6,1394.2749,0.232200,1.000000,0.642403,0.850000,0.840000,,0.714607,1941.892,6,4,0.010000,0.080000,0.840000,0.070000,0.000000,0.120000,0.580000,0.220000,NOTE_HYPOTHESIS,shared_audio_intelligence_v0_2;spectral_peak;owner_supplied_audio
BE-003:pitch:04012,BE-003:onset:0904,156.734694,864.734694,264.480000,67,1.480000,66.8047,G4,387.5977,0.116100,1.000000,0.642403,0.850000,0.580000,,0.714607,1941.892,6,5,0.050000,0.300000,0.580000,0.070000,0.000000,0.450000,0.250000,0.200000,NOTE_HYPOTHESIS,shared_audio_intelligence_v0_2;spectral_peak;owner_supplied_audio
BE-003:pitch:04013,BE-003:onset:0904,156.734694,864.734694,264.480000,67,1.480000,66.0679,F#4,371.4478,0.162540,0.927810,0.642403,0.813905,0.580000,,0.714607,1941.892,6,6,0.050000,0.300000,0.580000,0.070000,0.000000,0.450000,0.250000,0.200000,NOTE_HYPOTHESIS,shared_audio_intelligence_v0_2;spectral_peak;owner_supplied_audio
BE-003:pitch:04014,BE-003:onset:0905,156.874014,864.874014,264.720000,67,1.720000,64.7656,F4,344.5312,0.162540,1.000000,0.892237,0.850000,0.580000,,0.915959,1544.395,6,1,0.050000,0.300000,0.580000,0.070000,0.000000,0.450000,0.250000,0.200000,NOTE_HYPOTHESIS,shared_audio_intelligence_v0_2;spectral_peak;owner_supplied_audio
BE-003:pitch:04015,BE-003:onset:0905,156.874014,864.874014,264.720000,67,1.720000,34.2788,A#1,59.2163,0.441179,1.000000,0.892237,0.850000,0.760000,,0.915959,1544.395,6,2,0.760000,0.180000,0.010000,0.050000,0.480000,0.320000,0.000000,0.000000,NOTE_HYPOTHESIS,shared_audio_intelligence_v0_2;spectral_peak;owner_supplied_audio
BE-003:pitch:04016,BE-003:onset:0905,156.874014,864.874014,264.720000,67,1.720000,81.8808,A#5,925.9277,0.092880,1.000000,0.892237,0.850000,0.840000,,0.915959,1544.395,6,3,0.010000,0.080000,0.840000,0.070000,0.000000,0.120000,0.580000,0.220000,NOTE_HYPOTHESIS,shared_audio_intelligence_v0_2;spectral_peak;owner_supplied_audio
BE-003:pitch:04017,BE-003:onset:0905,156.874014,864.874014,264.720000,67,1.720000,44.6287,A2,107.6660,0.232200,1.000000,0.892237,0.850000,0.760000,,0.915959,1544.395,6,4,0.760000,0.180000,0.010000,0.050000,0.480000,0.320000,0.000000,0.000000,NOTE_HYPOTHESIS,shared_audio_intelligence_v0_2;spectral_peak;owner_supplied_audio
BE-003:pitch:04018,BE-003:onset:0905,156.874014,864.874014,264.720000,67,1.720000,69.8808,A#4,462.9639,0.139320,1.000000,0.892237,0.850000,0.580000,,0.915959,1544.395,6,5,0.050000,0.300000,0.580000,0.070000,0.000000,0.450000,0.250000,0.200000,NOTE_HYPOTHESIS,shared_audio_intelligence_v0_2;spectral_peak;owner_supplied_audio
BE-003:pitch:04019,BE-003:onset:0905,156.874014,864.874014,264.720000,67,1.720000,88.9673,F6,1394.2749,0.139320,1.000000,0.892237,0.850000,0.840000,,0.915959,1544.395,6,6,0.010000,0.080000,0.840000,0.070000,0.000000,0.120000,0.580000,0.220000,NOTE_HYPOTHESIS,shared_audio_intelligence_v0_2;spectral_peak;owner_supplied_audio
BE-003:pitch:04020,BE-003:onset:0906,157.036553,865.036553,265.000000,67,2.000000,63.9344,E4,328.3813,0.208980,1.000000,0.580068,0.850000,0.520000,,0.900709,1679.707,5,1,0.250000,0.520000,0.150000,0.080000,0.000000,0.450000,0.250000,0.200000,NOTE_HYPOTHESIS,shared_audio_intelligence_v0_2;spectral_peak;owner_supplied_audio
BE-003:pitch:04021,BE-003:onset:0906,157.036553,865.036553,265.000000,67,2.000000,32.6287,A1,53.8330,0.278639,1.000000,0.580068,0.850000,0.760000,,0.900709,1679.707,5,2,0.760000,0.180000,0.010000,0.050000,0.480000,0.320000,0.000000,0.000000,NOTE_HYPOTHESIS,shared_audio_intelligence_v0_2;spectral_peak;owner_supplied_audio
BE-003:pitch:04022,BE-003:onset:0906,157.036553,865.036553,265.000000,67,2.000000,44.6287,A2,107.6660,0.092880,1.000000,0.580068,0.850000,0.760000,,0.900709,1679.707,5,3,0.760000,0.180000,0.010000,0.050000,0.480000,0.320000,0.000000,0.000000,NOTE_HYPOTHESIS,shared_audio_intelligence_v0_2;spectral_peak;owner_supplied_audio
BE-003:pitch:04023,BE-003:onset:0906,157.036553,865.036553,265.000000,67,2.000000,72.8347,C#5,549.0967,0.139320,1.000000,0.580068,0.850000,0.580000,,0.900709,1679.707,5,4,0.050000,0.300000,0.580000,0.070000,0.000000,0.120000,0.580000,0.220000,NOTE_HYPOTHESIS,shared_audio_intelligence_v0_2;spectral_peak;owner_supplied_audio
BE-003:pitch:04024,BE-003:onset:0906,157.036553,865.036553,265.000000,67,2.000000,65.0340,F4,349.9146,0.208980,0.927873,0.580068,0.813936,0.580000,,0.900709,1679.707,5,5,0.050000,0.300000,0.580000,0.070000,0.000000,0.450000,0.250000,0.200000,NOTE_HYPOTHESIS,shared_audio_intelligence_v0_2;spectral_peak;owner_supplied_audio
BE-003:pitch:04025,BE-003:onset:0907,157.175873,865.175873,265.240000,67,2.240000,38.4538,D2,75.3662,0.789478,1.000000,0.687676,0.850000,0.760000,,0.709313,1857.363,6,1,0.760000,0.180000,0.010000,0.050000,0.480000,0.320000,0.000000,0.000000,NOTE_HYPOTHESIS,shared_audio_intelligence_v0_2;spectral_peak;owner_supplied_audio
BE-003:pitch:04026,BE-003:onset:0907,157.175873,865.175873,265.240000,67,2.240000,62.7603,D#4,306.8481,0.278639,1.000000,0.687676,0.850000,0.520000,,0.709313,1857.363,6,2,0.250000,0.520000,0.150000,0.080000,0.000000,0.450000,0.250000,0.200000,NOTE_HYPOTHESIS,shared_audio_intelligence_v0_2;spectral_peak;owner_supplied_audio
BE-003:pitch:04027,BE-003:onset:0907,157.175873,865.175873,265.240000,67,2.240000,63.9344,E4,328.3813,0.092880,1.000000,0.687676,0.850000,0.520000,,0.709313,1857.363,6,3,0.250000,0.520000,0.150000,0.080000,0.000000,0.450000,0.250000,0.200000,NOTE_HYPOTHESIS,shared_audio_intelligence_v0_2;spectral_peak;owner_supplied_audio
BE-003:pitch:04028,BE-003:onset:0907,157.175873,865.175873,265.240000,67,2.240000,34.2788,A#1,59.2163,1.532517,1.000000,0.687676,0.850000,0.760000,,0.709313,1857.363,6,4,0.760000,0.180000,0.010000,0.050000,0.480000,0.320000,0.000000,0.000000,NOTE_HYPOTHESIS,shared_audio_intelligence_v0_2;spectral_peak;owner_supplied_audio
BE-003:pitch:04029,BE-003:onset:0907,157.175873,865.175873,265.240000,67,2.240000,74.9115,D#5,619.0796,0.232200,1.000000,0.687676,0.850000,0.580000,,0.709313,1857.363,6,5,0.050000,0.300000,0.580000,0.070000,0.000000,0.120000,0.580000,0.220000,NOTE_HYPOTHESIS,shared_audio_intelligence_v0_2;spectral_peak;owner_supplied_audio
BE-003:pitch:04030,BE-003:onset:0907,157.175873,865.175873,265.240000,67,2.240000,81.8808,A#5,925.9277,0.208980,1.000000,0.687676,0.850000,0.840000,,0.709313,1857.363,6,6,0.010000,0.080000,0.840000,0.070000,0.000000,0.120000,0.580000,0.220000,NOTE_HYPOTHESIS,shared_audio_intelligence_v0_2;spectral_peak;owner_supplied_audio
BE-003:pitch:04031,BE-003:onset:0908,157.431293,865.431293,265.680000,67,2.680000,37.1709,C#2,69.9829,0.928798,1.000000,0.602407,0.850000,0.760000,,0.487312,2137.139,3,1,0.760000,0.180000,0.010000,0.050000,0.480000,0.320000,0.000000,0.000000,NOTE_HYPOTHESIS,shared_audio_intelligence_v0_2;spectral_peak;owner_supplied_audio
BE-003:pitch:04032,BE-003:onset:0908,157.431293,865.431293,265.680000,67,2.680000,49.8242,D3,145.3491,0.278639,1.000000,0.602407,0.850000,0.550000,,0.487312,2137.139,3,2,0.550000,0.350000,0.030000,0.070000,0.480000,0.320000,0.000000,0.000000,NOTE_HYPOTHESIS,shared_audio_intelligence_v0_2;spectral_peak;owner_supplied_audio
BE-003:pitch:04033,BE-003:onset:0908,157.431293,865.431293,265.680000,67,2.680000,63.0613,D#4,312.2314,0.092880,1.000000,0.602407,0.850000,0.520000,,0.487312,2137.139,3,3,0.250000,0.520000,0.150000,0.080000,0.000000,0.450000,0.250000,0.200000,NOTE_HYPOTHESIS,shared_audio_intelligence_v0_2;spectral_peak;owner_supplied_audio
BE-003:pitch:04034,BE-003:onset:0909,157.617052,865.617052,266.000000,67,3.000000,38.4538,D2,75.3662,0.348299,1.000000,1.000000,0.850000,0.760000,,0.935154,1478.433,6,1,0.760000,0.180000,0.010000,0.050000,0.480000,0.320000,0.000000,0.000000,NOTE_HYPOTHESIS,shared_audio_intelligence_v0_2;spectral_peak;owner_supplied_audio
BE-003:pitch:04035,BE-003:onset:0909,157.617052,865.617052,266.000000,67,3.000000,49.8242,D3,145.3491,0.092880,1.000000,1.000000,0.850000,0.550000,,0.935154,1478.433,6,2,0.550000,0.350000,0.030000,0.070000,0.480000,0.320000,0.000000,0.000000,NOTE_HYPOTHESIS,shared_audio_intelligence_v0_2;spectral_peak;owner_supplied_audio
BE-003:pitch:04036,BE-003:onset:0909,157.617052,865.617052,266.000000,67,3.000000,71.7851,C5,516.7969,0.139320,1.000000,1.000000,0.850000,0.580000,,0.935154,1478.433,6,3,0.050000,0.300000,0.580000,0.070000,0.000000,0.120000,0.580000,0.220000,NOTE_HYPOTHESIS,shared_audio_intelligence_v0_2;spectral_peak;owner_supplied_audio
BE-003:pitch:04037,BE-003:onset:0909,157.617052,865.617052,266.000000,67,3.000000,59.7851,C4,258.3984,0.348299,0.960854,1.000000,0.830427,0.520000,,0.935154,1478.433,6,4,0.250000,0.520000,0.150000,0.080000,0.000000,0.450000,0.250000,0.200000,NOTE_HYPOTHESIS,shared_audio_intelligence_v0_2;spectral_peak;owner_supplied_audio
BE-003:pitch:04038,BE-003:onset:0909,157.617052,865.617052,266.000000,67,3.000000,65.8151,F#4,366.0645,0.255420,0.898173,1.000000,0.799086,0.580000,,0.935154,1478.433,6,5,0.050000,0.300000,0.580000,0.070000,0.000000,0.450000,0.250000,0.200000,NOTE_HYPOTHESIS,shared_audio_intelligence_v0_2;spectral_peak;owner_supplied_audio
BE-003:pitch:04039,BE-003:onset:0909,157.617052,865.617052,266.000000,67,3.000000,74.9115,D#5,619.0796,0.417959,0.867949,1.000000,0.783975,0.580000,,0.935154,1478.433,6,6,0.050000,0.300000,0.580000,0.070000,0.000000,0.120000,0.580000,0.220000,NOTE_HYPOTHESIS,shared_audio_intelligence_v0_2;spectral_peak;owner_supplied_audio
BE-003:pitch:04040,BE-003:onset:0910,157.709932,865.709932,266.160000,67,3.160000,74.9115,D#5,619.0796,0.208980,1.000000,0.985084,0.850000,0.580000,,1.000000,1769.491,6,1,0.050000,0.300000,0.580000,0.070000,0.000000,0.120000,0.580000,0.220000,NOTE_HYPOTHESIS,shared_audio_intelligence_v0_2;spectral_peak;owner_supplied_audio
BE-003:pitch:04041,BE-003:onset:0910,157.709932,865.709932,266.160000,67,3.160000,34.2788,A#1,59.2163,1.532517,1.000000,0.985084,0.850000,0.760000,,1.000000,1769.491,6,2,0.760000,0.180000,0.010000,0.050000,0.480000,0.320000,0.000000,0.000000,NOTE_HYPOTHESIS,shared_audio_intelligence_v0_2;spectral_peak;owner_supplied_audio
BE-003:pitch:04042,BE-003:onset:0910,157.709932,865.709932,266.160000,67,3.160000,37.1709,C#2,69.9829,0.673379,1.000000,0.985084,0.850000,0.760000,,1.000000,1769.491,6,3,0.760000,0.180000,0.010000,0.050000,0.480000,0.320000,0.000000,0.000000,NOTE_HYPOTHESIS,shared_audio_intelligence_v0_2;spectral_peak;owner_supplied_audio
BE-003:pitch:04043,BE-003:onset:0910,157.709932,865.709932,266.160000,67,3.160000,86.9115,D#6,1238.1592,0.162540,1.000000,0.985084,0.850000,0.840000,,1.000000,1769.491,6,4,0.010000,0.080000,0.840000,0.070000,0.000000,0.120000,0.580000,0.220000,NOTE_HYPOTHESIS,shared_audio_intelligence_v0_2;spectral_peak;owner_supplied_audio
BE-003:pitch:04044,BE-003:onset:0910,157.709932,865.709932,266.160000,67,3.160000,39.6483,E2,80.7495,0.301859,1.000000,0.985084,0.850000,0.760000,,1.000000,1769.491,6,5,0.760000,0.180000,0.010000,0.050000,0.480000,0.320000,0.000000,0.000000,NOTE_HYPOTHESIS,shared_audio_intelligence_v0_2;spectral_peak;owner_supplied_audio
BE-003:pitch:04045,BE-003:onset:0910,157.709932,865.709932,266.160000,67,3.160000,47.7851,C3,129.1992,0.441179,1.000000,0.985084,0.850000,0.550000,,1.000000,1769.491,6,6,0.550000,0.350000,0.030000,0.070000,0.480000,0.320000,0.000000,0.000000,NOTE_HYPOTHESIS,shared_audio_intelligence_v0_2;spectral_peak;owner_supplied_audio
BE-003:pitch:04046,BE-003:onset:0911,157.756372,865.756372,266.240000,67,3.240000,74.9115,D#5,619.0796,0.162540,1.000000,0.754607,0.850000,0.580000,,1.000000,1712.873,4,1,0.050000,0.300000,0.580000,0.070000,0.000000,0.120000,0.580000,0.220000,NOTE_HYPOTHESIS,shared_audio_intelligence_v0_2;spectral_peak;owner_supplied_audio
BE-003:pitch:04047,BE-003:onset:0911,157.756372,865.756372,266.240000,67,3.240000,35.7851,C2,64.5996,1.044898,1.000000,0.754607,0.850000,0.760000,,1.000000,1712.873,4,2,0.760000,0.180000,0.010000,0.050000,0.480000,0.320000,0.000000,0.000000,NOTE_HYPOTHESIS,shared_audio_intelligence_v0_2;spectral_peak;owner_supplied_audio
BE-003:pitch:04048,BE-003:onset:0911,157.756372,865.756372,266.240000,67,3.240000,86.9866,D#6,1243.5425,0.116100,1.000000,0.754607,0.850000,0.840000,,1.000000,1712.873,4,3,0.010000,0.080000,0.840000,0.070000,0.000000,0.120000,0.580000,0.220000,NOTE_HYPOTHESIS,shared_audio_intelligence_v0_2;spectral_peak;owner_supplied_audio
BE-003:pitch:04049,BE-003:onset:0911,157.756372,865.756372,266.240000,67,3.240000,47.7851,C3,129.1992,0.301859,1.000000,0.754607,0.850000,0.550000,,1.000000,1712.873,4,4,0.550000,0.350000,0.030000,0.070000,0.480000,0.320000,0.000000,0.000000,NOTE_HYPOTHESIS,shared_audio_intelligence_v0_2;spectral_peak;owner_supplied_audio
BE-003:pitch:04050,BE-003:onset:0912,157.895692,865.895692,266.480000,67,3.480000,73.8242,D5,581.3965,0.208980,1.000000,0.854051,0.850000,0.580000,,0.929367,2048.182,5,1,0.050000,0.300000,0.580000,0.070000,0.000000,0.120000,0.580000,0.220000,NOTE_HYPOTHESIS,shared_audio_intelligence_v0_2;spectral_peak;owner_supplied_audio
BE-003:pitch:04051,BE-003:onset:0912,157.895692,865.895692,266.480000,67,3.480000,35.7851,C2,64.5996,0.928798,1.000000,0.854051,0.850000,0.760000,,0.929367,2048.182,5,2,0.760000,0.180000,0.010000,0.050000,0.480000,0.320000,0.000000,0.000000,NOTE_HYPOTHESIS,shared_audio_intelligence_v0_2;spectral_peak;owner_supplied_audio
BE-003:pitch:04052,BE-003:onset:0912,157.895692,865.895692,266.480000,67,3.480000,85.9042,D6,1168.1763,0.232200,1.000000,0.854051,0.850000,0.840000,,0.929367,2048.182,5,3,0.010000,0.080000,0.840000,0.070000,0.000000,0.120000,0.580000,0.220000,NOTE_HYPOTHESIS,shared_audio_intelligence_v0_2;spectral_peak;owner_supplied_audio
BE-003:pitch:04053,BE-003:onset:0912,157.895692,865.895692,266.480000,67,3.480000,74.9115,D#5,619.0796,0.069660,1.000000,0.854051,0.850000,0.580000,,0.929367,2048.182,5,4,0.050000,0.300000,0.580000,0.070000,0.000000,0.120000,0.580000,0.220000,NOTE_HYPOTHESIS,shared_audio_intelligence_v0_2;spectral_peak;owner_supplied_audio
BE-003:pitch:04054,BE-003:onset:0912,157.895692,865.895692,266.480000,67,3.480000,47.7851,C3,129.1992,0.255420,0.982508,0.854051,0.841254,0.550000,,0.929367,2048.182,5,5,0.550000,0.350000,0.030000,0.070000,0.480000,0.320000,0.000000,0.000000,NOTE_HYPOTHESIS,shared_audio_intelligence_v0_2;spectral_peak;owner_supplied_audio
BE-003:pitch:04055,BE-003:onset:0913,158.035011,866.035011,266.720000,67,3.720000,34.2788,A#1,59.2163,0.789478,1.000000,0.803806,0.850000,0.760000,,0.668748,1846.699,6,1,0.760000,0.180000,0.010000,0.050000,0.480000,0.320000,0.000000,0.000000,NOTE_HYPOTHESIS,shared_audio_intelligence_v0_2;spectral_peak;owner_supplied_audio
BE-003:pitch:04056,BE-003:onset:0913,158.035011,866.035011,266.720000,67,3.720000,73.8242,D5,581.3965,0.092880,1.000000,0.803806,0.850000,0.580000,,0.668748,1846.699,6,2,0.050000,0.300000,0.580000,0.070000,0.000000,0.120000,0.580000,0.220000,NOTE_HYPOTHESIS,shared_audio_intelligence_v0_2;spectral_peak;owner_supplied_audio
BE-003:pitch:04057,BE-003:onset:0913,158.035011,866.035011,266.720000,67,3.720000,45.4734,A2,113.0493,0.603719,1.000000,0.803806,0.850000,0.550000,,0.668748,1846.699,6,3,0.550000,0.350000,0.030000,0.070000,0.480000,0.320000,0.000000,0.000000,NOTE_HYPOTHESIS,shared_audio_intelligence_v0_2;spectral_peak;owner_supplied_audio
BE-003:pitch:04058,BE-003:onset:0913,158.035011,866.035011,266.720000,67,3.720000,84.9193,C#6,1103.5767,0.139320,1.000000,0.803806,0.850000,0.840000,,0.668748,1846.699,6,4,0.010000,0.080000,0.840000,0.070000,0.000000,0.120000,0.580000,0.220000,NOTE_HYPOTHESIS,shared_audio_intelligence_v0_2;spectral_peak;owner_supplied_audio
BE-003:pitch:04059,BE-003:onset:0913,158.035011,866.035011,266.720000,67,3.720000,72.8347,C#5,549.0967,0.348299,1.000000,0.803806,0.850000,0.580000,,0.668748,1846.699,6,5,0.050000,0.300000,0.580000,0.070000,0.000000,0.120000,0.580000,0.220000,NOTE_HYPOTHESIS,shared_audio_intelligence_v0_2;spectral_peak;owner_supplied_audio
BE-003:pitch:04060,BE-003:onset:0913,158.035011,866.035011,266.720000,67,3.720000,85.9042,D6,1168.1763,0.116100,0.994356,0.803806,0.847178,0.840000,,0.668748,1846.699,6,6,0.010000,0.080000,0.840000,0.070000,0.000000,0.120000,0.580000,0.220000,NOTE_HYPOTHESIS,shared_audio_intelligence_v0_2;spectral_peak;owner_supplied_audio
BE-003:pitch:04061,BE-003:onset:0914,158.197551,866.197551,267.000000,67,4.000000,83.8751,C6,1038.9771,0.139320,1.000000,1.000000,0.850000,0.840000,,0.700326,1646.961,6,1,0.010000,0.080000,0.840000,0.070000,0.000000,0.120000,0.580000,0.220000,NOTE_HYPOTHESIS,shared_audio_intelligence_v0_2;spectral_peak;owner_supplied_audio
BE-003:pitch:04062,BE-003:onset:0914,158.197551,866.197551,267.000000,67,4.000000,34.2788,A#1,59.2163,1.346757,1.000000,1.000000,0.850000,0.760000,,0.700326,1646.961,6,2,0.760000,0.180000,0.010000,0.050000,0.480000,0.320000,0.000000,0.000000,NOTE_HYPOTHESIS,shared_audio_intelligence_v0_2;spectral_peak;owner_supplied_audio
BE-003:pitch:04063,BE-003:onset:0914,158.197551,866.197551,267.000000,67,4.000000,71.9645,C5,522.1802,0.255420,1.000000,1.000000,0.850000,0.580000,,0.700326,1646.961,6,3,0.050000,0.300000,0.580000,0.070000,0.000000,0.120000,0.580000,0.220000,NOTE_HYPOTHESIS,shared_audio_intelligence_v0_2;spectral_peak;owner_supplied_audio
BE-003:pitch:04064,BE-003:onset:0914,158.197551,866.197551,267.000000,67,4.000000,72.8347,C#5,549.0967,0.208980,1.000000,1.000000,0.850000,0.580000,,0.700326,1646.961,6,4,0.050000,0.300000,0.580000,0.070000,0.000000,0.120000,0.580000,0.220000,NOTE_HYPOTHESIS,shared_audio_intelligence_v0_2;spectral_peak;owner_supplied_audio
BE-003:pitch:04065,BE-003:onset:0914,158.197551,866.197551,267.000000,67,4.000000,45.4734,A2,113.0493,0.464399,0.977742,1.000000,0.838871,0.550000,,0.700326,1646.961,6,5,0.550000,0.350000,0.030000,0.070000,0.480000,0.320000,0.000000,0.000000,NOTE_HYPOTHESIS,shared_audio_intelligence_v0_2;spectral_peak;owner_supplied_audio
BE-003:pitch:04066,BE-003:onset:0914,158.197551,866.197551,267.000000,67,4.000000,59.7851,C4,258.3984,0.116100,0.939258,1.000000,0.819629,0.520000,,0.700326,1646.961,6,6,0.250000,0.520000,0.150000,0.080000,0.000000,0.450000,0.250000,0.200000,NOTE_HYPOTHESIS,shared_audio_intelligence_v0_2;spectral_peak;owner_supplied_audio
BE-003:pitch:04067,BE-003:onset:0915,158.499410,866.499410,267.500000,67,4.500000,45.4734,A2,113.0493,0.116100,1.000000,1.000000,0.850000,0.501984,,0.546172,2635.821,6,1,0.501984,0.319444,0.029762,0.148810,0.480000,0.320000,0.000000,0.000000,NOTE_HYPOTHESIS,shared_audio_intelligence_v0_2;spectral_peak;owner_supplied_audio
BE-003:pitch:04068,BE-003:onset:0915,158.499410,866.499410,267.500000,67,4.500000,32.6287,A1,53.8330,1.044898,1.000000,1.000000,0.850000,0.695860,,0.546172,2635.821,6,2,0.695860,0.164809,0.009952,0.129379,0.480000,0.320000,0.000000,0.000000,NOTE_HYPOTHESIS,shared_audio_intelligence_v0_2;spectral_peak;owner_supplied_audio
BE-003:pitch:04069,BE-003:onset:0915,158.499410,866.499410,267.500000,67,4.500000,42.8047,G2,96.8994,0.441179,1.000000,1.000000,0.850000,0.695860,,0.546172,2635.821,6,3,0.695860,0.164809,0.009952,0.129379,0.480000,0.320000,0.000000,0.000000,NOTE_HYPOTHESIS,shared_audio_intelligence_v0_2;spectral_peak;owner_supplied_audio
BE-003:pitch:04070,BE-003:onset:0915,158.499410,866.499410,267.500000,67,4.500000,68.8438,A4,436.0474,0.208980,0.928773,1.000000,0.814387,0.580000,,0.546172,2635.821,6,4,0.050000,0.300000,0.580000,0.070000,0.000000,0.450000,0.250000,0.200000,NOTE_HYPOTHESIS,shared_audio_intelligence_v0_2;spectral_peak;owner_supplied_audio
BE-003:pitch:04071,BE-003:onset:0915,158.499410,866.499410,267.500000,67,4.500000,69.8808,A#4,462.9639,0.092880,0.850245,1.000000,0.775123,0.580000,,0.546172,2635.821,6,5,0.050000,0.300000,0.580000,0.070000,0.000000,0.450000,0.250000,0.200000,NOTE_HYPOTHESIS,shared_audio_intelligence_v0_2;spectral_peak;owner_supplied_audio
BE-003:pitch:04072,BE-003:onset:0915,158.499410,866.499410,267.500000,67,4.500000,52.7656,F3,172.2656,1.021678,0.847900,1.000000,0.773950,0.501984,,0.546172,2635.821,6,6,0.501984,0.319444,0.029762,0.148810,0.480000,0.320000,0.000000,0.000000,NOTE_HYPOTHESIS,shared_audio_intelligence_v0_2;spectral_peak;owner_supplied_audio
BE-003:pitch:04073,BE-003:onset:0916,158.592290,866.592290,267.653846,67,4.653846,84.9193,C#6,1103.5767,0.162540,1.000000,0.846055,0.850000,0.840000,,0.600605,1923.669,6,1,0.010000,0.080000,0.840000,0.070000,0.000000,0.120000,0.580000,0.220000,NOTE_HYPOTHESIS,shared_audio_intelligence_v0_2;spectral_peak;owner_supplied_audio
BE-003:pitch:04074,BE-003:onset:0916,158.592290,866.592290,267.653846,67,4.653846,41.8151,F#2,91.5161,0.232200,1.000000,0.846055,0.850000,0.760000,,0.600605,1923.669,6,2,0.760000,0.180000,0.010000,0.050000,0.480000,0.320000,0.000000,0.000000,NOTE_HYPOTHESIS,shared_audio_intelligence_v0_2;spectral_peak;owner_supplied_audio
BE-003:pitch:04075,BE-003:onset:0916,158.592290,866.592290,267.653846,67,4.653846,73.0036,C#5,554.4800,0.301859,1.000000,0.846055,0.850000,0.580000,,0.600605,1923.669,6,3,0.050000,0.300000,0.580000,0.070000,0.000000,0.120000,0.580000,0.220000,NOTE_HYPOTHESIS,shared_audio_intelligence_v0_2;spectral_peak;owner_supplied_audio
BE-003:pitch:04076,BE-003:onset:0916,158.592290,866.592290,267.653846,67,4.653846,34.2788,A#1,59.2163,1.044898,1.000000,0.846055,0.850000,0.760000,,0.600605,1923.669,6,4,0.760000,0.180000,0.010000,0.050000,0.480000,0.320000,0.000000,0.000000,NOTE_HYPOTHESIS,shared_audio_intelligence_v0_2;spectral_peak;owner_supplied_audio
BE-003:pitch:04077,BE-003:onset:0916,158.592290,866.592290,267.653846,67,4.653846,97.0456,C#7,2223.3032,0.139320,0.990568,0.846055,0.845284,0.840000,,0.600605,1923.669,6,5,0.010000,0.080000,0.840000,0.070000,0.000000,0.120000,0.580000,0.220000,NOTE_HYPOTHESIS,shared_audio_intelligence_v0_2;spectral_peak;owner_supplied_audio
BE-003:pitch:04078,BE-003:onset:0916,158.592290,866.592290,267.653846,67,4.653846,49.8242,D3,145.3491,0.603719,0.933367,0.846055,0.816683,0.550000,,0.600605,1923.669,6,6,0.550000,0.350000,0.030000,0.070000,0.480000,0.320000,0.000000,0.000000,NOTE_HYPOTHESIS,shared_audio_intelligence_v0_2;spectral_peak;owner_supplied_audio
BE-003:pitch:04079,BE-003:onset:0917,158.801270,866.801270,268.000000,68,1.000000,72.8347,C#5,549.0967,0.139320,1.000000,0.982715,0.850000,0.580000,,0.576622,1951.309,6,1,0.050000,0.300000,0.580000,0.070000,0.000000,0.120000,0.580000,0.220000,NOTE_HYPOTHESIS,shared_audio_intelligence_v0_2;spectral_peak;owner_supplied_audio
BE-003:pitch:04080,BE-003:onset:0917,158.801270,866.801270,268.000000,68,1.000000,63.9344,E4,328.3813,0.208980,1.000000,0.982715,0.850000,0.520000,,0.576622,1951.309,6,2,0.250000,0.520000,0.150000,0.080000,0.000000,0.450000,0.250000,0.200000,NOTE_HYPOTHESIS,shared_audio_intelligence_v0_2;spectral_peak;owner_supplied_audio
BE-003:pitch:04081,BE-003:onset:0917,158.801270,866.801270,268.000000,68,1.000000,34.2788,A#1,59.2163,0.835918,1.000000,0.982715,0.850000,0.760000,,0.576622,1951.309,6,3,0.760000,0.180000,0.010000,0.050000,0.480000,0.320000,0.000000,0.000000,NOTE_HYPOTHESIS,shared_audio_intelligence_v0_2;spectral_peak;owner_supplied_audio
BE-003:pitch:04082,BE-003:onset:0917,158.801270,866.801270,268.000000,68,1.000000,68.8438,A4,436.0474,0.417959,0.941168,0.982715,0.820584,0.580000,,0.576622,1951.309,6,4,0.050000,0.300000,0.580000,0.070000,0.000000,0.450000,0.250000,0.200000,NOTE_HYPOTHESIS,shared_audio_intelligence_v0_2;spectral_peak;owner_supplied_audio
BE-003:pitch:04083,BE-003:onset:0917,158.801270,866.801270,268.000000,68,1.000000,40.7656,F2,86.1328,0.139320,0.892540,0.982715,0.796270,0.760000,,0.576622,1951.309,6,5,0.760000,0.180000,0.010000,0.050000,0.480000,0.320000,0.000000,0.000000,NOTE_HYPOTHESIS,shared_audio_intelligence_v0_2;spectral_peak;owner_supplied_audio
BE-003:pitch:04084,BE-003:onset:0917,158.801270,866.801270,268.000000,68,1.000000,49.8242,D3,145.3491,0.441179,0.879548,0.982715,0.789774,0.550000,,0.576622,1951.309,6,6,0.550000,0.350000,0.030000,0.070000,0.480000,0.320000,0.000000,0.000000,NOTE_HYPOTHESIS,shared_audio_intelligence_v0_2;spectral_peak;owner_supplied_audio
BE-003:pitch:04085,BE-003:onset:0918,159.079909,867.079909,268.500000,68,1.500000,34.2788,A#1,59.2163,0.464399,1.000000,0.907871,0.850000,0.760000,,0.584450,2493.569,6,1,0.760000,0.180000,0.010000,0.050000,0.480000,0.320000,0.000000,0.000000,NOTE_HYPOTHESIS,shared_audio_intelligence_v0_2;spectral_peak;owner_supplied_audio
BE-003:pitch:04086,BE-003:onset:0918,159.079909,867.079909,268.500000,68,1.500000,42.8047,G2,96.8994,1.346757,1.000000,0.907871,0.850000,0.760000,,0.584450,2493.569,6,2,0.760000,0.180000,0.010000,0.050000,0.480000,0.320000,0.000000,0.000000,NOTE_HYPOTHESIS,shared_audio_intelligence_v0_2;spectral_peak;owner_supplied_audio
BE-003:pitch:04087,BE-003:onset:0918,159.079909,867.079909,268.500000,68,1.500000,71.9645,C5,522.1802,0.162540,1.000000,0.907871,0.850000,0.580000,,0.584450,2493.569,6,3,0.050000,0.300000,0.580000,0.070000,0.000000,0.120000,0.580000,0.220000,NOTE_HYPOTHESIS,shared_audio_intelligence_v0_2;spectral_peak;owner_supplied_audio
BE-003:pitch:04088,BE-003:onset:0918,159.079909,867.079909,268.500000,68,1.500000,44.6287,A2,107.6660,1.532517,0.969552,0.907871,0.834776,0.760000,,0.584450,2493.569,6,4,0.760000,0.180000,0.010000,0.050000,0.480000,0.320000,0.000000,0.000000,NOTE_HYPOTHESIS,shared_audio_intelligence_v0_2;spectral_peak;owner_supplied_audio
BE-003:pitch:04089,BE-003:onset:0918,159.079909,867.079909,268.500000,68,1.500000,47.0483,B2,123.8159,0.417959,0.931620,0.907871,0.815810,0.550000,,0.584450,2493.569,6,5,0.550000,0.350000,0.030000,0.070000,0.480000,0.320000,0.000000,0.000000,NOTE_HYPOTHESIS,shared_audio_intelligence_v0_2;spectral_peak;owner_supplied_audio
BE-003:pitch:04090,BE-003:onset:0918,159.079909,867.079909,268.500000,68,1.500000,82.9540,B5,985.1440,0.092880,0.906556,0.907871,0.803278,0.840000,,0.584450,2493.569,6,6,0.010000,0.080000,0.840000,0.070000,0.000000,0.120000,0.580000,0.220000,NOTE_HYPOTHESIS,shared_audio_intelligence_v0_2;spectral_peak;owner_supplied_audio
BE-003:pitch:04091,BE-003:onset:0919,159.196009,867.196009,268.708333,68,1.708333,44.6287,A2,107.6660,0.232200,1.000000,0.894762,0.850000,0.760000,,0.743470,1725.126,5,1,0.760000,0.180000,0.010000,0.050000,0.480000,0.320000,0.000000,0.000000,NOTE_HYPOTHESIS,shared_audio_intelligence_v0_2;spectral_peak;owner_supplied_audio
BE-003:pitch:04092,BE-003:onset:0919,159.196009,867.196009,268.708333,68,1.708333,81.8808,A#5,925.9277,0.139320,1.000000,0.894762,0.850000,0.840000,,0.743470,1725.126,5,2,0.010000,0.080000,0.840000,0.070000,0.000000,0.120000,0.580000,0.220000,NOTE_HYPOTHESIS,shared_audio_intelligence_v0_2;spectral_peak;owner_supplied_audio
BE-003:pitch:04093,BE-003:onset:0919,159.196009,867.196009,268.708333,68,1.708333,69.8808,A#4,462.9639,0.278639,1.000000,0.894762,0.850000,0.580000,,0.743470,1725.126,5,3,0.050000,0.300000,0.580000,0.070000,0.000000,0.450000,0.250000,0.200000,NOTE_HYPOTHESIS,shared_audio_intelligence_v0_2;spectral_peak;owner_supplied_audio
BE-003:pitch:04094,BE-003:onset:0919,159.196009,867.196009,268.708333,68,1.708333,32.6287,A1,53.8330,0.348299,1.000000,0.894762,0.850000,0.760000,,0.743470,1725.126,5,4,0.760000,0.180000,0.010000,0.050000,0.480000,0.320000,0.000000,0.000000,NOTE_HYPOTHESIS,shared_audio_intelligence_v0_2;spectral_peak;owner_supplied_audio
BE-003:pitch:04095,BE-003:onset:0919,159.196009,867.196009,268.708333,68,1.708333,88.9673,F6,1394.2749,0.139320,1.000000,0.894762,0.850000,0.840000,,0.743470,1725.126,5,5,0.010000,0.080000,0.840000,0.070000,0.000000,0.120000,0.580000,0.220000,NOTE_HYPOTHESIS,shared_audio_intelligence_v0_2;spectral_peak;owner_supplied_audio
BE-003:pitch:04096,BE-003:onset:0920,159.358549,867.358549,269.000000,68,2.000000,66.8047,G4,387.5977,0.232200,1.000000,0.871576,0.850000,0.580000,,0.769963,1554.218,6,1,0.050000,0.300000,0.580000,0.070000,0.000000,0.450000,0.250000,0.200000,NOTE_HYPOTHESIS,shared_audio_intelligence_v0_2;spectral_peak;owner_supplied_audio
BE-003:pitch:04097,BE-003:onset:0920,159.358549,867.358549,269.000000,68,2.000000,32.6287,A1,53.8330,0.162540,1.000000,0.871576,0.850000,0.760000,,0.769963,1554.218,6,2,0.760000,0.180000,0.010000,0.050000,0.480000,0.320000,0.000000,0.000000,NOTE_HYPOTHESIS,shared_audio_intelligence_v0_2;spectral_peak;owner_supplied_audio
BE-003:pitch:04098,BE-003:onset:0920,159.358549,867.358549,269.000000,68,2.000000,44.6287,A2,107.6660,0.092880,1.000000,0.871576,0.850000,0.760000,,0.769963,1554.218,6,3,0.760000,0.180000,0.010000,0.050000,0.480000,0.320000,0.000000,0.000000,NOTE_HYPOTHESIS,shared_audio_intelligence_v0_2;spectral_peak;owner_supplied_audio
BE-003:pitch:04099,BE-003:onset:0920,159.358549,867.358549,269.000000,68,2.000000,69.8808,A#4,462.9639,0.139320,1.000000,0.871576,0.850000,0.580000,,0.769963,1554.218,6,4,0.050000,0.300000,0.580000,0.070000,0.000000,0.450000,0.250000,0.200000,NOTE_HYPOTHESIS,shared_audio_intelligence_v0_2;spectral_peak;owner_supplied_audio
BE-003:pitch:04100,BE-003:onset:0920,159.358549,867.358549,269.000000,68,2.000000,78.9245,G5,780.5786,0.185760,1.000000,0.871576,0.850000,0.840000,,0.769963,1554.218,6,5,0.010000,0.080000,0.840000,0.070000,0.000000,0.120000,0.580000,0.220000,NOTE_HYPOTHESIS,shared_audio_intelligence_v0_2;spectral_peak;owner_supplied_audio
BE-003:pitch:04101,BE-003:onset:0920,159.358549,867.358549,269.000000,68,2.000000,85.9042,D6,1168.1763,0.325079,0.992732,0.871576,0.846366,0.840000,,0.769963,1554.218,6,6,0.010000,0.080000,0.840000,0.070000,0.000000,0.120000,0.580000,0.220000,NOTE_HYPOTHESIS,shared_audio_intelligence_v0_2;spectral_peak;owner_supplied_audio
BE-003:pitch:04102,BE-003:onset:0921,159.474649,867.474649,269.192308,68,2.192308,66.8047,G4,387.5977,0.208980,1.000000,0.672466,0.850000,0.580000,,0.669713,1818.887,6,1,0.050000,0.300000,0.580000,0.070000,0.000000,0.450000,0.250000,0.200000,NOTE_HYPOTHESIS,shared_audio_intelligence_v0_2;spectral_peak;owner_supplied_audio
BE-003:pitch:04103,BE-003:onset:0921,159.474649,867.474649,269.192308,68,2.192308,37.1709,C#2,69.9829,0.348299,1.000000,0.672466,0.850000,0.760000,,0.669713,1818.887,6,2,0.760000,0.180000,0.010000,0.050000,0.480000,0.320000,0.000000,0.000000,NOTE_HYPOTHESIS,shared_audio_intelligence_v0_2;spectral_peak;owner_supplied_audio
BE-003:pitch:04104,BE-003:onset:0921,159.474649,867.474649,269.192308,68,2.192308,61.8242,D4,290.6982,0.232200,1.000000,0.672466,0.850000,0.520000,,0.669713,1818.887,6,3,0.250000,0.520000,0.150000,0.080000,0.000000,0.450000,0.250000,0.200000,NOTE_HYPOTHESIS,shared_audio_intelligence_v0_2;spectral_peak;owner_supplied_audio
BE-003:pitch:04105,BE-003:onset:0921,159.474649,867.474649,269.192308,68,2.192308,49.8242,D3,145.3491,0.325079,1.000000,0.672466,0.850000,0.550000,,0.669713,1818.887,6,4,0.550000,0.350000,0.030000,0.070000,0.480000,0.320000,0.000000,0.000000,NOTE_HYPOTHESIS,shared_audio_intelligence_v0_2;spectral_peak;owner_supplied_audio
BE-003:pitch:04106,BE-003:onset:0921,159.474649,867.474649,269.192308,68,2.192308,73.8242,D5,581.3965,0.208980,1.000000,0.672466,0.850000,0.580000,,0.669713,1818.887,6,5,0.050000,0.300000,0.580000,0.070000,0.000000,0.120000,0.580000,0.220000,NOTE_HYPOTHESIS,shared_audio_intelligence_v0_2;spectral_peak;owner_supplied_audio
BE-003:pitch:04107,BE-003:onset:0921,159.474649,867.474649,269.192308,68,2.192308,78.9245,G5,780.5786,0.116100,0.884361,0.672466,0.792180,0.840000,,0.669713,1818.887,6,6,0.010000,0.080000,0.840000,0.070000,0.000000,0.120000,0.580000,0.220000,NOTE_HYPOTHESIS,shared_audio_intelligence_v0_2;spectral_peak;owner_supplied_audio
BE-003:pitch:04108,BE-003:onset:0922,159.660408,867.660408,269.500000,68,2.500000,38.4538,D2,75.3662,0.185760,1.000000,0.493259,0.850000,0.760000,,0.498942,2585.066,6,1,0.760000,0.180000,0.010000,0.050000,0.480000,0.320000,0.000000,0.000000,NOTE_HYPOTHESIS,shared_audio_intelligence_v0_2;spectral_peak;owner_supplied_audio
BE-003:pitch:04109,BE-003:onset:0922,159.660408,867.660408,269.500000,68,2.500000,49.8242,D3,145.3491,0.208980,1.000000,0.493259,0.850000,0.550000,,0.498942,2585.066,6,2,0.550000,0.350000,0.030000,0.070000,0.480000,0.320000,0.000000,0.000000,NOTE_HYPOTHESIS,shared_audio_intelligence_v0_2;spectral_peak;owner_supplied_audio
BE-003:pitch:04110,BE-003:onset:0922,159.660408,867.660408,269.500000,68,2.500000,42.8047,G2,96.8994,0.789478,1.000000,0.493259,0.850000,0.760000,,0.498942,2585.066,6,3,0.760000,0.180000,0.010000,0.050000,0.480000,0.320000,0.000000,0.000000,NOTE_HYPOTHESIS,shared_audio_intelligence_v0_2;spectral_peak;owner_supplied_audio
BE-003:pitch:04111,BE-003:onset:0922,159.660408,867.660408,269.500000,68,2.500000,61.8242,D4,290.6982,0.232200,0.995099,0.493259,0.847549,0.520000,,0.498942,2585.066,6,4,0.250000,0.520000,0.150000,0.080000,0.000000,0.450000,0.250000,0.200000,NOTE_HYPOTHESIS,shared_audio_intelligence_v0_2;spectral_peak;owner_supplied_audio
BE-003:pitch:04112,BE-003:onset:0922,159.660408,867.660408,269.500000,68,2.500000,73.9838,D5,586.7798,0.069660,0.950758,0.493259,0.825379,0.580000,,0.498942,2585.066,6,5,0.050000,0.300000,0.580000,0.070000,0.000000,0.120000,0.580000,0.220000,NOTE_HYPOTHESIS,shared_audio_intelligence_v0_2;spectral_peak;owner_supplied_audio
BE-003:pitch:04113,BE-003:onset:0922,159.660408,867.660408,269.500000,68,2.500000,67.0435,G4,392.9810,0.116100,0.896777,0.493259,0.798388,0.580000,,0.498942,2585.066,6,6,0.050000,0.300000,0.580000,0.070000,0.000000,0.450000,0.250000,0.200000,NOTE_HYPOTHESIS,shared_audio_intelligence_v0_2;spectral_peak;owner_supplied_audio
BE-003:pitch:04114,BE-003:onset:0923,159.962268,867.962268,270.000000,68,3.000000,42.8047,G2,96.8994,0.139320,1.000000,1.000000,0.850000,0.760000,,0.589292,1806.907,2,1,0.760000,0.180000,0.010000,0.050000,0.480000,0.320000,0.000000,0.000000,NOTE_HYPOTHESIS,shared_audio_intelligence_v0_2;spectral_peak;owner_supplied_audio
BE-003:pitch:04115,BE-003:onset:0923,159.962268,867.962268,270.000000,68,3.000000,58.6678,B3,242.2485,0.208980,0.980127,1.000000,0.840063,0.520000,,0.589292,1806.907,2,2,0.250000,0.520000,0.150000,0.080000,0.000000,0.450000,0.250000,0.200000,NOTE_HYPOTHESIS,shared_audio_intelligence_v0_2;spectral_peak;owner_supplied_audio
BE-003:pitch:04116,BE-003:onset:0924,160.240907,868.240907,270.480000,68,3.480000,44.6287,A2,107.6660,0.394739,1.000000,0.805698,0.850000,0.760000,,0.517775,2417.253,2,1,0.760000,0.180000,0.010000,0.050000,0.480000,0.320000,0.000000,0.000000,NOTE_HYPOTHESIS,shared_audio_intelligence_v0_2;spectral_peak;owner_supplied_audio
BE-003:pitch:04117,BE-003:onset:0924,160.240907,868.240907,270.480000,68,3.480000,74.7603,D#5,613.6963,0.162540,1.000000,0.805698,0.850000,0.580000,,0.517775,2417.253,2,2,0.050000,0.300000,0.580000,0.070000,0.000000,0.120000,0.580000,0.220000,NOTE_HYPOTHESIS,shared_audio_intelligence_v0_2;spectral_peak;owner_supplied_audio
BE-003:pitch:04118,BE-003:onset:0925,160.357007,868.357007,270.680000,68,3.680000,78.9245,G5,780.5786,0.208980,1.000000,0.883347,0.850000,0.840000,,0.771487,2039.034,4,1,0.010000,0.080000,0.840000,0.070000,0.000000,0.120000,0.580000,0.220000,NOTE_HYPOTHESIS,shared_audio_intelligence_v0_2;spectral_peak;owner_supplied_audio
BE-003:pitch:04119,BE-003:onset:0925,160.357007,868.357007,270.680000,68,3.680000,46.2788,A#2,118.4326,0.812698,1.000000,0.883347,0.850000,0.550000,,0.771487,2039.034,4,2,0.550000,0.350000,0.030000,0.070000,0.480000,0.320000,0.000000,0.000000,NOTE_HYPOTHESIS,shared_audio_intelligence_v0_2;spectral_peak;owner_supplied_audio
BE-003:pitch:04120,BE-003:onset:0925,160.357007,868.357007,270.680000,68,3.680000,43.7407,G#2,102.2827,0.069660,1.000000,0.883347,0.850000,0.760000,,0.771487,2039.034,4,3,0.760000,0.180000,0.010000,0.050000,0.480000,0.320000,0.000000,0.000000,NOTE_HYPOTHESIS,shared_audio_intelligence_v0_2;spectral_peak;owner_supplied_audio
BE-003:pitch:04121,BE-003:onset:0925,160.357007,868.357007,270.680000,68,3.680000,90.8647,G6,1555.7739,0.162540,0.947091,0.883347,0.823545,0.840000,,0.771487,2039.034,4,4,0.010000,0.080000,0.840000,0.070000,0.000000,0.120000,0.580000,0.220000,NOTE_HYPOTHESIS,shared_audio_intelligence_v0_2;spectral_peak;owner_supplied_audio
BE-003:pitch:04122,BE-003:onset:0926,160.542766,868.542766,271.000000,68,4.000000,74.7603,D#5,613.6963,0.185760,1.000000,0.968667,0.850000,0.580000,,0.718315,1669.667,6,1,0.050000,0.300000,0.580000,0.070000,0.000000,0.120000,0.580000,0.220000,NOTE_HYPOTHESIS,shared_audio_intelligence_v0_2;spectral_peak;owner_supplied_audio
BE-003:pitch:04123,BE-003:onset:0926,160.542766,868.542766,271.000000,68,4.000000,62.7603,D#4,306.8481,0.557279,1.000000,0.968667,0.850000,0.520000,,0.718315,1669.667,6,2,0.250000,0.520000,0.150000,0.080000,0.000000,0.450000,0.250000,0.200000,NOTE_HYPOTHESIS,shared_audio_intelligence_v0_2;spectral_peak;owner_supplied_audio
BE-003:pitch:04124,BE-003:onset:0926,160.542766,868.542766,271.000000,68,4.000000,45.4734,A2,113.0493,0.464399,1.000000,0.968667,0.850000,0.550000,,0.718315,1669.667,6,3,0.550000,0.350000,0.030000,0.070000,0.480000,0.320000,0.000000,0.000000,NOTE_HYPOTHESIS,shared_audio_intelligence_v0_2;spectral_peak;owner_supplied_audio
BE-003:pitch:04125,BE-003:onset:0926,160.542766,868.542766,271.000000,68,4.000000,78.9245,G5,780.5786,0.116100,1.000000,0.968667,0.850000,0.840000,,0.718315,1669.667,6,4,0.010000,0.080000,0.840000,0.070000,0.000000,0.120000,0.580000,0.220000,NOTE_HYPOTHESIS,shared_audio_intelligence_v0_2;spectral_peak;owner_supplied_audio
BE-003:pitch:04126,BE-003:onset:0926,160.542766,868.542766,271.000000,68,4.000000,58.6678,B3,242.2485,0.232200,0.898224,0.968667,0.799112,0.520000,,0.718315,1669.667,6,5,0.250000,0.520000,0.150000,0.080000,0.000000,0.450000,0.250000,0.200000,NOTE_HYPOTHESIS,shared_audio_intelligence_v0_2;spectral_peak;owner_supplied_audio
BE-003:pitch:04127,BE-003:onset:0926,160.542766,868.542766,271.000000,68,4.000000,47.0483,B2,123.8159,1.486077,0.885788,0.968667,0.792894,0.550000,,0.718315,1669.667,6,6,0.550000,0.350000,0.030000,0.070000,0.480000,0.320000,0.000000,0.000000,NOTE_HYPOTHESIS,shared_audio_intelligence_v0_2;spectral_peak;owner_supplied_audio
BE-003:pitch:04128,BE-003:onset:0927,160.658866,868.658866,271.192308,68,4.192308,79.9670,G#5,829.0283,0.208980,1.000000,0.939490,0.850000,0.840000,,1.000000,1740.609,2,1,0.010000,0.080000,0.840000,0.070000,0.000000,0.120000,0.580000,0.220000,NOTE_HYPOTHESIS,shared_audio_intelligence_v0_2;spectral_peak;owner_supplied_audio
BE-003:pitch:04129,BE-003:onset:0927,160.658866,868.658866,271.192308,68,4.192308,47.0483,B2,123.8159,0.673379,1.000000,0.939490,0.850000,0.550000,,1.000000,1740.609,2,2,0.550000,0.350000,0.030000,0.070000,0.480000,0.320000,0.000000,0.000000,NOTE_HYPOTHESIS,shared_audio_intelligence_v0_2;spectral_peak;owner_supplied_audio
BE-003:pitch:04130,BE-003:onset:0928,160.821406,868.821406,271.461538,68,4.461538,47.7851,C3,129.1992,0.348299,1.000000,0.745323,0.850000,0.550000,,0.907213,1854.709,5,1,0.550000,0.350000,0.030000,0.070000,0.480000,0.320000,0.000000,0.000000,NOTE_HYPOTHESIS,shared_audio_intelligence_v0_2;spectral_peak;owner_supplied_audio
BE-003:pitch:04131,BE-003:onset:0928,160.821406,868.821406,271.461538,68,4.461538,79.9670,G#5,829.0283,0.069660,1.000000,0.745323,0.850000,0.840000,,0.907213,1854.709,5,2,0.010000,0.080000,0.840000,0.070000,0.000000,0.120000,0.580000,0.220000,NOTE_HYPOTHESIS,shared_audio_intelligence_v0_2;spectral_peak;owner_supplied_audio
BE-003:pitch:04132,BE-003:onset:0928,160.821406,868.821406,271.461538,68,4.461538,44.6287,A2,107.6660,0.185760,1.000000,0.745323,0.850000,0.760000,,0.907213,1854.709,5,3,0.760000,0.180000,0.010000,0.050000,0.480000,0.320000,0.000000,0.000000,NOTE_HYPOTHESIS,shared_audio_intelligence_v0_2;spectral_peak;owner_supplied_audio
BE-003:pitch:04133,BE-003:onset:0928,160.821406,868.821406,271.461538,68,4.461538,74.7603,D#5,613.6963,0.185760,1.000000,0.745323,0.850000,0.580000,,0.907213,1854.709,5,4,0.050000,0.300000,0.580000,0.070000,0.000000,0.120000,0.580000,0.220000,NOTE_HYPOTHESIS,shared_audio_intelligence_v0_2;spectral_peak;owner_supplied_audio
BE-003:pitch:04134,BE-003:onset:0928,160.821406,868.821406,271.461538,68,4.461538,63.0613,D#4,312.2314,0.301859,1.000000,0.745323,0.850000,0.520000,,0.907213,1854.709,5,5,0.250000,0.520000,0.150000,0.080000,0.000000,0.450000,0.250000,0.200000,NOTE_HYPOTHESIS,shared_audio_intelligence_v0_2;spectral_peak;owner_supplied_audio
BE-003:pitch:04135,BE-003:onset:0929,161.146485,869.146485,272.000000,69,1.000000,73.8242,D5,581.3965,0.255420,1.000000,0.870125,0.850000,0.580000,,0.529898,2563.425,4,1,0.050000,0.300000,0.580000,0.070000,0.000000,0.120000,0.580000,0.220000,NOTE_HYPOTHESIS,shared_audio_intelligence_v0_2;spectral_peak;owner_supplied_audio
BE-003:pitch:04136,BE-003:onset:0929,161.146485,869.146485,272.000000,69,1.000000,47.7851,C3,129.1992,0.232200,1.000000,0.870125,0.850000,0.550000,,0.529898,2563.425,4,2,0.550000,0.350000,0.030000,0.070000,0.480000,0.320000,0.000000,0.000000,NOTE_HYPOTHESIS,shared_audio_intelligence_v0_2;spectral_peak;owner_supplied_audio
BE-003:pitch:04137,BE-003:onset:0929,161.146485,869.146485,272.000000,69,1.000000,78.9245,G5,780.5786,0.069660,1.000000,0.870125,0.850000,0.840000,,0.529898,2563.425,4,3,0.010000,0.080000,0.840000,0.070000,0.000000,0.120000,0.580000,0.220000,NOTE_HYPOTHESIS,shared_audio_intelligence_v0_2;spectral_peak;owner_supplied_audio
BE-003:pitch:04138,BE-003:onset:0929,161.146485,869.146485,272.000000,69,1.000000,85.9042,D6,1168.1763,0.208980,0.980941,0.870125,0.840470,0.840000,,0.529898,2563.425,4,4,0.010000,0.080000,0.840000,0.070000,0.000000,0.120000,0.580000,0.220000,NOTE_HYPOTHESIS,shared_audio_intelligence_v0_2;spectral_peak;owner_supplied_audio
BE-003:pitch:04139,BE-003:onset:0930,161.262585,869.262585,272.200000,69,1.200000,76.9003,F5,694.4458,0.139320,1.000000,0.955157,0.850000,0.840000,,0.726680,1957.300,4,1,0.010000,0.080000,0.840000,0.070000,0.000000,0.120000,0.580000,0.220000,NOTE_HYPOTHESIS,shared_audio_intelligence_v0_2;spectral_peak;owner_supplied_audio
BE-003:pitch:04140,BE-003:onset:0930,161.262585,869.262585,272.200000,69,1.200000,88.9673,F6,1394.2749,0.139320,1.000000,0.955157,0.850000,0.840000,,0.726680,1957.300,4,2,0.010000,0.080000,0.840000,0.070000,0.000000,0.120000,0.580000,0.220000,NOTE_HYPOTHESIS,shared_audio_intelligence_v0_2;spectral_peak;owner_supplied_audio
BE-003:pitch:04141,BE-003:onset:0930,161.262585,869.262585,272.200000,69,1.200000,73.8242,D5,581.3965,0.139320,1.000000,0.955157,0.850000,0.580000,,0.726680,1957.300,4,3,0.050000,0.300000,0.580000,0.070000,0.000000,0.120000,0.580000,0.220000,NOTE_HYPOTHESIS,shared_audio_intelligence_v0_2;spectral_peak;owner_supplied_audio
BE-003:pitch:04142,BE-003:onset:0930,161.262585,869.262585,272.200000,69,1.200000,44.6287,A2,107.6660,0.812698,1.000000,0.955157,0.850000,0.760000,,0.726680,1957.300,4,4,0.760000,0.180000,0.010000,0.050000,0.480000,0.320000,0.000000,0.000000,NOTE_HYPOTHESIS,shared_audio_intelligence_v0_2;spectral_peak;owner_supplied_audio
BE-003:pitch:04143,BE-003:onset:0931,161.425125,869.425125,272.480000,69,1.480000,44.6287,A2,107.6660,0.580499,1.000000,1.000000,0.850000,0.760000,,0.731777,1902.980,2,1,0.760000,0.180000,0.010000,0.050000,0.480000,0.320000,0.000000,0.000000,NOTE_HYPOTHESIS,shared_audio_intelligence_v0_2;spectral_peak;owner_supplied_audio
BE-003:pitch:04144,BE-003:onset:0931,161.425125,869.425125,272.480000,69,1.480000,87.9344,E6,1313.5254,0.185760,1.000000,1.000000,0.850000,0.840000,,0.731777,1902.980,2,2,0.010000,0.080000,0.840000,0.070000,0.000000,0.120000,0.580000,0.220000,NOTE_HYPOTHESIS,shared_audio_intelligence_v0_2;spectral_peak;owner_supplied_audio
BE-003:pitch:04145,BE-003:onset:0932,161.541224,869.541224,272.680000,69,1.680000,44.6287,A2,107.6660,0.487619,1.000000,0.715536,0.850000,0.760000,,0.678285,2073.751,4,1,0.760000,0.180000,0.010000,0.050000,0.480000,0.320000,0.000000,0.000000,NOTE_HYPOTHESIS,shared_audio_intelligence_v0_2;spectral_peak;owner_supplied_audio
BE-003:pitch:04146,BE-003:onset:0932,161.541224,869.541224,272.680000,69,1.680000,74.9115,D#5,619.0796,0.185760,1.000000,0.715536,0.850000,0.580000,,0.678285,2073.751,4,2,0.050000,0.300000,0.580000,0.070000,0.000000,0.120000,0.580000,0.220000,NOTE_HYPOTHESIS,shared_audio_intelligence_v0_2;spectral_peak;owner_supplied_audio
BE-003:pitch:04147,BE-003:onset:0932,161.541224,869.541224,272.680000,69,1.680000,87.9344,E6,1313.5254,0.092880,1.000000,0.715536,0.850000,0.840000,,0.678285,2073.751,4,3,0.010000,0.080000,0.840000,0.070000,0.000000,0.120000,0.580000,0.220000,NOTE_HYPOTHESIS,shared_audio_intelligence_v0_2;spectral_peak;owner_supplied_audio
BE-003:pitch:04148,BE-003:onset:0932,161.541224,869.541224,272.680000,69,1.680000,57.0562,A3,220.7153,0.719819,0.956078,0.715536,0.828039,0.520000,,0.678285,2073.751,4,4,0.250000,0.520000,0.150000,0.080000,0.000000,0.450000,0.250000,0.200000,NOTE_HYPOTHESIS,shared_audio_intelligence_v0_2;spectral_peak;owner_supplied_audio
BE-003:pitch:04149,BE-003:onset:0933,161.726984,869.726984,273.000000,69,2.000000,73.9838,D5,586.7798,0.162540,1.000000,1.000000,0.850000,0.580000,,0.627230,2244.403,5,1,0.050000,0.300000,0.580000,0.070000,0.000000,0.120000,0.580000,0.220000,NOTE_HYPOTHESIS,shared_audio_intelligence_v0_2;spectral_peak;owner_supplied_audio
BE-003:pitch:04150,BE-003:onset:0933,161.726984,869.726984,273.000000,69,2.000000,44.6287,A2,107.6660,0.348299,1.000000,1.000000,0.850000,0.760000,,0.627230,2244.403,5,2,0.760000,0.180000,0.010000,0.050000,0.480000,0.320000,0.000000,0.000000,NOTE_HYPOTHESIS,shared_audio_intelligence_v0_2;spectral_peak;owner_supplied_audio
BE-003:pitch:04151,BE-003:onset:0933,161.726984,869.726984,273.000000,69,2.000000,85.9042,D6,1168.1763,0.162540,1.000000,1.000000,0.850000,0.840000,,0.627230,2244.403,5,3,0.010000,0.080000,0.840000,0.070000,0.000000,0.120000,0.580000,0.220000,NOTE_HYPOTHESIS,shared_audio_intelligence_v0_2;spectral_peak;owner_supplied_audio
BE-003:pitch:04152,BE-003:onset:0933,161.726984,869.726984,273.000000,69,2.000000,56.1904,G#3,209.9487,0.162540,0.961221,1.000000,0.830610,0.520000,,0.627230,2244.403,5,4,0.250000,0.520000,0.150000,0.080000,0.000000,0.450000,0.250000,0.200000,NOTE_HYPOTHESIS,shared_audio_intelligence_v0_2;spectral_peak;owner_supplied_audio
BE-003:pitch:04153,BE-003:onset:0933,161.726984,869.726984,273.000000,69,2.000000,57.0562,A3,220.7153,0.534059,0.931433,1.000000,0.815716,0.520000,,0.627230,2244.403,5,5,0.250000,0.520000,0.150000,0.080000,0.000000,0.450000,0.250000,0.200000,NOTE_HYPOTHESIS,shared_audio_intelligence_v0_2;spectral_peak;owner_supplied_audio
BE-003:pitch:04154,BE-003:onset:0934,161.843084,869.843084,273.200000,69,2.200000,42.8047,G2,96.8994,0.534059,1.000000,0.620972,0.850000,0.760000,,0.577873,2282.913,6,1,0.760000,0.180000,0.010000,0.050000,0.480000,0.320000,0.000000,0.000000,NOTE_HYPOTHESIS,shared_audio_intelligence_v0_2;spectral_peak;owner_supplied_audio
BE-003:pitch:04155,BE-003:onset:0934,161.843084,869.843084,273.200000,69,2.200000,73.9838,D5,586.7798,0.116100,1.000000,0.620972,0.850000,0.580000,,0.577873,2282.913,6,2,0.050000,0.300000,0.580000,0.070000,0.000000,0.120000,0.580000,0.220000,NOTE_HYPOTHESIS,shared_audio_intelligence_v0_2;spectral_peak;owner_supplied_audio
BE-003:pitch:04156,BE-003:onset:0934,161.843084,869.843084,273.200000,69,2.200000,83.8751,C6,1038.9771,0.162540,1.000000,0.620972,0.850000,0.840000,,0.577873,2282.913,6,3,0.010000,0.080000,0.840000,0.070000,0.000000,0.120000,0.580000,0.220000,NOTE_HYPOTHESIS,shared_audio_intelligence_v0_2;spectral_peak;owner_supplied_audio
BE-003:pitch:04157,BE-003:onset:0934,161.843084,869.843084,273.200000,69,2.200000,71.9645,C5,522.1802,0.162540,0.962077,0.620972,0.831039,0.580000,,0.577873,2282.913,6,4,0.050000,0.300000,0.580000,0.070000,0.000000,0.120000,0.580000,0.220000,NOTE_HYPOTHESIS,shared_audio_intelligence_v0_2;spectral_peak;owner_supplied_audio
BE-003:pitch:04158,BE-003:onset:0934,161.843084,869.843084,273.200000,69,2.200000,54.8047,G3,193.7988,0.371519,0.880259,0.620972,0.790129,0.550000,,0.577873,2282.913,6,5,0.550000,0.350000,0.030000,0.070000,0.480000,0.320000,0.000000,0.000000,NOTE_HYPOTHESIS,shared_audio_intelligence_v0_2;spectral_peak;owner_supplied_audio
BE-003:pitch:04159,BE-003:onset:0934,161.843084,869.843084,273.200000,69,2.200000,85.9042,D6,1168.1763,0.325079,0.856773,0.620972,0.778386,0.840000,,0.577873,2282.913,6,6,0.010000,0.080000,0.840000,0.070000,0.000000,0.120000,0.580000,0.220000,NOTE_HYPOTHESIS,shared_audio_intelligence_v0_2;spectral_peak;owner_supplied_audio
BE-003:pitch:04160,BE-003:onset:0935,162.005624,870.005624,273.480000,69,2.480000,40.7656,F2,86.1328,0.394739,1.000000,0.758121,0.850000,0.760000,,0.788332,1876.185,6,1,0.760000,0.180000,0.010000,0.050000,0.480000,0.320000,0.000000,0.000000,NOTE_HYPOTHESIS,shared_audio_intelligence_v0_2;spectral_peak;owner_supplied_audio
BE-003:pitch:04161,BE-003:onset:0935,162.005624,870.005624,273.480000,69,2.480000,81.8808,A#5,925.9277,0.162540,0.989296,0.758121,0.844648,0.840000,,0.788332,1876.185,6,2,0.010000,0.080000,0.840000,0.070000,0.000000,0.120000,0.580000,0.220000,NOTE_HYPOTHESIS,shared_audio_intelligence_v0_2;spectral_peak;owner_supplied_audio
BE-003:pitch:04162,BE-003:onset:0935,162.005624,870.005624,273.480000,69,2.480000,45.4734,A2,113.0493,0.116100,0.930106,0.758121,0.815053,0.550000,,0.788332,1876.185,6,3,0.550000,0.350000,0.030000,0.070000,0.480000,0.320000,0.000000,0.000000,NOTE_HYPOTHESIS,shared_audio_intelligence_v0_2;spectral_peak;owner_supplied_audio
BE-003:pitch:04163,BE-003:onset:0935,162.005624,870.005624,273.480000,69,2.480000,85.7439,D6,1157.4097,0.162540,0.910896,0.758121,0.805448,0.840000,,0.788332,1876.185,6,4,0.010000,0.080000,0.840000,0.070000,0.000000,0.120000,0.580000,0.220000,NOTE_HYPOTHESIS,shared_audio_intelligence_v0_2;spectral_peak;owner_supplied_audio
BE-003:pitch:04164,BE-003:onset:0935,162.005624,870.005624,273.480000,69,2.480000,56.1904,G#3,209.9487,0.278639,0.910277,0.758121,0.805139,0.520000,,0.788332,1876.185,6,5,0.250000,0.520000,0.150000,0.080000,0.000000,0.450000,0.250000,0.200000,NOTE_HYPOTHESIS,shared_audio_intelligence_v0_2;spectral_peak;owner_supplied_audio
BE-003:pitch:04165,BE-003:onset:0935,162.005624,870.005624,273.480000,69,2.480000,63.0613,D#4,312.2314,0.301859,0.888011,0.758121,0.794005,0.520000,,0.788332,1876.185,6,6,0.250000,0.520000,0.150000,0.080000,0.000000,0.450000,0.250000,0.200000,NOTE_HYPOTHESIS,shared_audio_intelligence_v0_2;spectral_peak;owner_supplied_audio
BE-003:pitch:04166,BE-003:onset:0936,162.307483,870.307483,274.000000,69,3.000000,81.8808,A#5,925.9277,0.116100,1.000000,1.000000,0.850000,0.840000,,0.573320,2451.106,2,1,0.010000,0.080000,0.840000,0.070000,0.000000,0.120000,0.580000,0.220000,NOTE_HYPOTHESIS,shared_audio_intelligence_v0_2;spectral_peak;owner_supplied_audio
BE-003:pitch:04167,BE-003:onset:0936,162.307483,870.307483,274.000000,69,3.000000,40.7656,F2,86.1328,0.835918,1.000000,1.000000,0.850000,0.760000,,0.573320,2451.106,2,2,0.760000,0.180000,0.010000,0.050000,0.480000,0.320000,0.000000,0.000000,NOTE_HYPOTHESIS,shared_audio_intelligence_v0_2;spectral_peak;owner_supplied_audio
BE-003:pitch:04168,BE-003:onset:0937,162.400363,870.400363,274.160000,69,3.160000,78.9245,G5,780.5786,0.185760,1.000000,0.970892,0.850000,0.840000,,0.614113,2369.423,3,1,0.010000,0.080000,0.840000,0.070000,0.000000,0.120000,0.580000,0.220000,NOTE_HYPOTHESIS,shared_audio_intelligence_v0_2;spectral_peak;owner_supplied_audio
BE-003:pitch:04169,BE-003:onset:0937,162.400363,870.400363,274.160000,69,3.160000,81.9811,A#5,931.3110,0.394739,1.000000,0.970892,0.850000,0.840000,,0.614113,2369.423,3,2,0.010000,0.080000,0.840000,0.070000,0.000000,0.120000,0.580000,0.220000,NOTE_HYPOTHESIS,shared_audio_intelligence_v0_2;spectral_peak;owner_supplied_audio
BE-003:pitch:04170,BE-003:onset:0937,162.400363,870.400363,274.160000,69,3.160000,35.7851,C2,64.5996,1.486077,0.902140,0.970892,0.801070,0.760000,,0.614113,2369.423,3,3,0.760000,0.180000,0.010000,0.050000,0.480000,0.320000,0.000000,0.000000,NOTE_HYPOTHESIS,shared_audio_intelligence_v0_2;spectral_peak;owner_supplied_audio
BE-003:pitch:04171,BE-003:onset:0938,162.493243,870.493243,274.320000,69,3.320000,74.9115,D#5,619.0796,0.301859,1.000000,0.906259,0.850000,0.580000,,0.567987,2123.735,6,1,0.050000,0.300000,0.580000,0.070000,0.000000,0.120000,0.580000,0.220000,NOTE_HYPOTHESIS,shared_audio_intelligence_v0_2;spectral_peak;owner_supplied_audio
BE-003:pitch:04172,BE-003:onset:0938,162.493243,870.493243,274.320000,69,3.320000,78.9245,G5,780.5786,0.116100,1.000000,0.906259,0.850000,0.840000,,0.567987,2123.735,6,2,0.010000,0.080000,0.840000,0.070000,0.000000,0.120000,0.580000,0.220000,NOTE_HYPOTHESIS,shared_audio_intelligence_v0_2;spectral_peak;owner_supplied_audio
BE-003:pitch:04173,BE-003:onset:0938,162.493243,870.493243,274.320000,69,3.320000,81.8808,A#5,925.9277,0.278639,1.000000,0.906259,0.850000,0.840000,,0.567987,2123.735,6,3,0.010000,0.080000,0.840000,0.070000,0.000000,0.120000,0.580000,0.220000,NOTE_HYPOTHESIS,shared_audio_intelligence_v0_2;spectral_peak;owner_supplied_audio
BE-003:pitch:04174,BE-003:onset:0938,162.493243,870.493243,274.320000,69,3.320000,38.4538,D2,75.3662,0.673379,1.000000,0.906259,0.850000,0.760000,,0.567987,2123.735,6,4,0.760000,0.180000,0.010000,0.050000,0.480000,0.320000,0.000000,0.000000,NOTE_HYPOTHESIS,shared_audio_intelligence_v0_2;spectral_peak;owner_supplied_audio
BE-003:pitch:04175,BE-003:onset:0938,162.493243,870.493243,274.320000,69,3.320000,86.9115,D#6,1238.1592,0.278639,0.991687,0.906259,0.845844,0.840000,,0.567987,2123.735,6,5,0.010000,0.080000,0.840000,0.070000,0.000000,0.120000,0.580000,0.220000,NOTE_HYPOTHESIS,shared_audio_intelligence_v0_2;spectral_peak;owner_supplied_audio
BE-003:pitch:04176,BE-003:onset:0938,162.493243,870.493243,274.320000,69,3.320000,50.4538,D3,150.7324,0.557279,0.953084,0.906259,0.826542,0.550000,,0.567987,2123.735,6,6,0.550000,0.350000,0.030000,0.070000,0.480000,0.320000,0.000000,0.000000,NOTE_HYPOTHESIS,shared_audio_intelligence_v0_2;spectral_peak;owner_supplied_audio
BE-003:pitch:04177,BE-003:onset:0939,162.609342,870.609342,274.520000,69,3.520000,37.1709,C#2,69.9829,0.417959,1.000000,0.750906,0.850000,0.760000,,0.772322,1639.400,6,1,0.760000,0.180000,0.010000,0.050000,0.480000,0.320000,0.000000,0.000000,NOTE_HYPOTHESIS,shared_audio_intelligence_v0_2;spectral_peak;owner_supplied_audio
BE-003:pitch:04178,BE-003:onset:0939,162.609342,870.609342,274.520000,69,3.520000,49.8242,D3,145.3491,0.394739,1.000000,0.750906,0.850000,0.550000,,0.772322,1639.400,6,2,0.550000,0.350000,0.030000,0.070000,0.480000,0.320000,0.000000,0.000000,NOTE_HYPOTHESIS,shared_audio_intelligence_v0_2;spectral_peak;owner_supplied_audio
BE-003:pitch:04179,BE-003:onset:0939,162.609342,870.609342,274.520000,69,3.520000,74.7603,D#5,613.6963,0.208980,1.000000,0.750906,0.850000,0.580000,,0.772322,1639.400,6,3,0.050000,0.300000,0.580000,0.070000,0.000000,0.120000,0.580000,0.220000,NOTE_HYPOTHESIS,shared_audio_intelligence_v0_2;spectral_peak;owner_supplied_audio
BE-003:pitch:04180,BE-003:onset:0939,162.609342,870.609342,274.520000,69,3.520000,83.8751,C6,1038.9771,0.116100,1.000000,0.750906,0.850000,0.840000,,0.772322,1639.400,6,4,0.010000,0.080000,0.840000,0.070000,0.000000,0.120000,0.580000,0.220000,NOTE_HYPOTHESIS,shared_audio_intelligence_v0_2;spectral_peak;owner_supplied_audio
BE-003:pitch:04181,BE-003:onset:0939,162.609342,870.609342,274.520000,69,3.520000,71.9645,C5,522.1802,0.510839,0.981142,0.750906,0.840571,0.580000,,0.772322,1639.400,6,5,0.050000,0.300000,0.580000,0.070000,0.000000,0.120000,0.580000,0.220000,NOTE_HYPOTHESIS,shared_audio_intelligence_v0_2;spectral_peak;owner_supplied_audio
BE-003:pitch:04182,BE-003:onset:0939,162.609342,870.609342,274.520000,69,3.520000,56.6287,A3,215.3320,0.557279,0.955261,0.750906,0.827631,0.520000,,0.772322,1639.400,6,6,0.250000,0.520000,0.150000,0.080000,0.000000,0.450000,0.250000,0.200000,NOTE_HYPOTHESIS,shared_audio_intelligence_v0_2;spectral_peak;owner_supplied_audio
BE-003:pitch:04183,BE-003:onset:0940,162.725442,870.725442,274.720000,69,3.720000,80.9503,A5,877.4780,0.162540,1.000000,0.729294,0.850000,0.840000,,0.918177,1740.919,6,1,0.010000,0.080000,0.840000,0.070000,0.000000,0.120000,0.580000,0.220000,NOTE_HYPOTHESIS,shared_audio_intelligence_v0_2;spectral_peak;owner_supplied_audio
BE-003:pitch:04184,BE-003:onset:0940,162.725442,870.725442,274.720000,69,3.720000,49.8242,D3,145.3491,0.255420,1.000000,0.729294,0.850000,0.550000,,0.918177,1740.919,6,2,0.550000,0.350000,0.030000,0.070000,0.480000,0.320000,0.000000,0.000000,NOTE_HYPOTHESIS,shared_audio_intelligence_v0_2;spectral_peak;owner_supplied_audio
BE-003:pitch:04185,BE-003:onset:0940,162.725442,870.725442,274.720000,69,3.720000,38.4538,D2,75.3662,0.417959,1.000000,0.729294,0.850000,0.760000,,0.918177,1740.919,6,3,0.760000,0.180000,0.010000,0.050000,0.480000,0.320000,0.000000,0.000000,NOTE_HYPOTHESIS,shared_audio_intelligence_v0_2;spectral_peak;owner_supplied_audio
BE-003:pitch:04186,BE-003:onset:0940,162.725442,870.725442,274.720000,69,3.720000,63.0613,D#4,312.2314,0.139320,1.000000,0.729294,0.850000,0.520000,,0.918177,1740.919,6,4,0.250000,0.520000,0.150000,0.080000,0.000000,0.450000,0.250000,0.200000,NOTE_HYPOTHESIS,shared_audio_intelligence_v0_2;spectral_peak;owner_supplied_audio
BE-003:pitch:04187,BE-003:onset:0940,162.725442,870.725442,274.720000,69,3.720000,74.9115,D#5,619.0796,0.092880,1.000000,0.729294,0.850000,0.580000,,0.918177,1740.919,6,5,0.050000,0.300000,0.580000,0.070000,0.000000,0.120000,0.580000,0.220000,NOTE_HYPOTHESIS,shared_audio_intelligence_v0_2;spectral_peak;owner_supplied_audio
BE-003:pitch:04188,BE-003:onset:0940,162.725442,870.725442,274.720000,69,3.720000,57.0562,A3,220.7153,0.394739,1.000000,0.729294,0.850000,0.520000,,0.918177,1740.919,6,6,0.250000,0.520000,0.150000,0.080000,0.000000,0.450000,0.250000,0.200000,NOTE_HYPOTHESIS,shared_audio_intelligence_v0_2;spectral_peak;owner_supplied_audio
BE-003:pitch:04189,BE-003:onset:0941,162.887982,870.887982,275.000000,69,4.000000,56.1904,G#3,209.9487,0.116100,1.000000,0.959750,0.850000,0.520000,,0.710135,2185.217,6,1,0.250000,0.520000,0.150000,0.080000,0.000000,0.450000,0.250000,0.200000,NOTE_HYPOTHESIS,shared_audio_intelligence_v0_2;spectral_peak;owner_supplied_audio
BE-003:pitch:04190,BE-003:onset:0941,162.887982,870.887982,275.000000,69,4.000000,49.8242,D3,145.3491,0.116100,1.000000,0.959750,0.850000,0.550000,,0.710135,2185.217,6,2,0.550000,0.350000,0.030000,0.070000,0.480000,0.320000,0.000000,0.000000,NOTE_HYPOTHESIS,shared_audio_intelligence_v0_2;spectral_peak;owner_supplied_audio
BE-003:pitch:04191,BE-003:onset:0941,162.887982,870.887982,275.000000,69,4.000000,38.4538,D2,75.3662,0.278639,1.000000,0.959750,0.850000,0.760000,,0.710135,2185.217,6,3,0.760000,0.180000,0.010000,0.050000,0.480000,0.320000,0.000000,0.000000,NOTE_HYPOTHESIS,shared_audio_intelligence_v0_2;spectral_peak;owner_supplied_audio
BE-003:pitch:04192,BE-003:onset:0941,162.887982,870.887982,275.000000,69,4.000000,83.8751,C6,1038.9771,0.116100,1.000000,0.959750,0.850000,0.840000,,0.710135,2185.217,6,4,0.010000,0.080000,0.840000,0.070000,0.000000,0.120000,0.580000,0.220000,NOTE_HYPOTHESIS,shared_audio_intelligence_v0_2;spectral_peak;owner_supplied_audio
BE-003:pitch:04193,BE-003:onset:0941,162.887982,870.887982,275.000000,69,4.000000,71.9645,C5,522.1802,0.232200,1.000000,0.959750,0.850000,0.580000,,0.710135,2185.217,6,5,0.050000,0.300000,0.580000,0.070000,0.000000,0.120000,0.580000,0.220000,NOTE_HYPOTHESIS,shared_audio_intelligence_v0_2;spectral_peak;owner_supplied_audio
BE-003:pitch:04194,BE-003:onset:0941,162.887982,870.887982,275.000000,69,4.000000,80.9503,A5,877.4780,0.116100,0.870126,0.959750,0.785063,0.840000,,0.710135,2185.217,6,6,0.010000,0.080000,0.840000,0.070000,0.000000,0.120000,0.580000,0.220000,NOTE_HYPOTHESIS,shared_audio_intelligence_v0_2;spectral_peak;owner_supplied_audio
BE-003:pitch:04195,BE-003:onset:0942,163.004082,871.004082,275.208333,69,4.208333,78.9245,G5,780.5786,0.116100,1.000000,0.645298,0.850000,0.840000,,0.759332,2236.413,3,1,0.010000,0.080000,0.840000,0.070000,0.000000,0.120000,0.580000,0.220000,NOTE_HYPOTHESIS,shared_audio_intelligence_v0_2;spectral_peak;owner_supplied_audio
BE-003:pitch:04196,BE-003:onset:0942,163.004082,871.004082,275.208333,69,4.208333,90.8647,G6,1555.7739,0.116100,0.983942,0.645298,0.841971,0.840000,,0.759332,2236.413,3,2,0.010000,0.080000,0.840000,0.070000,0.000000,0.120000,0.580000,0.220000,NOTE_HYPOTHESIS,shared_audio_intelligence_v0_2;spectral_peak;owner_supplied_audio
BE-003:pitch:04197,BE-003:onset:0942,163.004082,871.004082,275.208333,69,4.208333,39.6483,E2,80.7495,0.232200,0.976732,0.645298,0.838366,0.760000,,0.759332,2236.413,3,3,0.760000,0.180000,0.010000,0.050000,0.480000,0.320000,0.000000,0.000000,NOTE_HYPOTHESIS,shared_audio_intelligence_v0_2;spectral_peak;owner_supplied_audio
BE-003:pitch:04198,BE-003:onset:0943,163.166621,871.166621,275.500000,69,4.500000,80.9503,A5,877.4780,0.162540,1.000000,1.000000,0.850000,0.840000,,0.856721,1805.343,3,1,0.010000,0.080000,0.840000,0.070000,0.000000,0.120000,0.580000,0.220000,NOTE_HYPOTHESIS,shared_audio_intelligence_v0_2;spectral_peak;owner_supplied_audio
BE-003:pitch:04199,BE-003:onset:0943,163.166621,871.166621,275.500000,69,4.500000,34.2788,A#1,59.2163,0.534059,1.000000,1.000000,0.850000,0.760000,,0.856721,1805.343,3,2,0.760000,0.180000,0.010000,0.050000,0.480000,0.320000,0.000000,0.000000,NOTE_HYPOTHESIS,shared_audio_intelligence_v0_2;spectral_peak;owner_supplied_audio
BE-003:pitch:04200,BE-003:onset:0943,163.166621,871.166621,275.500000,69,4.500000,45.4734,A2,113.0493,0.580499,1.000000,1.000000,0.850000,0.550000,,0.856721,1805.343,3,3,0.550000,0.350000,0.030000,0.070000,0.480000,0.320000,0.000000,0.000000,NOTE_HYPOTHESIS,shared_audio_intelligence_v0_2;spectral_peak;owner_supplied_audio
BE-003:pitch:04201,BE-003:onset:0944,163.282721,871.282721,275.708333,69,4.708333,34.2788,A#1,59.2163,0.394739,1.000000,0.907366,0.850000,0.760000,,0.756406,1899.079,5,1,0.760000,0.180000,0.010000,0.050000,0.480000,0.320000,0.000000,0.000000,NOTE_HYPOTHESIS,shared_audio_intelligence_v0_2;spectral_peak;owner_supplied_audio
BE-003:pitch:04202,BE-003:onset:0944,163.282721,871.282721,275.708333,69,4.708333,76.9003,F5,694.4458,0.232200,1.000000,0.907366,0.850000,0.840000,,0.756406,1899.079,5,2,0.010000,0.080000,0.840000,0.070000,0.000000,0.120000,0.580000,0.220000,NOTE_HYPOTHESIS,shared_audio_intelligence_v0_2;spectral_peak;owner_supplied_audio
BE-003:pitch:04203,BE-003:onset:0944,163.282721,871.282721,275.708333,69,4.708333,80.9503,A5,877.4780,0.092880,1.000000,0.907366,0.850000,0.840000,,0.756406,1899.079,5,3,0.010000,0.080000,0.840000,0.070000,0.000000,0.120000,0.580000,0.220000,NOTE_HYPOTHESIS,shared_audio_intelligence_v0_2;spectral_peak;owner_supplied_audio
BE-003:pitch:04204,BE-003:onset:0944,163.282721,871.282721,275.708333,69,4.708333,46.2788,A#2,118.4326,0.348299,1.000000,0.907366,0.850000,0.550000,,0.756406,1899.079,5,4,0.550000,0.350000,0.030000,0.070000,0.480000,0.320000,0.000000,0.000000,NOTE_HYPOTHESIS,shared_audio_intelligence_v0_2;spectral_peak;owner_supplied_audio
BE-003:pitch:04205,BE-003:onset:0944,163.282721,871.282721,275.708333,69,4.708333,88.9673,F6,1394.2749,0.162540,1.000000,0.907366,0.850000,0.840000,,0.756406,1899.079,5,5,0.010000,0.080000,0.840000,0.070000,0.000000,0.120000,0.580000,0.220000,NOTE_HYPOTHESIS,shared_audio_intelligence_v0_2;spectral_peak;owner_supplied_audio
BE-003:pitch:04206,BE-003:onset:0945,163.445261,871.445261,276.000000,70,1.000000,74.9115,D#5,619.0796,0.232200,1.000000,0.992197,0.850000,0.580000,,0.751508,1447.472,6,1,0.050000,0.300000,0.580000,0.070000,0.000000,0.120000,0.580000,0.220000,NOTE_HYPOTHESIS,shared_audio_intelligence_v0_2;spectral_peak;owner_supplied_audio
BE-003:pitch:04207,BE-003:onset:0945,163.445261,871.445261,276.000000,70,1.000000,64.7656,F4,344.5312,0.185760,1.000000,0.992197,0.850000,0.580000,,0.751508,1447.472,6,2,0.050000,0.300000,0.580000,0.070000,0.000000,0.450000,0.250000,0.200000,NOTE_HYPOTHESIS,shared_audio_intelligence_v0_2;spectral_peak;owner_supplied_audio
BE-003:pitch:04208,BE-003:onset:0945,163.445261,871.445261,276.000000,70,1.000000,73.8242,D5,581.3965,0.371519,1.000000,0.992197,0.850000,0.580000,,0.751508,1447.472,6,3,0.050000,0.300000,0.580000,0.070000,0.000000,0.120000,0.580000,0.220000,NOTE_HYPOTHESIS,shared_audio_intelligence_v0_2;spectral_peak;owner_supplied_audio
BE-003:pitch:04209,BE-003:onset:0945,163.445261,871.445261,276.000000,70,1.000000,61.8242,D4,290.6982,0.162540,1.000000,0.992197,0.850000,0.520000,,0.751508,1447.472,6,4,0.250000,0.520000,0.150000,0.080000,0.000000,0.450000,0.250000,0.200000,NOTE_HYPOTHESIS,shared_audio_intelligence_v0_2;spectral_peak;owner_supplied_audio
BE-003:pitch:04210,BE-003:onset:0945,163.445261,871.445261,276.000000,70,1.000000,34.2788,A#1,59.2163,0.278639,1.000000,0.992197,0.850000,0.760000,,0.751508,1447.472,6,5,0.760000,0.180000,0.010000,0.050000,0.480000,0.320000,0.000000,0.000000,NOTE_HYPOTHESIS,shared_audio_intelligence_v0_2;spectral_peak;owner_supplied_audio
BE-003:pitch:04211,BE-003:onset:0945,163.445261,871.445261,276.000000,70,1.000000,76.9003,F5,694.4458,0.116100,1.000000,0.992197,0.850000,0.840000,,0.751508,1447.472,6,6,0.010000,0.080000,0.840000,0.070000,0.000000,0.120000,0.580000,0.220000,NOTE_HYPOTHESIS,shared_audio_intelligence_v0_2;spectral_peak;owner_supplied_audio
BE-003:pitch:04212,BE-003:onset:0946,163.747120,871.747120,276.520000,70,1.520000,76.9003,F5,694.4458,0.278639,1.000000,0.964933,0.850000,0.840000,,0.798407,2095.637,3,1,0.010000,0.080000,0.840000,0.070000,0.000000,0.120000,0.580000,0.220000,NOTE_HYPOTHESIS,shared_audio_intelligence_v0_2;spectral_peak;owner_supplied_audio
BE-003:pitch:04213,BE-003:onset:0946,163.747120,871.747120,276.520000,70,1.520000,88.9673,F6,1394.2749,0.487619,1.000000,0.964933,0.850000,0.840000,,0.798407,2095.637,3,2,0.010000,0.080000,0.840000,0.070000,0.000000,0.120000,0.580000,0.220000,NOTE_HYPOTHESIS,shared_audio_intelligence_v0_2;spectral_peak;owner_supplied_audio
BE-003:pitch:04214,BE-003:onset:0946,163.747120,871.747120,276.520000,70,1.520000,42.8047,G2,96.8994,0.487619,1.000000,0.964933,0.850000,0.760000,,0.798407,2095.637,3,3,0.760000,0.180000,0.010000,0.050000,0.480000,0.320000,0.000000,0.000000,NOTE_HYPOTHESIS,shared_audio_intelligence_v0_2;spectral_peak;owner_supplied_audio
BE-003:pitch:04215,BE-003:onset:0947,164.025760,872.025760,277.000000,70,2.000000,64.7656,F4,344.5312,0.185760,1.000000,0.987449,0.850000,0.580000,,0.653562,1666.871,6,1,0.050000,0.300000,0.580000,0.070000,0.000000,0.450000,0.250000,0.200000,NOTE_HYPOTHESIS,shared_audio_intelligence_v0_2;spectral_peak;owner_supplied_audio
BE-003:pitch:04216,BE-003:onset:0947,164.025760,872.025760,277.000000,70,2.000000,73.8242,D5,581.3965,0.417959,1.000000,0.987449,0.850000,0.580000,,0.653562,1666.871,6,2,0.050000,0.300000,0.580000,0.070000,0.000000,0.120000,0.580000,0.220000,NOTE_HYPOTHESIS,shared_audio_intelligence_v0_2;spectral_peak;owner_supplied_audio
BE-003:pitch:04217,BE-003:onset:0947,164.025760,872.025760,277.000000,70,2.000000,61.8242,D4,290.6982,0.139320,1.000000,0.987449,0.850000,0.520000,,0.653562,1666.871,6,3,0.250000,0.520000,0.150000,0.080000,0.000000,0.450000,0.250000,0.200000,NOTE_HYPOTHESIS,shared_audio_intelligence_v0_2;spectral_peak;owner_supplied_audio
BE-003:pitch:04218,BE-003:onset:0947,164.025760,872.025760,277.000000,70,2.000000,76.9003,F5,694.4458,0.162540,1.000000,0.987449,0.850000,0.840000,,0.653562,1666.871,6,4,0.010000,0.080000,0.840000,0.070000,0.000000,0.120000,0.580000,0.220000,NOTE_HYPOTHESIS,shared_audio_intelligence_v0_2;spectral_peak;owner_supplied_audio
BE-003:pitch:04219,BE-003:onset:0947,164.025760,872.025760,277.000000,70,2.000000,88.9673,F6,1394.2749,0.371519,0.921913,0.987449,0.810957,0.840000,,0.653562,1666.871,6,5,0.010000,0.080000,0.840000,0.070000,0.000000,0.120000,0.580000,0.220000,NOTE_HYPOTHESIS,shared_audio_intelligence_v0_2;spectral_peak;owner_supplied_audio
BE-003:pitch:04220,BE-003:onset:0947,164.025760,872.025760,277.000000,70,2.000000,42.8047,G2,96.8994,0.557279,0.882904,0.987449,0.791452,0.760000,,0.653562,1666.871,6,6,0.760000,0.180000,0.010000,0.050000,0.480000,0.320000,0.000000,0.000000,NOTE_HYPOTHESIS,shared_audio_intelligence_v0_2;spectral_peak;owner_supplied_audio
BE-003:pitch:04221,BE-003:onset:0948,164.327619,872.327619,277.500000,70,2.500000,66.8047,G4,387.5977,0.534059,1.000000,0.939358,0.850000,0.580000,,0.547496,2281.510,6,1,0.050000,0.300000,0.580000,0.070000,0.000000,0.450000,0.250000,0.200000,NOTE_HYPOTHESIS,shared_audio_intelligence_v0_2;spectral_peak;owner_supplied_audio
BE-003:pitch:04222,BE-003:onset:0948,164.327619,872.327619,277.500000,70,2.500000,45.4734,A2,113.0493,0.162540,1.000000,0.939358,0.850000,0.550000,,0.547496,2281.510,6,2,0.550000,0.350000,0.030000,0.070000,0.480000,0.320000,0.000000,0.000000,NOTE_HYPOTHESIS,shared_audio_intelligence_v0_2;spectral_peak;owner_supplied_audio
BE-003:pitch:04223,BE-003:onset:0948,164.327619,872.327619,277.500000,70,2.500000,78.9245,G5,780.5786,0.417959,1.000000,0.939358,0.850000,0.840000,,0.547496,2281.510,6,3,0.010000,0.080000,0.840000,0.070000,0.000000,0.120000,0.580000,0.220000,NOTE_HYPOTHESIS,shared_audio_intelligence_v0_2;spectral_peak;owner_supplied_audio
BE-003:pitch:04224,BE-003:onset:0948,164.327619,872.327619,277.500000,70,2.500000,56.1904,G#3,209.9487,0.116100,0.994394,0.939358,0.847197,0.520000,,0.547496,2281.510,6,4,0.250000,0.520000,0.150000,0.080000,0.000000,0.450000,0.250000,0.200000,NOTE_HYPOTHESIS,shared_audio_intelligence_v0_2;spectral_peak;owner_supplied_audio
BE-003:pitch:04225,BE-003:onset:0948,164.327619,872.327619,277.500000,70,2.500000,73.9838,D5,586.7798,0.162540,0.985773,0.939358,0.842886,0.580000,,0.547496,2281.510,6,5,0.050000,0.300000,0.580000,0.070000,0.000000,0.120000,0.580000,0.220000,NOTE_HYPOTHESIS,shared_audio_intelligence_v0_2;spectral_peak;owner_supplied_audio
BE-003:pitch:04226,BE-003:onset:0948,164.327619,872.327619,277.500000,70,2.500000,85.9042,D6,1168.1763,0.139320,0.961489,0.939358,0.830744,0.840000,,0.547496,2281.510,6,6,0.010000,0.080000,0.840000,0.070000,0.000000,0.120000,0.580000,0.220000,NOTE_HYPOTHESIS,shared_audio_intelligence_v0_2;spectral_peak;owner_supplied_audio
BE-003:pitch:04227,BE-003:onset:0949,164.443719,872.443719,277.692308,70,2.692308,74.9115,D#5,619.0796,0.208980,1.000000,0.885621,0.850000,0.580000,,0.781229,1846.950,4,1,0.050000,0.300000,0.580000,0.070000,0.000000,0.120000,0.580000,0.220000,NOTE_HYPOTHESIS,shared_audio_intelligence_v0_2;spectral_peak;owner_supplied_audio
BE-003:pitch:04228,BE-003:onset:0949,164.443719,872.443719,277.692308,70,2.692308,47.7851,C3,129.1992,0.232200,1.000000,0.885621,0.850000,0.550000,,0.781229,1846.950,4,2,0.550000,0.350000,0.030000,0.070000,0.480000,0.320000,0.000000,0.000000,NOTE_HYPOTHESIS,shared_audio_intelligence_v0_2;spectral_peak;owner_supplied_audio
BE-003:pitch:04229,BE-003:onset:0949,164.443719,872.443719,277.692308,70,2.692308,66.8047,G4,387.5977,0.394739,1.000000,0.885621,0.850000,0.580000,,0.781229,1846.950,4,3,0.050000,0.300000,0.580000,0.070000,0.000000,0.450000,0.250000,0.200000,NOTE_HYPOTHESIS,shared_audio_intelligence_v0_2;spectral_peak;owner_supplied_audio
BE-003:pitch:04230,BE-003:onset:0949,164.443719,872.443719,277.692308,70,2.692308,86.9115,D#6,1238.1592,0.162540,1.000000,0.885621,0.850000,0.840000,,0.781229,1846.950,4,4,0.010000,0.080000,0.840000,0.070000,0.000000,0.120000,0.580000,0.220000,NOTE_HYPOTHESIS,shared_audio_intelligence_v0_2;spectral_peak;owner_supplied_audio
BE-003:pitch:04231,BE-003:onset:0950,164.629478,872.629478,278.000000,70,3.000000,67.0435,G4,392.9810,0.208980,1.000000,1.000000,0.850000,0.580000,,0.622611,2058.132,6,1,0.050000,0.300000,0.580000,0.070000,0.000000,0.450000,0.250000,0.200000,NOTE_HYPOTHESIS,shared_audio_intelligence_v0_2;spectral_peak;owner_supplied_audio
BE-003:pitch:04232,BE-003:onset:0950,164.629478,872.629478,278.000000,70,3.000000,73.8242,D5,581.3965,0.348299,1.000000,1.000000,0.850000,0.580000,,0.622611,2058.132,6,2,0.050000,0.300000,0.580000,0.070000,0.000000,0.120000,0.580000,0.220000,NOTE_HYPOTHESIS,shared_audio_intelligence_v0_2;spectral_peak;owner_supplied_audio
BE-003:pitch:04233,BE-003:onset:0950,164.629478,872.629478,278.000000,70,3.000000,74.9115,D#5,619.0796,0.116100,1.000000,1.000000,0.850000,0.580000,,0.622611,2058.132,6,3,0.050000,0.300000,0.580000,0.070000,0.000000,0.120000,0.580000,0.220000,NOTE_HYPOTHESIS,shared_audio_intelligence_v0_2;spectral_peak;owner_supplied_audio
BE-003:pitch:04234,BE-003:onset:0950,164.629478,872.629478,278.000000,70,3.000000,47.7851,C3,129.1992,0.139320,1.000000,1.000000,0.850000,0.550000,,0.622611,2058.132,6,4,0.550000,0.350000,0.030000,0.070000,0.480000,0.320000,0.000000,0.000000,NOTE_HYPOTHESIS,shared_audio_intelligence_v0_2;spectral_peak;owner_supplied_audio
BE-003:pitch:04235,BE-003:onset:0950,164.629478,872.629478,278.000000,70,3.000000,57.8808,A#3,231.4819,0.116100,0.994541,1.000000,0.847271,0.520000,,0.622611,2058.132,6,5,0.250000,0.520000,0.150000,0.080000,0.000000,0.450000,0.250000,0.200000,NOTE_HYPOTHESIS,shared_audio_intelligence_v0_2;spectral_peak;owner_supplied_audio
BE-003:pitch:04236,BE-003:onset:0950,164.629478,872.629478,278.000000,70,3.000000,78.8047,G5,775.1953,0.116100,0.992673,1.000000,0.846337,0.840000,,0.622611,2058.132,6,6,0.010000,0.080000,0.840000,0.070000,0.000000,0.120000,0.580000,0.220000,NOTE_HYPOTHESIS,shared_audio_intelligence_v0_2;spectral_peak;owner_supplied_audio
BE-003:pitch:04237,BE-003:onset:0951,164.722358,872.722358,278.160000,70,3.160000,73.9838,D5,586.7798,0.185760,1.000000,0.717505,0.850000,0.580000,,0.774730,2056.035,3,1,0.050000,0.300000,0.580000,0.070000,0.000000,0.120000,0.580000,0.220000,NOTE_HYPOTHESIS,shared_audio_intelligence_v0_2;spectral_peak;owner_supplied_audio
BE-003:pitch:04238,BE-003:onset:0951,164.722358,872.722358,278.160000,70,3.160000,85.9042,D6,1168.1763,0.162540,1.000000,0.717505,0.850000,0.840000,,0.774730,2056.035,3,2,0.010000,0.080000,0.840000,0.070000,0.000000,0.120000,0.580000,0.220000,NOTE_HYPOTHESIS,shared_audio_intelligence_v0_2;spectral_peak;owner_supplied_audio
BE-003:pitch:04239,BE-003:onset:0951,164.722358,872.722358,278.160000,70,3.160000,67.0435,G4,392.9810,0.139320,1.000000,0.717505,0.850000,0.580000,,0.774730,2056.035,3,3,0.050000,0.300000,0.580000,0.070000,0.000000,0.450000,0.250000,0.200000,NOTE_HYPOTHESIS,shared_audio_intelligence_v0_2;spectral_peak;owner_supplied_audio
BE-003:pitch:04240,BE-003:onset:0952,164.884898,872.884898,278.440000,70,3.440000,73.9838,D5,586.7798,0.092880,1.000000,0.689767,0.850000,0.580000,,0.467949,1954.890,6,1,0.050000,0.300000,0.580000,0.070000,0.000000,0.120000,0.580000,0.220000,NOTE_HYPOTHESIS,shared_audio_intelligence_v0_2;spectral_peak;owner_supplied_audio
BE-003:pitch:04241,BE-003:onset:0952,164.884898,872.884898,278.440000,70,3.440000,83.8751,C6,1038.9771,0.208980,1.000000,0.689767,0.850000,0.840000,,0.467949,1954.890,6,2,0.010000,0.080000,0.840000,0.070000,0.000000,0.120000,0.580000,0.220000,NOTE_HYPOTHESIS,shared_audio_intelligence_v0_2;spectral_peak;owner_supplied_audio
BE-003:pitch:04242,BE-003:onset:0952,164.884898,872.884898,278.440000,70,3.440000,50.4538,D3,150.7324,1.230658,0.958549,0.689767,0.829274,0.550000,,0.467949,1954.890,6,3,0.550000,0.350000,0.030000,0.070000,0.480000,0.320000,0.000000,0.000000,NOTE_HYPOTHESIS,shared_audio_intelligence_v0_2;spectral_peak;owner_supplied_audio
BE-003:pitch:04243,BE-003:onset:0952,164.884898,872.884898,278.440000,70,3.440000,48.4919,C3,134.5825,0.139320,0.946819,0.689767,0.823410,0.550000,,0.467949,1954.890,6,4,0.550000,0.350000,0.030000,0.070000,0.480000,0.320000,0.000000,0.000000,NOTE_HYPOTHESIS,shared_audio_intelligence_v0_2;spectral_peak;owner_supplied_audio
BE-003:pitch:04244,BE-003:onset:0952,164.884898,872.884898,278.440000,70,3.440000,71.9645,C5,522.1802,0.417959,0.925744,0.689767,0.812872,0.580000,,0.467949,1954.890,6,5,0.050000,0.300000,0.580000,0.070000,0.000000,0.120000,0.580000,0.220000,NOTE_HYPOTHESIS,shared_audio_intelligence_v0_2;spectral_peak;owner_supplied_audio
BE-003:pitch:04245,BE-003:onset:0952,164.884898,872.884898,278.440000,70,3.440000,62.4538,D4,301.4648,0.208980,0.923776,0.689767,0.811888,0.520000,,0.467949,1954.890,6,6,0.250000,0.520000,0.150000,0.080000,0.000000,0.450000,0.250000,0.200000,NOTE_HYPOTHESIS,shared_audio_intelligence_v0_2;spectral_peak;owner_supplied_audio
BE-003:pitch:04246,BE-003:onset:0953,165.024218,873.024218,278.680000,70,3.680000,81.8808,A#5,925.9277,0.162540,1.000000,0.948684,0.850000,0.840000,,0.320085,2455.775,6,1,0.010000,0.080000,0.840000,0.070000,0.000000,0.120000,0.580000,0.220000,NOTE_HYPOTHESIS,shared_audio_intelligence_v0_2;spectral_peak;owner_supplied_audio
BE-003:pitch:04247,BE-003:onset:0953,165.024218,873.024218,278.680000,70,3.680000,69.8808,A#4,462.9639,0.278639,1.000000,0.948684,0.850000,0.580000,,0.320085,2455.775,6,2,0.050000,0.300000,0.580000,0.070000,0.000000,0.450000,0.250000,0.200000,NOTE_HYPOTHESIS,shared_audio_intelligence_v0_2;spectral_peak;owner_supplied_audio
BE-003:pitch:04248,BE-003:onset:0953,165.024218,873.024218,278.680000,70,3.680000,71.9645,C5,522.1802,0.278639,1.000000,0.948684,0.850000,0.580000,,0.320085,2455.775,6,3,0.050000,0.300000,0.580000,0.070000,0.000000,0.120000,0.580000,0.220000,NOTE_HYPOTHESIS,shared_audio_intelligence_v0_2;spectral_peak;owner_supplied_audio
BE-003:pitch:04249,BE-003:onset:0953,165.024218,873.024218,278.680000,70,3.680000,83.8751,C6,1038.9771,0.092880,1.000000,0.948684,0.850000,0.840000,,0.320085,2455.775,6,4,0.010000,0.080000,0.840000,0.070000,0.000000,0.120000,0.580000,0.220000,NOTE_HYPOTHESIS,shared_audio_intelligence_v0_2;spectral_peak;owner_supplied_audio
BE-003:pitch:04250,BE-003:onset:0953,165.024218,873.024218,278.680000,70,3.680000,88.9673,F6,1394.2749,0.139320,0.951128,0.948684,0.825564,0.840000,,0.320085,2455.775,6,5,0.010000,0.080000,0.840000,0.070000,0.000000,0.120000,0.580000,0.220000,NOTE_HYPOTHESIS,shared_audio_intelligence_v0_2;spectral_peak;owner_supplied_audio
BE-003:pitch:04251,BE-003:onset:0953,165.024218,873.024218,278.680000,70,3.680000,50.4538,D3,150.7324,1.137778,0.874983,0.948684,0.787492,0.550000,,0.320085,2455.775,6,6,0.550000,0.350000,0.030000,0.070000,0.480000,0.320000,0.000000,0.000000,NOTE_HYPOTHESIS,shared_audio_intelligence_v0_2;spectral_peak;owner_supplied_audio
BE-003:pitch:04252,BE-003:onset:0954,165.186757,873.186757,278.960000,70,3.960000,71.7851,C5,516.7969,0.092880,1.000000,0.724507,0.850000,0.580000,,0.500412,1700.258,6,1,0.050000,0.300000,0.580000,0.070000,0.000000,0.120000,0.580000,0.220000,NOTE_HYPOTHESIS,shared_audio_intelligence_v0_2;spectral_peak;owner_supplied_audio
BE-003:pitch:04253,BE-003:onset:0954,165.186757,873.186757,278.960000,70,3.960000,61.8242,D4,290.6982,0.092880,0.917411,0.724507,0.808705,0.520000,,0.500412,1700.258,6,2,0.250000,0.520000,0.150000,0.080000,0.000000,0.450000,0.250000,0.200000,NOTE_HYPOTHESIS,shared_audio_intelligence_v0_2;spectral_peak;owner_supplied_audio
BE-003:pitch:04254,BE-003:onset:0954,165.186757,873.186757,278.960000,70,3.960000,56.1904,G#3,209.9487,0.812698,0.901677,0.724507,0.800839,0.520000,,0.500412,1700.258,6,3,0.250000,0.520000,0.150000,0.080000,0.000000,0.450000,0.250000,0.200000,NOTE_HYPOTHESIS,shared_audio_intelligence_v0_2;spectral_peak;owner_supplied_audio
BE-003:pitch:04255,BE-003:onset:0954,165.186757,873.186757,278.960000,70,3.960000,50.4538,D3,150.7324,0.952018,0.888426,0.724507,0.794213,0.550000,,0.500412,1700.258,6,4,0.550000,0.350000,0.030000,0.070000,0.480000,0.320000,0.000000,0.000000,NOTE_HYPOTHESIS,shared_audio_intelligence_v0_2;spectral_peak;owner_supplied_audio
BE-003:pitch:04256,BE-003:onset:0954,165.186757,873.186757,278.960000,70,3.960000,69.0562,A4,441.4307,0.325079,0.874348,0.724507,0.787174,0.580000,,0.500412,1700.258,6,5,0.050000,0.300000,0.580000,0.070000,0.000000,0.450000,0.250000,0.200000,NOTE_HYPOTHESIS,shared_audio_intelligence_v0_2;spectral_peak;owner_supplied_audio
BE-003:pitch:04257,BE-003:onset:0954,165.186757,873.186757,278.960000,70,3.960000,59.7851,C4,258.3984,0.232200,0.863169,0.724507,0.781584,0.520000,,0.500412,1700.258,6,6,0.250000,0.520000,0.150000,0.080000,0.000000,0.450000,0.250000,0.200000,NOTE_HYPOTHESIS,shared_audio_intelligence_v0_2;spectral_peak;owner_supplied_audio
BE-003:pitch:04258,BE-003:onset:0955,165.326077,873.326077,279.208333,70,4.208333,66.8047,G4,387.5977,0.348299,1.000000,0.552626,0.850000,0.580000,,0.338109,1941.110,6,1,0.050000,0.300000,0.580000,0.070000,0.000000,0.450000,0.250000,0.200000,NOTE_HYPOTHESIS,shared_audio_intelligence_v0_2;spectral_peak;owner_supplied_audio
BE-003:pitch:04259,BE-003:onset:0955,165.326077,873.326077,279.208333,70,4.208333,49.8242,D3,145.3491,0.185760,1.000000,0.552626,0.850000,0.550000,,0.338109,1941.110,6,2,0.550000,0.350000,0.030000,0.070000,0.480000,0.320000,0.000000,0.000000,NOTE_HYPOTHESIS,shared_audio_intelligence_v0_2;spectral_peak;owner_supplied_audio
BE-003:pitch:04260,BE-003:onset:0955,165.326077,873.326077,279.208333,70,4.208333,68.8438,A4,436.0474,0.162540,0.995209,0.552626,0.847605,0.580000,,0.338109,1941.110,6,3,0.050000,0.300000,0.580000,0.070000,0.000000,0.450000,0.250000,0.200000,NOTE_HYPOTHESIS,shared_audio_intelligence_v0_2;spectral_peak;owner_supplied_audio
BE-003:pitch:04261,BE-003:onset:0955,165.326077,873.326077,279.208333,70,4.208333,78.9245,G5,780.5786,0.325079,0.903600,0.552626,0.801800,0.840000,,0.338109,1941.110,6,4,0.010000,0.080000,0.840000,0.070000,0.000000,0.120000,0.580000,0.220000,NOTE_HYPOTHESIS,shared_audio_intelligence_v0_2;spectral_peak;owner_supplied_audio
BE-003:pitch:04262,BE-003:onset:0955,165.326077,873.326077,279.208333,70,4.208333,43.7407,G#2,102.2827,1.532517,0.884855,0.552626,0.792428,0.760000,,0.338109,1941.110,6,5,0.760000,0.180000,0.010000,0.050000,0.480000,0.320000,0.000000,0.000000,NOTE_HYPOTHESIS,shared_audio_intelligence_v0_2;spectral_peak;owner_supplied_audio
BE-003:pitch:04263,BE-003:onset:0955,165.326077,873.326077,279.208333,70,4.208333,35.7851,C2,64.5996,1.393197,0.778296,0.552626,0.739148,0.760000,,0.338109,1941.110,6,6,0.760000,0.180000,0.010000,0.050000,0.480000,0.320000,0.000000,0.000000,NOTE_HYPOTHESIS,shared_audio_intelligence_v0_2;spectral_peak;owner_supplied_audio
BE-003:pitch:04264,BE-003:onset:0956,165.488617,873.488617,279.500000,70,4.500000,56.1904,G#3,209.9487,0.116100,1.000000,0.901853,0.850000,0.520000,,0.426276,2512.401,6,1,0.250000,0.520000,0.150000,0.080000,0.000000,0.450000,0.250000,0.200000,NOTE_HYPOTHESIS,shared_audio_intelligence_v0_2;spectral_peak;owner_supplied_audio
BE-003:pitch:04265,BE-003:onset:0956,165.488617,873.488617,279.500000,70,4.500000,66.8047,G4,387.5977,0.464399,0.919046,0.901853,0.809523,0.580000,,0.426276,2512.401,6,2,0.050000,0.300000,0.580000,0.070000,0.000000,0.450000,0.250000,0.200000,NOTE_HYPOTHESIS,shared_audio_intelligence_v0_2;spectral_peak;owner_supplied_audio
BE-003:pitch:04266,BE-003:onset:0956,165.488617,873.488617,279.500000,70,4.500000,62.7603,D#4,306.8481,0.255420,0.839347,0.901853,0.769673,0.520000,,0.426276,2512.401,6,3,0.250000,0.520000,0.150000,0.080000,0.000000,0.450000,0.250000,0.200000,NOTE_HYPOTHESIS,shared_audio_intelligence_v0_2;spectral_peak;owner_supplied_audio
BE-003:pitch:04267,BE-003:onset:0956,165.488617,873.488617,279.500000,70,4.500000,57.4734,A3,226.0986,0.534059,0.837067,0.901853,0.768533,0.520000,,0.426276,2512.401,6,4,0.250000,0.520000,0.150000,0.080000,0.000000,0.450000,0.250000,0.200000,NOTE_HYPOTHESIS,shared_audio_intelligence_v0_2;spectral_peak;owner_supplied_audio
BE-003:pitch:04268,BE-003:onset:0956,165.488617,873.488617,279.500000,70,4.500000,51.0613,D#3,156.1157,0.673379,0.793236,0.901853,0.746618,0.550000,,0.426276,2512.401,6,5,0.550000,0.350000,0.030000,0.070000,0.480000,0.320000,0.000000,0.000000,NOTE_HYPOTHESIS,shared_audio_intelligence_v0_2;spectral_peak;owner_supplied_audio
BE-003:pitch:04269,BE-003:onset:0956,165.488617,873.488617,279.500000,70,4.500000,54.3170,F#3,188.4155,0.441179,0.779077,0.901853,0.739538,0.550000,,0.426276,2512.401,6,6,0.550000,0.350000,0.030000,0.070000,0.480000,0.320000,0.000000,0.000000,NOTE_HYPOTHESIS,shared_audio_intelligence_v0_2;spectral_peak;owner_supplied_audio
BE-003:pitch:04270,BE-003:onset:0957,165.767256,873.767256,280.000000,71,1.000000,78.9245,G5,780.5786,0.162540,1.000000,1.000000,0.850000,0.840000,,0.956146,1682.517,1,1,0.010000,0.080000,0.840000,0.070000,0.000000,0.120000,0.580000,0.220000,NOTE_HYPOTHESIS,shared_audio_intelligence_v0_2;spectral_peak;owner_supplied_audio
BE-003:pitch:04271,BE-003:onset:0958,166.069116,874.069116,280.520000,71,1.520000,66.8047,G4,387.5977,0.255420,1.000000,1.000000,0.850000,0.580000,,0.476887,1861.823,6,1,0.050000,0.300000,0.580000,0.070000,0.000000,0.450000,0.250000,0.200000,NOTE_HYPOTHESIS,shared_audio_intelligence_v0_2;spectral_peak;owner_supplied_audio
BE-003:pitch:04272,BE-003:onset:0958,166.069116,874.069116,280.520000,71,1.520000,47.7851,C3,129.1992,0.348299,1.000000,1.000000,0.850000,0.550000,,0.476887,1861.823,6,2,0.550000,0.350000,0.030000,0.070000,0.480000,0.320000,0.000000,0.000000,NOTE_HYPOTHESIS,shared_audio_intelligence_v0_2;spectral_peak;owner_supplied_audio
BE-003:pitch:04273,BE-003:onset:0958,166.069116,874.069116,280.520000,71,1.520000,78.8047,G5,775.1953,0.162540,1.000000,1.000000,0.850000,0.840000,,0.476887,1861.823,6,3,0.010000,0.080000,0.840000,0.070000,0.000000,0.120000,0.580000,0.220000,NOTE_HYPOTHESIS,shared_audio_intelligence_v0_2;spectral_peak;owner_supplied_audio
BE-003:pitch:04274,BE-003:onset:0958,166.069116,874.069116,280.520000,71,1.520000,43.7407,G#2,102.2827,0.208980,0.979747,1.000000,0.839874,0.760000,,0.476887,1861.823,6,4,0.760000,0.180000,0.010000,0.050000,0.480000,0.320000,0.000000,0.000000,NOTE_HYPOTHESIS,shared_audio_intelligence_v0_2;spectral_peak;owner_supplied_audio
BE-003:pitch:04275,BE-003:onset:0958,166.069116,874.069116,280.520000,71,1.520000,74.9115,D#5,619.0796,0.139320,0.949683,1.000000,0.824841,0.580000,,0.476887,1861.823,6,5,0.050000,0.300000,0.580000,0.070000,0.000000,0.120000,0.580000,0.220000,NOTE_HYPOTHESIS,shared_audio_intelligence_v0_2;spectral_peak;owner_supplied_audio
BE-003:pitch:04276,BE-003:onset:0958,166.069116,874.069116,280.520000,71,1.520000,59.4206,B3,253.0151,0.650159,0.900633,1.000000,0.800316,0.520000,,0.476887,1861.823,6,6,0.250000,0.520000,0.150000,0.080000,0.000000,0.450000,0.250000,0.200000,NOTE_HYPOTHESIS,shared_audio_intelligence_v0_2;spectral_peak;owner_supplied_audio
BE-003:pitch:04277,BE-003:onset:0959,166.161995,874.161995,280.680000,71,1.680000,76.9003,F5,694.4458,0.232200,1.000000,0.743183,0.850000,0.840000,,0.695503,2004.484,5,1,0.010000,0.080000,0.840000,0.070000,0.000000,0.120000,0.580000,0.220000,NOTE_HYPOTHESIS,shared_audio_intelligence_v0_2;spectral_peak;owner_supplied_audio
BE-003:pitch:04278,BE-003:onset:0959,166.161995,874.161995,280.680000,71,1.680000,47.7851,C3,129.1992,0.232200,1.000000,0.743183,0.850000,0.550000,,0.695503,2004.484,5,2,0.550000,0.350000,0.030000,0.070000,0.480000,0.320000,0.000000,0.000000,NOTE_HYPOTHESIS,shared_audio_intelligence_v0_2;spectral_peak;owner_supplied_audio
BE-003:pitch:04279,BE-003:onset:0959,166.161995,874.161995,280.680000,71,1.680000,88.9673,F6,1394.2749,0.232200,1.000000,0.743183,0.850000,0.840000,,0.695503,2004.484,5,3,0.010000,0.080000,0.840000,0.070000,0.000000,0.120000,0.580000,0.220000,NOTE_HYPOTHESIS,shared_audio_intelligence_v0_2;spectral_peak;owner_supplied_audio
BE-003:pitch:04280,BE-003:onset:0959,166.161995,874.161995,280.680000,71,1.680000,66.8047,G4,387.5977,0.278639,1.000000,0.743183,0.850000,0.580000,,0.695503,2004.484,5,4,0.050000,0.300000,0.580000,0.070000,0.000000,0.450000,0.250000,0.200000,NOTE_HYPOTHESIS,shared_audio_intelligence_v0_2;spectral_peak;owner_supplied_audio
BE-003:pitch:04281,BE-003:onset:0959,166.161995,874.161995,280.680000,71,1.680000,59.7851,C4,258.3984,0.417959,0.948903,0.743183,0.824451,0.520000,,0.695503,2004.484,5,5,0.250000,0.520000,0.150000,0.080000,0.000000,0.450000,0.250000,0.200000,NOTE_HYPOTHESIS,shared_audio_intelligence_v0_2;spectral_peak;owner_supplied_audio
BE-003:pitch:04282,BE-003:onset:0960,166.347755,874.347755,281.000000,71,2.000000,73.8242,D5,581.3965,0.162540,1.000000,0.982922,0.850000,0.580000,,0.622390,1999.693,6,1,0.050000,0.300000,0.580000,0.070000,0.000000,0.120000,0.580000,0.220000,NOTE_HYPOTHESIS,shared_audio_intelligence_v0_2;spectral_peak;owner_supplied_audio
BE-003:pitch:04283,BE-003:onset:0960,166.347755,874.347755,281.000000,71,2.000000,76.9003,F5,694.4458,0.092880,1.000000,0.982922,0.850000,0.840000,,0.622390,1999.693,6,2,0.010000,0.080000,0.840000,0.070000,0.000000,0.120000,0.580000,0.220000,NOTE_HYPOTHESIS,shared_audio_intelligence_v0_2;spectral_peak;owner_supplied_audio
BE-003:pitch:04284,BE-003:onset:0960,166.347755,874.347755,281.000000,71,2.000000,88.9673,F6,1394.2749,0.092880,0.992787,0.982922,0.846393,0.840000,,0.622390,1999.693,6,3,0.010000,0.080000,0.840000,0.070000,0.000000,0.120000,0.580000,0.220000,NOTE_HYPOTHESIS,shared_audio_intelligence_v0_2;spectral_peak;owner_supplied_audio
BE-003:pitch:04285,BE-003:onset:0960,166.347755,874.347755,281.000000,71,2.000000,47.7851,C3,129.1992,0.255420,0.973456,0.982922,0.836728,0.550000,,0.622390,1999.693,6,4,0.550000,0.350000,0.030000,0.070000,0.480000,0.320000,0.000000,0.000000,NOTE_HYPOTHESIS,shared_audio_intelligence_v0_2;spectral_peak;owner_supplied_audio
BE-003:pitch:04286,BE-003:onset:0960,166.347755,874.347755,281.000000,71,2.000000,59.4206,B3,253.0151,0.371519,0.917081,0.982922,0.808540,0.520000,,0.622390,1999.693,6,5,0.250000,0.520000,0.150000,0.080000,0.000000,0.450000,0.250000,0.200000,NOTE_HYPOTHESIS,shared_audio_intelligence_v0_2;spectral_peak;owner_supplied_audio
BE-003:pitch:04287,BE-003:onset:0960,166.347755,874.347755,281.000000,71,2.000000,56.1904,G#3,209.9487,0.371519,0.915860,0.982922,0.807930,0.520000,,0.622390,1999.693,6,6,0.250000,0.520000,0.150000,0.080000,0.000000,0.450000,0.250000,0.200000,NOTE_HYPOTHESIS,shared_audio_intelligence_v0_2;spectral_peak;owner_supplied_audio
BE-003:pitch:04288,BE-003:onset:0961,166.463855,874.463855,281.200000,71,2.200000,74.9115,D#5,619.0796,0.185760,1.000000,0.675781,0.850000,0.580000,,0.635176,2012.498,6,1,0.050000,0.300000,0.580000,0.070000,0.000000,0.120000,0.580000,0.220000,NOTE_HYPOTHESIS,shared_audio_intelligence_v0_2;spectral_peak;owner_supplied_audio
BE-003:pitch:04289,BE-003:onset:0961,166.463855,874.463855,281.200000,71,2.200000,42.8047,G2,96.8994,1.253878,1.000000,0.675781,0.850000,0.760000,,0.635176,2012.498,6,2,0.760000,0.180000,0.010000,0.050000,0.480000,0.320000,0.000000,0.000000,NOTE_HYPOTHESIS,shared_audio_intelligence_v0_2;spectral_peak;owner_supplied_audio
BE-003:pitch:04290,BE-003:onset:0961,166.463855,874.463855,281.200000,71,2.200000,59.7851,C4,258.3984,0.092880,1.000000,0.675781,0.850000,0.520000,,0.635176,2012.498,6,3,0.250000,0.520000,0.150000,0.080000,0.000000,0.450000,0.250000,0.200000,NOTE_HYPOTHESIS,shared_audio_intelligence_v0_2;spectral_peak;owner_supplied_audio
BE-003:pitch:04291,BE-003:onset:0961,166.463855,874.463855,281.200000,71,2.200000,45.4734,A2,113.0493,0.650159,1.000000,0.675781,0.850000,0.550000,,0.635176,2012.498,6,4,0.550000,0.350000,0.030000,0.070000,0.480000,0.320000,0.000000,0.000000,NOTE_HYPOTHESIS,shared_audio_intelligence_v0_2;spectral_peak;owner_supplied_audio
BE-003:pitch:04292,BE-003:onset:0961,166.463855,874.463855,281.200000,71,2.200000,73.8242,D5,581.3965,0.650159,0.984319,0.675781,0.842159,0.580000,,0.635176,2012.498,6,5,0.050000,0.300000,0.580000,0.070000,0.000000,0.120000,0.580000,0.220000,NOTE_HYPOTHESIS,shared_audio_intelligence_v0_2;spectral_peak;owner_supplied_audio
BE-003:pitch:04293,BE-003:onset:0961,166.463855,874.463855,281.200000,71,2.200000,71.9645,C5,522.1802,0.185760,0.882190,0.675781,0.791095,0.580000,,0.635176,2012.498,6,6,0.050000,0.300000,0.580000,0.070000,0.000000,0.120000,0.580000,0.220000,NOTE_HYPOTHESIS,shared_audio_intelligence_v0_2;spectral_peak;owner_supplied_audio
BE-003:pitch:04294,BE-003:onset:0962,166.626395,874.626395,281.480000,71,2.480000,73.8242,D5,581.3965,0.232200,1.000000,1.000000,0.850000,0.580000,,0.738067,1648.489,3,1,0.050000,0.300000,0.580000,0.070000,0.000000,0.120000,0.580000,0.220000,NOTE_HYPOTHESIS,shared_audio_intelligence_v0_2;spectral_peak;owner_supplied_audio
BE-003:pitch:04295,BE-003:onset:0962,166.626395,874.626395,281.480000,71,2.480000,44.6287,A2,107.6660,0.603719,1.000000,1.000000,0.850000,0.760000,,0.738067,1648.489,3,2,0.760000,0.180000,0.010000,0.050000,0.480000,0.320000,0.000000,0.000000,NOTE_HYPOTHESIS,shared_audio_intelligence_v0_2;spectral_peak;owner_supplied_audio
BE-003:pitch:04296,BE-003:onset:0962,166.626395,874.626395,281.480000,71,2.480000,85.9042,D6,1168.1763,0.208980,1.000000,1.000000,0.850000,0.840000,,0.738067,1648.489,3,3,0.010000,0.080000,0.840000,0.070000,0.000000,0.120000,0.580000,0.220000,NOTE_HYPOTHESIS,shared_audio_intelligence_v0_2;spectral_peak;owner_supplied_audio
BE-003:pitch:04297,BE-003:onset:0963,166.765714,874.765714,281.720000,71,2.720000,73.8242,D5,581.3965,0.116100,1.000000,1.000000,0.850000,0.580000,,0.668227,1847.166,6,1,0.050000,0.300000,0.580000,0.070000,0.000000,0.120000,0.580000,0.220000,NOTE_HYPOTHESIS,shared_audio_intelligence_v0_2;spectral_peak;owner_supplied_audio
BE-003:pitch:04298,BE-003:onset:0963,166.765714,874.765714,281.720000,71,2.720000,83.8751,C6,1038.9771,0.116100,1.000000,1.000000,0.850000,0.840000,,0.668227,1847.166,6,2,0.010000,0.080000,0.840000,0.070000,0.000000,0.120000,0.580000,0.220000,NOTE_HYPOTHESIS,shared_audio_intelligence_v0_2;spectral_peak;owner_supplied_audio
BE-003:pitch:04299,BE-003:onset:0963,166.765714,874.765714,281.720000,71,2.720000,44.6287,A2,107.6660,0.464399,1.000000,1.000000,0.850000,0.760000,,0.668227,1847.166,6,3,0.760000,0.180000,0.010000,0.050000,0.480000,0.320000,0.000000,0.000000,NOTE_HYPOTHESIS,shared_audio_intelligence_v0_2;spectral_peak;owner_supplied_audio
BE-003:pitch:04300,BE-003:onset:0963,166.765714,874.765714,281.720000,71,2.720000,71.9645,C5,522.1802,0.255420,1.000000,1.000000,0.850000,0.580000,,0.668227,1847.166,6,4,0.050000,0.300000,0.580000,0.070000,0.000000,0.120000,0.580000,0.220000,NOTE_HYPOTHESIS,shared_audio_intelligence_v0_2;spectral_peak;owner_supplied_audio
BE-003:pitch:04301,BE-003:onset:0963,166.765714,874.765714,281.720000,71,2.720000,85.9042,D6,1168.1763,0.116100,1.000000,1.000000,0.850000,0.840000,,0.668227,1847.166,6,5,0.010000,0.080000,0.840000,0.070000,0.000000,0.120000,0.580000,0.220000,NOTE_HYPOTHESIS,shared_audio_intelligence_v0_2;spectral_peak;owner_supplied_audio
BE-003:pitch:04302,BE-003:onset:0963,166.765714,874.765714,281.720000,71,2.720000,90.9841,G6,1566.5405,0.116100,0.972956,1.000000,0.836478,0.840000,,0.668227,1847.166,6,6,0.010000,0.080000,0.840000,0.070000,0.000000,0.120000,0.580000,0.220000,NOTE_HYPOTHESIS,shared_audio_intelligence_v0_2;spectral_peak;owner_supplied_audio
BE-003:pitch:04303,BE-003:onset:0964,166.905034,874.905034,281.960000,71,2.960000,44.6287,A2,107.6660,0.417959,1.000000,0.701888,0.850000,0.760000,,0.526418,1590.595,6,1,0.760000,0.180000,0.010000,0.050000,0.480000,0.320000,0.000000,0.000000,NOTE_HYPOTHESIS,shared_audio_intelligence_v0_2;spectral_peak;owner_supplied_audio
BE-003:pitch:04304,BE-003:onset:0964,166.905034,874.905034,281.960000,71,2.960000,88.9673,F6,1394.2749,0.185760,1.000000,0.701888,0.850000,0.840000,,0.526418,1590.595,6,2,0.010000,0.080000,0.840000,0.070000,0.000000,0.120000,0.580000,0.220000,NOTE_HYPOTHESIS,shared_audio_intelligence_v0_2;spectral_peak;owner_supplied_audio
BE-003:pitch:04305,BE-003:onset:0964,166.905034,874.905034,281.960000,71,2.960000,81.8808,A#5,925.9277,0.208980,1.000000,0.701888,0.850000,0.840000,,0.526418,1590.595,6,3,0.010000,0.080000,0.840000,0.070000,0.000000,0.120000,0.580000,0.220000,NOTE_HYPOTHESIS,shared_audio_intelligence_v0_2;spectral_peak;owner_supplied_audio
BE-003:pitch:04306,BE-003:onset:0964,166.905034,874.905034,281.960000,71,2.960000,71.7851,C5,516.7969,0.162540,1.000000,0.701888,0.850000,0.580000,,0.526418,1590.595,6,4,0.050000,0.300000,0.580000,0.070000,0.000000,0.120000,0.580000,0.220000,NOTE_HYPOTHESIS,shared_audio_intelligence_v0_2;spectral_peak;owner_supplied_audio
BE-003:pitch:04307,BE-003:onset:0964,166.905034,874.905034,281.960000,71,2.960000,69.8808,A#4,462.9639,0.301859,1.000000,0.701888,0.850000,0.580000,,0.526418,1590.595,6,5,0.050000,0.300000,0.580000,0.070000,0.000000,0.450000,0.250000,0.200000,NOTE_HYPOTHESIS,shared_audio_intelligence_v0_2;spectral_peak;owner_supplied_audio
BE-003:pitch:04308,BE-003:onset:0964,166.905034,874.905034,281.960000,71,2.960000,73.8242,D5,581.3965,0.232200,0.951991,0.701888,0.825996,0.580000,,0.526418,1590.595,6,6,0.050000,0.300000,0.580000,0.070000,0.000000,0.120000,0.580000,0.220000,NOTE_HYPOTHESIS,shared_audio_intelligence_v0_2;spectral_peak;owner_supplied_audio
BE-003:pitch:04309,BE-003:onset:0965,167.067574,875.067574,282.240000,71,3.240000,42.8047,G2,96.8994,0.510839,1.000000,0.558287,0.850000,0.760000,,0.463506,2223.880,4,1,0.760000,0.180000,0.010000,0.050000,0.480000,0.320000,0.000000,0.000000,NOTE_HYPOTHESIS,shared_audio_intelligence_v0_2;spectral_peak;owner_supplied_audio
BE-003:pitch:04310,BE-003:onset:0965,167.067574,875.067574,282.240000,71,3.240000,69.8808,A#4,462.9639,0.116100,1.000000,0.558287,0.850000,0.580000,,0.463506,2223.880,4,2,0.050000,0.300000,0.580000,0.070000,0.000000,0.450000,0.250000,0.200000,NOTE_HYPOTHESIS,shared_audio_intelligence_v0_2;spectral_peak;owner_supplied_audio
BE-003:pitch:04311,BE-003:onset:0965,167.067574,875.067574,282.240000,71,3.240000,68.8438,A4,436.0474,0.162540,1.000000,0.558287,0.850000,0.580000,,0.463506,2223.880,4,3,0.050000,0.300000,0.580000,0.070000,0.000000,0.450000,0.250000,0.200000,NOTE_HYPOTHESIS,shared_audio_intelligence_v0_2;spectral_peak;owner_supplied_audio
BE-003:pitch:04312,BE-003:onset:0965,167.067574,875.067574,282.240000,71,3.240000,81.8808,A#5,925.9277,0.069660,0.951179,0.558287,0.825589,0.840000,,0.463506,2223.880,4,4,0.010000,0.080000,0.840000,0.070000,0.000000,0.120000,0.580000,0.220000,NOTE_HYPOTHESIS,shared_audio_intelligence_v0_2;spectral_peak;owner_supplied_audio
BE-003:pitch:04313,BE-003:onset:0966,167.206893,875.206893,282.480000,71,3.480000,66.8047,G4,387.5977,0.301859,1.000000,1.000000,0.850000,0.580000,,0.550327,1965.133,6,1,0.050000,0.300000,0.580000,0.070000,0.000000,0.450000,0.250000,0.200000,NOTE_HYPOTHESIS,shared_audio_intelligence_v0_2;spectral_peak;owner_supplied_audio
BE-003:pitch:04314,BE-003:onset:0966,167.206893,875.206893,282.480000,71,3.480000,42.8047,G2,96.8994,0.417959,1.000000,1.000000,0.850000,0.760000,,0.550327,1965.133,6,2,0.760000,0.180000,0.010000,0.050000,0.480000,0.320000,0.000000,0.000000,NOTE_HYPOTHESIS,shared_audio_intelligence_v0_2;spectral_peak;owner_supplied_audio
BE-003:pitch:04315,BE-003:onset:0966,167.206893,875.206893,282.480000,71,3.480000,78.9245,G5,780.5786,0.208980,1.000000,1.000000,0.850000,0.840000,,0.550327,1965.133,6,3,0.010000,0.080000,0.840000,0.070000,0.000000,0.120000,0.580000,0.220000,NOTE_HYPOTHESIS,shared_audio_intelligence_v0_2;spectral_peak;owner_supplied_audio
BE-003:pitch:04316,BE-003:onset:0966,167.206893,875.206893,282.480000,71,3.480000,59.7851,C4,258.3984,0.301859,0.983990,1.000000,0.841995,0.520000,,0.550327,1965.133,6,4,0.250000,0.520000,0.150000,0.080000,0.000000,0.450000,0.250000,0.200000,NOTE_HYPOTHESIS,shared_audio_intelligence_v0_2;spectral_peak;owner_supplied_audio
BE-003:pitch:04317,BE-003:onset:0966,167.206893,875.206893,282.480000,71,3.480000,56.1904,G#3,209.9487,0.092880,0.950449,1.000000,0.825225,0.520000,,0.550327,1965.133,6,5,0.250000,0.520000,0.150000,0.080000,0.000000,0.450000,0.250000,0.200000,NOTE_HYPOTHESIS,shared_audio_intelligence_v0_2;spectral_peak;owner_supplied_audio
BE-003:pitch:04318,BE-003:onset:0966,167.206893,875.206893,282.480000,71,3.480000,71.9645,C5,522.1802,0.232200,0.932820,1.000000,0.816410,0.580000,,0.550327,1965.133,6,6,0.050000,0.300000,0.580000,0.070000,0.000000,0.120000,0.580000,0.220000,NOTE_HYPOTHESIS,shared_audio_intelligence_v0_2;spectral_peak;owner_supplied_audio
BE-003:pitch:04319,BE-003:onset:0967,167.322993,875.322993,282.680000,71,3.680000,41.8151,F#2,91.5161,0.232200,1.000000,0.653820,0.850000,0.760000,,0.728784,1615.994,5,1,0.760000,0.180000,0.010000,0.050000,0.480000,0.320000,0.000000,0.000000,NOTE_HYPOTHESIS,shared_audio_intelligence_v0_2;spectral_peak;owner_supplied_audio
BE-003:pitch:04320,BE-003:onset:0967,167.322993,875.322993,282.680000,71,3.680000,65.8151,F#4,366.0645,0.278639,1.000000,0.653820,0.850000,0.580000,,0.728784,1615.994,5,2,0.050000,0.300000,0.580000,0.070000,0.000000,0.450000,0.250000,0.200000,NOTE_HYPOTHESIS,shared_audio_intelligence_v0_2;spectral_peak;owner_supplied_audio
BE-003:pitch:04321,BE-003:onset:0967,167.322993,875.322993,282.680000,71,3.680000,77.9420,F#5,737.5122,0.162540,1.000000,0.653820,0.850000,0.840000,,0.728784,1615.994,5,3,0.010000,0.080000,0.840000,0.070000,0.000000,0.120000,0.580000,0.220000,NOTE_HYPOTHESIS,shared_audio_intelligence_v0_2;spectral_peak;owner_supplied_audio
BE-003:pitch:04322,BE-003:onset:0967,167.322993,875.322993,282.680000,71,3.680000,66.8047,G4,387.5977,0.208980,1.000000,0.653820,0.850000,0.580000,,0.728784,1615.994,5,4,0.050000,0.300000,0.580000,0.070000,0.000000,0.450000,0.250000,0.200000,NOTE_HYPOTHESIS,shared_audio_intelligence_v0_2;spectral_peak;owner_supplied_audio
BE-003:pitch:04323,BE-003:onset:0967,167.322993,875.322993,282.680000,71,3.680000,84.9193,C#6,1103.5767,0.185760,0.972793,0.653820,0.836396,0.840000,,0.728784,1615.994,5,5,0.010000,0.080000,0.840000,0.070000,0.000000,0.120000,0.580000,0.220000,NOTE_HYPOTHESIS,shared_audio_intelligence_v0_2;spectral_peak;owner_supplied_audio
BE-003:pitch:04324,BE-003:onset:0968,167.508753,875.508753,283.000000,71,4.000000,62.7603,D#4,306.8481,0.185760,1.000000,1.000000,0.850000,0.520000,,0.572828,1838.773,6,1,0.250000,0.520000,0.150000,0.080000,0.000000,0.450000,0.250000,0.200000,NOTE_HYPOTHESIS,shared_audio_intelligence_v0_2;spectral_peak;owner_supplied_audio
BE-003:pitch:04325,BE-003:onset:0968,167.508753,875.508753,283.000000,71,4.000000,65.8151,F#4,366.0645,0.116100,1.000000,1.000000,0.850000,0.580000,,0.572828,1838.773,6,2,0.050000,0.300000,0.580000,0.070000,0.000000,0.450000,0.250000,0.200000,NOTE_HYPOTHESIS,shared_audio_intelligence_v0_2;spectral_peak;owner_supplied_audio
BE-003:pitch:04326,BE-003:onset:0968,167.508753,875.508753,283.000000,71,4.000000,41.8151,F#2,91.5161,0.069660,1.000000,1.000000,0.850000,0.760000,,0.572828,1838.773,6,3,0.760000,0.180000,0.010000,0.050000,0.480000,0.320000,0.000000,0.000000,NOTE_HYPOTHESIS,shared_audio_intelligence_v0_2;spectral_peak;owner_supplied_audio
BE-003:pitch:04327,BE-003:onset:0968,167.508753,875.508753,283.000000,71,4.000000,74.7603,D#5,613.6963,0.139320,1.000000,1.000000,0.850000,0.580000,,0.572828,1838.773,6,4,0.050000,0.300000,0.580000,0.070000,0.000000,0.120000,0.580000,0.220000,NOTE_HYPOTHESIS,shared_audio_intelligence_v0_2;spectral_peak;owner_supplied_audio
BE-003:pitch:04328,BE-003:onset:0968,167.508753,875.508753,283.000000,71,4.000000,81.8808,A#5,925.9277,0.116100,1.000000,1.000000,0.850000,0.840000,,0.572828,1838.773,6,5,0.010000,0.080000,0.840000,0.070000,0.000000,0.120000,0.580000,0.220000,NOTE_HYPOTHESIS,shared_audio_intelligence_v0_2;spectral_peak;owner_supplied_audio
BE-003:pitch:04329,BE-003:onset:0968,167.508753,875.508753,283.000000,71,4.000000,86.9115,D#6,1238.1592,0.139320,0.945434,1.000000,0.822717,0.840000,,0.572828,1838.773,6,6,0.010000,0.080000,0.840000,0.070000,0.000000,0.120000,0.580000,0.220000,NOTE_HYPOTHESIS,shared_audio_intelligence_v0_2;spectral_peak;owner_supplied_audio
BE-003:pitch:04330,BE-003:onset:0969,167.601633,875.601633,283.160000,71,4.160000,61.8242,D4,290.6982,0.185760,1.000000,0.816011,0.850000,0.520000,,0.540754,2101.018,6,1,0.250000,0.520000,0.150000,0.080000,0.000000,0.450000,0.250000,0.200000,NOTE_HYPOTHESIS,shared_audio_intelligence_v0_2;spectral_peak;owner_supplied_audio
BE-003:pitch:04331,BE-003:onset:0969,167.601633,875.601633,283.160000,71,4.160000,63.0613,D#4,312.2314,0.301859,1.000000,0.816011,0.850000,0.520000,,0.540754,2101.018,6,2,0.250000,0.520000,0.150000,0.080000,0.000000,0.450000,0.250000,0.200000,NOTE_HYPOTHESIS,shared_audio_intelligence_v0_2;spectral_peak;owner_supplied_audio
BE-003:pitch:04332,BE-003:onset:0969,167.601633,875.601633,283.160000,71,4.160000,73.8242,D5,581.3965,0.208980,1.000000,0.816011,0.850000,0.580000,,0.540754,2101.018,6,3,0.050000,0.300000,0.580000,0.070000,0.000000,0.120000,0.580000,0.220000,NOTE_HYPOTHESIS,shared_audio_intelligence_v0_2;spectral_peak;owner_supplied_audio
BE-003:pitch:04333,BE-003:onset:0969,167.601633,875.601633,283.160000,71,4.160000,37.1709,C#2,69.9829,0.232200,1.000000,0.816011,0.850000,0.760000,,0.540754,2101.018,6,4,0.760000,0.180000,0.010000,0.050000,0.480000,0.320000,0.000000,0.000000,NOTE_HYPOTHESIS,shared_audio_intelligence_v0_2;spectral_peak;owner_supplied_audio
BE-003:pitch:04334,BE-003:onset:0969,167.601633,875.601633,283.160000,71,4.160000,49.8242,D3,145.3491,0.325079,0.959529,0.816011,0.829765,0.550000,,0.540754,2101.018,6,5,0.550000,0.350000,0.030000,0.070000,0.480000,0.320000,0.000000,0.000000,NOTE_HYPOTHESIS,shared_audio_intelligence_v0_2;spectral_peak;owner_supplied_audio
BE-003:pitch:04335,BE-003:onset:0969,167.601633,875.601633,283.160000,71,4.160000,66.0679,F#4,371.4478,0.069660,0.944838,0.816011,0.822419,0.580000,,0.540754,2101.018,6,6,0.050000,0.300000,0.580000,0.070000,0.000000,0.450000,0.250000,0.200000,NOTE_HYPOTHESIS,shared_audio_intelligence_v0_2;spectral_peak;owner_supplied_audio
BE-003:pitch:04336,BE-003:onset:0970,167.787392,875.787392,283.480000,71,4.480000,63.6483,E4,322.9980,0.162540,1.000000,0.991453,0.850000,0.520000,,0.727498,1953.312,6,1,0.250000,0.520000,0.150000,0.080000,0.000000,0.450000,0.250000,0.200000,NOTE_HYPOTHESIS,shared_audio_intelligence_v0_2;spectral_peak;owner_supplied_audio
BE-003:pitch:04337,BE-003:onset:0970,167.787392,875.787392,283.480000,71,4.480000,85.7439,D6,1157.4097,0.162540,1.000000,0.991453,0.850000,0.840000,,0.727498,1953.312,6,2,0.010000,0.080000,0.840000,0.070000,0.000000,0.120000,0.580000,0.220000,NOTE_HYPOTHESIS,shared_audio_intelligence_v0_2;spectral_peak;owner_supplied_audio
BE-003:pitch:04338,BE-003:onset:0970,167.787392,875.787392,283.480000,71,4.480000,85.5821,D6,1146.6431,0.325079,1.000000,0.991453,0.850000,0.840000,,0.727498,1953.312,6,3,0.010000,0.080000,0.840000,0.070000,0.000000,0.120000,0.580000,0.220000,NOTE_HYPOTHESIS,shared_audio_intelligence_v0_2;spectral_peak;owner_supplied_audio
BE-003:pitch:04339,BE-003:onset:0970,167.787392,875.787392,283.480000,71,4.480000,57.8808,A#3,231.4819,0.673379,0.972471,0.991453,0.836235,0.520000,,0.727498,1953.312,6,4,0.250000,0.520000,0.150000,0.080000,0.000000,0.450000,0.250000,0.200000,NOTE_HYPOTHESIS,shared_audio_intelligence_v0_2;spectral_peak;owner_supplied_audio
BE-003:pitch:04340,BE-003:onset:0970,167.787392,875.787392,283.480000,71,4.480000,49.8242,D3,145.3491,0.139320,0.945736,0.991453,0.822868,0.550000,,0.727498,1953.312,6,5,0.550000,0.350000,0.030000,0.070000,0.480000,0.320000,0.000000,0.000000,NOTE_HYPOTHESIS,shared_audio_intelligence_v0_2;spectral_peak;owner_supplied_audio
BE-003:pitch:04341,BE-003:onset:0970,167.787392,875.787392,283.480000,71,4.480000,37.1709,C#2,69.9829,0.162540,0.941607,0.991453,0.820803,0.760000,,0.727498,1953.312,6,6,0.760000,0.180000,0.010000,0.050000,0.480000,0.320000,0.000000,0.000000,NOTE_HYPOTHESIS,shared_audio_intelligence_v0_2;spectral_peak;owner_supplied_audio
BE-003:pitch:04342,BE-003:onset:0971,168.066032,876.066032,283.960000,71,4.960000,73.9838,D5,586.7798,0.278639,1.000000,0.634675,0.850000,0.580000,,0.875890,1769.659,3,1,0.050000,0.300000,0.580000,0.070000,0.000000,0.120000,0.580000,0.220000,NOTE_HYPOTHESIS,shared_audio_intelligence_v0_2;spectral_peak;owner_supplied_audio
BE-003:pitch:04343,BE-003:onset:0971,168.066032,876.066032,283.960000,71,4.960000,85.9042,D6,1168.1763,0.348299,1.000000,0.634675,0.850000,0.840000,,0.875890,1769.659,3,2,0.010000,0.080000,0.840000,0.070000,0.000000,0.120000,0.580000,0.220000,NOTE_HYPOTHESIS,shared_audio_intelligence_v0_2;spectral_peak;owner_supplied_audio
BE-003:pitch:04344,BE-003:onset:0971,168.066032,876.066032,283.960000,71,4.960000,42.8047,G2,96.8994,0.255420,1.000000,0.634675,0.850000,0.760000,,0.875890,1769.659,3,3,0.760000,0.180000,0.010000,0.050000,0.480000,0.320000,0.000000,0.000000,NOTE_HYPOTHESIS,shared_audio_intelligence_v0_2;spectral_peak;owner_supplied_audio
BE-003:pitch:04345,BE-003:onset:0972,168.228571,876.228571,284.230769,72,1.230769,73.8242,D5,581.3965,0.116100,1.000000,0.536080,0.850000,0.580000,,0.763115,1773.167,4,1,0.050000,0.300000,0.580000,0.070000,0.000000,0.120000,0.580000,0.220000,NOTE_HYPOTHESIS,shared_audio_intelligence_v0_2;spectral_peak;owner_supplied_audio
BE-003:pitch:04346,BE-003:onset:0972,168.228571,876.228571,284.230769,72,1.230769,85.9042,D6,1168.1763,0.185760,1.000000,0.536080,0.850000,0.840000,,0.763115,1773.167,4,2,0.010000,0.080000,0.840000,0.070000,0.000000,0.120000,0.580000,0.220000,NOTE_HYPOTHESIS,shared_audio_intelligence_v0_2;spectral_peak;owner_supplied_audio
BE-003:pitch:04347,BE-003:onset:0972,168.228571,876.228571,284.230769,72,1.230769,46.2788,A#2,118.4326,0.580499,1.000000,0.536080,0.850000,0.550000,,0.763115,1773.167,4,3,0.550000,0.350000,0.030000,0.070000,0.480000,0.320000,0.000000,0.000000,NOTE_HYPOTHESIS,shared_audio_intelligence_v0_2;spectral_peak;owner_supplied_audio
BE-003:pitch:04348,BE-003:onset:0972,168.228571,876.228571,284.230769,72,1.230769,69.8808,A#4,462.9639,0.278639,0.985758,0.536080,0.842879,0.580000,,0.763115,1773.167,4,4,0.050000,0.300000,0.580000,0.070000,0.000000,0.450000,0.250000,0.200000,NOTE_HYPOTHESIS,shared_audio_intelligence_v0_2;spectral_peak;owner_supplied_audio
BE-003:pitch:04349,BE-003:onset:0973,168.344671,876.344671,284.423077,72,1.423077,56.1904,G#3,209.9487,0.278639,1.000000,0.819688,0.850000,0.520000,,0.517166,2289.301,6,1,0.250000,0.520000,0.150000,0.080000,0.000000,0.450000,0.250000,0.200000,NOTE_HYPOTHESIS,shared_audio_intelligence_v0_2;spectral_peak;owner_supplied_audio
BE-003:pitch:04350,BE-003:onset:0973,168.344671,876.344671,284.423077,72,1.423077,85.9042,D6,1168.1763,0.139320,1.000000,0.819688,0.850000,0.840000,,0.517166,2289.301,6,2,0.010000,0.080000,0.840000,0.070000,0.000000,0.120000,0.580000,0.220000,NOTE_HYPOTHESIS,shared_audio_intelligence_v0_2;spectral_peak;owner_supplied_audio
BE-003:pitch:04351,BE-003:onset:0973,168.344671,876.344671,284.423077,72,1.423077,45.4734,A2,113.0493,0.696599,1.000000,0.819688,0.850000,0.550000,,0.517166,2289.301,6,3,0.550000,0.350000,0.030000,0.070000,0.480000,0.320000,0.000000,0.000000,NOTE_HYPOTHESIS,shared_audio_intelligence_v0_2;spectral_peak;owner_supplied_audio
BE-003:pitch:04352,BE-003:onset:0973,168.344671,876.344671,284.423077,72,1.423077,73.8242,D5,581.3965,0.162540,0.971049,0.819688,0.835524,0.580000,,0.517166,2289.301,6,4,0.050000,0.300000,0.580000,0.070000,0.000000,0.120000,0.580000,0.220000,NOTE_HYPOTHESIS,shared_audio_intelligence_v0_2;spectral_peak;owner_supplied_audio
BE-003:pitch:04353,BE-003:onset:0973,168.344671,876.344671,284.423077,72,1.423077,54.8047,G3,193.7988,0.348299,0.928090,0.819688,0.814045,0.550000,,0.517166,2289.301,6,5,0.550000,0.350000,0.030000,0.070000,0.480000,0.320000,0.000000,0.000000,NOTE_HYPOTHESIS,shared_audio_intelligence_v0_2;spectral_peak;owner_supplied_audio
BE-003:pitch:04354,BE-003:onset:0973,168.344671,876.344671,284.423077,72,1.423077,67.0435,G4,392.9810,0.371519,0.926413,0.819688,0.813206,0.580000,,0.517166,2289.301,6,6,0.050000,0.300000,0.580000,0.070000,0.000000,0.450000,0.250000,0.200000,NOTE_HYPOTHESIS,shared_audio_intelligence_v0_2;spectral_peak;owner_supplied_audio
BE-003:pitch:04355,BE-003:onset:0974,168.483991,876.483991,284.653846,72,1.653846,44.6287,A2,107.6660,1.439637,1.000000,0.800893,0.850000,0.760000,,0.543555,1884.217,6,1,0.760000,0.180000,0.010000,0.050000,0.480000,0.320000,0.000000,0.000000,NOTE_HYPOTHESIS,shared_audio_intelligence_v0_2;spectral_peak;owner_supplied_audio
BE-003:pitch:04356,BE-003:onset:0974,168.483991,876.483991,284.653846,72,1.653846,84.9193,C#6,1103.5767,0.162540,1.000000,0.800893,0.850000,0.840000,,0.543555,1884.217,6,2,0.010000,0.080000,0.840000,0.070000,0.000000,0.120000,0.580000,0.220000,NOTE_HYPOTHESIS,shared_audio_intelligence_v0_2;spectral_peak;owner_supplied_audio
BE-003:pitch:04357,BE-003:onset:0974,168.483991,876.483991,284.653846,72,1.653846,66.8047,G4,387.5977,0.162540,1.000000,0.800893,0.850000,0.580000,,0.543555,1884.217,6,3,0.050000,0.300000,0.580000,0.070000,0.000000,0.450000,0.250000,0.200000,NOTE_HYPOTHESIS,shared_audio_intelligence_v0_2;spectral_peak;owner_supplied_audio
BE-003:pitch:04358,BE-003:onset:0974,168.483991,876.483991,284.653846,72,1.653846,73.0036,C#5,554.4800,0.255420,1.000000,0.800893,0.850000,0.580000,,0.543555,1884.217,6,4,0.050000,0.300000,0.580000,0.070000,0.000000,0.120000,0.580000,0.220000,NOTE_HYPOTHESIS,shared_audio_intelligence_v0_2;spectral_peak;owner_supplied_audio
BE-003:pitch:04359,BE-003:onset:0974,168.483991,876.483991,284.653846,72,1.653846,97.0036,C#7,2217.9199,0.139320,0.927395,0.800893,0.813697,0.840000,,0.543555,1884.217,6,5,0.010000,0.080000,0.840000,0.070000,0.000000,0.120000,0.580000,0.220000,NOTE_HYPOTHESIS,shared_audio_intelligence_v0_2;spectral_peak;owner_supplied_audio
BE-003:pitch:04360,BE-003:onset:0974,168.483991,876.483991,284.653846,72,1.653846,54.8047,G3,193.7988,0.232200,0.843566,0.800893,0.771783,0.550000,,0.543555,1884.217,6,6,0.550000,0.350000,0.030000,0.070000,0.480000,0.320000,0.000000,0.000000,NOTE_HYPOTHESIS,shared_audio_intelligence_v0_2;spectral_peak;owner_supplied_audio
BE-003:pitch:04361,BE-003:onset:0975,168.669751,876.669751,284.961538,72,1.961538,44.6287,A2,107.6660,1.393197,1.000000,0.692547,0.850000,0.760000,,0.583035,2312.566,6,1,0.760000,0.180000,0.010000,0.050000,0.480000,0.320000,0.000000,0.000000,NOTE_HYPOTHESIS,shared_audio_intelligence_v0_2;spectral_peak;owner_supplied_audio
BE-003:pitch:04362,BE-003:onset:0975,168.669751,876.669751,284.961538,72,1.961538,63.9344,E4,328.3813,0.208980,1.000000,0.692547,0.850000,0.520000,,0.583035,2312.566,6,2,0.250000,0.520000,0.150000,0.080000,0.000000,0.450000,0.250000,0.200000,NOTE_HYPOTHESIS,shared_audio_intelligence_v0_2;spectral_peak;owner_supplied_audio
BE-003:pitch:04363,BE-003:onset:0975,168.669751,876.669751,284.961538,72,1.961538,57.8808,A#3,231.4819,0.348299,0.960169,0.692547,0.830085,0.520000,,0.583035,2312.566,6,3,0.250000,0.520000,0.150000,0.080000,0.000000,0.450000,0.250000,0.200000,NOTE_HYPOTHESIS,shared_audio_intelligence_v0_2;spectral_peak;owner_supplied_audio
BE-003:pitch:04364,BE-003:onset:0975,168.669751,876.669751,284.961538,72,1.961538,72.8347,C#5,549.0967,0.139320,0.940295,0.692547,0.820148,0.580000,,0.583035,2312.566,6,4,0.050000,0.300000,0.580000,0.070000,0.000000,0.120000,0.580000,0.220000,NOTE_HYPOTHESIS,shared_audio_intelligence_v0_2;spectral_peak;owner_supplied_audio
BE-003:pitch:04365,BE-003:onset:0975,168.669751,876.669751,284.961538,72,1.961538,68.8438,A4,436.0474,0.417959,0.936738,0.692547,0.818369,0.580000,,0.583035,2312.566,6,5,0.050000,0.300000,0.580000,0.070000,0.000000,0.450000,0.250000,0.200000,NOTE_HYPOTHESIS,shared_audio_intelligence_v0_2;spectral_peak;owner_supplied_audio
BE-003:pitch:04366,BE-003:onset:0975,168.669751,876.669751,284.961538,72,1.961538,85.7439,D6,1157.4097,0.139320,0.785943,0.692547,0.742971,0.840000,,0.583035,2312.566,6,6,0.010000,0.080000,0.840000,0.070000,0.000000,0.120000,0.580000,0.220000,NOTE_HYPOTHESIS,shared_audio_intelligence_v0_2;spectral_peak;owner_supplied_audio
BE-003:pitch:04367,BE-003:onset:0976,168.739410,876.739410,285.086957,72,2.086957,43.7407,G#2,102.2827,0.928798,1.000000,0.741575,0.850000,0.760000,,0.781734,1993.313,6,1,0.760000,0.180000,0.010000,0.050000,0.480000,0.320000,0.000000,0.000000,NOTE_HYPOTHESIS,shared_audio_intelligence_v0_2;spectral_peak;owner_supplied_audio
BE-003:pitch:04368,BE-003:onset:0976,168.739410,876.739410,285.086957,72,2.086957,63.9344,E4,328.3813,0.116100,1.000000,0.741575,0.850000,0.520000,,0.781734,1993.313,6,2,0.250000,0.520000,0.150000,0.080000,0.000000,0.450000,0.250000,0.200000,NOTE_HYPOTHESIS,shared_audio_intelligence_v0_2;spectral_peak;owner_supplied_audio
BE-003:pitch:04369,BE-003:onset:0976,168.739410,876.739410,285.086957,72,2.086957,71.9645,C5,522.1802,0.325079,1.000000,0.741575,0.850000,0.580000,,0.781734,1993.313,6,3,0.050000,0.300000,0.580000,0.070000,0.000000,0.120000,0.580000,0.220000,NOTE_HYPOTHESIS,shared_audio_intelligence_v0_2;spectral_peak;owner_supplied_audio
BE-003:pitch:04370,BE-003:onset:0976,168.739410,876.739410,285.086957,72,2.086957,83.8751,C6,1038.9771,0.232200,0.997385,0.741575,0.848693,0.840000,,0.781734,1993.313,6,4,0.010000,0.080000,0.840000,0.070000,0.000000,0.120000,0.580000,0.220000,NOTE_HYPOTHESIS,shared_audio_intelligence_v0_2;spectral_peak;owner_supplied_audio
BE-003:pitch:04371,BE-003:onset:0976,168.739410,876.739410,285.086957,72,2.086957,57.8808,A#3,231.4819,0.278639,0.969366,0.741575,0.834683,0.520000,,0.781734,1993.313,6,5,0.250000,0.520000,0.150000,0.080000,0.000000,0.450000,0.250000,0.200000,NOTE_HYPOTHESIS,shared_audio_intelligence_v0_2;spectral_peak;owner_supplied_audio
BE-003:pitch:04372,BE-003:onset:0976,168.739410,876.739410,285.086957,72,2.086957,68.8438,A4,436.0474,0.348299,0.941168,0.741575,0.820584,0.580000,,0.781734,1993.313,6,6,0.050000,0.300000,0.580000,0.070000,0.000000,0.450000,0.250000,0.200000,NOTE_HYPOTHESIS,shared_audio_intelligence_v0_2;spectral_peak;owner_supplied_audio
BE-003:pitch:04373,BE-003:onset:0977,168.948390,876.948390,285.478261,72,2.478261,82.8591,B5,979.7607,0.185760,1.000000,0.825010,0.850000,0.840000,,0.518030,2403.567,3,1,0.010000,0.080000,0.840000,0.070000,0.000000,0.120000,0.580000,0.220000,NOTE_HYPOTHESIS,shared_audio_intelligence_v0_2;spectral_peak;owner_supplied_audio
BE-003:pitch:04374,BE-003:onset:0977,168.948390,876.948390,285.478261,72,2.478261,42.8047,G2,96.8994,0.719819,1.000000,0.825010,0.850000,0.760000,,0.518030,2403.567,3,2,0.760000,0.180000,0.010000,0.050000,0.480000,0.320000,0.000000,0.000000,NOTE_HYPOTHESIS,shared_audio_intelligence_v0_2;spectral_peak;owner_supplied_audio
BE-003:pitch:04375,BE-003:onset:0977,168.948390,876.948390,285.478261,72,2.478261,71.9645,C5,522.1802,0.116100,1.000000,0.825010,0.850000,0.580000,,0.518030,2403.567,3,3,0.050000,0.300000,0.580000,0.070000,0.000000,0.120000,0.580000,0.220000,NOTE_HYPOTHESIS,shared_audio_intelligence_v0_2;spectral_peak;owner_supplied_audio
BE-003:pitch:04376,BE-003:onset:0978,169.041270,877.041270,285.652174,72,2.652174,42.8047,G2,96.8994,0.394739,1.000000,0.747325,0.850000,0.760000,,0.516343,2150.956,4,1,0.760000,0.180000,0.010000,0.050000,0.480000,0.320000,0.000000,0.000000,NOTE_HYPOTHESIS,shared_audio_intelligence_v0_2;spectral_peak;owner_supplied_audio
BE-003:pitch:04377,BE-003:onset:0978,169.041270,877.041270,285.652174,72,2.652174,82.9540,B5,985.1440,0.116100,1.000000,0.747325,0.850000,0.840000,,0.516343,2150.956,4,2,0.010000,0.080000,0.840000,0.070000,0.000000,0.120000,0.580000,0.220000,NOTE_HYPOTHESIS,shared_audio_intelligence_v0_2;spectral_peak;owner_supplied_audio
BE-003:pitch:04378,BE-003:onset:0978,169.041270,877.041270,285.652174,72,2.652174,69.8808,A#4,462.9639,0.301859,0.994732,0.747325,0.847366,0.580000,,0.516343,2150.956,4,3,0.050000,0.300000,0.580000,0.070000,0.000000,0.450000,0.250000,0.200000,NOTE_HYPOTHESIS,shared_audio_intelligence_v0_2;spectral_peak;owner_supplied_audio
BE-003:pitch:04379,BE-003:onset:0978,169.041270,877.041270,285.652174,72,2.652174,81.8808,A#5,925.9277,0.208980,0.955913,0.747325,0.827956,0.840000,,0.516343,2150.956,4,4,0.010000,0.080000,0.840000,0.070000,0.000000,0.120000,0.580000,0.220000,NOTE_HYPOTHESIS,shared_audio_intelligence_v0_2;spectral_peak;owner_supplied_audio
BE-003:pitch:04380,BE-003:onset:0979,169.227029,877.227029,286.000000,72,3.000000,42.8047,G2,96.8994,0.441179,1.000000,0.543972,0.850000,0.760000,,0.470671,2166.902,4,1,0.760000,0.180000,0.010000,0.050000,0.480000,0.320000,0.000000,0.000000,NOTE_HYPOTHESIS,shared_audio_intelligence_v0_2;spectral_peak;owner_supplied_audio
BE-003:pitch:04381,BE-003:onset:0979,169.227029,877.227029,286.000000,72,3.000000,56.1904,G#3,209.9487,0.301859,1.000000,0.543972,0.850000,0.520000,,0.470671,2166.902,4,2,0.250000,0.520000,0.150000,0.080000,0.000000,0.450000,0.250000,0.200000,NOTE_HYPOTHESIS,shared_audio_intelligence_v0_2;spectral_peak;owner_supplied_audio
BE-003:pitch:04382,BE-003:onset:0979,169.227029,877.227029,286.000000,72,3.000000,69.0562,A4,441.4307,0.278639,0.965402,0.543972,0.832701,0.580000,,0.470671,2166.902,4,3,0.050000,0.300000,0.580000,0.070000,0.000000,0.450000,0.250000,0.200000,NOTE_HYPOTHESIS,shared_audio_intelligence_v0_2;spectral_peak;owner_supplied_audio
BE-003:pitch:04383,BE-003:onset:0979,169.227029,877.227029,286.000000,72,3.000000,69.8808,A#4,462.9639,0.185760,0.834292,0.543972,0.767146,0.580000,,0.470671,2166.902,4,4,0.050000,0.300000,0.580000,0.070000,0.000000,0.450000,0.250000,0.200000,NOTE_HYPOTHESIS,shared_audio_intelligence_v0_2;spectral_peak;owner_supplied_audio
BE-003:pitch:04384,BE-003:onset:0980,169.319909,877.319909,286.166667,72,3.166667,44.6287,A2,107.6660,0.580499,1.000000,0.754737,0.850000,0.760000,,0.558343,2542.078,3,1,0.760000,0.180000,0.010000,0.050000,0.480000,0.320000,0.000000,0.000000,NOTE_HYPOTHESIS,shared_audio_intelligence_v0_2;spectral_peak;owner_supplied_audio
BE-003:pitch:04385,BE-003:onset:0980,169.319909,877.319909,286.166667,72,3.166667,66.8047,G4,387.5977,0.348299,1.000000,0.754737,0.850000,0.580000,,0.558343,2542.078,3,2,0.050000,0.300000,0.580000,0.070000,0.000000,0.450000,0.250000,0.200000,NOTE_HYPOTHESIS,shared_audio_intelligence_v0_2;spectral_peak;owner_supplied_audio
BE-003:pitch:04386,BE-003:onset:0980,169.319909,877.319909,286.166667,72,3.166667,68.8438,A4,436.0474,0.162540,0.965054,0.754737,0.832527,0.580000,,0.558343,2542.078,3,3,0.050000,0.300000,0.580000,0.070000,0.000000,0.450000,0.250000,0.200000,NOTE_HYPOTHESIS,shared_audio_intelligence_v0_2;spectral_peak;owner_supplied_audio
BE-003:pitch:04387,BE-003:onset:0981,169.366349,877.366349,286.250000,72,3.250000,44.6287,A2,107.6660,0.534059,1.000000,0.775176,0.850000,0.760000,,0.562039,2510.335,4,1,0.760000,0.180000,0.010000,0.050000,0.480000,0.320000,0.000000,0.000000,NOTE_HYPOTHESIS,shared_audio_intelligence_v0_2;spectral_peak;owner_supplied_audio
BE-003:pitch:04388,BE-003:onset:0981,169.366349,877.366349,286.250000,72,3.250000,66.8047,G4,387.5977,0.232200,1.000000,0.775176,0.850000,0.580000,,0.562039,2510.335,4,2,0.050000,0.300000,0.580000,0.070000,0.000000,0.450000,0.250000,0.200000,NOTE_HYPOTHESIS,shared_audio_intelligence_v0_2;spectral_peak;owner_supplied_audio
BE-003:pitch:04389,BE-003:onset:0981,169.366349,877.366349,286.250000,72,3.250000,78.9245,G5,780.5786,0.139320,0.983569,0.775176,0.841785,0.840000,,0.562039,2510.335,4,3,0.010000,0.080000,0.840000,0.070000,0.000000,0.120000,0.580000,0.220000,NOTE_HYPOTHESIS,shared_audio_intelligence_v0_2;spectral_peak;owner_supplied_audio
BE-003:pitch:04390,BE-003:onset:0981,169.366349,877.366349,286.250000,72,3.250000,68.8438,A4,436.0474,0.139320,0.956110,0.775176,0.828055,0.580000,,0.562039,2510.335,4,4,0.050000,0.300000,0.580000,0.070000,0.000000,0.450000,0.250000,0.200000,NOTE_HYPOTHESIS,shared_audio_intelligence_v0_2;spectral_peak;owner_supplied_audio
BE-003:pitch:04391,BE-003:onset:0982,169.528889,877.528889,286.541667,72,3.541667,63.9344,E4,328.3813,0.139320,1.000000,1.000000,0.850000,0.520000,,0.633319,1789.188,6,1,0.250000,0.520000,0.150000,0.080000,0.000000,0.450000,0.250000,0.200000,NOTE_HYPOTHESIS,shared_audio_intelligence_v0_2;spectral_peak;owner_supplied_audio
BE-003:pitch:04392,BE-003:onset:0982,169.528889,877.528889,286.541667,72,3.541667,57.8808,A#3,231.4819,0.580499,1.000000,1.000000,0.850000,0.520000,,0.633319,1789.188,6,2,0.250000,0.520000,0.150000,0.080000,0.000000,0.450000,0.250000,0.200000,NOTE_HYPOTHESIS,shared_audio_intelligence_v0_2;spectral_peak;owner_supplied_audio
BE-003:pitch:04393,BE-003:onset:0982,169.528889,877.528889,286.541667,72,3.541667,45.4734,A2,113.0493,0.441179,1.000000,1.000000,0.850000,0.550000,,0.633319,1789.188,6,3,0.550000,0.350000,0.030000,0.070000,0.480000,0.320000,0.000000,0.000000,NOTE_HYPOTHESIS,shared_audio_intelligence_v0_2;spectral_peak;owner_supplied_audio
BE-003:pitch:04394,BE-003:onset:0982,169.528889,877.528889,286.541667,72,3.541667,85.5821,D6,1146.6431,0.139320,0.939447,1.000000,0.819724,0.840000,,0.633319,1789.188,6,4,0.010000,0.080000,0.840000,0.070000,0.000000,0.120000,0.580000,0.220000,NOTE_HYPOTHESIS,shared_audio_intelligence_v0_2;spectral_peak;owner_supplied_audio
BE-003:pitch:04395,BE-003:onset:0982,169.528889,877.528889,286.541667,72,3.541667,67.0435,G4,392.9810,0.162540,0.939058,1.000000,0.819529,0.580000,,0.633319,1789.188,6,5,0.050000,0.300000,0.580000,0.070000,0.000000,0.450000,0.250000,0.200000,NOTE_HYPOTHESIS,shared_audio_intelligence_v0_2;spectral_peak;owner_supplied_audio
BE-003:pitch:04396,BE-003:onset:0982,169.528889,877.528889,286.541667,72,3.541667,85.7439,D6,1157.4097,0.185760,0.926088,1.000000,0.813044,0.840000,,0.633319,1789.188,6,6,0.010000,0.080000,0.840000,0.070000,0.000000,0.120000,0.580000,0.220000,NOTE_HYPOTHESIS,shared_audio_intelligence_v0_2;spectral_peak;owner_supplied_audio
BE-003:pitch:04397,BE-003:onset:0983,169.784308,877.784308,287.000000,72,4.000000,78.9245,G5,780.5786,0.208980,1.000000,0.892529,0.850000,0.840000,,1.000000,1375.961,6,1,0.010000,0.080000,0.840000,0.070000,0.000000,0.120000,0.580000,0.220000,NOTE_HYPOTHESIS,shared_audio_intelligence_v0_2;spectral_peak;owner_supplied_audio
BE-003:pitch:04398,BE-003:onset:0983,169.784308,877.784308,287.000000,72,4.000000,57.4734,A3,226.0986,0.301859,1.000000,0.892529,0.850000,0.520000,,1.000000,1375.961,6,2,0.250000,0.520000,0.150000,0.080000,0.000000,0.450000,0.250000,0.200000,NOTE_HYPOTHESIS,shared_audio_intelligence_v0_2;spectral_peak;owner_supplied_audio
BE-003:pitch:04399,BE-003:onset:0983,169.784308,877.784308,287.000000,72,4.000000,58.6678,B3,242.2485,0.255420,1.000000,0.892529,0.850000,0.520000,,1.000000,1375.961,6,3,0.250000,0.520000,0.150000,0.080000,0.000000,0.450000,0.250000,0.200000,NOTE_HYPOTHESIS,shared_audio_intelligence_v0_2;spectral_peak;owner_supplied_audio
BE-003:pitch:04400,BE-003:onset:0983,169.784308,877.784308,287.000000,72,4.000000,45.4734,A2,113.0493,0.464399,0.968515,0.892529,0.834258,0.550000,,1.000000,1375.961,6,4,0.550000,0.350000,0.030000,0.070000,0.480000,0.320000,0.000000,0.000000,NOTE_HYPOTHESIS,shared_audio_intelligence_v0_2;spectral_peak;owner_supplied_audio
BE-003:pitch:04401,BE-003:onset:0983,169.784308,877.784308,287.000000,72,4.000000,63.0613,D#4,312.2314,0.139320,0.933346,0.892529,0.816673,0.520000,,1.000000,1375.961,6,5,0.250000,0.520000,0.150000,0.080000,0.000000,0.450000,0.250000,0.200000,NOTE_HYPOTHESIS,shared_audio_intelligence_v0_2;spectral_peak;owner_supplied_audio
BE-003:pitch:04402,BE-003:onset:0983,169.784308,877.784308,287.000000,72,4.000000,63.9344,E4,328.3813,0.441179,0.918770,0.892529,0.809385,0.520000,,1.000000,1375.961,6,6,0.250000,0.520000,0.150000,0.080000,0.000000,0.450000,0.250000,0.200000,NOTE_HYPOTHESIS,shared_audio_intelligence_v0_2;spectral_peak;owner_supplied_audio
BE-003:pitch:04403,BE-003:onset:0984,170.109388,878.109388,287.538462,72,4.538462,81.8808,A#5,925.9277,0.116100,1.000000,0.937425,0.850000,0.840000,,0.658859,2260.824,2,1,0.010000,0.080000,0.840000,0.070000,0.000000,0.120000,0.580000,0.220000,NOTE_HYPOTHESIS,shared_audio_intelligence_v0_2;spectral_peak;owner_supplied_audio
BE-003:pitch:04404,BE-003:onset:0984,170.109388,878.109388,287.538462,72,4.538462,46.2788,A#2,118.4326,1.068118,0.896237,0.937425,0.798119,0.550000,,0.658859,2260.824,2,2,0.550000,0.350000,0.030000,0.070000,0.480000,0.320000,0.000000,0.000000,NOTE_HYPOTHESIS,shared_audio_intelligence_v0_2;spectral_peak;owner_supplied_audio
BE-003:pitch:04405,BE-003:onset:0985,170.179048,878.179048,287.653846,72,4.653846,47.7851,C3,129.1992,0.441179,1.000000,0.836374,0.850000,0.550000,,0.945568,2029.125,5,1,0.550000,0.350000,0.030000,0.070000,0.480000,0.320000,0.000000,0.000000,NOTE_HYPOTHESIS,shared_audio_intelligence_v0_2;spectral_peak;owner_supplied_audio
BE-003:pitch:04406,BE-003:onset:0985,170.179048,878.179048,287.653846,72,4.653846,81.8808,A#5,925.9277,0.069660,1.000000,0.836374,0.850000,0.840000,,0.945568,2029.125,5,2,0.010000,0.080000,0.840000,0.070000,0.000000,0.120000,0.580000,0.220000,NOTE_HYPOTHESIS,shared_audio_intelligence_v0_2;spectral_peak;owner_supplied_audio
BE-003:pitch:04407,BE-003:onset:0985,170.179048,878.179048,287.653846,72,4.653846,80.9503,A5,877.4780,0.278639,1.000000,0.836374,0.850000,0.840000,,0.945568,2029.125,5,3,0.010000,0.080000,0.840000,0.070000,0.000000,0.120000,0.580000,0.220000,NOTE_HYPOTHESIS,shared_audio_intelligence_v0_2;spectral_peak;owner_supplied_audio
BE-003:pitch:04408,BE-003:onset:0985,170.179048,878.179048,287.653846,72,4.653846,42.8047,G2,96.8994,0.139320,0.907578,0.836374,0.803789,0.760000,,0.945568,2029.125,5,4,0.760000,0.180000,0.010000,0.050000,0.480000,0.320000,0.000000,0.000000,NOTE_HYPOTHESIS,shared_audio_intelligence_v0_2;spectral_peak;owner_supplied_audio
BE-003:pitch:04409,BE-003:onset:0985,170.179048,878.179048,287.653846,72,4.653846,59.7851,C4,258.3984,0.348299,0.840624,0.836374,0.770312,0.520000,,0.945568,2029.125,5,5,0.250000,0.520000,0.150000,0.080000,0.000000,0.450000,0.250000,0.200000,NOTE_HYPOTHESIS,shared_audio_intelligence_v0_2;spectral_peak;owner_supplied_audio
BE-003:pitch:04410,BE-003:onset:0986,170.225488,878.225488,287.730769,72,4.730769,80.9503,A5,877.4780,0.162540,1.000000,0.910174,0.850000,0.840000,,0.941247,1961.146,2,1,0.010000,0.080000,0.840000,0.070000,0.000000,0.120000,0.580000,0.220000,NOTE_HYPOTHESIS,shared_audio_intelligence_v0_2;spectral_peak;owner_supplied_audio
BE-003:pitch:04411,BE-003:onset:0986,170.225488,878.225488,287.730769,72,4.730769,47.7851,C3,129.1992,0.394739,1.000000,0.910174,0.850000,0.550000,,0.941247,1961.146,2,2,0.550000,0.350000,0.030000,0.070000,0.480000,0.320000,0.000000,0.000000,NOTE_HYPOTHESIS,shared_audio_intelligence_v0_2;spectral_peak;owner_supplied_audio
BE-003:pitch:04412,BE-003:onset:0987,170.388027,878.388027,288.000000,73,1.000000,79.9670,G#5,829.0283,0.185760,1.000000,1.000000,0.850000,0.840000,,1.000000,1671.320,4,1,0.010000,0.080000,0.840000,0.070000,0.000000,0.120000,0.580000,0.220000,NOTE_HYPOTHESIS,shared_audio_intelligence_v0_2;spectral_peak;owner_supplied_audio
BE-003:pitch:04413,BE-003:onset:0987,170.388027,878.388027,288.000000,73,1.000000,62.7603,D#4,306.8481,0.232200,1.000000,1.000000,0.850000,0.520000,,1.000000,1671.320,4,2,0.250000,0.520000,0.150000,0.080000,0.000000,0.450000,0.250000,0.200000,NOTE_HYPOTHESIS,shared_audio_intelligence_v0_2;spectral_peak;owner_supplied_audio
BE-003:pitch:04414,BE-003:onset:0987,170.388027,878.388027,288.000000,73,1.000000,47.7851,C3,129.1992,0.789478,1.000000,1.000000,0.850000,0.550000,,1.000000,1671.320,4,3,0.550000,0.350000,0.030000,0.070000,0.480000,0.320000,0.000000,0.000000,NOTE_HYPOTHESIS,shared_audio_intelligence_v0_2;spectral_peak;owner_supplied_audio
BE-003:pitch:04415,BE-003:onset:0987,170.388027,878.388027,288.000000,73,1.000000,80.9503,A5,877.4780,0.092880,0.999582,1.000000,0.849791,0.840000,,1.000000,1671.320,4,4,0.010000,0.080000,0.840000,0.070000,0.000000,0.120000,0.580000,0.220000,NOTE_HYPOTHESIS,shared_audio_intelligence_v0_2;spectral_peak;owner_supplied_audio
BE-003:pitch:04416,BE-003:onset:0988,170.666667,878.666667,288.500000,73,1.500000,77.9420,F#5,737.5122,0.185760,1.000000,0.898496,0.850000,0.840000,,1.000000,1961.915,1,1,0.010000,0.080000,0.840000,0.070000,0.000000,0.120000,0.580000,0.220000,NOTE_HYPOTHESIS,shared_audio_intelligence_v0_2;spectral_peak;owner_supplied_audio
BE-003:pitch:04417,BE-003:onset:0989,170.805986,878.805986,288.750000,73,1.750000,77.9420,F#5,737.5122,0.069660,1.000000,0.717221,0.850000,0.840000,,0.816790,1908.056,3,1,0.010000,0.080000,0.840000,0.070000,0.000000,0.120000,0.580000,0.220000,NOTE_HYPOTHESIS,shared_audio_intelligence_v0_2;spectral_peak;owner_supplied_audio
BE-003:pitch:04418,BE-003:onset:0989,170.805986,878.805986,288.750000,73,1.750000,76.9003,F5,694.4458,0.185760,1.000000,0.717221,0.850000,0.840000,,0.816790,1908.056,3,2,0.010000,0.080000,0.840000,0.070000,0.000000,0.120000,0.580000,0.220000,NOTE_HYPOTHESIS,shared_audio_intelligence_v0_2;spectral_peak;owner_supplied_audio
BE-003:pitch:04419,BE-003:onset:0989,170.805986,878.805986,288.750000,73,1.750000,47.7851,C3,129.1992,0.301859,1.000000,0.717221,0.850000,0.550000,,0.816790,1908.056,3,3,0.550000,0.350000,0.030000,0.070000,0.480000,0.320000,0.000000,0.000000,NOTE_HYPOTHESIS,shared_audio_intelligence_v0_2;spectral_peak;owner_supplied_audio
BE-003:pitch:04420,BE-003:onset:0990,170.945306,878.945306,289.000000,73,2.000000,87.9344,E6,1313.5254,0.139320,1.000000,1.000000,0.850000,0.840000,,0.484758,2068.902,4,1,0.010000,0.080000,0.840000,0.070000,0.000000,0.120000,0.580000,0.220000,NOTE_HYPOTHESIS,shared_audio_intelligence_v0_2;spectral_peak;owner_supplied_audio
BE-003:pitch:04421,BE-003:onset:0990,170.945306,878.945306,289.000000,73,2.000000,47.7851,C3,129.1992,0.185760,1.000000,1.000000,0.850000,0.550000,,0.484758,2068.902,4,2,0.550000,0.350000,0.030000,0.070000,0.480000,0.320000,0.000000,0.000000,NOTE_HYPOTHESIS,shared_audio_intelligence_v0_2;spectral_peak;owner_supplied_audio
BE-003:pitch:04422,BE-003:onset:0990,170.945306,878.945306,289.000000,73,2.000000,75.9344,E5,656.7627,0.139320,1.000000,1.000000,0.850000,0.580000,,0.484758,2068.902,4,3,0.050000,0.300000,0.580000,0.070000,0.000000,0.120000,0.580000,0.220000,NOTE_HYPOTHESIS,shared_audio_intelligence_v0_2;spectral_peak;owner_supplied_audio
BE-003:pitch:04423,BE-003:onset:0990,170.945306,878.945306,289.000000,73,2.000000,76.9003,F5,694.4458,0.185760,0.960415,1.000000,0.830208,0.840000,,0.484758,2068.902,4,4,0.010000,0.080000,0.840000,0.070000,0.000000,0.120000,0.580000,0.220000,NOTE_HYPOTHESIS,shared_audio_intelligence_v0_2;spectral_peak;owner_supplied_audio
BE-003:pitch:04424,BE-003:onset:0991,171.061406,879.061406,289.200000,73,2.200000,74.9115,D#5,619.0796,0.348299,1.000000,1.000000,0.850000,0.580000,,0.648373,2162.501,4,1,0.050000,0.300000,0.580000,0.070000,0.000000,0.120000,0.580000,0.220000,NOTE_HYPOTHESIS,shared_audio_intelligence_v0_2;spectral_peak;owner_supplied_audio
BE-003:pitch:04425,BE-003:onset:0991,171.061406,879.061406,289.200000,73,2.200000,86.9115,D#6,1238.1592,0.325079,1.000000,1.000000,0.850000,0.840000,,0.648373,2162.501,4,2,0.010000,0.080000,0.840000,0.070000,0.000000,0.120000,0.580000,0.220000,NOTE_HYPOTHESIS,shared_audio_intelligence_v0_2;spectral_peak;owner_supplied_audio
BE-003:pitch:04426,BE-003:onset:0991,171.061406,879.061406,289.200000,73,2.200000,49.1709,C#3,139.9658,0.232200,1.000000,1.000000,0.850000,0.550000,,0.648373,2162.501,4,3,0.550000,0.350000,0.030000,0.070000,0.480000,0.320000,0.000000,0.000000,NOTE_HYPOTHESIS,shared_audio_intelligence_v0_2;spectral_peak;owner_supplied_audio
BE-003:pitch:04427,BE-003:onset:0991,171.061406,879.061406,289.200000,73,2.200000,87.9344,E6,1313.5254,0.092880,0.933685,1.000000,0.816843,0.840000,,0.648373,2162.501,4,4,0.010000,0.080000,0.840000,0.070000,0.000000,0.120000,0.580000,0.220000,NOTE_HYPOTHESIS,shared_audio_intelligence_v0_2;spectral_peak;owner_supplied_audio
BE-003:pitch:04428,BE-003:onset:0992,171.247166,879.247166,289.520000,73,2.520000,74.7603,D#5,613.6963,0.162540,1.000000,1.000000,0.850000,0.580000,,0.780224,1686.989,6,1,0.050000,0.300000,0.580000,0.070000,0.000000,0.120000,0.580000,0.220000,NOTE_HYPOTHESIS,shared_audio_intelligence_v0_2;spectral_peak;owner_supplied_audio
BE-003:pitch:04429,BE-003:onset:0992,171.247166,879.247166,289.520000,73,2.520000,62.7603,D#4,306.8481,0.278639,1.000000,1.000000,0.850000,0.520000,,0.780224,1686.989,6,2,0.250000,0.520000,0.150000,0.080000,0.000000,0.450000,0.250000,0.200000,NOTE_HYPOTHESIS,shared_audio_intelligence_v0_2;spectral_peak;owner_supplied_audio
BE-003:pitch:04430,BE-003:onset:0992,171.247166,879.247166,289.520000,73,2.520000,57.8808,A#3,231.4819,0.394739,1.000000,1.000000,0.850000,0.520000,,0.780224,1686.989,6,3,0.250000,0.520000,0.150000,0.080000,0.000000,0.450000,0.250000,0.200000,NOTE_HYPOTHESIS,shared_audio_intelligence_v0_2;spectral_peak;owner_supplied_audio
BE-003:pitch:04431,BE-003:onset:0992,171.247166,879.247166,289.520000,73,2.520000,86.9115,D#6,1238.1592,0.139320,1.000000,1.000000,0.850000,0.840000,,0.780224,1686.989,6,4,0.010000,0.080000,0.840000,0.070000,0.000000,0.120000,0.580000,0.220000,NOTE_HYPOTHESIS,shared_audio_intelligence_v0_2;spectral_peak;owner_supplied_audio
BE-003:pitch:04432,BE-003:onset:0992,171.247166,879.247166,289.520000,73,2.520000,81.8808,A#5,925.9277,0.208980,1.000000,1.000000,0.850000,0.840000,,0.780224,1686.989,6,5,0.010000,0.080000,0.840000,0.070000,0.000000,0.120000,0.580000,0.220000,NOTE_HYPOTHESIS,shared_audio_intelligence_v0_2;spectral_peak;owner_supplied_audio
BE-003:pitch:04433,BE-003:onset:0992,171.247166,879.247166,289.520000,73,2.520000,85.7439,D6,1157.4097,0.441179,1.000000,1.000000,0.850000,0.840000,,0.780224,1686.989,6,6,0.010000,0.080000,0.840000,0.070000,0.000000,0.120000,0.580000,0.220000,NOTE_HYPOTHESIS,shared_audio_intelligence_v0_2;spectral_peak;owner_supplied_audio
BE-003:pitch:04434,BE-003:onset:0993,171.549025,879.549025,290.040000,73,3.040000,85.9042,D6,1168.1763,0.208980,1.000000,0.889573,0.850000,0.840000,,1.000000,2056.504,1,1,0.010000,0.080000,0.840000,0.070000,0.000000,0.120000,0.580000,0.220000,NOTE_HYPOTHESIS,shared_audio_intelligence_v0_2;spectral_peak;owner_supplied_audio
BE-003:pitch:04435,BE-003:onset:0994,171.665125,879.665125,290.240000,73,3.240000,81.8808,A#5,925.9277,0.116100,1.000000,0.689277,0.850000,0.840000,,0.612515,2229.507,4,1,0.010000,0.080000,0.840000,0.070000,0.000000,0.120000,0.580000,0.220000,NOTE_HYPOTHESIS,shared_audio_intelligence_v0_2;spectral_peak;owner_supplied_audio
BE-003:pitch:04436,BE-003:onset:0994,171.665125,879.665125,290.240000,73,3.240000,85.9838,D6,1173.5596,0.162540,1.000000,0.689277,0.850000,0.840000,,0.612515,2229.507,4,2,0.010000,0.080000,0.840000,0.070000,0.000000,0.120000,0.580000,0.220000,NOTE_HYPOTHESIS,shared_audio_intelligence_v0_2;spectral_peak;owner_supplied_audio
BE-003:pitch:04437,BE-003:onset:0994,171.665125,879.665125,290.240000,73,3.240000,63.9344,E4,328.3813,0.325079,1.000000,0.689277,0.850000,0.520000,,0.612515,2229.507,4,3,0.250000,0.520000,0.150000,0.080000,0.000000,0.450000,0.250000,0.200000,NOTE_HYPOTHESIS,shared_audio_intelligence_v0_2;spectral_peak;owner_supplied_audio
BE-003:pitch:04438,BE-003:onset:0994,171.665125,879.665125,290.240000,73,3.240000,51.6483,E3,161.4990,0.162540,0.923895,0.689277,0.811948,0.550000,,0.612515,2229.507,4,4,0.550000,0.350000,0.030000,0.070000,0.480000,0.320000,0.000000,0.000000,NOTE_HYPOTHESIS,shared_audio_intelligence_v0_2;spectral_peak;owner_supplied_audio
BE-003:pitch:04439,BE-003:onset:0995,171.827664,879.827664,290.520000,73,3.520000,78.9245,G5,780.5786,0.185760,1.000000,0.741646,0.850000,0.840000,,0.586874,2272.684,4,1,0.010000,0.080000,0.840000,0.070000,0.000000,0.120000,0.580000,0.220000,NOTE_HYPOTHESIS,shared_audio_intelligence_v0_2;spectral_peak;owner_supplied_audio
BE-003:pitch:04440,BE-003:onset:0995,171.827664,879.827664,290.520000,73,3.520000,63.6483,E4,322.9980,0.626939,0.969006,0.741646,0.834503,0.520000,,0.586874,2272.684,4,2,0.250000,0.520000,0.150000,0.080000,0.000000,0.450000,0.250000,0.200000,NOTE_HYPOTHESIS,shared_audio_intelligence_v0_2;spectral_peak;owner_supplied_audio
BE-003:pitch:04441,BE-003:onset:0995,171.827664,879.827664,290.520000,73,3.520000,81.9811,A#5,931.3110,0.139320,0.851725,0.741646,0.775863,0.840000,,0.586874,2272.684,4,3,0.010000,0.080000,0.840000,0.070000,0.000000,0.120000,0.580000,0.220000,NOTE_HYPOTHESIS,shared_audio_intelligence_v0_2;spectral_peak;owner_supplied_audio
BE-003:pitch:04442,BE-003:onset:0995,171.827664,879.827664,290.520000,73,3.520000,85.9838,D6,1173.5596,0.232200,0.834961,0.741646,0.767480,0.840000,,0.586874,2272.684,4,4,0.010000,0.080000,0.840000,0.070000,0.000000,0.120000,0.580000,0.220000,NOTE_HYPOTHESIS,shared_audio_intelligence_v0_2;spectral_peak;owner_supplied_audio
BE-003:pitch:04443,BE-003:onset:0996,171.943764,879.943764,290.720000,73,3.720000,78.9245,G5,780.5786,0.092880,1.000000,1.000000,0.850000,0.840000,,0.769412,1937.428,6,1,0.010000,0.080000,0.840000,0.070000,0.000000,0.120000,0.580000,0.220000,NOTE_HYPOTHESIS,shared_audio_intelligence_v0_2;spectral_peak;owner_supplied_audio
BE-003:pitch:04444,BE-003:onset:0996,171.943764,879.943764,290.720000,73,3.720000,64.4929,E4,339.1479,0.162540,1.000000,1.000000,0.850000,0.580000,,0.769412,1937.428,6,2,0.050000,0.300000,0.580000,0.070000,0.000000,0.450000,0.250000,0.200000,NOTE_HYPOTHESIS,shared_audio_intelligence_v0_2;spectral_peak;owner_supplied_audio
BE-003:pitch:04445,BE-003:onset:0996,171.943764,879.943764,290.720000,73,3.720000,85.9042,D6,1168.1763,0.116100,0.946073,1.000000,0.823037,0.840000,,0.769412,1937.428,6,3,0.010000,0.080000,0.840000,0.070000,0.000000,0.120000,0.580000,0.220000,NOTE_HYPOTHESIS,shared_audio_intelligence_v0_2;spectral_peak;owner_supplied_audio
BE-003:pitch:04446,BE-003:onset:0996,171.943764,879.943764,290.720000,73,3.720000,83.9645,C6,1044.3604,0.162540,0.849898,1.000000,0.774949,0.840000,,0.769412,1937.428,6,4,0.010000,0.080000,0.840000,0.070000,0.000000,0.120000,0.580000,0.220000,NOTE_HYPOTHESIS,shared_audio_intelligence_v0_2;spectral_peak;owner_supplied_audio
BE-003:pitch:04447,BE-003:onset:0996,171.943764,879.943764,290.720000,73,3.720000,95.9645,C7,2088.7207,0.348299,0.810423,1.000000,0.755212,0.840000,,0.769412,1937.428,6,5,0.010000,0.080000,0.840000,0.070000,0.000000,0.120000,0.580000,0.220000,NOTE_HYPOTHESIS,shared_audio_intelligence_v0_2;spectral_peak;owner_supplied_audio
BE-003:pitch:04448,BE-003:onset:0996,171.943764,879.943764,290.720000,73,3.720000,43.7407,G#2,102.2827,1.532517,0.755935,1.000000,0.727967,0.760000,,0.769412,1937.428,6,6,0.760000,0.180000,0.010000,0.050000,0.480000,0.320000,0.000000,0.000000,NOTE_HYPOTHESIS,shared_audio_intelligence_v0_2;spectral_peak;owner_supplied_audio
BE-003:pitch:04449,BE-003:onset:0997,172.106304,880.106304,291.000000,73,4.000000,80.9503,A5,877.4780,0.162540,1.000000,1.000000,0.850000,0.840000,,0.821077,1562.305,6,1,0.010000,0.080000,0.840000,0.070000,0.000000,0.120000,0.580000,0.220000,NOTE_HYPOTHESIS,shared_audio_intelligence_v0_2;spectral_peak;owner_supplied_audio
BE-003:pitch:04450,BE-003:onset:0997,172.106304,880.106304,291.000000,73,4.000000,62.7603,D#4,306.8481,0.325079,1.000000,1.000000,0.850000,0.520000,,0.821077,1562.305,6,2,0.250000,0.520000,0.150000,0.080000,0.000000,0.450000,0.250000,0.200000,NOTE_HYPOTHESIS,shared_audio_intelligence_v0_2;spectral_peak;owner_supplied_audio
BE-003:pitch:04451,BE-003:onset:0997,172.106304,880.106304,291.000000,73,4.000000,74.7603,D#5,613.6963,0.557279,1.000000,1.000000,0.850000,0.580000,,0.821077,1562.305,6,3,0.050000,0.300000,0.580000,0.070000,0.000000,0.120000,0.580000,0.220000,NOTE_HYPOTHESIS,shared_audio_intelligence_v0_2;spectral_peak;owner_supplied_audio
BE-003:pitch:04452,BE-003:onset:0997,172.106304,880.106304,291.000000,73,4.000000,81.8808,A#5,925.9277,0.232200,0.951146,1.000000,0.825573,0.840000,,0.821077,1562.305,6,4,0.010000,0.080000,0.840000,0.070000,0.000000,0.120000,0.580000,0.220000,NOTE_HYPOTHESIS,shared_audio_intelligence_v0_2;spectral_peak;owner_supplied_audio
BE-003:pitch:04453,BE-003:onset:0997,172.106304,880.106304,291.000000,73,4.000000,57.0562,A3,220.7153,0.696599,0.918298,1.000000,0.809149,0.520000,,0.821077,1562.305,6,5,0.250000,0.520000,0.150000,0.080000,0.000000,0.450000,0.250000,0.200000,NOTE_HYPOTHESIS,shared_audio_intelligence_v0_2;spectral_peak;owner_supplied_audio
BE-003:pitch:04454,BE-003:onset:0997,172.106304,880.106304,291.000000,73,4.000000,92.9503,A6,1754.9561,0.185760,0.899953,1.000000,0.799976,0.840000,,0.821077,1562.305,6,6,0.010000,0.080000,0.840000,0.070000,0.000000,0.120000,0.580000,0.220000,NOTE_HYPOTHESIS,shared_audio_intelligence_v0_2;spectral_peak;owner_supplied_audio
BE-003:pitch:04455,BE-003:onset:0998,172.408163,880.408163,291.520000,73,4.520000,74.9115,D#5,619.0796,0.208980,1.000000,0.647573,0.850000,0.580000,,0.559698,2194.006,4,1,0.050000,0.300000,0.580000,0.070000,0.000000,0.120000,0.580000,0.220000,NOTE_HYPOTHESIS,shared_audio_intelligence_v0_2;spectral_peak;owner_supplied_audio
BE-003:pitch:04456,BE-003:onset:0998,172.408163,880.408163,291.520000,73,4.520000,56.1904,G#3,209.9487,0.092880,1.000000,0.647573,0.850000,0.520000,,0.559698,2194.006,4,2,0.250000,0.520000,0.150000,0.080000,0.000000,0.450000,0.250000,0.200000,NOTE_HYPOTHESIS,shared_audio_intelligence_v0_2;spectral_peak;owner_supplied_audio
BE-003:pitch:04457,BE-003:onset:0998,172.408163,880.408163,291.520000,73,4.520000,86.9115,D#6,1238.1592,0.185760,1.000000,0.647573,0.850000,0.840000,,0.559698,2194.006,4,3,0.010000,0.080000,0.840000,0.070000,0.000000,0.120000,0.580000,0.220000,NOTE_HYPOTHESIS,shared_audio_intelligence_v0_2;spectral_peak;owner_supplied_audio
BE-003:pitch:04458,BE-003:onset:0998,172.408163,880.408163,291.520000,73,4.520000,63.0613,D#4,312.2314,0.139320,0.900497,0.647573,0.800248,0.520000,,0.559698,2194.006,4,4,0.250000,0.520000,0.150000,0.080000,0.000000,0.450000,0.250000,0.200000,NOTE_HYPOTHESIS,shared_audio_intelligence_v0_2;spectral_peak;owner_supplied_audio
BE-003:pitch:04459,BE-003:onset:0999,172.547483,880.547483,291.760000,73,4.760000,73.8242,D5,581.3965,0.162540,1.000000,0.739715,0.850000,0.580000,,0.638994,2017.711,4,1,0.050000,0.300000,0.580000,0.070000,0.000000,0.120000,0.580000,0.220000,NOTE_HYPOTHESIS,shared_audio_intelligence_v0_2;spectral_peak;owner_supplied_audio
BE-003:pitch:04460,BE-003:onset:0999,172.547483,880.547483,291.760000,73,4.760000,74.9115,D#5,619.0796,0.092880,1.000000,0.739715,0.850000,0.580000,,0.638994,2017.711,4,2,0.050000,0.300000,0.580000,0.070000,0.000000,0.120000,0.580000,0.220000,NOTE_HYPOTHESIS,shared_audio_intelligence_v0_2;spectral_peak;owner_supplied_audio
BE-003:pitch:04461,BE-003:onset:0999,172.547483,880.547483,291.760000,73,4.760000,49.8242,D3,145.3491,0.185760,1.000000,0.739715,0.850000,0.550000,,0.638994,2017.711,4,3,0.550000,0.350000,0.030000,0.070000,0.480000,0.320000,0.000000,0.000000,NOTE_HYPOTHESIS,shared_audio_intelligence_v0_2;spectral_peak;owner_supplied_audio
BE-003:pitch:04462,BE-003:onset:0999,172.547483,880.547483,291.760000,73,4.760000,86.9115,D#6,1238.1592,0.069660,0.902912,0.739715,0.801456,0.840000,,0.638994,2017.711,4,4,0.010000,0.080000,0.840000,0.070000,0.000000,0.120000,0.580000,0.220000,NOTE_HYPOTHESIS,shared_audio_intelligence_v0_2;spectral_peak;owner_supplied_audio
BE-003:pitch:04463,BE-003:onset:1000,172.686803,880.686803,292.000000,74,1.000000,83.9645,C6,1044.3604,0.278639,1.000000,0.909461,0.850000,0.840000,,0.984891,1885.949,2,1,0.010000,0.080000,0.840000,0.070000,0.000000,0.120000,0.580000,0.220000,NOTE_HYPOTHESIS,shared_audio_intelligence_v0_2;spectral_peak;owner_supplied_audio
BE-003:pitch:04464,BE-003:onset:1000,172.686803,880.686803,292.000000,74,1.000000,73.8242,D5,581.3965,0.069660,1.000000,0.909461,0.850000,0.580000,,0.984891,1885.949,2,2,0.050000,0.300000,0.580000,0.070000,0.000000,0.120000,0.580000,0.220000,NOTE_HYPOTHESIS,shared_audio_intelligence_v0_2;spectral_peak;owner_supplied_audio
BE-003:pitch:04465,BE-003:onset:1001,172.826122,880.826122,292.240000,74,1.240000,83.9645,C6,1044.3604,0.162540,1.000000,0.742898,0.850000,0.840000,,0.762366,1973.717,4,1,0.010000,0.080000,0.840000,0.070000,0.000000,0.120000,0.580000,0.220000,NOTE_HYPOTHESIS,shared_audio_intelligence_v0_2;spectral_peak;owner_supplied_audio
BE-003:pitch:04466,BE-003:onset:1001,172.826122,880.826122,292.240000,74,1.240000,82.9540,B5,985.1440,0.162540,1.000000,0.742898,0.850000,0.840000,,0.762366,1973.717,4,2,0.010000,0.080000,0.840000,0.070000,0.000000,0.120000,0.580000,0.220000,NOTE_HYPOTHESIS,shared_audio_intelligence_v0_2;spectral_peak;owner_supplied_audio
BE-003:pitch:04467,BE-003:onset:1001,172.826122,880.826122,292.240000,74,1.240000,62.7603,D#4,306.8481,0.301859,1.000000,0.742898,0.850000,0.520000,,0.762366,1973.717,4,3,0.250000,0.520000,0.150000,0.080000,0.000000,0.450000,0.250000,0.200000,NOTE_HYPOTHESIS,shared_audio_intelligence_v0_2;spectral_peak;owner_supplied_audio
BE-003:pitch:04468,BE-003:onset:1001,172.826122,880.826122,292.240000,74,1.240000,96.0091,C7,2094.1040,0.185760,0.991611,0.742898,0.845806,0.840000,,0.762366,1973.717,4,4,0.010000,0.080000,0.840000,0.070000,0.000000,0.120000,0.580000,0.220000,NOTE_HYPOTHESIS,shared_audio_intelligence_v0_2;spectral_peak;owner_supplied_audio
BE-003:pitch:04469,BE-003:onset:1002,172.988662,880.988662,292.520000,74,1.520000,80.9503,A5,877.4780,0.116100,1.000000,0.675172,0.850000,0.840000,,0.438160,2400.013,4,1,0.010000,0.080000,0.840000,0.070000,0.000000,0.120000,0.580000,0.220000,NOTE_HYPOTHESIS,shared_audio_intelligence_v0_2;spectral_peak;owner_supplied_audio
BE-003:pitch:04470,BE-003:onset:1002,172.988662,880.988662,292.520000,74,1.520000,82.9540,B5,985.1440,0.092880,0.936293,0.675172,0.818147,0.840000,,0.438160,2400.013,4,2,0.010000,0.080000,0.840000,0.070000,0.000000,0.120000,0.580000,0.220000,NOTE_HYPOTHESIS,shared_audio_intelligence_v0_2;spectral_peak;owner_supplied_audio
BE-003:pitch:04471,BE-003:onset:1002,172.988662,880.988662,292.520000,74,1.520000,84.0535,C6,1049.7437,0.046440,0.891789,0.675172,0.795895,0.840000,,0.438160,2400.013,4,3,0.010000,0.080000,0.840000,0.070000,0.000000,0.120000,0.580000,0.220000,NOTE_HYPOTHESIS,shared_audio_intelligence_v0_2;spectral_peak;owner_supplied_audio
BE-003:pitch:04472,BE-003:onset:1002,172.988662,880.988662,292.520000,74,1.520000,51.0613,D#3,156.1157,0.301859,0.864312,0.675172,0.782156,0.550000,,0.438160,2400.013,4,4,0.550000,0.350000,0.030000,0.070000,0.480000,0.320000,0.000000,0.000000,NOTE_HYPOTHESIS,shared_audio_intelligence_v0_2;spectral_peak;owner_supplied_audio
BE-003:pitch:04473,BE-003:onset:1003,173.104762,881.104762,292.720000,74,1.720000,81.8808,A#5,925.9277,0.116100,1.000000,1.000000,0.850000,0.840000,,0.568588,1836.607,6,1,0.010000,0.080000,0.840000,0.070000,0.000000,0.120000,0.580000,0.220000,NOTE_HYPOTHESIS,shared_audio_intelligence_v0_2;spectral_peak;owner_supplied_audio
BE-003:pitch:04474,BE-003:onset:1003,173.104762,881.104762,292.720000,74,1.720000,49.8242,D3,145.3491,0.162540,1.000000,1.000000,0.850000,0.550000,,0.568588,1836.607,6,2,0.550000,0.350000,0.030000,0.070000,0.480000,0.320000,0.000000,0.000000,NOTE_HYPOTHESIS,shared_audio_intelligence_v0_2;spectral_peak;owner_supplied_audio
BE-003:pitch:04475,BE-003:onset:1003,173.104762,881.104762,292.720000,74,1.720000,43.7407,G#2,102.2827,0.092880,0.999557,1.000000,0.849778,0.760000,,0.568588,1836.607,6,3,0.760000,0.180000,0.010000,0.050000,0.480000,0.320000,0.000000,0.000000,NOTE_HYPOTHESIS,shared_audio_intelligence_v0_2;spectral_peak;owner_supplied_audio
BE-003:pitch:04476,BE-003:onset:1003,173.104762,881.104762,292.720000,74,1.720000,62.1419,D4,296.0815,0.139320,0.953928,1.000000,0.826964,0.520000,,0.568588,1836.607,6,4,0.250000,0.520000,0.150000,0.080000,0.000000,0.450000,0.250000,0.200000,NOTE_HYPOTHESIS,shared_audio_intelligence_v0_2;spectral_peak;owner_supplied_audio
BE-003:pitch:04477,BE-003:onset:1003,173.104762,881.104762,292.720000,74,1.720000,73.8242,D5,581.3965,0.208980,0.948656,1.000000,0.824328,0.580000,,0.568588,1836.607,6,5,0.050000,0.300000,0.580000,0.070000,0.000000,0.120000,0.580000,0.220000,NOTE_HYPOTHESIS,shared_audio_intelligence_v0_2;spectral_peak;owner_supplied_audio
BE-003:pitch:04478,BE-003:onset:1003,173.104762,881.104762,292.720000,74,1.720000,35.7851,C2,64.5996,1.021678,0.923807,1.000000,0.811904,0.760000,,0.568588,1836.607,6,6,0.760000,0.180000,0.010000,0.050000,0.480000,0.320000,0.000000,0.000000,NOTE_HYPOTHESIS,shared_audio_intelligence_v0_2;spectral_peak;owner_supplied_audio
BE-003:pitch:04479,BE-003:onset:1004,173.267302,881.267302,293.000000,74,2.000000,80.9503,A5,877.4780,0.139320,1.000000,1.000000,0.850000,0.840000,,0.794270,1819.086,1,1,0.010000,0.080000,0.840000,0.070000,0.000000,0.120000,0.580000,0.220000,NOTE_HYPOTHESIS,shared_audio_intelligence_v0_2;spectral_peak;owner_supplied_audio
BE-003:pitch:04480,BE-003:onset:1005,173.383401,881.383401,293.172414,74,2.172414,78.9245,G5,780.5786,0.185760,1.000000,0.934248,0.850000,0.840000,,0.874935,2052.089,4,1,0.010000,0.080000,0.840000,0.070000,0.000000,0.120000,0.580000,0.220000,NOTE_HYPOTHESIS,shared_audio_intelligence_v0_2;spectral_peak;owner_supplied_audio
BE-003:pitch:04481,BE-003:onset:1005,173.383401,881.383401,293.172414,74,2.172414,45.4734,A2,113.0493,0.255420,1.000000,0.934248,0.850000,0.550000,,0.874935,2052.089,4,2,0.550000,0.350000,0.030000,0.070000,0.480000,0.320000,0.000000,0.000000,NOTE_HYPOTHESIS,shared_audio_intelligence_v0_2;spectral_peak;owner_supplied_audio
BE-003:pitch:04482,BE-003:onset:1005,173.383401,881.383401,293.172414,74,2.172414,80.9503,A5,877.4780,0.092880,1.000000,0.934248,0.850000,0.840000,,0.874935,2052.089,4,3,0.010000,0.080000,0.840000,0.070000,0.000000,0.120000,0.580000,0.220000,NOTE_HYPOTHESIS,shared_audio_intelligence_v0_2;spectral_peak;owner_supplied_audio
BE-003:pitch:04483,BE-003:onset:1005,173.383401,881.383401,293.172414,74,2.172414,43.7407,G#2,102.2827,0.092880,1.000000,0.934248,0.850000,0.760000,,0.874935,2052.089,4,4,0.760000,0.180000,0.010000,0.050000,0.480000,0.320000,0.000000,0.000000,NOTE_HYPOTHESIS,shared_audio_intelligence_v0_2;spectral_peak;owner_supplied_audio
BE-003:pitch:04484,BE-003:onset:1006,173.569161,881.569161,293.448276,74,2.448276,73.8242,D5,581.3965,0.557279,1.000000,1.000000,0.850000,0.580000,,0.650445,1512.007,6,1,0.050000,0.300000,0.580000,0.070000,0.000000,0.120000,0.580000,0.220000,NOTE_HYPOTHESIS,shared_audio_intelligence_v0_2;spectral_peak;owner_supplied_audio
BE-003:pitch:04485,BE-003:onset:1006,173.569161,881.569161,293.448276,74,2.448276,65.8151,F#4,366.0645,0.255420,1.000000,1.000000,0.850000,0.580000,,0.650445,1512.007,6,2,0.050000,0.300000,0.580000,0.070000,0.000000,0.450000,0.250000,0.200000,NOTE_HYPOTHESIS,shared_audio_intelligence_v0_2;spectral_peak;owner_supplied_audio
BE-003:pitch:04486,BE-003:onset:1006,173.569161,881.569161,293.448276,74,2.448276,67.0435,G4,392.9810,0.534059,1.000000,1.000000,0.850000,0.580000,,0.650445,1512.007,6,3,0.050000,0.300000,0.580000,0.070000,0.000000,0.450000,0.250000,0.200000,NOTE_HYPOTHESIS,shared_audio_intelligence_v0_2;spectral_peak;owner_supplied_audio
BE-003:pitch:04487,BE-003:onset:1006,173.569161,881.569161,293.448276,74,2.448276,54.8047,G3,193.7988,0.464399,1.000000,1.000000,0.850000,0.550000,,0.650445,1512.007,6,4,0.550000,0.350000,0.030000,0.070000,0.480000,0.320000,0.000000,0.000000,NOTE_HYPOTHESIS,shared_audio_intelligence_v0_2;spectral_peak;owner_supplied_audio
BE-003:pitch:04488,BE-003:onset:1006,173.569161,881.569161,293.448276,74,2.448276,45.4734,A2,113.0493,0.139320,1.000000,1.000000,0.850000,0.550000,,0.650445,1512.007,6,5,0.550000,0.350000,0.030000,0.070000,0.480000,0.320000,0.000000,0.000000,NOTE_HYPOTHESIS,shared_audio_intelligence_v0_2;spectral_peak;owner_supplied_audio
BE-003:pitch:04489,BE-003:onset:1006,173.569161,881.569161,293.448276,74,2.448276,78.8047,G5,775.1953,0.441179,1.000000,1.000000,0.850000,0.840000,,0.650445,1512.007,6,6,0.010000,0.080000,0.840000,0.070000,0.000000,0.120000,0.580000,0.220000,NOTE_HYPOTHESIS,shared_audio_intelligence_v0_2;spectral_peak;owner_supplied_audio
BE-003:pitch:04490,BE-003:onset:1007,173.963900,881.963900,294.040000,74,3.040000,66.8047,G4,387.5977,0.116100,1.000000,0.901298,0.850000,0.580000,,0.548252,2221.512,6,1,0.050000,0.300000,0.580000,0.070000,0.000000,0.450000,0.250000,0.200000,NOTE_HYPOTHESIS,shared_audio_intelligence_v0_2;spectral_peak;owner_supplied_audio
BE-003:pitch:04491,BE-003:onset:1007,173.963900,881.963900,294.040000,74,3.040000,73.9838,D5,586.7798,0.278639,1.000000,0.901298,0.850000,0.580000,,0.548252,2221.512,6,2,0.050000,0.300000,0.580000,0.070000,0.000000,0.120000,0.580000,0.220000,NOTE_HYPOTHESIS,shared_audio_intelligence_v0_2;spectral_peak;owner_supplied_audio
BE-003:pitch:04492,BE-003:onset:1007,173.963900,881.963900,294.040000,74,3.040000,49.8242,D3,145.3491,0.208980,1.000000,0.901298,0.850000,0.550000,,0.548252,2221.512,6,3,0.550000,0.350000,0.030000,0.070000,0.480000,0.320000,0.000000,0.000000,NOTE_HYPOTHESIS,shared_audio_intelligence_v0_2;spectral_peak;owner_supplied_audio
BE-003:pitch:04493,BE-003:onset:1007,173.963900,881.963900,294.040000,74,3.040000,43.7407,G#2,102.2827,0.116100,1.000000,0.901298,0.850000,0.760000,,0.548252,2221.512,6,4,0.760000,0.180000,0.010000,0.050000,0.480000,0.320000,0.000000,0.000000,NOTE_HYPOTHESIS,shared_audio_intelligence_v0_2;spectral_peak;owner_supplied_audio
BE-003:pitch:04494,BE-003:onset:1007,173.963900,881.963900,294.040000,74,3.040000,73.6632,D5,576.0132,0.301859,1.000000,0.901298,0.850000,0.580000,,0.548252,2221.512,6,5,0.050000,0.300000,0.580000,0.070000,0.000000,0.120000,0.580000,0.220000,NOTE_HYPOTHESIS,shared_audio_intelligence_v0_2;spectral_peak;owner_supplied_audio
BE-003:pitch:04495,BE-003:onset:1007,173.963900,881.963900,294.040000,74,3.040000,81.8808,A#5,925.9277,0.139320,0.932362,0.901298,0.816181,0.840000,,0.548252,2221.512,6,6,0.010000,0.080000,0.840000,0.070000,0.000000,0.120000,0.580000,0.220000,NOTE_HYPOTHESIS,shared_audio_intelligence_v0_2;spectral_peak;owner_supplied_audio
BE-003:pitch:04496,BE-003:onset:1008,174.103220,882.103220,294.280000,74,3.280000,76.9003,F5,694.4458,0.208980,1.000000,0.682604,0.850000,0.840000,,0.656458,1938.598,5,1,0.010000,0.080000,0.840000,0.070000,0.000000,0.120000,0.580000,0.220000,NOTE_HYPOTHESIS,shared_audio_intelligence_v0_2;spectral_peak;owner_supplied_audio
BE-003:pitch:04497,BE-003:onset:1008,174.103220,882.103220,294.280000,74,3.280000,88.9673,F6,1394.2749,0.208980,1.000000,0.682604,0.850000,0.840000,,0.656458,1938.598,5,2,0.010000,0.080000,0.840000,0.070000,0.000000,0.120000,0.580000,0.220000,NOTE_HYPOTHESIS,shared_audio_intelligence_v0_2;spectral_peak;owner_supplied_audio
BE-003:pitch:04498,BE-003:onset:1008,174.103220,882.103220,294.280000,74,3.280000,73.8242,D5,581.3965,0.162540,1.000000,0.682604,0.850000,0.580000,,0.656458,1938.598,5,3,0.050000,0.300000,0.580000,0.070000,0.000000,0.120000,0.580000,0.220000,NOTE_HYPOTHESIS,shared_audio_intelligence_v0_2;spectral_peak;owner_supplied_audio
BE-003:pitch:04499,BE-003:onset:1008,174.103220,882.103220,294.280000,74,3.280000,49.8242,D3,145.3491,0.255420,1.000000,0.682604,0.850000,0.550000,,0.656458,1938.598,5,4,0.550000,0.350000,0.030000,0.070000,0.480000,0.320000,0.000000,0.000000,NOTE_HYPOTHESIS,shared_audio_intelligence_v0_2;spectral_peak;owner_supplied_audio
BE-003:pitch:04500,BE-003:onset:1008,174.103220,882.103220,294.280000,74,3.280000,55.7407,G#3,204.5654,0.162540,0.958654,0.682604,0.829327,0.520000,,0.656458,1938.598,5,5,0.250000,0.520000,0.150000,0.080000,0.000000,0.450000,0.250000,0.200000,NOTE_HYPOTHESIS,shared_audio_intelligence_v0_2;spectral_peak;owner_supplied_audio
BE-003:pitch:04501,BE-003:onset:1009,174.242540,882.242540,294.520000,74,3.520000,76.9003,F5,694.4458,0.092880,1.000000,0.666641,0.850000,0.840000,,0.593724,1901.472,6,1,0.010000,0.080000,0.840000,0.070000,0.000000,0.120000,0.580000,0.220000,NOTE_HYPOTHESIS,shared_audio_intelligence_v0_2;spectral_peak;owner_supplied_audio
BE-003:pitch:04502,BE-003:onset:1009,174.242540,882.242540,294.520000,74,3.520000,74.9115,D#5,619.0796,0.301859,1.000000,0.666641,0.850000,0.580000,,0.593724,1901.472,6,2,0.050000,0.300000,0.580000,0.070000,0.000000,0.120000,0.580000,0.220000,NOTE_HYPOTHESIS,shared_audio_intelligence_v0_2;spectral_peak;owner_supplied_audio
BE-003:pitch:04503,BE-003:onset:1009,174.242540,882.242540,294.520000,74,3.520000,47.7851,C3,129.1992,0.301859,1.000000,0.666641,0.850000,0.550000,,0.593724,1901.472,6,3,0.550000,0.350000,0.030000,0.070000,0.480000,0.320000,0.000000,0.000000,NOTE_HYPOTHESIS,shared_audio_intelligence_v0_2;spectral_peak;owner_supplied_audio
BE-003:pitch:04504,BE-003:onset:1009,174.242540,882.242540,294.520000,74,3.520000,88.9003,F6,1388.8916,0.092880,0.988128,0.666641,0.844064,0.840000,,0.593724,1901.472,6,4,0.010000,0.080000,0.840000,0.070000,0.000000,0.120000,0.580000,0.220000,NOTE_HYPOTHESIS,shared_audio_intelligence_v0_2;spectral_peak;owner_supplied_audio
BE-003:pitch:04505,BE-003:onset:1009,174.242540,882.242540,294.520000,74,3.520000,43.7407,G#2,102.2827,0.092880,0.912818,0.666641,0.806409,0.760000,,0.593724,1901.472,6,5,0.760000,0.180000,0.010000,0.050000,0.480000,0.320000,0.000000,0.000000,NOTE_HYPOTHESIS,shared_audio_intelligence_v0_2;spectral_peak;owner_supplied_audio
BE-003:pitch:04506,BE-003:onset:1009,174.242540,882.242540,294.520000,74,3.520000,86.9115,D#6,1238.1592,0.301859,0.891515,0.666641,0.795757,0.840000,,0.593724,1901.472,6,6,0.010000,0.080000,0.840000,0.070000,0.000000,0.120000,0.580000,0.220000,NOTE_HYPOTHESIS,shared_audio_intelligence_v0_2;spectral_peak;owner_supplied_audio
BE-003:pitch:04507,BE-003:onset:1010,174.405079,882.405079,294.800000,74,3.800000,47.7851,C3,129.1992,0.139320,1.000000,0.773948,0.850000,0.550000,,0.710882,1354.402,6,1,0.550000,0.350000,0.030000,0.070000,0.480000,0.320000,0.000000,0.000000,NOTE_HYPOTHESIS,shared_audio_intelligence_v0_2;spectral_peak;owner_supplied_audio
BE-003:pitch:04508,BE-003:onset:1010,174.405079,882.405079,294.800000,74,3.800000,63.0613,D#4,312.2314,0.208980,1.000000,0.773948,0.850000,0.520000,,0.710882,1354.402,6,2,0.250000,0.520000,0.150000,0.080000,0.000000,0.450000,0.250000,0.200000,NOTE_HYPOTHESIS,shared_audio_intelligence_v0_2;spectral_peak;owner_supplied_audio
BE-003:pitch:04509,BE-003:onset:1010,174.405079,882.405079,294.800000,74,3.800000,67.0435,G4,392.9810,0.278639,1.000000,0.773948,0.850000,0.580000,,0.710882,1354.402,6,3,0.050000,0.300000,0.580000,0.070000,0.000000,0.450000,0.250000,0.200000,NOTE_HYPOTHESIS,shared_audio_intelligence_v0_2;spectral_peak;owner_supplied_audio
BE-003:pitch:04510,BE-003:onset:1010,174.405079,882.405079,294.800000,74,3.800000,73.8242,D5,581.3965,0.139320,1.000000,0.773948,0.850000,0.580000,,0.710882,1354.402,6,4,0.050000,0.300000,0.580000,0.070000,0.000000,0.120000,0.580000,0.220000,NOTE_HYPOTHESIS,shared_audio_intelligence_v0_2;spectral_peak;owner_supplied_audio
BE-003:pitch:04511,BE-003:onset:1010,174.405079,882.405079,294.800000,74,3.800000,61.8242,D4,290.6982,0.162540,1.000000,0.773948,0.850000,0.520000,,0.710882,1354.402,6,5,0.250000,0.520000,0.150000,0.080000,0.000000,0.450000,0.250000,0.200000,NOTE_HYPOTHESIS,shared_audio_intelligence_v0_2;spectral_peak;owner_supplied_audio
BE-003:pitch:04512,BE-003:onset:1010,174.405079,882.405079,294.800000,74,3.800000,78.9245,G5,780.5786,0.441179,1.000000,0.773948,0.850000,0.840000,,0.710882,1354.402,6,6,0.010000,0.080000,0.840000,0.070000,0.000000,0.120000,0.580000,0.220000,NOTE_HYPOTHESIS,shared_audio_intelligence_v0_2;spectral_peak;owner_supplied_audio
BE-003:pitch:04513,BE-003:onset:1011,174.544399,882.544399,295.040000,74,4.040000,78.9245,G5,780.5786,0.185760,1.000000,0.944382,0.850000,0.840000,,1.000000,2012.240,3,1,0.010000,0.080000,0.840000,0.070000,0.000000,0.120000,0.580000,0.220000,NOTE_HYPOTHESIS,shared_audio_intelligence_v0_2;spectral_peak;owner_supplied_audio
BE-003:pitch:04514,BE-003:onset:1011,174.544399,882.544399,295.040000,74,4.040000,45.4734,A2,113.0493,0.325079,1.000000,0.944382,0.850000,0.550000,,1.000000,2012.240,3,2,0.550000,0.350000,0.030000,0.070000,0.480000,0.320000,0.000000,0.000000,NOTE_HYPOTHESIS,shared_audio_intelligence_v0_2;spectral_peak;owner_supplied_audio
BE-003:pitch:04515,BE-003:onset:1011,174.544399,882.544399,295.040000,74,4.040000,43.7407,G#2,102.2827,0.069660,1.000000,0.944382,0.850000,0.760000,,1.000000,2012.240,3,3,0.760000,0.180000,0.010000,0.050000,0.480000,0.320000,0.000000,0.000000,NOTE_HYPOTHESIS,shared_audio_intelligence_v0_2;spectral_peak;owner_supplied_audio
BE-003:pitch:04516,BE-003:onset:1012,174.823039,882.823039,295.520000,74,4.520000,47.7851,C3,129.1992,0.278639,1.000000,0.940982,0.850000,0.550000,,0.448860,2352.858,5,1,0.550000,0.350000,0.030000,0.070000,0.480000,0.320000,0.000000,0.000000,NOTE_HYPOTHESIS,shared_audio_intelligence_v0_2;spectral_peak;owner_supplied_audio
BE-003:pitch:04517,BE-003:onset:1012,174.823039,882.823039,295.520000,74,4.520000,43.7407,G#2,102.2827,0.162540,1.000000,0.940982,0.850000,0.760000,,0.448860,2352.858,5,2,0.760000,0.180000,0.010000,0.050000,0.480000,0.320000,0.000000,0.000000,NOTE_HYPOTHESIS,shared_audio_intelligence_v0_2;spectral_peak;owner_supplied_audio
BE-003:pitch:04518,BE-003:onset:1012,174.823039,882.823039,295.520000,74,4.520000,56.1904,G#3,209.9487,0.998458,0.802669,0.940982,0.751334,0.520000,,0.448860,2352.858,5,3,0.250000,0.520000,0.150000,0.080000,0.000000,0.450000,0.250000,0.200000,NOTE_HYPOTHESIS,shared_audio_intelligence_v0_2;spectral_peak;owner_supplied_audio
BE-003:pitch:04519,BE-003:onset:1012,174.823039,882.823039,295.520000,74,4.520000,66.5625,G4,382.2144,0.766259,0.784377,0.940982,0.742189,0.580000,,0.448860,2352.858,5,4,0.050000,0.300000,0.580000,0.070000,0.000000,0.450000,0.250000,0.200000,NOTE_HYPOTHESIS,shared_audio_intelligence_v0_2;spectral_peak;owner_supplied_audio
BE-003:pitch:04520,BE-003:onset:1012,174.823039,882.823039,295.520000,74,4.520000,78.9245,G5,780.5786,0.162540,0.766717,0.940982,0.733358,0.840000,,0.448860,2352.858,5,5,0.010000,0.080000,0.840000,0.070000,0.000000,0.120000,0.580000,0.220000,NOTE_HYPOTHESIS,shared_audio_intelligence_v0_2;spectral_peak;owner_supplied_audio
BE-003:pitch:04521,BE-003:onset:1013,175.032018,883.032018,295.880000,74,4.880000,47.7851,C3,129.1992,0.069660,1.000000,1.000000,0.850000,0.550000,,0.445353,2190.391,6,1,0.550000,0.350000,0.030000,0.070000,0.480000,0.320000,0.000000,0.000000,NOTE_HYPOTHESIS,shared_audio_intelligence_v0_2;spectral_peak;owner_supplied_audio
BE-003:pitch:04522,BE-003:onset:1013,175.032018,883.032018,295.880000,74,4.880000,57.0562,A3,220.7153,0.162540,1.000000,1.000000,0.850000,0.520000,,0.445353,2190.391,6,2,0.250000,0.520000,0.150000,0.080000,0.000000,0.450000,0.250000,0.200000,NOTE_HYPOTHESIS,shared_audio_intelligence_v0_2;spectral_peak;owner_supplied_audio
BE-003:pitch:04523,BE-003:onset:1013,175.032018,883.032018,295.880000,74,4.880000,75.9344,E5,656.7627,0.139320,0.951349,1.000000,0.825674,0.580000,,0.445353,2190.391,6,3,0.050000,0.300000,0.580000,0.070000,0.000000,0.120000,0.580000,0.220000,NOTE_HYPOTHESIS,shared_audio_intelligence_v0_2;spectral_peak;owner_supplied_audio
BE-003:pitch:04524,BE-003:onset:1013,175.032018,883.032018,295.880000,74,4.880000,87.9344,E6,1313.5254,0.185760,0.933085,1.000000,0.816543,0.840000,,0.445353,2190.391,6,4,0.010000,0.080000,0.840000,0.070000,0.000000,0.120000,0.580000,0.220000,NOTE_HYPOTHESIS,shared_audio_intelligence_v0_2;spectral_peak;owner_supplied_audio
BE-003:pitch:04525,BE-003:onset:1013,175.032018,883.032018,295.880000,74,4.880000,43.7407,G#2,102.2827,0.789478,0.847615,1.000000,0.773807,0.760000,,0.445353,2190.391,6,5,0.760000,0.180000,0.010000,0.050000,0.480000,0.320000,0.000000,0.000000,NOTE_HYPOTHESIS,shared_audio_intelligence_v0_2;spectral_peak;owner_supplied_audio
BE-003:pitch:04526,BE-003:onset:1013,175.032018,883.032018,295.880000,74,4.880000,66.8047,G4,387.5977,0.557279,0.842848,1.000000,0.771424,0.580000,,0.445353,2190.391,6,6,0.050000,0.300000,0.580000,0.070000,0.000000,0.450000,0.250000,0.200000,NOTE_HYPOTHESIS,shared_audio_intelligence_v0_2;spectral_peak;owner_supplied_audio
BE-003:pitch:04527,BE-003:onset:1014,175.124898,883.124898,296.040000,75,1.040000,44.6287,A2,107.6660,0.232200,1.000000,0.917584,0.850000,0.760000,,0.493064,1801.338,6,1,0.760000,0.180000,0.010000,0.050000,0.480000,0.320000,0.000000,0.000000,NOTE_HYPOTHESIS,shared_audio_intelligence_v0_2;spectral_peak;owner_supplied_audio
BE-003:pitch:04528,BE-003:onset:1014,175.124898,883.124898,296.040000,75,1.040000,32.6287,A1,53.8330,0.743039,1.000000,0.917584,0.850000,0.760000,,0.493064,1801.338,6,2,0.760000,0.180000,0.010000,0.050000,0.480000,0.320000,0.000000,0.000000,NOTE_HYPOTHESIS,shared_audio_intelligence_v0_2;spectral_peak;owner_supplied_audio
BE-003:pitch:04529,BE-003:onset:1014,175.124898,883.124898,296.040000,75,1.040000,63.0613,D#4,312.2314,0.185760,1.000000,0.917584,0.850000,0.520000,,0.493064,1801.338,6,3,0.250000,0.520000,0.150000,0.080000,0.000000,0.450000,0.250000,0.200000,NOTE_HYPOTHESIS,shared_audio_intelligence_v0_2;spectral_peak;owner_supplied_audio
BE-003:pitch:04530,BE-003:onset:1014,175.124898,883.124898,296.040000,75,1.040000,74.7603,D#5,613.6963,0.092880,0.968412,0.917584,0.834206,0.580000,,0.493064,1801.338,6,4,0.050000,0.300000,0.580000,0.070000,0.000000,0.120000,0.580000,0.220000,NOTE_HYPOTHESIS,shared_audio_intelligence_v0_2;spectral_peak;owner_supplied_audio
BE-003:pitch:04531,BE-003:onset:1014,175.124898,883.124898,296.040000,75,1.040000,81.8808,A#5,925.9277,0.116100,0.934459,0.917584,0.817229,0.840000,,0.493064,1801.338,6,5,0.010000,0.080000,0.840000,0.070000,0.000000,0.120000,0.580000,0.220000,NOTE_HYPOTHESIS,shared_audio_intelligence_v0_2;spectral_peak;owner_supplied_audio
BE-003:pitch:04532,BE-003:onset:1014,175.124898,883.124898,296.040000,75,1.040000,57.0562,A3,220.7153,0.371519,0.928137,0.917584,0.814068,0.520000,,0.493064,1801.338,6,6,0.250000,0.520000,0.150000,0.080000,0.000000,0.450000,0.250000,0.200000,NOTE_HYPOTHESIS,shared_audio_intelligence_v0_2;spectral_peak;owner_supplied_audio
BE-003:pitch:04533,BE-003:onset:1015,175.310658,883.310658,296.360000,75,1.360000,66.8047,G4,387.5977,0.208980,1.000000,0.641842,0.850000,0.580000,,0.556394,2192.946,6,1,0.050000,0.300000,0.580000,0.070000,0.000000,0.450000,0.250000,0.200000,NOTE_HYPOTHESIS,shared_audio_intelligence_v0_2;spectral_peak;owner_supplied_audio
BE-003:pitch:04534,BE-003:onset:1015,175.310658,883.310658,296.360000,75,1.360000,32.6287,A1,53.8330,0.510839,1.000000,0.641842,0.850000,0.760000,,0.556394,2192.946,6,2,0.760000,0.180000,0.010000,0.050000,0.480000,0.320000,0.000000,0.000000,NOTE_HYPOTHESIS,shared_audio_intelligence_v0_2;spectral_peak;owner_supplied_audio
BE-003:pitch:04535,BE-003:onset:1015,175.310658,883.310658,296.360000,75,1.360000,45.4734,A2,113.0493,0.092880,1.000000,0.641842,0.850000,0.550000,,0.556394,2192.946,6,3,0.550000,0.350000,0.030000,0.070000,0.480000,0.320000,0.000000,0.000000,NOTE_HYPOTHESIS,shared_audio_intelligence_v0_2;spectral_peak;owner_supplied_audio
BE-003:pitch:04536,BE-003:onset:1015,175.310658,883.310658,296.360000,75,1.360000,56.1904,G#3,209.9487,0.092880,0.993467,0.641842,0.846733,0.520000,,0.556394,2192.946,6,4,0.250000,0.520000,0.150000,0.080000,0.000000,0.450000,0.250000,0.200000,NOTE_HYPOTHESIS,shared_audio_intelligence_v0_2;spectral_peak;owner_supplied_audio
BE-003:pitch:04537,BE-003:onset:1015,175.310658,883.310658,296.360000,75,1.360000,81.8808,A#5,925.9277,0.441179,0.950457,0.641842,0.825228,0.840000,,0.556394,2192.946,6,5,0.010000,0.080000,0.840000,0.070000,0.000000,0.120000,0.580000,0.220000,NOTE_HYPOTHESIS,shared_audio_intelligence_v0_2;spectral_peak;owner_supplied_audio
BE-003:pitch:04538,BE-003:onset:1015,175.310658,883.310658,296.360000,75,1.360000,69.8808,A#4,462.9639,0.580499,0.938536,0.641842,0.819268,0.580000,,0.556394,2192.946,6,6,0.050000,0.300000,0.580000,0.070000,0.000000,0.450000,0.250000,0.200000,NOTE_HYPOTHESIS,shared_audio_intelligence_v0_2;spectral_peak;owner_supplied_audio
BE-003:pitch:04539,BE-003:onset:1016,175.449977,883.449977,296.600000,75,1.600000,35.7851,C2,64.5996,0.301859,1.000000,0.903419,0.850000,0.760000,,0.510807,1992.688,6,1,0.760000,0.180000,0.010000,0.050000,0.480000,0.320000,0.000000,0.000000,NOTE_HYPOTHESIS,shared_audio_intelligence_v0_2;spectral_peak;owner_supplied_audio
BE-003:pitch:04540,BE-003:onset:1016,175.449977,883.449977,296.600000,75,1.600000,68.8438,A4,436.0474,0.232200,1.000000,0.903419,0.850000,0.580000,,0.510807,1992.688,6,2,0.050000,0.300000,0.580000,0.070000,0.000000,0.450000,0.250000,0.200000,NOTE_HYPOTHESIS,shared_audio_intelligence_v0_2;spectral_peak;owner_supplied_audio
BE-003:pitch:04541,BE-003:onset:1016,175.449977,883.449977,296.600000,75,1.600000,47.7851,C3,129.1992,0.139320,1.000000,0.903419,0.850000,0.550000,,0.510807,1992.688,6,3,0.550000,0.350000,0.030000,0.070000,0.480000,0.320000,0.000000,0.000000,NOTE_HYPOTHESIS,shared_audio_intelligence_v0_2;spectral_peak;owner_supplied_audio
BE-003:pitch:04542,BE-003:onset:1016,175.449977,883.449977,296.600000,75,1.600000,69.8808,A#4,462.9639,0.417959,0.995580,0.903419,0.847790,0.580000,,0.510807,1992.688,6,4,0.050000,0.300000,0.580000,0.070000,0.000000,0.450000,0.250000,0.200000,NOTE_HYPOTHESIS,shared_audio_intelligence_v0_2;spectral_peak;owner_supplied_audio
BE-003:pitch:04543,BE-003:onset:1016,175.449977,883.449977,296.600000,75,1.600000,87.9344,E6,1313.5254,0.232200,0.990696,0.903419,0.845348,0.840000,,0.510807,1992.688,6,5,0.010000,0.080000,0.840000,0.070000,0.000000,0.120000,0.580000,0.220000,NOTE_HYPOTHESIS,shared_audio_intelligence_v0_2;spectral_peak;owner_supplied_audio
BE-003:pitch:04544,BE-003:onset:1016,175.449977,883.449977,296.600000,75,1.600000,67.0435,G4,392.9810,0.116100,0.953766,0.903419,0.826883,0.580000,,0.510807,1992.688,6,6,0.050000,0.300000,0.580000,0.070000,0.000000,0.450000,0.250000,0.200000,NOTE_HYPOTHESIS,shared_audio_intelligence_v0_2;spectral_peak;owner_supplied_audio
BE-003:pitch:04545,BE-003:onset:1017,175.589297,883.589297,296.840000,75,1.840000,62.7603,D#4,306.8481,0.255420,1.000000,0.883756,0.850000,0.520000,,0.631548,1681.099,6,1,0.250000,0.520000,0.150000,0.080000,0.000000,0.450000,0.250000,0.200000,NOTE_HYPOTHESIS,shared_audio_intelligence_v0_2;spectral_peak;owner_supplied_audio
BE-003:pitch:04546,BE-003:onset:1017,175.589297,883.589297,296.840000,75,1.840000,35.7851,C2,64.5996,1.532517,1.000000,0.883756,0.850000,0.760000,,0.631548,1681.099,6,2,0.760000,0.180000,0.010000,0.050000,0.480000,0.320000,0.000000,0.000000,NOTE_HYPOTHESIS,shared_audio_intelligence_v0_2;spectral_peak;owner_supplied_audio
BE-003:pitch:04547,BE-003:onset:1017,175.589297,883.589297,296.840000,75,1.840000,69.8808,A#4,462.9639,0.278639,1.000000,0.883756,0.850000,0.580000,,0.631548,1681.099,6,3,0.050000,0.300000,0.580000,0.070000,0.000000,0.450000,0.250000,0.200000,NOTE_HYPOTHESIS,shared_audio_intelligence_v0_2;spectral_peak;owner_supplied_audio
BE-003:pitch:04548,BE-003:onset:1017,175.589297,883.589297,296.840000,75,1.840000,81.8808,A#5,925.9277,0.139320,1.000000,0.883756,0.850000,0.840000,,0.631548,1681.099,6,4,0.010000,0.080000,0.840000,0.070000,0.000000,0.120000,0.580000,0.220000,NOTE_HYPOTHESIS,shared_audio_intelligence_v0_2;spectral_peak;owner_supplied_audio
BE-003:pitch:04549,BE-003:onset:1017,175.589297,883.589297,296.840000,75,1.840000,68.8438,A4,436.0474,0.139320,1.000000,0.883756,0.850000,0.580000,,0.631548,1681.099,6,5,0.050000,0.300000,0.580000,0.070000,0.000000,0.450000,0.250000,0.200000,NOTE_HYPOTHESIS,shared_audio_intelligence_v0_2;spectral_peak;owner_supplied_audio
BE-003:pitch:04550,BE-003:onset:1017,175.589297,883.589297,296.840000,75,1.840000,74.7603,D#5,613.6963,0.162540,0.953705,0.883756,0.826853,0.580000,,0.631548,1681.099,6,6,0.050000,0.300000,0.580000,0.070000,0.000000,0.120000,0.580000,0.220000,NOTE_HYPOTHESIS,shared_audio_intelligence_v0_2;spectral_peak;owner_supplied_audio
BE-003:pitch:04551,BE-003:onset:1018,175.728617,883.728617,297.080000,75,2.080000,83.8751,C6,1038.9771,0.162540,1.000000,0.762479,0.850000,0.840000,,0.794865,1947.248,6,1,0.010000,0.080000,0.840000,0.070000,0.000000,0.120000,0.580000,0.220000,NOTE_HYPOTHESIS,shared_audio_intelligence_v0_2;spectral_peak;owner_supplied_audio
BE-003:pitch:04552,BE-003:onset:1018,175.728617,883.728617,297.080000,75,2.080000,71.9645,C5,522.1802,0.510839,1.000000,0.762479,0.850000,0.580000,,0.794865,1947.248,6,2,0.050000,0.300000,0.580000,0.070000,0.000000,0.120000,0.580000,0.220000,NOTE_HYPOTHESIS,shared_audio_intelligence_v0_2;spectral_peak;owner_supplied_audio
BE-003:pitch:04553,BE-003:onset:1018,175.728617,883.728617,297.080000,75,2.080000,38.4538,D2,75.3662,0.812698,1.000000,0.762479,0.850000,0.760000,,0.794865,1947.248,6,3,0.760000,0.180000,0.010000,0.050000,0.480000,0.320000,0.000000,0.000000,NOTE_HYPOTHESIS,shared_audio_intelligence_v0_2;spectral_peak;owner_supplied_audio
BE-003:pitch:04554,BE-003:onset:1018,175.728617,883.728617,297.080000,75,2.080000,90.9841,G6,1566.5405,0.162540,1.000000,0.762479,0.850000,0.840000,,0.794865,1947.248,6,4,0.010000,0.080000,0.840000,0.070000,0.000000,0.120000,0.580000,0.220000,NOTE_HYPOTHESIS,shared_audio_intelligence_v0_2;spectral_peak;owner_supplied_audio
BE-003:pitch:04555,BE-003:onset:1018,175.728617,883.728617,297.080000,75,2.080000,69.8808,A#4,462.9639,0.139320,1.000000,0.762479,0.850000,0.580000,,0.794865,1947.248,6,5,0.050000,0.300000,0.580000,0.070000,0.000000,0.450000,0.250000,0.200000,NOTE_HYPOTHESIS,shared_audio_intelligence_v0_2;spectral_peak;owner_supplied_audio
BE-003:pitch:04556,BE-003:onset:1018,175.728617,883.728617,297.080000,75,2.080000,63.0613,D#4,312.2314,0.162540,1.000000,0.762479,0.850000,0.520000,,0.794865,1947.248,6,6,0.250000,0.520000,0.150000,0.080000,0.000000,0.450000,0.250000,0.200000,NOTE_HYPOTHESIS,shared_audio_intelligence_v0_2;spectral_peak;owner_supplied_audio
BE-003:pitch:04557,BE-003:onset:1019,175.984036,883.984036,297.520000,75,2.520000,83.8751,C6,1038.9771,0.185760,1.000000,0.760195,0.850000,0.840000,,0.629684,1876.327,6,1,0.010000,0.080000,0.840000,0.070000,0.000000,0.120000,0.580000,0.220000,NOTE_HYPOTHESIS,shared_audio_intelligence_v0_2;spectral_peak;owner_supplied_audio
BE-003:pitch:04558,BE-003:onset:1019,175.984036,883.984036,297.520000,75,2.520000,37.1709,C#2,69.9829,0.905578,1.000000,0.760195,0.850000,0.760000,,0.629684,1876.327,6,2,0.760000,0.180000,0.010000,0.050000,0.480000,0.320000,0.000000,0.000000,NOTE_HYPOTHESIS,shared_audio_intelligence_v0_2;spectral_peak;owner_supplied_audio
BE-003:pitch:04559,BE-003:onset:1019,175.984036,883.984036,297.520000,75,2.520000,49.8242,D3,145.3491,0.348299,1.000000,0.760195,0.850000,0.550000,,0.629684,1876.327,6,3,0.550000,0.350000,0.030000,0.070000,0.480000,0.320000,0.000000,0.000000,NOTE_HYPOTHESIS,shared_audio_intelligence_v0_2;spectral_peak;owner_supplied_audio
BE-003:pitch:04560,BE-003:onset:1019,175.984036,883.984036,297.520000,75,2.520000,71.7851,C5,516.7969,0.325079,1.000000,0.760195,0.850000,0.580000,,0.629684,1876.327,6,4,0.050000,0.300000,0.580000,0.070000,0.000000,0.120000,0.580000,0.220000,NOTE_HYPOTHESIS,shared_audio_intelligence_v0_2;spectral_peak;owner_supplied_audio
BE-003:pitch:04561,BE-003:onset:1019,175.984036,883.984036,297.520000,75,2.520000,72.1421,C5,527.5635,0.325079,1.000000,0.760195,0.850000,0.580000,,0.629684,1876.327,6,5,0.050000,0.300000,0.580000,0.070000,0.000000,0.120000,0.580000,0.220000,NOTE_HYPOTHESIS,shared_audio_intelligence_v0_2;spectral_peak;owner_supplied_audio
BE-003:pitch:04562,BE-003:onset:1019,175.984036,883.984036,297.520000,75,2.520000,90.9245,G6,1561.1572,0.162540,0.998017,0.760195,0.849008,0.840000,,0.629684,1876.327,6,6,0.010000,0.080000,0.840000,0.070000,0.000000,0.120000,0.580000,0.220000,NOTE_HYPOTHESIS,shared_audio_intelligence_v0_2;spectral_peak;owner_supplied_audio
BE-003:pitch:04563,BE-003:onset:1020,176.030476,884.030476,297.600000,75,2.600000,83.8751,C6,1038.9771,0.116100,1.000000,1.000000,0.850000,0.840000,,0.692675,1853.805,5,1,0.010000,0.080000,0.840000,0.070000,0.000000,0.120000,0.580000,0.220000,NOTE_HYPOTHESIS,shared_audio_intelligence_v0_2;spectral_peak;owner_supplied_audio
BE-003:pitch:04564,BE-003:onset:1020,176.030476,884.030476,297.600000,75,2.600000,49.8242,D3,145.3491,0.278639,1.000000,1.000000,0.850000,0.550000,,0.692675,1853.805,5,2,0.550000,0.350000,0.030000,0.070000,0.480000,0.320000,0.000000,0.000000,NOTE_HYPOTHESIS,shared_audio_intelligence_v0_2;spectral_peak;owner_supplied_audio
BE-003:pitch:04565,BE-003:onset:1020,176.030476,884.030476,297.600000,75,2.600000,37.1709,C#2,69.9829,0.882358,1.000000,1.000000,0.850000,0.760000,,0.692675,1853.805,5,3,0.760000,0.180000,0.010000,0.050000,0.480000,0.320000,0.000000,0.000000,NOTE_HYPOTHESIS,shared_audio_intelligence_v0_2;spectral_peak;owner_supplied_audio
BE-003:pitch:04566,BE-003:onset:1020,176.030476,884.030476,297.600000,75,2.600000,71.9645,C5,522.1802,0.232200,1.000000,1.000000,0.850000,0.580000,,0.692675,1853.805,5,4,0.050000,0.300000,0.580000,0.070000,0.000000,0.120000,0.580000,0.220000,NOTE_HYPOTHESIS,shared_audio_intelligence_v0_2;spectral_peak;owner_supplied_audio
BE-003:pitch:04567,BE-003:onset:1020,176.030476,884.030476,297.600000,75,2.600000,90.9841,G6,1566.5405,0.092880,1.000000,1.000000,0.850000,0.840000,,0.692675,1853.805,5,5,0.010000,0.080000,0.840000,0.070000,0.000000,0.120000,0.580000,0.220000,NOTE_HYPOTHESIS,shared_audio_intelligence_v0_2;spectral_peak;owner_supplied_audio
BE-003:pitch:04568,BE-003:onset:1021,176.169796,884.169796,297.840000,75,2.840000,73.8242,D5,581.3965,0.232200,1.000000,0.801134,0.850000,0.580000,,0.781262,1801.331,4,1,0.050000,0.300000,0.580000,0.070000,0.000000,0.120000,0.580000,0.220000,NOTE_HYPOTHESIS,shared_audio_intelligence_v0_2;spectral_peak;owner_supplied_audio
BE-003:pitch:04569,BE-003:onset:1021,176.169796,884.169796,297.840000,75,2.840000,49.8242,D3,145.3491,0.139320,1.000000,0.801134,0.850000,0.550000,,0.781262,1801.331,4,2,0.550000,0.350000,0.030000,0.070000,0.480000,0.320000,0.000000,0.000000,NOTE_HYPOTHESIS,shared_audio_intelligence_v0_2;spectral_peak;owner_supplied_audio
BE-003:pitch:04570,BE-003:onset:1021,176.169796,884.169796,297.840000,75,2.840000,37.1709,C#2,69.9829,0.789478,1.000000,0.801134,0.850000,0.760000,,0.781262,1801.331,4,3,0.760000,0.180000,0.010000,0.050000,0.480000,0.320000,0.000000,0.000000,NOTE_HYPOTHESIS,shared_audio_intelligence_v0_2;spectral_peak;owner_supplied_audio
BE-003:pitch:04571,BE-003:onset:1021,176.169796,884.169796,297.840000,75,2.840000,71.9645,C5,522.1802,0.139320,1.000000,0.801134,0.850000,0.580000,,0.781262,1801.331,4,4,0.050000,0.300000,0.580000,0.070000,0.000000,0.120000,0.580000,0.220000,NOTE_HYPOTHESIS,shared_audio_intelligence_v0_2;spectral_peak;owner_supplied_audio
BE-003:pitch:04572,BE-003:onset:1022,176.309116,884.309116,298.080000,75,3.080000,74.9115,D#5,619.0796,0.116100,1.000000,1.000000,0.850000,0.580000,,0.776046,1835.072,6,1,0.050000,0.300000,0.580000,0.070000,0.000000,0.120000,0.580000,0.220000,NOTE_HYPOTHESIS,shared_audio_intelligence_v0_2;spectral_peak;owner_supplied_audio
BE-003:pitch:04573,BE-003:onset:1022,176.309116,884.309116,298.080000,75,3.080000,35.7851,C2,64.5996,1.532517,1.000000,1.000000,0.850000,0.760000,,0.776046,1835.072,6,2,0.760000,0.180000,0.010000,0.050000,0.480000,0.320000,0.000000,0.000000,NOTE_HYPOTHESIS,shared_audio_intelligence_v0_2;spectral_peak;owner_supplied_audio
BE-003:pitch:04574,BE-003:onset:1022,176.309116,884.309116,298.080000,75,3.080000,73.8242,D5,581.3965,0.116100,1.000000,1.000000,0.850000,0.580000,,0.776046,1835.072,6,3,0.050000,0.300000,0.580000,0.070000,0.000000,0.120000,0.580000,0.220000,NOTE_HYPOTHESIS,shared_audio_intelligence_v0_2;spectral_peak;owner_supplied_audio
BE-003:pitch:04575,BE-003:onset:1022,176.309116,884.309116,298.080000,75,3.080000,47.7851,C3,129.1992,0.185760,1.000000,1.000000,0.850000,0.550000,,0.776046,1835.072,6,4,0.550000,0.350000,0.030000,0.070000,0.480000,0.320000,0.000000,0.000000,NOTE_HYPOTHESIS,shared_audio_intelligence_v0_2;spectral_peak;owner_supplied_audio
BE-003:pitch:04576,BE-003:onset:1022,176.309116,884.309116,298.080000,75,3.080000,86.9115,D#6,1238.1592,0.116100,1.000000,1.000000,0.850000,0.840000,,0.776046,1835.072,6,5,0.010000,0.080000,0.840000,0.070000,0.000000,0.120000,0.580000,0.220000,NOTE_HYPOTHESIS,shared_audio_intelligence_v0_2;spectral_peak;owner_supplied_audio
BE-003:pitch:04577,BE-003:onset:1022,176.309116,884.309116,298.080000,75,3.080000,74.4538,D5,602.9297,0.139320,0.969121,1.000000,0.834560,0.580000,,0.776046,1835.072,6,6,0.050000,0.300000,0.580000,0.070000,0.000000,0.120000,0.580000,0.220000,NOTE_HYPOTHESIS,shared_audio_intelligence_v0_2;spectral_peak;owner_supplied_audio
BE-003:pitch:04578,BE-003:onset:1023,176.448435,884.448435,298.320000,75,3.320000,76.9003,F5,694.4458,0.255420,1.000000,1.000000,0.850000,0.840000,,0.818037,1876.581,6,1,0.010000,0.080000,0.840000,0.070000,0.000000,0.120000,0.580000,0.220000,NOTE_HYPOTHESIS,shared_audio_intelligence_v0_2;spectral_peak;owner_supplied_audio
BE-003:pitch:04579,BE-003:onset:1023,176.448435,884.448435,298.320000,75,3.320000,35.7851,C2,64.5996,1.532517,1.000000,1.000000,0.850000,0.760000,,0.818037,1876.581,6,2,0.760000,0.180000,0.010000,0.050000,0.480000,0.320000,0.000000,0.000000,NOTE_HYPOTHESIS,shared_audio_intelligence_v0_2;spectral_peak;owner_supplied_audio
BE-003:pitch:04580,BE-003:onset:1023,176.448435,884.448435,298.320000,75,3.320000,88.9003,F6,1388.8916,0.232200,1.000000,1.000000,0.850000,0.840000,,0.818037,1876.581,6,3,0.010000,0.080000,0.840000,0.070000,0.000000,0.120000,0.580000,0.220000,NOTE_HYPOTHESIS,shared_audio_intelligence_v0_2;spectral_peak;owner_supplied_audio
BE-003:pitch:04581,BE-003:onset:1023,176.448435,884.448435,298.320000,75,3.320000,71.7851,C5,516.7969,0.162540,1.000000,1.000000,0.850000,0.580000,,0.818037,1876.581,6,4,0.050000,0.300000,0.580000,0.070000,0.000000,0.120000,0.580000,0.220000,NOTE_HYPOTHESIS,shared_audio_intelligence_v0_2;spectral_peak;owner_supplied_audio
BE-003:pitch:04582,BE-003:onset:1023,176.448435,884.448435,298.320000,75,3.320000,59.7851,C4,258.3984,0.301859,0.896879,1.000000,0.798439,0.520000,,0.818037,1876.581,6,5,0.250000,0.520000,0.150000,0.080000,0.000000,0.450000,0.250000,0.200000,NOTE_HYPOTHESIS,shared_audio_intelligence_v0_2;spectral_peak;owner_supplied_audio
BE-003:pitch:04583,BE-003:onset:1023,176.448435,884.448435,298.320000,75,3.320000,47.7851,C3,129.1992,0.464399,0.841644,1.000000,0.770822,0.550000,,0.818037,1876.581,6,6,0.550000,0.350000,0.030000,0.070000,0.480000,0.320000,0.000000,0.000000,NOTE_HYPOTHESIS,shared_audio_intelligence_v0_2;spectral_peak;owner_supplied_audio
BE-003:pitch:04584,BE-003:onset:1024,176.587755,884.587755,298.560000,75,3.560000,77.9420,F#5,737.5122,0.185760,1.000000,0.721674,0.850000,0.840000,,1.000000,1638.062,3,1,0.010000,0.080000,0.840000,0.070000,0.000000,0.120000,0.580000,0.220000,NOTE_HYPOTHESIS,shared_audio_intelligence_v0_2;spectral_peak;owner_supplied_audio
BE-003:pitch:04585,BE-003:onset:1024,176.587755,884.587755,298.560000,75,3.560000,34.2788,A#1,59.2163,1.509297,1.000000,0.721674,0.850000,0.760000,,1.000000,1638.062,3,2,0.760000,0.180000,0.010000,0.050000,0.480000,0.320000,0.000000,0.000000,NOTE_HYPOTHESIS,shared_audio_intelligence_v0_2;spectral_peak;owner_supplied_audio
BE-003:pitch:04586,BE-003:onset:1024,176.587755,884.587755,298.560000,75,3.560000,76.9003,F5,694.4458,0.116100,1.000000,0.721674,0.850000,0.840000,,1.000000,1638.062,3,3,0.010000,0.080000,0.840000,0.070000,0.000000,0.120000,0.580000,0.220000,NOTE_HYPOTHESIS,shared_audio_intelligence_v0_2;spectral_peak;owner_supplied_audio
BE-003:pitch:04587,BE-003:onset:1025,176.750295,884.750295,298.840000,75,3.840000,79.9670,G#5,829.0283,0.232200,1.000000,0.963988,0.850000,0.840000,,0.877110,1755.516,3,1,0.010000,0.080000,0.840000,0.070000,0.000000,0.120000,0.580000,0.220000,NOTE_HYPOTHESIS,shared_audio_intelligence_v0_2;spectral_peak;owner_supplied_audio
BE-003:pitch:04588,BE-003:onset:1025,176.750295,884.750295,298.840000,75,3.840000,77.9420,F#5,737.5122,0.092880,1.000000,0.963988,0.850000,0.840000,,0.877110,1755.516,3,2,0.010000,0.080000,0.840000,0.070000,0.000000,0.120000,0.580000,0.220000,NOTE_HYPOTHESIS,shared_audio_intelligence_v0_2;spectral_peak;owner_supplied_audio
BE-003:pitch:04589,BE-003:onset:1025,176.750295,884.750295,298.840000,75,3.840000,34.2788,A#1,59.2163,1.393197,1.000000,0.963988,0.850000,0.760000,,0.877110,1755.516,3,3,0.760000,0.180000,0.010000,0.050000,0.480000,0.320000,0.000000,0.000000,NOTE_HYPOTHESIS,shared_audio_intelligence_v0_2;spectral_peak;owner_supplied_audio
BE-003:pitch:04590,BE-003:onset:1026,176.866395,884.866395,299.040000,75,4.040000,80.9503,A5,877.4780,0.208980,1.000000,0.869219,0.850000,0.840000,,0.929812,1856.608,4,1,0.010000,0.080000,0.840000,0.070000,0.000000,0.120000,0.580000,0.220000,NOTE_HYPOTHESIS,shared_audio_intelligence_v0_2;spectral_peak;owner_supplied_audio
BE-003:pitch:04591,BE-003:onset:1026,176.866395,884.866395,299.040000,75,4.040000,79.8542,G#5,823.6450,0.139320,1.000000,0.869219,0.850000,0.840000,,0.929812,1856.608,4,2,0.010000,0.080000,0.840000,0.070000,0.000000,0.120000,0.580000,0.220000,NOTE_HYPOTHESIS,shared_audio_intelligence_v0_2;spectral_peak;owner_supplied_audio
BE-003:pitch:04592,BE-003:onset:1026,176.866395,884.866395,299.040000,75,4.040000,44.6287,A2,107.6660,0.325079,1.000000,0.869219,0.850000,0.760000,,0.929812,1856.608,4,3,0.760000,0.180000,0.010000,0.050000,0.480000,0.320000,0.000000,0.000000,NOTE_HYPOTHESIS,shared_audio_intelligence_v0_2;spectral_peak;owner_supplied_audio
BE-003:pitch:04593,BE-003:onset:1026,176.866395,884.866395,299.040000,75,4.040000,34.2788,A#1,59.2163,1.300317,1.000000,0.869219,0.850000,0.760000,,0.929812,1856.608,4,4,0.760000,0.180000,0.010000,0.050000,0.480000,0.320000,0.000000,0.000000,NOTE_HYPOTHESIS,shared_audio_intelligence_v0_2;spectral_peak;owner_supplied_audio
BE-003:pitch:04594,BE-003:onset:1027,177.052154,885.052154,299.360000,75,4.360000,32.6287,A1,53.8330,1.044898,1.000000,0.730717,0.850000,0.760000,,0.460617,2493.645,5,1,0.760000,0.180000,0.010000,0.050000,0.480000,0.320000,0.000000,0.000000,NOTE_HYPOTHESIS,shared_audio_intelligence_v0_2;spectral_peak;owner_supplied_audio
BE-003:pitch:04595,BE-003:onset:1027,177.052154,885.052154,299.360000,75,4.360000,80.9503,A5,877.4780,0.069660,1.000000,0.730717,0.850000,0.840000,,0.460617,2493.645,5,2,0.010000,0.080000,0.840000,0.070000,0.000000,0.120000,0.580000,0.220000,NOTE_HYPOTHESIS,shared_audio_intelligence_v0_2;spectral_peak;owner_supplied_audio
BE-003:pitch:04596,BE-003:onset:1027,177.052154,885.052154,299.360000,75,4.360000,45.4734,A2,113.0493,0.116100,1.000000,0.730717,0.850000,0.550000,,0.460617,2493.645,5,3,0.550000,0.350000,0.030000,0.070000,0.480000,0.320000,0.000000,0.000000,NOTE_HYPOTHESIS,shared_audio_intelligence_v0_2;spectral_peak;owner_supplied_audio
BE-003:pitch:04597,BE-003:onset:1027,177.052154,885.052154,299.360000,75,4.360000,56.1904,G#3,209.9487,0.116100,0.922854,0.730717,0.811427,0.520000,,0.460617,2493.645,5,4,0.250000,0.520000,0.150000,0.080000,0.000000,0.450000,0.250000,0.200000,NOTE_HYPOTHESIS,shared_audio_intelligence_v0_2;spectral_peak;owner_supplied_audio
BE-003:pitch:04598,BE-003:onset:1027,177.052154,885.052154,299.360000,75,4.360000,52.7656,F3,172.2656,0.116100,0.801771,0.730717,0.750885,0.550000,,0.460617,2493.645,5,5,0.550000,0.350000,0.030000,0.070000,0.480000,0.320000,0.000000,0.000000,NOTE_HYPOTHESIS,shared_audio_intelligence_v0_2;spectral_peak;owner_supplied_audio
BE-003:pitch:04599,BE-003:onset:1028,177.307574,885.307574,299.800000,75,4.800000,34.2788,A#1,59.2163,1.068118,0.998290,0.777991,0.849145,0.760000,,0.668032,1419.569,6,1,0.760000,0.180000,0.010000,0.050000,0.480000,0.320000,0.000000,0.000000,NOTE_HYPOTHESIS,shared_audio_intelligence_v0_2;spectral_peak;owner_supplied_audio
BE-003:pitch:04600,BE-003:onset:1028,177.307574,885.307574,299.800000,75,4.800000,63.9344,E4,328.3813,0.116100,0.985752,0.777991,0.842876,0.520000,,0.668032,1419.569,6,2,0.250000,0.520000,0.150000,0.080000,0.000000,0.450000,0.250000,0.200000,NOTE_HYPOTHESIS,shared_audio_intelligence_v0_2;spectral_peak;owner_supplied_audio
BE-003:pitch:04601,BE-003:onset:1028,177.307574,885.307574,299.800000,75,4.800000,57.8808,A#3,231.4819,0.139320,0.919730,0.777991,0.809865,0.520000,,0.668032,1419.569,6,3,0.250000,0.520000,0.150000,0.080000,0.000000,0.450000,0.250000,0.200000,NOTE_HYPOTHESIS,shared_audio_intelligence_v0_2;spectral_peak;owner_supplied_audio
BE-003:pitch:04602,BE-003:onset:1028,177.307574,885.307574,299.800000,75,4.800000,41.8151,F#2,91.5161,1.532517,0.861498,0.777991,0.780749,0.760000,,0.668032,1419.569,6,4,0.760000,0.180000,0.010000,0.050000,0.480000,0.320000,0.000000,0.000000,NOTE_HYPOTHESIS,shared_audio_intelligence_v0_2;spectral_peak;owner_supplied_audio
BE-003:pitch:04603,BE-003:onset:1028,177.307574,885.307574,299.800000,75,4.800000,85.7439,D6,1157.4097,0.116100,0.842519,0.777991,0.771260,0.840000,,0.668032,1419.569,6,5,0.010000,0.080000,0.840000,0.070000,0.000000,0.120000,0.580000,0.220000,NOTE_HYPOTHESIS,shared_audio_intelligence_v0_2;spectral_peak;owner_supplied_audio
BE-003:pitch:04604,BE-003:onset:1028,177.307574,885.307574,299.800000,75,4.800000,85.5821,D6,1146.6431,0.139320,0.830394,0.777991,0.765197,0.840000,,0.668032,1419.569,6,6,0.010000,0.080000,0.840000,0.070000,0.000000,0.120000,0.580000,0.220000,NOTE_HYPOTHESIS,shared_audio_intelligence_v0_2;spectral_peak;owner_supplied_audio
BE-003:pitch:04605,BE-003:onset:1029,177.632653,885.632653,300.360000,76,1.360000,34.2788,A#1,59.2163,0.464399,1.000000,0.853192,0.850000,0.760000,,0.447264,2416.111,6,1,0.760000,0.180000,0.010000,0.050000,0.480000,0.320000,0.000000,0.000000,NOTE_HYPOTHESIS,shared_audio_intelligence_v0_2;spectral_peak;owner_supplied_audio
BE-003:pitch:04606,BE-003:onset:1029,177.632653,885.632653,300.360000,76,1.360000,83.8751,C6,1038.9771,0.139320,1.000000,0.853192,0.850000,0.840000,,0.447264,2416.111,6,2,0.010000,0.080000,0.840000,0.070000,0.000000,0.120000,0.580000,0.220000,NOTE_HYPOTHESIS,shared_audio_intelligence_v0_2;spectral_peak;owner_supplied_audio
BE-003:pitch:04607,BE-003:onset:1029,177.632653,885.632653,300.360000,76,1.360000,71.9645,C5,522.1802,0.580499,1.000000,0.853192,0.850000,0.580000,,0.447264,2416.111,6,3,0.050000,0.300000,0.580000,0.070000,0.000000,0.120000,0.580000,0.220000,NOTE_HYPOTHESIS,shared_audio_intelligence_v0_2;spectral_peak;owner_supplied_audio
BE-003:pitch:04608,BE-003:onset:1029,177.632653,885.632653,300.360000,76,1.360000,65.8151,F#4,366.0645,0.116100,1.000000,0.853192,0.850000,0.580000,,0.447264,2416.111,6,4,0.050000,0.300000,0.580000,0.070000,0.000000,0.450000,0.250000,0.200000,NOTE_HYPOTHESIS,shared_audio_intelligence_v0_2;spectral_peak;owner_supplied_audio
BE-003:pitch:04609,BE-003:onset:1029,177.632653,885.632653,300.360000,76,1.360000,45.4734,A2,113.0493,0.487619,0.938825,0.853192,0.819412,0.550000,,0.447264,2416.111,6,5,0.550000,0.350000,0.030000,0.070000,0.480000,0.320000,0.000000,0.000000,NOTE_HYPOTHESIS,shared_audio_intelligence_v0_2;spectral_peak;owner_supplied_audio
BE-003:pitch:04610,BE-003:onset:1029,177.632653,885.632653,300.360000,76,1.360000,68.8438,A4,436.0474,0.116100,0.904030,0.853192,0.802015,0.580000,,0.447264,2416.111,6,6,0.050000,0.300000,0.580000,0.070000,0.000000,0.450000,0.250000,0.200000,NOTE_HYPOTHESIS,shared_audio_intelligence_v0_2;spectral_peak;owner_supplied_audio
BE-003:pitch:04611,BE-003:onset:1030,177.748753,885.748753,300.560000,76,1.560000,44.6287,A2,107.6660,0.348299,1.000000,0.775162,0.850000,0.760000,,0.505425,1865.193,6,1,0.760000,0.180000,0.010000,0.050000,0.480000,0.320000,0.000000,0.000000,NOTE_HYPOTHESIS,shared_audio_intelligence_v0_2;spectral_peak;owner_supplied_audio
BE-003:pitch:04612,BE-003:onset:1030,177.748753,885.748753,300.560000,76,1.560000,34.2788,A#1,59.2163,0.417959,1.000000,0.775162,0.850000,0.760000,,0.505425,1865.193,6,2,0.760000,0.180000,0.010000,0.050000,0.480000,0.320000,0.000000,0.000000,NOTE_HYPOTHESIS,shared_audio_intelligence_v0_2;spectral_peak;owner_supplied_audio
BE-003:pitch:04613,BE-003:onset:1030,177.748753,885.748753,300.560000,76,1.560000,71.9645,C5,522.1802,0.464399,1.000000,0.775162,0.850000,0.580000,,0.505425,1865.193,6,3,0.050000,0.300000,0.580000,0.070000,0.000000,0.120000,0.580000,0.220000,NOTE_HYPOTHESIS,shared_audio_intelligence_v0_2;spectral_peak;owner_supplied_audio
BE-003:pitch:04614,BE-003:onset:1030,177.748753,885.748753,300.560000,76,1.560000,69.8808,A#4,462.9639,0.255420,1.000000,0.775162,0.850000,0.580000,,0.505425,1865.193,6,4,0.050000,0.300000,0.580000,0.070000,0.000000,0.450000,0.250000,0.200000,NOTE_HYPOTHESIS,shared_audio_intelligence_v0_2;spectral_peak;owner_supplied_audio
BE-003:pitch:04615,BE-003:onset:1030,177.748753,885.748753,300.560000,76,1.560000,81.8808,A#5,925.9277,0.139320,1.000000,0.775162,0.850000,0.840000,,0.505425,1865.193,6,5,0.010000,0.080000,0.840000,0.070000,0.000000,0.120000,0.580000,0.220000,NOTE_HYPOTHESIS,shared_audio_intelligence_v0_2;spectral_peak;owner_supplied_audio
BE-003:pitch:04616,BE-003:onset:1030,177.748753,885.748753,300.560000,76,1.560000,83.9645,C6,1044.3604,0.417959,0.965136,0.775162,0.832568,0.840000,,0.505425,1865.193,6,6,0.010000,0.080000,0.840000,0.070000,0.000000,0.120000,0.580000,0.220000,NOTE_HYPOTHESIS,shared_audio_intelligence_v0_2;spectral_peak;owner_supplied_audio
BE-003:pitch:04617,BE-003:onset:1031,177.888073,885.888073,300.800000,76,1.800000,83.8751,C6,1038.9771,0.185760,1.000000,0.737831,0.850000,0.840000,,0.724918,1757.839,5,1,0.010000,0.080000,0.840000,0.070000,0.000000,0.120000,0.580000,0.220000,NOTE_HYPOTHESIS,shared_audio_intelligence_v0_2;spectral_peak;owner_supplied_audio
BE-003:pitch:04618,BE-003:onset:1031,177.888073,885.888073,300.800000,76,1.800000,45.4734,A2,113.0493,0.139320,1.000000,0.737831,0.850000,0.550000,,0.724918,1757.839,5,2,0.550000,0.350000,0.030000,0.070000,0.480000,0.320000,0.000000,0.000000,NOTE_HYPOTHESIS,shared_audio_intelligence_v0_2;spectral_peak;owner_supplied_audio
BE-003:pitch:04619,BE-003:onset:1031,177.888073,885.888073,300.800000,76,1.800000,32.6287,A1,53.8330,0.208980,1.000000,0.737831,0.850000,0.760000,,0.724918,1757.839,5,3,0.760000,0.180000,0.010000,0.050000,0.480000,0.320000,0.000000,0.000000,NOTE_HYPOTHESIS,shared_audio_intelligence_v0_2;spectral_peak;owner_supplied_audio
BE-003:pitch:04620,BE-003:onset:1031,177.888073,885.888073,300.800000,76,1.800000,71.9645,C5,522.1802,0.278639,1.000000,0.737831,0.850000,0.580000,,0.724918,1757.839,5,4,0.050000,0.300000,0.580000,0.070000,0.000000,0.120000,0.580000,0.220000,NOTE_HYPOTHESIS,shared_audio_intelligence_v0_2;spectral_peak;owner_supplied_audio
BE-003:pitch:04621,BE-003:onset:1031,177.888073,885.888073,300.800000,76,1.800000,90.9841,G6,1566.5405,0.185760,1.000000,0.737831,0.850000,0.840000,,0.724918,1757.839,5,5,0.010000,0.080000,0.840000,0.070000,0.000000,0.120000,0.580000,0.220000,NOTE_HYPOTHESIS,shared_audio_intelligence_v0_2;spectral_peak;owner_supplied_audio
BE-003:pitch:04622,BE-003:onset:1032,178.004172,886.004172,301.000000,76,2.000000,83.9645,C6,1044.3604,0.092880,1.000000,0.729738,0.850000,0.840000,,0.663720,2294.965,5,1,0.010000,0.080000,0.840000,0.070000,0.000000,0.120000,0.580000,0.220000,NOTE_HYPOTHESIS,shared_audio_intelligence_v0_2;spectral_peak;owner_supplied_audio
BE-003:pitch:04623,BE-003:onset:1032,178.004172,886.004172,301.000000,76,2.000000,71.9645,C5,522.1802,0.162540,1.000000,0.729738,0.850000,0.580000,,0.663720,2294.965,5,2,0.050000,0.300000,0.580000,0.070000,0.000000,0.120000,0.580000,0.220000,NOTE_HYPOTHESIS,shared_audio_intelligence_v0_2;spectral_peak;owner_supplied_audio
BE-003:pitch:04624,BE-003:onset:1032,178.004172,886.004172,301.000000,76,2.000000,35.7851,C2,64.5996,0.348299,1.000000,0.729738,0.850000,0.760000,,0.663720,2294.965,5,3,0.760000,0.180000,0.010000,0.050000,0.480000,0.320000,0.000000,0.000000,NOTE_HYPOTHESIS,shared_audio_intelligence_v0_2;spectral_peak;owner_supplied_audio
BE-003:pitch:04625,BE-003:onset:1032,178.004172,886.004172,301.000000,76,2.000000,43.7407,G#2,102.2827,0.139320,1.000000,0.729738,0.850000,0.760000,,0.663720,2294.965,5,4,0.760000,0.180000,0.010000,0.050000,0.480000,0.320000,0.000000,0.000000,NOTE_HYPOTHESIS,shared_audio_intelligence_v0_2;spectral_peak;owner_supplied_audio
BE-003:pitch:04626,BE-003:onset:1032,178.004172,886.004172,301.000000,76,2.000000,49.8242,D3,145.3491,0.325079,0.891462,0.729738,0.795731,0.550000,,0.663720,2294.965,5,5,0.550000,0.350000,0.030000,0.070000,0.480000,0.320000,0.000000,0.000000,NOTE_HYPOTHESIS,shared_audio_intelligence_v0_2;spectral_peak;owner_supplied_audio
BE-003:pitch:04627,BE-003:onset:1033,178.189932,886.189932,301.333333,76,2.333333,73.8242,D5,581.3965,0.255420,1.000000,0.674742,0.850000,0.580000,,0.613753,2031.351,6,1,0.050000,0.300000,0.580000,0.070000,0.000000,0.120000,0.580000,0.220000,NOTE_HYPOTHESIS,shared_audio_intelligence_v0_2;spectral_peak;owner_supplied_audio
BE-003:pitch:04628,BE-003:onset:1033,178.189932,886.189932,301.333333,76,2.333333,37.1709,C#2,69.9829,0.185760,1.000000,0.674742,0.850000,0.760000,,0.613753,2031.351,6,2,0.760000,0.180000,0.010000,0.050000,0.480000,0.320000,0.000000,0.000000,NOTE_HYPOTHESIS,shared_audio_intelligence_v0_2;spectral_peak;owner_supplied_audio
BE-003:pitch:04629,BE-003:onset:1033,178.189932,886.189932,301.333333,76,2.333333,61.8242,D4,290.6982,0.255420,0.975140,0.674742,0.837570,0.520000,,0.613753,2031.351,6,3,0.250000,0.520000,0.150000,0.080000,0.000000,0.450000,0.250000,0.200000,NOTE_HYPOTHESIS,shared_audio_intelligence_v0_2;spectral_peak;owner_supplied_audio
BE-003:pitch:04630,BE-003:onset:1033,178.189932,886.189932,301.333333,76,2.333333,57.4734,A3,226.0986,0.208980,0.961300,0.674742,0.830650,0.520000,,0.613753,2031.351,6,4,0.250000,0.520000,0.150000,0.080000,0.000000,0.450000,0.250000,0.200000,NOTE_HYPOTHESIS,shared_audio_intelligence_v0_2;spectral_peak;owner_supplied_audio
BE-003:pitch:04631,BE-003:onset:1033,178.189932,886.189932,301.333333,76,2.333333,49.8242,D3,145.3491,0.116100,0.903038,0.674742,0.801519,0.550000,,0.613753,2031.351,6,5,0.550000,0.350000,0.030000,0.070000,0.480000,0.320000,0.000000,0.000000,NOTE_HYPOTHESIS,shared_audio_intelligence_v0_2;spectral_peak;owner_supplied_audio
BE-003:pitch:04632,BE-003:onset:1033,178.189932,886.189932,301.333333,76,2.333333,56.1904,G#3,209.9487,0.766259,0.888432,0.674742,0.794216,0.520000,,0.613753,2031.351,6,6,0.250000,0.520000,0.150000,0.080000,0.000000,0.450000,0.250000,0.200000,NOTE_HYPOTHESIS,shared_audio_intelligence_v0_2;spectral_peak;owner_supplied_audio
BE-003:pitch:04633,BE-003:onset:1034,178.329252,886.329252,301.583333,76,2.583333,42.8047,G2,96.8994,0.325079,1.000000,0.775363,0.850000,0.760000,,0.883278,1778.061,3,1,0.760000,0.180000,0.010000,0.050000,0.480000,0.320000,0.000000,0.000000,NOTE_HYPOTHESIS,shared_audio_intelligence_v0_2;spectral_peak;owner_supplied_audio
BE-003:pitch:04634,BE-003:onset:1034,178.329252,886.329252,301.583333,76,2.583333,80.9503,A5,877.4780,0.116100,1.000000,0.775363,0.850000,0.840000,,0.883278,1778.061,3,2,0.010000,0.080000,0.840000,0.070000,0.000000,0.120000,0.580000,0.220000,NOTE_HYPOTHESIS,shared_audio_intelligence_v0_2;spectral_peak;owner_supplied_audio
BE-003:pitch:04635,BE-003:onset:1034,178.329252,886.329252,301.583333,76,2.583333,73.8242,D5,581.3965,0.116100,1.000000,0.775363,0.850000,0.580000,,0.883278,1778.061,3,3,0.050000,0.300000,0.580000,0.070000,0.000000,0.120000,0.580000,0.220000,NOTE_HYPOTHESIS,shared_audio_intelligence_v0_2;spectral_peak;owner_supplied_audio
BE-003:pitch:04636,BE-003:onset:1035,178.491791,886.491791,301.875000,76,2.875000,78.9245,G5,780.5786,0.162540,1.000000,1.000000,0.850000,0.840000,,0.949783,2000.763,2,1,0.010000,0.080000,0.840000,0.070000,0.000000,0.120000,0.580000,0.220000,NOTE_HYPOTHESIS,shared_audio_intelligence_v0_2;spectral_peak;owner_supplied_audio
BE-003:pitch:04637,BE-003:onset:1035,178.491791,886.491791,301.875000,76,2.875000,42.8047,G2,96.8994,0.255420,1.000000,1.000000,0.850000,0.760000,,0.949783,2000.763,2,2,0.760000,0.180000,0.010000,0.050000,0.480000,0.320000,0.000000,0.000000,NOTE_HYPOTHESIS,shared_audio_intelligence_v0_2;spectral_peak;owner_supplied_audio
BE-003:pitch:04638,BE-003:onset:1036,178.584671,886.584671,302.045455,76,3.045455,78.9245,G5,780.5786,0.116100,1.000000,1.000000,0.850000,0.840000,,0.836497,2409.787,5,1,0.010000,0.080000,0.840000,0.070000,0.000000,0.120000,0.580000,0.220000,NOTE_HYPOTHESIS,shared_audio_intelligence_v0_2;spectral_peak;owner_supplied_audio
BE-003:pitch:04639,BE-003:onset:1036,178.584671,886.584671,302.045455,76,3.045455,44.6287,A2,107.6660,1.137778,1.000000,1.000000,0.850000,0.760000,,0.836497,2409.787,5,2,0.760000,0.180000,0.010000,0.050000,0.480000,0.320000,0.000000,0.000000,NOTE_HYPOTHESIS,shared_audio_intelligence_v0_2;spectral_peak;owner_supplied_audio
BE-003:pitch:04640,BE-003:onset:1036,178.584671,886.584671,302.045455,76,3.045455,73.9838,D5,586.7798,0.371519,1.000000,1.000000,0.850000,0.580000,,0.836497,2409.787,5,3,0.050000,0.300000,0.580000,0.070000,0.000000,0.120000,0.580000,0.220000,NOTE_HYPOTHESIS,shared_audio_intelligence_v0_2;spectral_peak;owner_supplied_audio
BE-003:pitch:04641,BE-003:onset:1036,178.584671,886.584671,302.045455,76,3.045455,57.0562,A3,220.7153,0.812698,0.938333,1.000000,0.819166,0.520000,,0.836497,2409.787,5,4,0.250000,0.520000,0.150000,0.080000,0.000000,0.450000,0.250000,0.200000,NOTE_HYPOTHESIS,shared_audio_intelligence_v0_2;spectral_peak;owner_supplied_audio
BE-003:pitch:04642,BE-003:onset:1036,178.584671,886.584671,302.045455,76,3.045455,55.7407,G#3,204.5654,0.348299,0.918332,1.000000,0.809166,0.520000,,0.836497,2409.787,5,5,0.250000,0.520000,0.150000,0.080000,0.000000,0.450000,0.250000,0.200000,NOTE_HYPOTHESIS,shared_audio_intelligence_v0_2;spectral_peak;owner_supplied_audio
BE-003:pitch:04643,BE-003:onset:1037,178.909751,886.909751,302.681818,76,3.681818,76.9003,F5,694.4458,0.162540,1.000000,1.000000,0.850000,0.840000,,0.744112,1719.546,6,1,0.010000,0.080000,0.840000,0.070000,0.000000,0.120000,0.580000,0.220000,NOTE_HYPOTHESIS,shared_audio_intelligence_v0_2;spectral_peak;owner_supplied_audio
BE-003:pitch:04644,BE-003:onset:1037,178.909751,886.909751,302.681818,76,3.681818,45.4734,A2,113.0493,0.603719,1.000000,1.000000,0.850000,0.550000,,0.744112,1719.546,6,2,0.550000,0.350000,0.030000,0.070000,0.480000,0.320000,0.000000,0.000000,NOTE_HYPOTHESIS,shared_audio_intelligence_v0_2;spectral_peak;owner_supplied_audio
BE-003:pitch:04645,BE-003:onset:1037,178.909751,886.909751,302.681818,76,3.681818,88.9673,F6,1394.2749,0.139320,1.000000,1.000000,0.850000,0.840000,,0.744112,1719.546,6,3,0.010000,0.080000,0.840000,0.070000,0.000000,0.120000,0.580000,0.220000,NOTE_HYPOTHESIS,shared_audio_intelligence_v0_2;spectral_peak;owner_supplied_audio
BE-003:pitch:04646,BE-003:onset:1037,178.909751,886.909751,302.681818,76,3.681818,43.7407,G#2,102.2827,0.092880,1.000000,1.000000,0.850000,0.760000,,0.744112,1719.546,6,4,0.760000,0.180000,0.010000,0.050000,0.480000,0.320000,0.000000,0.000000,NOTE_HYPOTHESIS,shared_audio_intelligence_v0_2;spectral_peak;owner_supplied_audio
BE-003:pitch:04647,BE-003:onset:1037,178.909751,886.909751,302.681818,76,3.681818,66.8047,G4,387.5977,0.139320,0.959715,1.000000,0.829857,0.580000,,0.744112,1719.546,6,5,0.050000,0.300000,0.580000,0.070000,0.000000,0.450000,0.250000,0.200000,NOTE_HYPOTHESIS,shared_audio_intelligence_v0_2;spectral_peak;owner_supplied_audio
BE-003:pitch:04648,BE-003:onset:1037,178.909751,886.909751,302.681818,76,3.681818,61.8242,D4,290.6982,0.092880,0.951287,1.000000,0.825643,0.520000,,0.744112,1719.546,6,6,0.250000,0.520000,0.150000,0.080000,0.000000,0.450000,0.250000,0.200000,NOTE_HYPOTHESIS,shared_audio_intelligence_v0_2;spectral_peak;owner_supplied_audio
BE-003:pitch:04649,BE-003:onset:1038,179.072290,887.072290,303.000000,76,4.000000,45.4734,A2,113.0493,0.441179,1.000000,0.807527,0.850000,0.550000,,0.596268,1931.380,6,1,0.550000,0.350000,0.030000,0.070000,0.480000,0.320000,0.000000,0.000000,NOTE_HYPOTHESIS,shared_audio_intelligence_v0_2;spectral_peak;owner_supplied_audio
BE-003:pitch:04650,BE-003:onset:1038,179.072290,887.072290,303.000000,76,4.000000,87.9344,E6,1313.5254,0.185760,1.000000,0.807527,0.850000,0.840000,,0.596268,1931.380,6,2,0.010000,0.080000,0.840000,0.070000,0.000000,0.120000,0.580000,0.220000,NOTE_HYPOTHESIS,shared_audio_intelligence_v0_2;spectral_peak;owner_supplied_audio
BE-003:pitch:04651,BE-003:onset:1038,179.072290,887.072290,303.000000,76,4.000000,56.1904,G#3,209.9487,0.232200,1.000000,0.807527,0.850000,0.520000,,0.596268,1931.380,6,3,0.250000,0.520000,0.150000,0.080000,0.000000,0.450000,0.250000,0.200000,NOTE_HYPOTHESIS,shared_audio_intelligence_v0_2;spectral_peak;owner_supplied_audio
BE-003:pitch:04652,BE-003:onset:1038,179.072290,887.072290,303.000000,76,4.000000,75.9344,E5,656.7627,0.162540,0.929655,0.807527,0.814828,0.580000,,0.596268,1931.380,6,4,0.050000,0.300000,0.580000,0.070000,0.000000,0.120000,0.580000,0.220000,NOTE_HYPOTHESIS,shared_audio_intelligence_v0_2;spectral_peak;owner_supplied_audio
BE-003:pitch:04653,BE-003:onset:1038,179.072290,887.072290,303.000000,76,4.000000,76.9003,F5,694.4458,0.092880,0.871859,0.807527,0.785929,0.840000,,0.596268,1931.380,6,5,0.010000,0.080000,0.840000,0.070000,0.000000,0.120000,0.580000,0.220000,NOTE_HYPOTHESIS,shared_audio_intelligence_v0_2;spectral_peak;owner_supplied_audio
BE-003:pitch:04654,BE-003:onset:1038,179.072290,887.072290,303.000000,76,4.000000,54.3170,F#3,188.4155,0.185760,0.852843,0.807527,0.776421,0.550000,,0.596268,1931.380,6,6,0.550000,0.350000,0.030000,0.070000,0.480000,0.320000,0.000000,0.000000,NOTE_HYPOTHESIS,shared_audio_intelligence_v0_2;spectral_peak;owner_supplied_audio
BE-003:pitch:04655,BE-003:onset:1039,179.188390,887.188390,303.200000,76,4.200000,44.6287,A2,107.6660,0.510839,1.000000,0.641086,0.850000,0.760000,,0.688265,1805.956,4,1,0.760000,0.180000,0.010000,0.050000,0.480000,0.320000,0.000000,0.000000,NOTE_HYPOTHESIS,shared_audio_intelligence_v0_2;spectral_peak;owner_supplied_audio
BE-003:pitch:04656,BE-003:onset:1039,179.188390,887.188390,303.200000,76,4.200000,74.9115,D#5,619.0796,0.185760,1.000000,0.641086,0.850000,0.580000,,0.688265,1805.956,4,2,0.050000,0.300000,0.580000,0.070000,0.000000,0.120000,0.580000,0.220000,NOTE_HYPOTHESIS,shared_audio_intelligence_v0_2;spectral_peak;owner_supplied_audio
BE-003:pitch:04657,BE-003:onset:1039,179.188390,887.188390,303.200000,76,4.200000,87.9344,E6,1313.5254,0.092880,0.965841,0.641086,0.832920,0.840000,,0.688265,1805.956,4,3,0.010000,0.080000,0.840000,0.070000,0.000000,0.120000,0.580000,0.220000,NOTE_HYPOTHESIS,shared_audio_intelligence_v0_2;spectral_peak;owner_supplied_audio
BE-003:pitch:04658,BE-003:onset:1039,179.188390,887.188390,303.200000,76,4.200000,56.1904,G#3,209.9487,0.232200,0.941814,0.641086,0.820907,0.520000,,0.688265,1805.956,4,4,0.250000,0.520000,0.150000,0.080000,0.000000,0.450000,0.250000,0.200000,NOTE_HYPOTHESIS,shared_audio_intelligence_v0_2;spectral_peak;owner_supplied_audio
BE-003:pitch:04659,BE-003:onset:1040,179.350930,887.350930,303.480000,76,4.480000,84.9193,C#6,1103.5767,0.139320,1.000000,0.829205,0.850000,0.840000,,0.546100,2556.936,6,1,0.010000,0.080000,0.840000,0.070000,0.000000,0.120000,0.580000,0.220000,NOTE_HYPOTHESIS,shared_audio_intelligence_v0_2;spectral_peak;owner_supplied_audio
BE-003:pitch:04660,BE-003:onset:1040,179.350930,887.350930,303.480000,76,4.480000,44.6287,A2,107.6660,0.394739,1.000000,0.829205,0.850000,0.760000,,0.546100,2556.936,6,2,0.760000,0.180000,0.010000,0.050000,0.480000,0.320000,0.000000,0.000000,NOTE_HYPOTHESIS,shared_audio_intelligence_v0_2;spectral_peak;owner_supplied_audio
BE-003:pitch:04661,BE-003:onset:1040,179.350930,887.350930,303.480000,76,4.480000,73.0036,C#5,554.4800,0.441179,1.000000,0.829205,0.850000,0.580000,,0.546100,2556.936,6,3,0.050000,0.300000,0.580000,0.070000,0.000000,0.120000,0.580000,0.220000,NOTE_HYPOTHESIS,shared_audio_intelligence_v0_2;spectral_peak;owner_supplied_audio
BE-003:pitch:04662,BE-003:onset:1040,179.350930,887.350930,303.480000,76,4.480000,42.8047,G2,96.8994,0.812698,1.000000,0.829205,0.850000,0.760000,,0.546100,2556.936,6,4,0.760000,0.180000,0.010000,0.050000,0.480000,0.320000,0.000000,0.000000,NOTE_HYPOTHESIS,shared_audio_intelligence_v0_2;spectral_peak;owner_supplied_audio
BE-003:pitch:04663,BE-003:onset:1040,179.350930,887.350930,303.480000,76,4.480000,47.0483,B2,123.8159,0.208980,0.899016,0.829205,0.799508,0.550000,,0.546100,2556.936,6,5,0.550000,0.350000,0.030000,0.070000,0.480000,0.320000,0.000000,0.000000,NOTE_HYPOTHESIS,shared_audio_intelligence_v0_2;spectral_peak;owner_supplied_audio
BE-003:pitch:04664,BE-003:onset:1040,179.350930,887.350930,303.480000,76,4.480000,74.9115,D#5,619.0796,0.069660,0.883313,0.829205,0.791656,0.580000,,0.546100,2556.936,6,6,0.050000,0.300000,0.580000,0.070000,0.000000,0.120000,0.580000,0.220000,NOTE_HYPOTHESIS,shared_audio_intelligence_v0_2;spectral_peak;owner_supplied_audio
BE-003:pitch:04665,BE-003:onset:1041,179.513469,887.513469,303.760000,76,4.760000,42.8047,G2,96.8994,0.278639,1.000000,0.703614,0.850000,0.760000,,0.651388,2180.911,5,1,0.760000,0.180000,0.010000,0.050000,0.480000,0.320000,0.000000,0.000000,NOTE_HYPOTHESIS,shared_audio_intelligence_v0_2;spectral_peak;owner_supplied_audio
BE-003:pitch:04666,BE-003:onset:1041,179.513469,887.513469,303.760000,76,4.760000,83.8751,C6,1038.9771,0.116100,1.000000,0.703614,0.850000,0.840000,,0.651388,2180.911,5,2,0.010000,0.080000,0.840000,0.070000,0.000000,0.120000,0.580000,0.220000,NOTE_HYPOTHESIS,shared_audio_intelligence_v0_2;spectral_peak;owner_supplied_audio
BE-003:pitch:04667,BE-003:onset:1041,179.513469,887.513469,303.760000,76,4.760000,54.8047,G3,193.7988,0.232200,1.000000,0.703614,0.850000,0.550000,,0.651388,2180.911,5,3,0.550000,0.350000,0.030000,0.070000,0.480000,0.320000,0.000000,0.000000,NOTE_HYPOTHESIS,shared_audio_intelligence_v0_2;spectral_peak;owner_supplied_audio
BE-003:pitch:04668,BE-003:onset:1041,179.513469,887.513469,303.760000,76,4.760000,72.8347,C#5,549.0967,0.278639,1.000000,0.703614,0.850000,0.580000,,0.651388,2180.911,5,4,0.050000,0.300000,0.580000,0.070000,0.000000,0.120000,0.580000,0.220000,NOTE_HYPOTHESIS,shared_audio_intelligence_v0_2;spectral_peak;owner_supplied_audio
BE-003:pitch:04669,BE-003:onset:1041,179.513469,887.513469,303.760000,76,4.760000,71.9645,C5,522.1802,0.162540,1.000000,0.703614,0.850000,0.580000,,0.651388,2180.911,5,5,0.050000,0.300000,0.580000,0.070000,0.000000,0.120000,0.580000,0.220000,NOTE_HYPOTHESIS,shared_audio_intelligence_v0_2;spectral_peak;owner_supplied_audio
BE-003:pitch:04670,BE-003:onset:1042,179.676009,887.676009,304.038462,77,1.038462,42.8047,G2,96.8994,0.208980,1.000000,0.959928,0.850000,0.760000,,0.560840,1920.374,6,1,0.760000,0.180000,0.010000,0.050000,0.480000,0.320000,0.000000,0.000000,NOTE_HYPOTHESIS,shared_audio_intelligence_v0_2;spectral_peak;owner_supplied_audio
BE-003:pitch:04671,BE-003:onset:1042,179.676009,887.676009,304.038462,77,1.038462,72.8347,C#5,549.0967,0.116100,1.000000,0.959928,0.850000,0.580000,,0.560840,1920.374,6,2,0.050000,0.300000,0.580000,0.070000,0.000000,0.120000,0.580000,0.220000,NOTE_HYPOTHESIS,shared_audio_intelligence_v0_2;spectral_peak;owner_supplied_audio
BE-003:pitch:04672,BE-003:onset:1042,179.676009,887.676009,304.038462,77,1.038462,40.7656,F2,86.1328,1.416417,1.000000,0.959928,0.850000,0.760000,,0.560840,1920.374,6,3,0.760000,0.180000,0.010000,0.050000,0.480000,0.320000,0.000000,0.000000,NOTE_HYPOTHESIS,shared_audio_intelligence_v0_2;spectral_peak;owner_supplied_audio
BE-003:pitch:04673,BE-003:onset:1042,179.676009,887.676009,304.038462,77,1.038462,64.7656,F4,344.5312,0.185760,0.976720,0.959928,0.838360,0.580000,,0.560840,1920.374,6,4,0.050000,0.300000,0.580000,0.070000,0.000000,0.450000,0.250000,0.200000,NOTE_HYPOTHESIS,shared_audio_intelligence_v0_2;spectral_peak;owner_supplied_audio
BE-003:pitch:04674,BE-003:onset:1042,179.676009,887.676009,304.038462,77,1.038462,88.9673,F6,1394.2749,0.139320,0.970584,0.959928,0.835292,0.840000,,0.560840,1920.374,6,5,0.010000,0.080000,0.840000,0.070000,0.000000,0.120000,0.580000,0.220000,NOTE_HYPOTHESIS,shared_audio_intelligence_v0_2;spectral_peak;owner_supplied_audio
BE-003:pitch:04675,BE-003:onset:1042,179.676009,887.676009,304.038462,77,1.038462,54.8047,G3,193.7988,0.162540,0.930184,0.959928,0.815092,0.550000,,0.560840,1920.374,6,6,0.550000,0.350000,0.030000,0.070000,0.480000,0.320000,0.000000,0.000000,NOTE_HYPOTHESIS,shared_audio_intelligence_v0_2;spectral_peak;owner_supplied_audio
BE-003:pitch:04676,BE-003:onset:1043,179.954649,887.954649,304.500000,77,1.500000,66.8047,G4,387.5977,0.208980,1.000000,0.902443,0.850000,0.580000,,0.319979,2634.400,5,1,0.050000,0.300000,0.580000,0.070000,0.000000,0.450000,0.250000,0.200000,NOTE_HYPOTHESIS,shared_audio_intelligence_v0_2;spectral_peak;owner_supplied_audio
BE-003:pitch:04677,BE-003:onset:1043,179.954649,887.954649,304.500000,77,1.500000,40.7656,F2,86.1328,1.160998,1.000000,0.902443,0.850000,0.695860,,0.319979,2634.400,5,2,0.695860,0.164809,0.009952,0.129379,0.480000,0.320000,0.000000,0.000000,NOTE_HYPOTHESIS,shared_audio_intelligence_v0_2;spectral_peak;owner_supplied_audio
BE-003:pitch:04678,BE-003:onset:1043,179.954649,887.954649,304.500000,77,1.500000,78.8047,G5,775.1953,0.162540,0.984021,0.902443,0.842011,0.840000,,0.319979,2634.400,5,3,0.010000,0.080000,0.840000,0.070000,0.000000,0.120000,0.580000,0.220000,NOTE_HYPOTHESIS,shared_audio_intelligence_v0_2;spectral_peak;owner_supplied_audio
BE-003:pitch:04679,BE-003:onset:1043,179.954649,887.954649,304.500000,77,1.500000,68.8438,A4,436.0474,0.092880,0.926527,0.902443,0.813263,0.580000,,0.319979,2634.400,5,4,0.050000,0.300000,0.580000,0.070000,0.000000,0.450000,0.250000,0.200000,NOTE_HYPOTHESIS,shared_audio_intelligence_v0_2;spectral_peak;owner_supplied_audio
BE-003:pitch:04680,BE-003:onset:1043,179.954649,887.954649,304.500000,77,1.500000,85.9042,D6,1168.1763,0.092880,0.810382,0.902443,0.755191,0.840000,,0.319979,2634.400,5,5,0.010000,0.080000,0.840000,0.070000,0.000000,0.120000,0.580000,0.220000,NOTE_HYPOTHESIS,shared_audio_intelligence_v0_2;spectral_peak;owner_supplied_audio
BE-003:pitch:04681,BE-003:onset:1044,180.047528,888.047528,304.653846,77,1.653846,39.6483,E2,80.7495,0.952018,1.000000,0.785848,0.850000,0.760000,,0.454012,1966.779,6,1,0.760000,0.180000,0.010000,0.050000,0.480000,0.320000,0.000000,0.000000,NOTE_HYPOTHESIS,shared_audio_intelligence_v0_2;spectral_peak;owner_supplied_audio
BE-003:pitch:04682,BE-003:onset:1044,180.047528,888.047528,304.653846,77,1.653846,65.8151,F#4,366.0645,0.348299,1.000000,0.785848,0.850000,0.580000,,0.454012,1966.779,6,2,0.050000,0.300000,0.580000,0.070000,0.000000,0.450000,0.250000,0.200000,NOTE_HYPOTHESIS,shared_audio_intelligence_v0_2;spectral_peak;owner_supplied_audio
BE-003:pitch:04683,BE-003:onset:1044,180.047528,888.047528,304.653846,77,1.653846,66.8047,G4,387.5977,0.255420,1.000000,0.785848,0.850000,0.580000,,0.454012,1966.779,6,3,0.050000,0.300000,0.580000,0.070000,0.000000,0.450000,0.250000,0.200000,NOTE_HYPOTHESIS,shared_audio_intelligence_v0_2;spectral_peak;owner_supplied_audio
BE-003:pitch:04684,BE-003:onset:1044,180.047528,888.047528,304.653846,77,1.653846,35.7851,C2,64.5996,0.162540,1.000000,0.785848,0.850000,0.760000,,0.454012,1966.779,6,4,0.760000,0.180000,0.010000,0.050000,0.480000,0.320000,0.000000,0.000000,NOTE_HYPOTHESIS,shared_audio_intelligence_v0_2;spectral_peak;owner_supplied_audio
BE-003:pitch:04685,BE-003:onset:1044,180.047528,888.047528,304.653846,77,1.653846,77.9420,F#5,737.5122,0.185760,0.989203,0.785848,0.844601,0.840000,,0.454012,1966.779,6,5,0.010000,0.080000,0.840000,0.070000,0.000000,0.120000,0.580000,0.220000,NOTE_HYPOTHESIS,shared_audio_intelligence_v0_2;spectral_peak;owner_supplied_audio
BE-003:pitch:04686,BE-003:onset:1044,180.047528,888.047528,304.653846,77,1.653846,51.6483,E3,161.4990,0.208980,0.963138,0.785848,0.831569,0.550000,,0.454012,1966.779,6,6,0.550000,0.350000,0.030000,0.070000,0.480000,0.320000,0.000000,0.000000,NOTE_HYPOTHESIS,shared_audio_intelligence_v0_2;spectral_peak;owner_supplied_audio
BE-003:pitch:04687,BE-003:onset:1045,180.372608,888.372608,305.200000,77,2.200000,62.7603,D#4,306.8481,0.278639,1.000000,0.760260,0.850000,0.520000,,0.380559,2488.642,6,1,0.250000,0.520000,0.150000,0.080000,0.000000,0.450000,0.250000,0.200000,NOTE_HYPOTHESIS,shared_audio_intelligence_v0_2;spectral_peak;owner_supplied_audio
BE-003:pitch:04688,BE-003:onset:1045,180.372608,888.372608,305.200000,77,2.200000,38.4538,D2,75.3662,1.044898,1.000000,0.760260,0.850000,0.760000,,0.380559,2488.642,6,2,0.760000,0.180000,0.010000,0.050000,0.480000,0.320000,0.000000,0.000000,NOTE_HYPOTHESIS,shared_audio_intelligence_v0_2;spectral_peak;owner_supplied_audio
BE-003:pitch:04689,BE-003:onset:1045,180.372608,888.372608,305.200000,77,2.200000,74.9115,D#5,619.0796,0.185760,1.000000,0.760260,0.850000,0.580000,,0.380559,2488.642,6,3,0.050000,0.300000,0.580000,0.070000,0.000000,0.120000,0.580000,0.220000,NOTE_HYPOTHESIS,shared_audio_intelligence_v0_2;spectral_peak;owner_supplied_audio
BE-003:pitch:04690,BE-003:onset:1045,180.372608,888.372608,305.200000,77,2.200000,50.4538,D3,150.7324,0.534059,0.992890,0.760260,0.846445,0.550000,,0.380559,2488.642,6,4,0.550000,0.350000,0.030000,0.070000,0.480000,0.320000,0.000000,0.000000,NOTE_HYPOTHESIS,shared_audio_intelligence_v0_2;spectral_peak;owner_supplied_audio
BE-003:pitch:04691,BE-003:onset:1045,180.372608,888.372608,305.200000,77,2.200000,35.7851,C2,64.5996,1.532517,0.984264,0.760260,0.842132,0.760000,,0.380559,2488.642,6,5,0.760000,0.180000,0.010000,0.050000,0.480000,0.320000,0.000000,0.000000,NOTE_HYPOTHESIS,shared_audio_intelligence_v0_2;spectral_peak;owner_supplied_audio
BE-003:pitch:04692,BE-003:onset:1045,180.372608,888.372608,305.200000,77,2.200000,63.6483,E4,322.9980,0.232200,0.981738,0.760260,0.840869,0.520000,,0.380559,2488.642,6,6,0.250000,0.520000,0.150000,0.080000,0.000000,0.450000,0.250000,0.200000,NOTE_HYPOTHESIS,shared_audio_intelligence_v0_2;spectral_peak;owner_supplied_audio
BE-003:pitch:04693,BE-003:onset:1046,180.535147,888.535147,305.480000,77,2.480000,37.1709,C#2,69.9829,0.743039,1.000000,0.578538,0.850000,0.760000,,0.445921,2025.238,4,1,0.760000,0.180000,0.010000,0.050000,0.480000,0.320000,0.000000,0.000000,NOTE_HYPOTHESIS,shared_audio_intelligence_v0_2;spectral_peak;owner_supplied_audio
BE-003:pitch:04694,BE-003:onset:1046,180.535147,888.535147,305.480000,77,2.480000,49.8242,D3,145.3491,0.325079,1.000000,0.578538,0.850000,0.550000,,0.445921,2025.238,4,2,0.550000,0.350000,0.030000,0.070000,0.480000,0.320000,0.000000,0.000000,NOTE_HYPOTHESIS,shared_audio_intelligence_v0_2;spectral_peak;owner_supplied_audio
BE-003:pitch:04695,BE-003:onset:1046,180.535147,888.535147,305.480000,77,2.480000,56.6287,A3,215.3320,0.371519,0.972945,0.578538,0.836473,0.520000,,0.445921,2025.238,4,3,0.250000,0.520000,0.150000,0.080000,0.000000,0.450000,0.250000,0.200000,NOTE_HYPOTHESIS,shared_audio_intelligence_v0_2;spectral_peak;owner_supplied_audio
BE-003:pitch:04696,BE-003:onset:1046,180.535147,888.535147,305.480000,77,2.480000,63.0613,D#4,312.2314,0.162540,0.972744,0.578538,0.836372,0.520000,,0.445921,2025.238,4,4,0.250000,0.520000,0.150000,0.080000,0.000000,0.450000,0.250000,0.200000,NOTE_HYPOTHESIS,shared_audio_intelligence_v0_2;spectral_peak;owner_supplied_audio
BE-003:pitch:04697,BE-003:onset:1047,180.837007,888.837007,306.000000,77,3.000000,38.4538,D2,75.3662,0.510839,1.000000,1.000000,0.850000,0.760000,,0.433677,1961.268,6,1,0.760000,0.180000,0.010000,0.050000,0.480000,0.320000,0.000000,0.000000,NOTE_HYPOTHESIS,shared_audio_intelligence_v0_2;spectral_peak;owner_supplied_audio
BE-003:pitch:04698,BE-003:onset:1047,180.837007,888.837007,306.000000,77,3.000000,65.8151,F#4,366.0645,0.441179,1.000000,1.000000,0.850000,0.580000,,0.433677,1961.268,6,2,0.050000,0.300000,0.580000,0.070000,0.000000,0.450000,0.250000,0.200000,NOTE_HYPOTHESIS,shared_audio_intelligence_v0_2;spectral_peak;owner_supplied_audio
BE-003:pitch:04699,BE-003:onset:1047,180.837007,888.837007,306.000000,77,3.000000,71.7851,C5,516.7969,0.116100,1.000000,1.000000,0.850000,0.580000,,0.433677,1961.268,6,3,0.050000,0.300000,0.580000,0.070000,0.000000,0.120000,0.580000,0.220000,NOTE_HYPOTHESIS,shared_audio_intelligence_v0_2;spectral_peak;owner_supplied_audio
BE-003:pitch:04700,BE-003:onset:1047,180.837007,888.837007,306.000000,77,3.000000,59.7851,C4,258.3984,0.139320,1.000000,1.000000,0.850000,0.520000,,0.433677,1961.268,6,4,0.250000,0.520000,0.150000,0.080000,0.000000,0.450000,0.250000,0.200000,NOTE_HYPOTHESIS,shared_audio_intelligence_v0_2;spectral_peak;owner_supplied_audio
BE-003:pitch:04701,BE-003:onset:1047,180.837007,888.837007,306.000000,77,3.000000,49.8242,D3,145.3491,0.069660,1.000000,1.000000,0.850000,0.550000,,0.433677,1961.268,6,5,0.550000,0.350000,0.030000,0.070000,0.480000,0.320000,0.000000,0.000000,NOTE_HYPOTHESIS,shared_audio_intelligence_v0_2;spectral_peak;owner_supplied_audio
BE-003:pitch:04702,BE-003:onset:1047,180.837007,888.837007,306.000000,77,3.000000,72.8347,C#5,549.0967,0.603719,0.891989,1.000000,0.795994,0.580000,,0.433677,1961.268,6,6,0.050000,0.300000,0.580000,0.070000,0.000000,0.120000,0.580000,0.220000,NOTE_HYPOTHESIS,shared_audio_intelligence_v0_2;spectral_peak;owner_supplied_audio
BE-003:pitch:04703,BE-003:onset:1048,180.929887,888.929887,306.166667,77,3.166667,35.7851,C2,64.5996,1.044898,1.000000,0.785526,0.850000,0.760000,,0.450857,2413.212,3,1,0.760000,0.180000,0.010000,0.050000,0.480000,0.320000,0.000000,0.000000,NOTE_HYPOTHESIS,shared_audio_intelligence_v0_2;spectral_peak;owner_supplied_audio
BE-003:pitch:04704,BE-003:onset:1048,180.929887,888.929887,306.166667,77,3.166667,39.6483,E2,80.7495,0.162540,1.000000,0.785526,0.850000,0.760000,,0.450857,2413.212,3,2,0.760000,0.180000,0.010000,0.050000,0.480000,0.320000,0.000000,0.000000,NOTE_HYPOTHESIS,shared_audio_intelligence_v0_2;spectral_peak;owner_supplied_audio
BE-003:pitch:04705,BE-003:onset:1048,180.929887,888.929887,306.166667,77,3.166667,65.8151,F#4,366.0645,0.371519,1.000000,0.785526,0.850000,0.580000,,0.450857,2413.212,3,3,0.050000,0.300000,0.580000,0.070000,0.000000,0.450000,0.250000,0.200000,NOTE_HYPOTHESIS,shared_audio_intelligence_v0_2;spectral_peak;owner_supplied_audio
BE-003:pitch:04706,BE-003:onset:1049,181.115646,889.115646,306.500000,77,3.500000,35.7851,C2,64.5996,0.928798,1.000000,0.990469,0.850000,0.760000,,0.398632,2503.649,6,1,0.760000,0.180000,0.010000,0.050000,0.480000,0.320000,0.000000,0.000000,NOTE_HYPOTHESIS,shared_audio_intelligence_v0_2;spectral_peak;owner_supplied_audio
BE-003:pitch:04707,BE-003:onset:1049,181.115646,889.115646,306.500000,77,3.500000,59.7851,C4,258.3984,0.139320,1.000000,0.990469,0.850000,0.520000,,0.398632,2503.649,6,2,0.250000,0.520000,0.150000,0.080000,0.000000,0.450000,0.250000,0.200000,NOTE_HYPOTHESIS,shared_audio_intelligence_v0_2;spectral_peak;owner_supplied_audio
BE-003:pitch:04708,BE-003:onset:1049,181.115646,889.115646,306.500000,77,3.500000,71.7851,C5,516.7969,0.116100,1.000000,0.990469,0.850000,0.580000,,0.398632,2503.649,6,3,0.050000,0.300000,0.580000,0.070000,0.000000,0.120000,0.580000,0.220000,NOTE_HYPOTHESIS,shared_audio_intelligence_v0_2;spectral_peak;owner_supplied_audio
BE-003:pitch:04709,BE-003:onset:1049,181.115646,889.115646,306.500000,77,3.500000,56.1904,G#3,209.9487,0.092880,0.977082,0.990469,0.838541,0.520000,,0.398632,2503.649,6,4,0.250000,0.520000,0.150000,0.080000,0.000000,0.450000,0.250000,0.200000,NOTE_HYPOTHESIS,shared_audio_intelligence_v0_2;spectral_peak;owner_supplied_audio
BE-003:pitch:04710,BE-003:onset:1049,181.115646,889.115646,306.500000,77,3.500000,65.8151,F#4,366.0645,0.185760,0.975497,0.990469,0.837749,0.580000,,0.398632,2503.649,6,5,0.050000,0.300000,0.580000,0.070000,0.000000,0.450000,0.250000,0.200000,NOTE_HYPOTHESIS,shared_audio_intelligence_v0_2;spectral_peak;owner_supplied_audio
BE-003:pitch:04711,BE-003:onset:1049,181.115646,889.115646,306.500000,77,3.500000,54.3170,F#3,188.4155,0.928798,0.907177,0.990469,0.803588,0.550000,,0.398632,2503.649,6,6,0.550000,0.350000,0.030000,0.070000,0.480000,0.320000,0.000000,0.000000,NOTE_HYPOTHESIS,shared_audio_intelligence_v0_2;spectral_peak;owner_supplied_audio
BE-003:pitch:04712,BE-003:onset:1050,181.231746,889.231746,306.708333,77,3.708333,34.2788,A#1,59.2163,0.789478,1.000000,0.680302,0.850000,0.760000,,0.412952,2318.237,6,1,0.760000,0.180000,0.010000,0.050000,0.480000,0.320000,0.000000,0.000000,NOTE_HYPOTHESIS,shared_audio_intelligence_v0_2;spectral_peak;owner_supplied_audio
BE-003:pitch:04713,BE-003:onset:1050,181.231746,889.231746,306.708333,77,3.708333,61.8242,D4,290.6982,0.394739,1.000000,0.680302,0.850000,0.520000,,0.412952,2318.237,6,2,0.250000,0.520000,0.150000,0.080000,0.000000,0.450000,0.250000,0.200000,NOTE_HYPOTHESIS,shared_audio_intelligence_v0_2;spectral_peak;owner_supplied_audio
BE-003:pitch:04714,BE-003:onset:1050,181.231746,889.231746,306.708333,77,3.708333,45.4734,A2,113.0493,0.510839,1.000000,0.680302,0.850000,0.550000,,0.412952,2318.237,6,3,0.550000,0.350000,0.030000,0.070000,0.480000,0.320000,0.000000,0.000000,NOTE_HYPOTHESIS,shared_audio_intelligence_v0_2;spectral_peak;owner_supplied_audio
BE-003:pitch:04715,BE-003:onset:1050,181.231746,889.231746,306.708333,77,3.708333,73.8242,D5,581.3965,0.394739,1.000000,0.680302,0.850000,0.580000,,0.412952,2318.237,6,4,0.050000,0.300000,0.580000,0.070000,0.000000,0.120000,0.580000,0.220000,NOTE_HYPOTHESIS,shared_audio_intelligence_v0_2;spectral_peak;owner_supplied_audio
BE-003:pitch:04716,BE-003:onset:1050,181.231746,889.231746,306.708333,77,3.708333,42.8047,G2,96.8994,1.532517,0.930427,0.680302,0.815213,0.760000,,0.412952,2318.237,6,5,0.760000,0.180000,0.010000,0.050000,0.480000,0.320000,0.000000,0.000000,NOTE_HYPOTHESIS,shared_audio_intelligence_v0_2;spectral_peak;owner_supplied_audio
BE-003:pitch:04717,BE-003:onset:1050,181.231746,889.231746,306.708333,77,3.708333,66.0679,F#4,371.4478,0.092880,0.821032,0.680302,0.760516,0.580000,,0.412952,2318.237,6,6,0.050000,0.300000,0.580000,0.070000,0.000000,0.450000,0.250000,0.200000,NOTE_HYPOTHESIS,shared_audio_intelligence_v0_2;spectral_peak;owner_supplied_audio
BE-003:pitch:04718,BE-003:onset:1051,181.394286,889.394286,307.000000,77,4.000000,61.8242,D4,290.6982,0.208980,1.000000,0.766215,0.850000,0.520000,,0.571600,2246.647,6,1,0.250000,0.520000,0.150000,0.080000,0.000000,0.450000,0.250000,0.200000,NOTE_HYPOTHESIS,shared_audio_intelligence_v0_2;spectral_peak;owner_supplied_audio
BE-003:pitch:04719,BE-003:onset:1051,181.394286,889.394286,307.000000,77,4.000000,73.8242,D5,581.3965,0.208980,1.000000,0.766215,0.850000,0.580000,,0.571600,2246.647,6,2,0.050000,0.300000,0.580000,0.070000,0.000000,0.120000,0.580000,0.220000,NOTE_HYPOTHESIS,shared_audio_intelligence_v0_2;spectral_peak;owner_supplied_audio
BE-003:pitch:04720,BE-003:onset:1051,181.394286,889.394286,307.000000,77,4.000000,34.2788,A#1,59.2163,0.626939,1.000000,0.766215,0.850000,0.760000,,0.571600,2246.647,6,3,0.760000,0.180000,0.010000,0.050000,0.480000,0.320000,0.000000,0.000000,NOTE_HYPOTHESIS,shared_audio_intelligence_v0_2;spectral_peak;owner_supplied_audio
BE-003:pitch:04721,BE-003:onset:1051,181.394286,889.394286,307.000000,77,4.000000,60.1421,C4,263.7817,0.092880,0.845409,0.766215,0.772705,0.520000,,0.571600,2246.647,6,4,0.250000,0.520000,0.150000,0.080000,0.000000,0.450000,0.250000,0.200000,NOTE_HYPOTHESIS,shared_audio_intelligence_v0_2;spectral_peak;owner_supplied_audio
BE-003:pitch:04722,BE-003:onset:1051,181.394286,889.394286,307.000000,77,4.000000,71.9645,C5,522.1802,0.069660,0.844968,0.766215,0.772484,0.580000,,0.571600,2246.647,6,5,0.050000,0.300000,0.580000,0.070000,0.000000,0.120000,0.580000,0.220000,NOTE_HYPOTHESIS,shared_audio_intelligence_v0_2;spectral_peak;owner_supplied_audio
BE-003:pitch:04723,BE-003:onset:1051,181.394286,889.394286,307.000000,77,4.000000,56.1904,G#3,209.9487,0.487619,0.844397,0.766215,0.772199,0.520000,,0.571600,2246.647,6,6,0.250000,0.520000,0.150000,0.080000,0.000000,0.450000,0.250000,0.200000,NOTE_HYPOTHESIS,shared_audio_intelligence_v0_2;spectral_peak;owner_supplied_audio
BE-003:pitch:04724,BE-003:onset:1052,181.510385,889.510385,307.192308,77,4.192308,68.8438,A4,436.0474,0.417959,1.000000,0.689537,0.850000,0.580000,,0.646691,1919.595,6,1,0.050000,0.300000,0.580000,0.070000,0.000000,0.450000,0.250000,0.200000,NOTE_HYPOTHESIS,shared_audio_intelligence_v0_2;spectral_peak;owner_supplied_audio
BE-003:pitch:04725,BE-003:onset:1052,181.510385,889.510385,307.192308,77,4.192308,44.6287,A2,107.6660,0.208980,1.000000,0.689537,0.850000,0.760000,,0.646691,1919.595,6,2,0.760000,0.180000,0.010000,0.050000,0.480000,0.320000,0.000000,0.000000,NOTE_HYPOTHESIS,shared_audio_intelligence_v0_2;spectral_peak;owner_supplied_audio
BE-003:pitch:04726,BE-003:onset:1052,181.510385,889.510385,307.192308,77,4.192308,61.8242,D4,290.6982,0.116100,1.000000,0.689537,0.850000,0.520000,,0.646691,1919.595,6,3,0.250000,0.520000,0.150000,0.080000,0.000000,0.450000,0.250000,0.200000,NOTE_HYPOTHESIS,shared_audio_intelligence_v0_2;spectral_peak;owner_supplied_audio
BE-003:pitch:04727,BE-003:onset:1052,181.510385,889.510385,307.192308,77,4.192308,34.2788,A#1,59.2163,0.534059,1.000000,0.689537,0.850000,0.760000,,0.646691,1919.595,6,4,0.760000,0.180000,0.010000,0.050000,0.480000,0.320000,0.000000,0.000000,NOTE_HYPOTHESIS,shared_audio_intelligence_v0_2;spectral_peak;owner_supplied_audio
BE-003:pitch:04728,BE-003:onset:1052,181.510385,889.510385,307.192308,77,4.192308,73.8242,D5,581.3965,0.116100,1.000000,0.689537,0.850000,0.580000,,0.646691,1919.595,6,5,0.050000,0.300000,0.580000,0.070000,0.000000,0.120000,0.580000,0.220000,NOTE_HYPOTHESIS,shared_audio_intelligence_v0_2;spectral_peak;owner_supplied_audio
BE-003:pitch:04729,BE-003:onset:1052,181.510385,889.510385,307.192308,77,4.192308,87.9344,E6,1313.5254,0.208980,0.940263,0.689537,0.820131,0.840000,,0.646691,1919.595,6,6,0.010000,0.080000,0.840000,0.070000,0.000000,0.120000,0.580000,0.220000,NOTE_HYPOTHESIS,shared_audio_intelligence_v0_2;spectral_peak;owner_supplied_audio
BE-003:pitch:04730,BE-003:onset:1053,181.672925,889.672925,307.461538,77,4.461538,68.8438,A4,436.0474,0.232200,1.000000,0.630038,0.850000,0.580000,,0.576351,2338.805,6,1,0.050000,0.300000,0.580000,0.070000,0.000000,0.450000,0.250000,0.200000,NOTE_HYPOTHESIS,shared_audio_intelligence_v0_2;spectral_peak;owner_supplied_audio
BE-003:pitch:04731,BE-003:onset:1053,181.672925,889.672925,307.461538,77,4.461538,32.6287,A1,53.8330,0.371519,1.000000,0.630038,0.850000,0.760000,,0.576351,2338.805,6,2,0.760000,0.180000,0.010000,0.050000,0.480000,0.320000,0.000000,0.000000,NOTE_HYPOTHESIS,shared_audio_intelligence_v0_2;spectral_peak;owner_supplied_audio
BE-003:pitch:04732,BE-003:onset:1053,181.672925,889.672925,307.461538,77,4.461538,45.4734,A2,113.0493,0.069660,0.993657,0.630038,0.846829,0.550000,,0.576351,2338.805,6,3,0.550000,0.350000,0.030000,0.070000,0.480000,0.320000,0.000000,0.000000,NOTE_HYPOTHESIS,shared_audio_intelligence_v0_2;spectral_peak;owner_supplied_audio
BE-003:pitch:04733,BE-003:onset:1053,181.672925,889.672925,307.461538,77,4.461538,80.8438,A5,872.0947,0.301859,0.984756,0.630038,0.842378,0.840000,,0.576351,2338.805,6,4,0.010000,0.080000,0.840000,0.070000,0.000000,0.120000,0.580000,0.220000,NOTE_HYPOTHESIS,shared_audio_intelligence_v0_2;spectral_peak;owner_supplied_audio
BE-003:pitch:04734,BE-003:onset:1053,181.672925,889.672925,307.461538,77,4.461538,56.1904,G#3,209.9487,0.208980,0.851626,0.630038,0.775813,0.520000,,0.576351,2338.805,6,5,0.250000,0.520000,0.150000,0.080000,0.000000,0.450000,0.250000,0.200000,NOTE_HYPOTHESIS,shared_audio_intelligence_v0_2;spectral_peak;owner_supplied_audio
BE-003:pitch:04735,BE-003:onset:1053,181.672925,889.672925,307.461538,77,4.461538,54.8047,G3,193.7988,0.325079,0.824972,0.630038,0.762486,0.550000,,0.576351,2338.805,6,6,0.550000,0.350000,0.030000,0.070000,0.480000,0.320000,0.000000,0.000000,NOTE_HYPOTHESIS,shared_audio_intelligence_v0_2;spectral_peak;owner_supplied_audio
BE-003:pitch:04736,BE-003:onset:1054,182.090884,890.090884,308.160000,78,1.160000,81.8808,A#5,925.9277,0.255420,1.000000,0.908613,0.850000,0.840000,,0.532749,2230.990,6,1,0.010000,0.080000,0.840000,0.070000,0.000000,0.120000,0.580000,0.220000,NOTE_HYPOTHESIS,shared_audio_intelligence_v0_2;spectral_peak;owner_supplied_audio
BE-003:pitch:04737,BE-003:onset:1054,182.090884,890.090884,308.160000,78,1.160000,63.9344,E4,328.3813,0.092880,1.000000,0.908613,0.850000,0.520000,,0.532749,2230.990,6,2,0.250000,0.520000,0.150000,0.080000,0.000000,0.450000,0.250000,0.200000,NOTE_HYPOTHESIS,shared_audio_intelligence_v0_2;spectral_peak;owner_supplied_audio
BE-003:pitch:04738,BE-003:onset:1054,182.090884,890.090884,308.160000,78,1.160000,69.8808,A#4,462.9639,0.348299,1.000000,0.908613,0.850000,0.580000,,0.532749,2230.990,6,3,0.050000,0.300000,0.580000,0.070000,0.000000,0.450000,0.250000,0.200000,NOTE_HYPOTHESIS,shared_audio_intelligence_v0_2;spectral_peak;owner_supplied_audio
BE-003:pitch:04739,BE-003:onset:1054,182.090884,890.090884,308.160000,78,1.160000,88.9673,F6,1394.2749,0.255420,1.000000,0.908613,0.850000,0.840000,,0.532749,2230.990,6,4,0.010000,0.080000,0.840000,0.070000,0.000000,0.120000,0.580000,0.220000,NOTE_HYPOTHESIS,shared_audio_intelligence_v0_2;spectral_peak;owner_supplied_audio
BE-003:pitch:04740,BE-003:onset:1054,182.090884,890.090884,308.160000,78,1.160000,97.9042,D7,2336.3525,0.278639,0.880394,0.908613,0.790197,0.840000,,0.532749,2230.990,6,5,0.010000,0.080000,0.840000,0.070000,0.000000,0.120000,0.580000,0.220000,NOTE_HYPOTHESIS,shared_audio_intelligence_v0_2;spectral_peak;owner_supplied_audio
BE-003:pitch:04741,BE-003:onset:1054,182.090884,890.090884,308.160000,78,1.160000,93.9811,A#6,1862.6221,0.301859,0.877276,0.908613,0.788638,0.840000,,0.532749,2230.990,6,6,0.010000,0.080000,0.840000,0.070000,0.000000,0.120000,0.580000,0.220000,NOTE_HYPOTHESIS,shared_audio_intelligence_v0_2;spectral_peak;owner_supplied_audio
BE-003:pitch:04742,BE-003:onset:1055,182.253424,890.253424,308.440000,78,1.440000,44.6287,A2,107.6660,0.417959,1.000000,0.898652,0.850000,0.760000,,0.634285,1902.375,6,1,0.760000,0.180000,0.010000,0.050000,0.480000,0.320000,0.000000,0.000000,NOTE_HYPOTHESIS,shared_audio_intelligence_v0_2;spectral_peak;owner_supplied_audio
BE-003:pitch:04743,BE-003:onset:1055,182.253424,890.253424,308.440000,78,1.440000,69.8808,A#4,462.9639,0.185760,1.000000,0.898652,0.850000,0.580000,,0.634285,1902.375,6,2,0.050000,0.300000,0.580000,0.070000,0.000000,0.450000,0.250000,0.200000,NOTE_HYPOTHESIS,shared_audio_intelligence_v0_2;spectral_peak;owner_supplied_audio
BE-003:pitch:04744,BE-003:onset:1055,182.253424,890.253424,308.440000,78,1.440000,81.8808,A#5,925.9277,0.116100,1.000000,0.898652,0.850000,0.840000,,0.634285,1902.375,6,3,0.010000,0.080000,0.840000,0.070000,0.000000,0.120000,0.580000,0.220000,NOTE_HYPOTHESIS,shared_audio_intelligence_v0_2;spectral_peak;owner_supplied_audio
BE-003:pitch:04745,BE-003:onset:1055,182.253424,890.253424,308.440000,78,1.440000,34.2788,A#1,59.2163,0.580499,1.000000,0.898652,0.850000,0.760000,,0.634285,1902.375,6,4,0.760000,0.180000,0.010000,0.050000,0.480000,0.320000,0.000000,0.000000,NOTE_HYPOTHESIS,shared_audio_intelligence_v0_2;spectral_peak;owner_supplied_audio
BE-003:pitch:04746,BE-003:onset:1055,182.253424,890.253424,308.440000,78,1.440000,63.9344,E4,328.3813,0.487619,1.000000,0.898652,0.850000,0.520000,,0.634285,1902.375,6,5,0.250000,0.520000,0.150000,0.080000,0.000000,0.450000,0.250000,0.200000,NOTE_HYPOTHESIS,shared_audio_intelligence_v0_2;spectral_peak;owner_supplied_audio
BE-003:pitch:04747,BE-003:onset:1055,182.253424,890.253424,308.440000,78,1.440000,88.9673,F6,1394.2749,0.116100,0.965686,0.898652,0.832843,0.840000,,0.634285,1902.375,6,6,0.010000,0.080000,0.840000,0.070000,0.000000,0.120000,0.580000,0.220000,NOTE_HYPOTHESIS,shared_audio_intelligence_v0_2;spectral_peak;owner_supplied_audio
BE-003:pitch:04748,BE-003:onset:1056,182.578503,890.578503,309.000000,78,2.000000,64.7656,F4,344.5312,0.232200,1.000000,0.793208,0.850000,0.580000,,0.737308,1892.669,6,1,0.050000,0.300000,0.580000,0.070000,0.000000,0.450000,0.250000,0.200000,NOTE_HYPOTHESIS,shared_audio_intelligence_v0_2;spectral_peak;owner_supplied_audio
BE-003:pitch:04749,BE-003:onset:1056,182.578503,890.578503,309.000000,78,2.000000,32.6287,A1,53.8330,0.208980,1.000000,0.793208,0.850000,0.760000,,0.737308,1892.669,6,2,0.760000,0.180000,0.010000,0.050000,0.480000,0.320000,0.000000,0.000000,NOTE_HYPOTHESIS,shared_audio_intelligence_v0_2;spectral_peak;owner_supplied_audio
BE-003:pitch:04750,BE-003:onset:1056,182.578503,890.578503,309.000000,78,2.000000,44.6287,A2,107.6660,0.116100,1.000000,0.793208,0.850000,0.760000,,0.737308,1892.669,6,3,0.760000,0.180000,0.010000,0.050000,0.480000,0.320000,0.000000,0.000000,NOTE_HYPOTHESIS,shared_audio_intelligence_v0_2;spectral_peak;owner_supplied_audio
BE-003:pitch:04751,BE-003:onset:1056,182.578503,890.578503,309.000000,78,2.000000,63.9344,E4,328.3813,0.116100,1.000000,0.793208,0.850000,0.520000,,0.737308,1892.669,6,4,0.250000,0.520000,0.150000,0.080000,0.000000,0.450000,0.250000,0.200000,NOTE_HYPOTHESIS,shared_audio_intelligence_v0_2;spectral_peak;owner_supplied_audio
BE-003:pitch:04752,BE-003:onset:1056,182.578503,890.578503,309.000000,78,2.000000,76.9003,F5,694.4458,0.162540,1.000000,0.793208,0.850000,0.840000,,0.737308,1892.669,6,5,0.010000,0.080000,0.840000,0.070000,0.000000,0.120000,0.580000,0.220000,NOTE_HYPOTHESIS,shared_audio_intelligence_v0_2;spectral_peak;owner_supplied_audio
BE-003:pitch:04753,BE-003:onset:1056,182.578503,890.578503,309.000000,78,2.000000,55.7407,G#3,204.5654,0.603719,0.903803,0.793208,0.801902,0.520000,,0.737308,1892.669,6,6,0.250000,0.520000,0.150000,0.080000,0.000000,0.450000,0.250000,0.200000,NOTE_HYPOTHESIS,shared_audio_intelligence_v0_2;spectral_peak;owner_supplied_audio
BE-003:pitch:04754,BE-003:onset:1057,182.694603,890.694603,309.178571,78,2.178571,83.8751,C6,1038.9771,0.255420,1.000000,0.802207,0.850000,0.840000,,0.923476,1758.394,6,1,0.010000,0.080000,0.840000,0.070000,0.000000,0.120000,0.580000,0.220000,NOTE_HYPOTHESIS,shared_audio_intelligence_v0_2;spectral_peak;owner_supplied_audio
BE-003:pitch:04755,BE-003:onset:1057,182.694603,890.694603,309.178571,78,2.178571,71.9645,C5,522.1802,0.348299,1.000000,0.802207,0.850000,0.580000,,0.923476,1758.394,6,2,0.050000,0.300000,0.580000,0.070000,0.000000,0.120000,0.580000,0.220000,NOTE_HYPOTHESIS,shared_audio_intelligence_v0_2;spectral_peak;owner_supplied_audio
BE-003:pitch:04756,BE-003:onset:1057,182.694603,890.694603,309.178571,78,2.178571,64.7656,F4,344.5312,0.116100,1.000000,0.802207,0.850000,0.580000,,0.923476,1758.394,6,3,0.050000,0.300000,0.580000,0.070000,0.000000,0.450000,0.250000,0.200000,NOTE_HYPOTHESIS,shared_audio_intelligence_v0_2;spectral_peak;owner_supplied_audio
BE-003:pitch:04757,BE-003:onset:1057,182.694603,890.694603,309.178571,78,2.178571,37.1709,C#2,69.9829,0.301859,1.000000,0.802207,0.850000,0.760000,,0.923476,1758.394,6,4,0.760000,0.180000,0.010000,0.050000,0.480000,0.320000,0.000000,0.000000,NOTE_HYPOTHESIS,shared_audio_intelligence_v0_2;spectral_peak;owner_supplied_audio
BE-003:pitch:04758,BE-003:onset:1057,182.694603,890.694603,309.178571,78,2.178571,90.9841,G6,1566.5405,0.208980,1.000000,0.802207,0.850000,0.840000,,0.923476,1758.394,6,5,0.010000,0.080000,0.840000,0.070000,0.000000,0.120000,0.580000,0.220000,NOTE_HYPOTHESIS,shared_audio_intelligence_v0_2;spectral_peak;owner_supplied_audio
BE-003:pitch:04759,BE-003:onset:1057,182.694603,890.694603,309.178571,78,2.178571,49.8242,D3,145.3491,0.232200,1.000000,0.802207,0.850000,0.550000,,0.923476,1758.394,6,6,0.550000,0.350000,0.030000,0.070000,0.480000,0.320000,0.000000,0.000000,NOTE_HYPOTHESIS,shared_audio_intelligence_v0_2;spectral_peak;owner_supplied_audio
BE-003:pitch:04760,BE-003:onset:1058,182.880363,890.880363,309.464286,78,2.464286,83.9645,C6,1044.3604,0.139320,1.000000,0.921400,0.850000,0.840000,,0.734281,2020.224,6,1,0.010000,0.080000,0.840000,0.070000,0.000000,0.120000,0.580000,0.220000,NOTE_HYPOTHESIS,shared_audio_intelligence_v0_2;spectral_peak;owner_supplied_audio
BE-003:pitch:04761,BE-003:onset:1058,182.880363,890.880363,309.464286,78,2.464286,63.9344,E4,328.3813,0.139320,1.000000,0.921400,0.850000,0.520000,,0.734281,2020.224,6,2,0.250000,0.520000,0.150000,0.080000,0.000000,0.450000,0.250000,0.200000,NOTE_HYPOTHESIS,shared_audio_intelligence_v0_2;spectral_peak;owner_supplied_audio
BE-003:pitch:04762,BE-003:onset:1058,182.880363,890.880363,309.464286,78,2.464286,71.9645,C5,522.1802,0.185760,1.000000,0.921400,0.850000,0.580000,,0.734281,2020.224,6,3,0.050000,0.300000,0.580000,0.070000,0.000000,0.120000,0.580000,0.220000,NOTE_HYPOTHESIS,shared_audio_intelligence_v0_2;spectral_peak;owner_supplied_audio
BE-003:pitch:04763,BE-003:onset:1058,182.880363,890.880363,309.464286,78,2.464286,37.1709,C#2,69.9829,0.139320,0.986398,0.921400,0.843199,0.760000,,0.734281,2020.224,6,4,0.760000,0.180000,0.010000,0.050000,0.480000,0.320000,0.000000,0.000000,NOTE_HYPOTHESIS,shared_audio_intelligence_v0_2;spectral_peak;owner_supplied_audio
BE-003:pitch:04764,BE-003:onset:1058,182.880363,890.880363,309.464286,78,2.464286,42.8047,G2,96.8994,0.789478,0.966467,0.921400,0.833233,0.760000,,0.734281,2020.224,6,5,0.760000,0.180000,0.010000,0.050000,0.480000,0.320000,0.000000,0.000000,NOTE_HYPOTHESIS,shared_audio_intelligence_v0_2;spectral_peak;owner_supplied_audio
BE-003:pitch:04765,BE-003:onset:1058,182.880363,890.880363,309.464286,78,2.464286,57.8808,A#3,231.4819,0.278639,0.895455,0.921400,0.797728,0.520000,,0.734281,2020.224,6,6,0.250000,0.520000,0.150000,0.080000,0.000000,0.450000,0.250000,0.200000,NOTE_HYPOTHESIS,shared_audio_intelligence_v0_2;spectral_peak;owner_supplied_audio
BE-003:pitch:04766,BE-003:onset:1059,183.251882,891.251882,310.045455,78,3.045455,73.8242,D5,581.3965,0.255420,1.000000,1.000000,0.850000,0.580000,,0.923615,1826.222,4,1,0.050000,0.300000,0.580000,0.070000,0.000000,0.120000,0.580000,0.220000,NOTE_HYPOTHESIS,shared_audio_intelligence_v0_2;spectral_peak;owner_supplied_audio
BE-003:pitch:04767,BE-003:onset:1059,183.251882,891.251882,310.045455,78,3.045455,44.6287,A2,107.6660,0.603719,1.000000,1.000000,0.850000,0.760000,,0.923615,1826.222,4,2,0.760000,0.180000,0.010000,0.050000,0.480000,0.320000,0.000000,0.000000,NOTE_HYPOTHESIS,shared_audio_intelligence_v0_2;spectral_peak;owner_supplied_audio
BE-003:pitch:04768,BE-003:onset:1059,183.251882,891.251882,310.045455,78,3.045455,85.9042,D6,1168.1763,0.255420,1.000000,1.000000,0.850000,0.840000,,0.923615,1826.222,4,3,0.010000,0.080000,0.840000,0.070000,0.000000,0.120000,0.580000,0.220000,NOTE_HYPOTHESIS,shared_audio_intelligence_v0_2;spectral_peak;owner_supplied_audio
BE-003:pitch:04769,BE-003:onset:1059,183.251882,891.251882,310.045455,78,3.045455,66.8047,G4,387.5977,0.185760,1.000000,1.000000,0.850000,0.580000,,0.923615,1826.222,4,4,0.050000,0.300000,0.580000,0.070000,0.000000,0.450000,0.250000,0.200000,NOTE_HYPOTHESIS,shared_audio_intelligence_v0_2;spectral_peak;owner_supplied_audio
BE-003:pitch:04770,BE-003:onset:1060,183.437642,891.437642,310.409091,78,3.409091,63.9344,E4,328.3813,0.139320,1.000000,1.000000,0.850000,0.520000,,0.787818,1851.819,6,1,0.250000,0.520000,0.150000,0.080000,0.000000,0.450000,0.250000,0.200000,NOTE_HYPOTHESIS,shared_audio_intelligence_v0_2;spectral_peak;owner_supplied_audio
BE-003:pitch:04771,BE-003:onset:1060,183.437642,891.437642,310.409091,78,3.409091,73.8242,D5,581.3965,0.092880,1.000000,1.000000,0.850000,0.580000,,0.787818,1851.819,6,2,0.050000,0.300000,0.580000,0.070000,0.000000,0.120000,0.580000,0.220000,NOTE_HYPOTHESIS,shared_audio_intelligence_v0_2;spectral_peak;owner_supplied_audio
BE-003:pitch:04772,BE-003:onset:1060,183.437642,891.437642,310.409091,78,3.409091,45.4734,A2,113.0493,0.557279,1.000000,1.000000,0.850000,0.550000,,0.787818,1851.819,6,3,0.550000,0.350000,0.030000,0.070000,0.480000,0.320000,0.000000,0.000000,NOTE_HYPOTHESIS,shared_audio_intelligence_v0_2;spectral_peak;owner_supplied_audio
BE-003:pitch:04773,BE-003:onset:1060,183.437642,891.437642,310.409091,78,3.409091,69.8808,A#4,462.9639,0.278639,1.000000,1.000000,0.850000,0.580000,,0.787818,1851.819,6,4,0.050000,0.300000,0.580000,0.070000,0.000000,0.450000,0.250000,0.200000,NOTE_HYPOTHESIS,shared_audio_intelligence_v0_2;spectral_peak;owner_supplied_audio
BE-003:pitch:04774,BE-003:onset:1060,183.437642,891.437642,310.409091,78,3.409091,85.9042,D6,1168.1763,0.116100,1.000000,1.000000,0.850000,0.840000,,0.787818,1851.819,6,5,0.010000,0.080000,0.840000,0.070000,0.000000,0.120000,0.580000,0.220000,NOTE_HYPOTHESIS,shared_audio_intelligence_v0_2;spectral_peak;owner_supplied_audio
BE-003:pitch:04775,BE-003:onset:1060,183.437642,891.437642,310.409091,78,3.409091,81.8808,A#5,925.9277,0.162540,1.000000,1.000000,0.850000,0.840000,,0.787818,1851.819,6,6,0.010000,0.080000,0.840000,0.070000,0.000000,0.120000,0.580000,0.220000,NOTE_HYPOTHESIS,shared_audio_intelligence_v0_2;spectral_peak;owner_supplied_audio
BE-003:pitch:04776,BE-003:onset:1061,183.716281,891.716281,310.954545,78,3.954545,56.1904,G#3,209.9487,0.162540,1.000000,1.000000,0.850000,0.520000,,0.545481,2192.715,6,1,0.250000,0.520000,0.150000,0.080000,0.000000,0.450000,0.250000,0.200000,NOTE_HYPOTHESIS,shared_audio_intelligence_v0_2;spectral_peak;owner_supplied_audio
BE-003:pitch:04777,BE-003:onset:1061,183.716281,891.716281,310.954545,78,3.954545,45.4734,A2,113.0493,0.441179,1.000000,1.000000,0.850000,0.550000,,0.545481,2192.715,6,2,0.550000,0.350000,0.030000,0.070000,0.480000,0.320000,0.000000,0.000000,NOTE_HYPOTHESIS,shared_audio_intelligence_v0_2;spectral_peak;owner_supplied_audio
BE-003:pitch:04778,BE-003:onset:1061,183.716281,891.716281,310.954545,78,3.954545,57.4734,A3,226.0986,0.139320,0.924680,1.000000,0.812340,0.520000,,0.545481,2192.715,6,3,0.250000,0.520000,0.150000,0.080000,0.000000,0.450000,0.250000,0.200000,NOTE_HYPOTHESIS,shared_audio_intelligence_v0_2;spectral_peak;owner_supplied_audio
BE-003:pitch:04779,BE-003:onset:1061,183.716281,891.716281,310.954545,78,3.954545,81.8808,A#5,925.9277,0.162540,0.916202,1.000000,0.808101,0.840000,,0.545481,2192.715,6,4,0.010000,0.080000,0.840000,0.070000,0.000000,0.120000,0.580000,0.220000,NOTE_HYPOTHESIS,shared_audio_intelligence_v0_2;spectral_peak;owner_supplied_audio
BE-003:pitch:04780,BE-003:onset:1061,183.716281,891.716281,310.954545,78,3.954545,54.3170,F#3,188.4155,0.487619,0.830652,1.000000,0.765326,0.550000,,0.545481,2192.715,6,5,0.550000,0.350000,0.030000,0.070000,0.480000,0.320000,0.000000,0.000000,NOTE_HYPOTHESIS,shared_audio_intelligence_v0_2;spectral_peak;owner_supplied_audio
BE-003:pitch:04781,BE-003:onset:1061,183.716281,891.716281,310.954545,78,3.954545,52.7656,F3,172.2656,0.116100,0.788113,1.000000,0.744056,0.550000,,0.545481,2192.715,6,6,0.550000,0.350000,0.030000,0.070000,0.480000,0.320000,0.000000,0.000000,NOTE_HYPOTHESIS,shared_audio_intelligence_v0_2;spectral_peak;owner_supplied_audio
BE-003:pitch:04782,BE-003:onset:1062,183.832381,891.832381,311.142857,78,4.142857,74.9115,D#5,619.0796,0.255420,1.000000,0.897016,0.850000,0.580000,,0.722754,1872.100,4,1,0.050000,0.300000,0.580000,0.070000,0.000000,0.120000,0.580000,0.220000,NOTE_HYPOTHESIS,shared_audio_intelligence_v0_2;spectral_peak;owner_supplied_audio
BE-003:pitch:04783,BE-003:onset:1062,183.832381,891.832381,311.142857,78,4.142857,47.0483,B2,123.8159,0.557279,1.000000,0.897016,0.850000,0.550000,,0.722754,1872.100,4,2,0.550000,0.350000,0.030000,0.070000,0.480000,0.320000,0.000000,0.000000,NOTE_HYPOTHESIS,shared_audio_intelligence_v0_2;spectral_peak;owner_supplied_audio
BE-003:pitch:04784,BE-003:onset:1062,183.832381,891.832381,311.142857,78,4.142857,86.9115,D#6,1238.1592,0.232200,1.000000,0.897016,0.850000,0.840000,,0.722754,1872.100,4,3,0.010000,0.080000,0.840000,0.070000,0.000000,0.120000,0.580000,0.220000,NOTE_HYPOTHESIS,shared_audio_intelligence_v0_2;spectral_peak;owner_supplied_audio
BE-003:pitch:04785,BE-003:onset:1062,183.832381,891.832381,311.142857,78,4.142857,42.8047,G2,96.8994,0.116100,1.000000,0.897016,0.850000,0.760000,,0.722754,1872.100,4,4,0.760000,0.180000,0.010000,0.050000,0.480000,0.320000,0.000000,0.000000,NOTE_HYPOTHESIS,shared_audio_intelligence_v0_2;spectral_peak;owner_supplied_audio
BE-003:pitch:04786,BE-003:onset:1063,183.994921,891.994921,311.392857,78,4.392857,74.9115,D#5,619.0796,0.116100,1.000000,0.940480,0.850000,0.580000,,0.640031,2455.798,6,1,0.050000,0.300000,0.580000,0.070000,0.000000,0.120000,0.580000,0.220000,NOTE_HYPOTHESIS,shared_audio_intelligence_v0_2;spectral_peak;owner_supplied_audio
BE-003:pitch:04787,BE-003:onset:1063,183.994921,891.994921,311.392857,78,4.392857,83.8751,C6,1038.9771,0.208980,1.000000,0.940480,0.850000,0.840000,,0.640031,2455.798,6,2,0.010000,0.080000,0.840000,0.070000,0.000000,0.120000,0.580000,0.220000,NOTE_HYPOTHESIS,shared_audio_intelligence_v0_2;spectral_peak;owner_supplied_audio
BE-003:pitch:04788,BE-003:onset:1063,183.994921,891.994921,311.392857,78,4.392857,56.1904,G#3,209.9487,0.116100,1.000000,0.940480,0.850000,0.520000,,0.640031,2455.798,6,3,0.250000,0.520000,0.150000,0.080000,0.000000,0.450000,0.250000,0.200000,NOTE_HYPOTHESIS,shared_audio_intelligence_v0_2;spectral_peak;owner_supplied_audio
BE-003:pitch:04789,BE-003:onset:1063,183.994921,891.994921,311.392857,78,4.392857,71.7851,C5,516.7969,0.534059,0.950571,0.940480,0.825286,0.580000,,0.640031,2455.798,6,4,0.050000,0.300000,0.580000,0.070000,0.000000,0.120000,0.580000,0.220000,NOTE_HYPOTHESIS,shared_audio_intelligence_v0_2;spectral_peak;owner_supplied_audio
BE-003:pitch:04790,BE-003:onset:1063,183.994921,891.994921,311.392857,78,4.392857,86.9115,D#6,1238.1592,0.092880,0.935766,0.940480,0.817883,0.840000,,0.640031,2455.798,6,5,0.010000,0.080000,0.840000,0.070000,0.000000,0.120000,0.580000,0.220000,NOTE_HYPOTHESIS,shared_audio_intelligence_v0_2;spectral_peak;owner_supplied_audio
BE-003:pitch:04791,BE-003:onset:1063,183.994921,891.994921,311.392857,78,4.392857,47.0483,B2,123.8159,0.441179,0.920198,0.940480,0.810099,0.550000,,0.640031,2455.798,6,6,0.550000,0.350000,0.030000,0.070000,0.480000,0.320000,0.000000,0.000000,NOTE_HYPOTHESIS,shared_audio_intelligence_v0_2;spectral_peak;owner_supplied_audio
BE-003:pitch:04792,BE-003:onset:1064,184.273560,892.273560,311.821429,78,4.821429,62.7603,D#4,306.8481,0.232200,1.000000,1.000000,0.850000,0.520000,,0.559425,1866.056,6,1,0.250000,0.520000,0.150000,0.080000,0.000000,0.450000,0.250000,0.200000,NOTE_HYPOTHESIS,shared_audio_intelligence_v0_2;spectral_peak;owner_supplied_audio
BE-003:pitch:04793,BE-003:onset:1064,184.273560,892.273560,311.821429,78,4.821429,61.8242,D4,290.6982,0.185760,1.000000,1.000000,0.850000,0.520000,,0.559425,1866.056,6,2,0.250000,0.520000,0.150000,0.080000,0.000000,0.450000,0.250000,0.200000,NOTE_HYPOTHESIS,shared_audio_intelligence_v0_2;spectral_peak;owner_supplied_audio
BE-003:pitch:04794,BE-003:onset:1064,184.273560,892.273560,311.821429,78,4.821429,47.7851,C3,129.1992,0.139320,1.000000,1.000000,0.850000,0.550000,,0.559425,1866.056,6,3,0.550000,0.350000,0.030000,0.070000,0.480000,0.320000,0.000000,0.000000,NOTE_HYPOTHESIS,shared_audio_intelligence_v0_2;spectral_peak;owner_supplied_audio
BE-003:pitch:04795,BE-003:onset:1064,184.273560,892.273560,311.821429,78,4.821429,73.8242,D5,581.3965,0.859138,1.000000,1.000000,0.850000,0.580000,,0.559425,1866.056,6,4,0.050000,0.300000,0.580000,0.070000,0.000000,0.120000,0.580000,0.220000,NOTE_HYPOTHESIS,shared_audio_intelligence_v0_2;spectral_peak;owner_supplied_audio
BE-003:pitch:04796,BE-003:onset:1064,184.273560,892.273560,311.821429,78,4.821429,74.7603,D#5,613.6963,0.139320,1.000000,1.000000,0.850000,0.580000,,0.559425,1866.056,6,5,0.050000,0.300000,0.580000,0.070000,0.000000,0.120000,0.580000,0.220000,NOTE_HYPOTHESIS,shared_audio_intelligence_v0_2;spectral_peak;owner_supplied_audio
BE-003:pitch:04797,BE-003:onset:1064,184.273560,892.273560,311.821429,78,4.821429,66.8047,G4,387.5977,0.278639,1.000000,1.000000,0.850000,0.580000,,0.559425,1866.056,6,6,0.050000,0.300000,0.580000,0.070000,0.000000,0.450000,0.250000,0.200000,NOTE_HYPOTHESIS,shared_audio_intelligence_v0_2;spectral_peak;owner_supplied_audio
BE-003:pitch:04798,BE-003:onset:1065,184.412880,892.412880,312.040000,79,1.040000,76.9003,F5,694.4458,0.232200,1.000000,0.794080,0.850000,0.840000,,0.795633,1989.834,5,1,0.010000,0.080000,0.840000,0.070000,0.000000,0.120000,0.580000,0.220000,NOTE_HYPOTHESIS,shared_audio_intelligence_v0_2;spectral_peak;owner_supplied_audio
BE-003:pitch:04799,BE-003:onset:1065,184.412880,892.412880,312.040000,79,1.040000,88.9673,F6,1394.2749,0.208980,1.000000,0.794080,0.850000,0.840000,,0.795633,1989.834,5,2,0.010000,0.080000,0.840000,0.070000,0.000000,0.120000,0.580000,0.220000,NOTE_HYPOTHESIS,shared_audio_intelligence_v0_2;spectral_peak;owner_supplied_audio
BE-003:pitch:04800,BE-003:onset:1065,184.412880,892.412880,312.040000,79,1.040000,49.8242,D3,145.3491,0.301859,1.000000,0.794080,0.850000,0.550000,,0.795633,1989.834,5,3,0.550000,0.350000,0.030000,0.070000,0.480000,0.320000,0.000000,0.000000,NOTE_HYPOTHESIS,shared_audio_intelligence_v0_2;spectral_peak;owner_supplied_audio
BE-003:pitch:04801,BE-003:onset:1065,184.412880,892.412880,312.040000,79,1.040000,63.0613,D#4,312.2314,0.139320,1.000000,0.794080,0.850000,0.520000,,0.795633,1989.834,5,4,0.250000,0.520000,0.150000,0.080000,0.000000,0.450000,0.250000,0.200000,NOTE_HYPOTHESIS,shared_audio_intelligence_v0_2;spectral_peak;owner_supplied_audio
BE-003:pitch:04802,BE-003:onset:1065,184.412880,892.412880,312.040000,79,1.040000,67.0435,G4,392.9810,0.208980,0.994436,0.794080,0.847218,0.580000,,0.795633,1989.834,5,5,0.050000,0.300000,0.580000,0.070000,0.000000,0.450000,0.250000,0.200000,NOTE_HYPOTHESIS,shared_audio_intelligence_v0_2;spectral_peak;owner_supplied_audio
BE-003:pitch:04803,BE-003:onset:1066,184.575420,892.575420,312.320000,79,1.320000,73.8242,D5,581.3965,0.278639,1.000000,1.000000,0.850000,0.580000,,0.705395,2293.232,4,1,0.050000,0.300000,0.580000,0.070000,0.000000,0.120000,0.580000,0.220000,NOTE_HYPOTHESIS,shared_audio_intelligence_v0_2;spectral_peak;owner_supplied_audio
BE-003:pitch:04804,BE-003:onset:1066,184.575420,892.575420,312.320000,79,1.320000,76.9003,F5,694.4458,0.116100,1.000000,1.000000,0.850000,0.840000,,0.705395,2293.232,4,2,0.010000,0.080000,0.840000,0.070000,0.000000,0.120000,0.580000,0.220000,NOTE_HYPOTHESIS,shared_audio_intelligence_v0_2;spectral_peak;owner_supplied_audio
BE-003:pitch:04805,BE-003:onset:1066,184.575420,892.575420,312.320000,79,1.320000,85.9042,D6,1168.1763,0.371519,1.000000,1.000000,0.850000,0.840000,,0.705395,2293.232,4,3,0.010000,0.080000,0.840000,0.070000,0.000000,0.120000,0.580000,0.220000,NOTE_HYPOTHESIS,shared_audio_intelligence_v0_2;spectral_peak;owner_supplied_audio
BE-003:pitch:04806,BE-003:onset:1066,184.575420,892.575420,312.320000,79,1.320000,88.9003,F6,1388.8916,0.092880,1.000000,1.000000,0.850000,0.840000,,0.705395,2293.232,4,4,0.010000,0.080000,0.840000,0.070000,0.000000,0.120000,0.580000,0.220000,NOTE_HYPOTHESIS,shared_audio_intelligence_v0_2;spectral_peak;owner_supplied_audio
BE-003:pitch:04807,BE-003:onset:1067,184.830839,892.830839,312.760000,79,1.760000,73.8242,D5,581.3965,0.301859,1.000000,0.963113,0.850000,0.580000,,0.592010,1655.473,6,1,0.050000,0.300000,0.580000,0.070000,0.000000,0.120000,0.580000,0.220000,NOTE_HYPOTHESIS,shared_audio_intelligence_v0_2;spectral_peak;owner_supplied_audio
BE-003:pitch:04808,BE-003:onset:1067,184.830839,892.830839,312.760000,79,1.760000,62.7603,D#4,306.8481,0.208980,1.000000,0.963113,0.850000,0.520000,,0.592010,1655.473,6,2,0.250000,0.520000,0.150000,0.080000,0.000000,0.450000,0.250000,0.200000,NOTE_HYPOTHESIS,shared_audio_intelligence_v0_2;spectral_peak;owner_supplied_audio
BE-003:pitch:04809,BE-003:onset:1067,184.830839,892.830839,312.760000,79,1.760000,66.8047,G4,387.5977,0.301859,1.000000,0.963113,0.850000,0.580000,,0.592010,1655.473,6,3,0.050000,0.300000,0.580000,0.070000,0.000000,0.450000,0.250000,0.200000,NOTE_HYPOTHESIS,shared_audio_intelligence_v0_2;spectral_peak;owner_supplied_audio
BE-003:pitch:04810,BE-003:onset:1067,184.830839,892.830839,312.760000,79,1.760000,61.8242,D4,290.6982,0.371519,1.000000,0.963113,0.850000,0.520000,,0.592010,1655.473,6,4,0.250000,0.520000,0.150000,0.080000,0.000000,0.450000,0.250000,0.200000,NOTE_HYPOTHESIS,shared_audio_intelligence_v0_2;spectral_peak;owner_supplied_audio
BE-003:pitch:04811,BE-003:onset:1067,184.830839,892.830839,312.760000,79,1.760000,74.9115,D#5,619.0796,0.162540,1.000000,0.963113,0.850000,0.580000,,0.592010,1655.473,6,5,0.050000,0.300000,0.580000,0.070000,0.000000,0.120000,0.580000,0.220000,NOTE_HYPOTHESIS,shared_audio_intelligence_v0_2;spectral_peak;owner_supplied_audio
BE-003:pitch:04812,BE-003:onset:1067,184.830839,892.830839,312.760000,79,1.760000,78.9245,G5,780.5786,0.441179,0.969489,0.963113,0.834744,0.840000,,0.592010,1655.473,6,6,0.010000,0.080000,0.840000,0.070000,0.000000,0.120000,0.580000,0.220000,NOTE_HYPOTHESIS,shared_audio_intelligence_v0_2;spectral_peak;owner_supplied_audio
BE-003:pitch:04813,BE-003:onset:1068,184.993379,892.993379,313.041667,79,2.041667,78.9245,G5,780.5786,0.162540,1.000000,0.700928,0.850000,0.840000,,0.994568,1857.445,1,1,0.010000,0.080000,0.840000,0.070000,0.000000,0.120000,0.580000,0.220000,NOTE_HYPOTHESIS,shared_audio_intelligence_v0_2;spectral_peak;owner_supplied_audio
BE-003:pitch:04814,BE-003:onset:1069,185.039819,893.039819,313.125000,79,2.125000,78.9245,G5,780.5786,0.116100,1.000000,0.558625,0.850000,0.840000,,0.998997,2052.646,1,1,0.010000,0.080000,0.840000,0.070000,0.000000,0.120000,0.580000,0.220000,NOTE_HYPOTHESIS,shared_audio_intelligence_v0_2;spectral_peak;owner_supplied_audio
BE-003:pitch:04815,BE-003:onset:1070,185.155918,893.155918,313.333333,79,2.333333,74.9115,D#5,619.0796,0.208980,1.000000,1.000000,0.850000,0.580000,,0.703662,2286.832,4,1,0.050000,0.300000,0.580000,0.070000,0.000000,0.120000,0.580000,0.220000,NOTE_HYPOTHESIS,shared_audio_intelligence_v0_2;spectral_peak;owner_supplied_audio
BE-003:pitch:04816,BE-003:onset:1070,185.155918,893.155918,313.333333,79,2.333333,86.9115,D#6,1238.1592,0.162540,1.000000,1.000000,0.850000,0.840000,,0.703662,2286.832,4,2,0.010000,0.080000,0.840000,0.070000,0.000000,0.120000,0.580000,0.220000,NOTE_HYPOTHESIS,shared_audio_intelligence_v0_2;spectral_peak;owner_supplied_audio
BE-003:pitch:04817,BE-003:onset:1070,185.155918,893.155918,313.333333,79,2.333333,78.9245,G5,780.5786,0.092880,1.000000,1.000000,0.850000,0.840000,,0.703662,2286.832,4,3,0.010000,0.080000,0.840000,0.070000,0.000000,0.120000,0.580000,0.220000,NOTE_HYPOTHESIS,shared_audio_intelligence_v0_2;spectral_peak;owner_supplied_audio
BE-003:pitch:04818,BE-003:onset:1070,185.155918,893.155918,313.333333,79,2.333333,42.8047,G2,96.8994,0.417959,1.000000,1.000000,0.850000,0.760000,,0.703662,2286.832,4,4,0.760000,0.180000,0.010000,0.050000,0.480000,0.320000,0.000000,0.000000,NOTE_HYPOTHESIS,shared_audio_intelligence_v0_2;spectral_peak;owner_supplied_audio
BE-003:pitch:04819,BE-003:onset:1071,185.364898,893.364898,313.708333,79,2.708333,73.8242,D5,581.3965,0.162540,1.000000,0.698827,0.850000,0.580000,,0.408234,2710.349,4,1,0.050000,0.300000,0.580000,0.070000,0.000000,0.120000,0.580000,0.220000,NOTE_HYPOTHESIS,shared_audio_intelligence_v0_2;spectral_peak;owner_supplied_audio
BE-003:pitch:04820,BE-003:onset:1071,185.364898,893.364898,313.708333,79,2.708333,74.9115,D#5,619.0796,0.278639,1.000000,0.698827,0.850000,0.580000,,0.408234,2710.349,4,2,0.050000,0.300000,0.580000,0.070000,0.000000,0.120000,0.580000,0.220000,NOTE_HYPOTHESIS,shared_audio_intelligence_v0_2;spectral_peak;owner_supplied_audio
BE-003:pitch:04821,BE-003:onset:1071,185.364898,893.364898,313.708333,79,2.708333,64.4929,E4,339.1479,0.139320,0.951723,0.698827,0.825862,0.580000,,0.408234,2710.349,4,3,0.050000,0.300000,0.580000,0.070000,0.000000,0.450000,0.250000,0.200000,NOTE_HYPOTHESIS,shared_audio_intelligence_v0_2;spectral_peak;owner_supplied_audio
BE-003:pitch:04822,BE-003:onset:1071,185.364898,893.364898,313.708333,79,2.708333,85.9042,D6,1168.1763,0.139320,0.861564,0.698827,0.780782,0.840000,,0.408234,2710.349,4,4,0.010000,0.080000,0.840000,0.070000,0.000000,0.120000,0.580000,0.220000,NOTE_HYPOTHESIS,shared_audio_intelligence_v0_2;spectral_peak;owner_supplied_audio
BE-003:pitch:04823,BE-003:onset:1072,185.457778,893.457778,313.875000,79,2.875000,74.9115,D#5,619.0796,0.139320,1.000000,0.815352,0.850000,0.580000,,0.681575,2287.483,3,1,0.050000,0.300000,0.580000,0.070000,0.000000,0.120000,0.580000,0.220000,NOTE_HYPOTHESIS,shared_audio_intelligence_v0_2;spectral_peak;owner_supplied_audio
BE-003:pitch:04824,BE-003:onset:1072,185.457778,893.457778,313.875000,79,2.875000,73.9838,D5,586.7798,0.092880,1.000000,0.815352,0.850000,0.580000,,0.681575,2287.483,3,2,0.050000,0.300000,0.580000,0.070000,0.000000,0.120000,0.580000,0.220000,NOTE_HYPOTHESIS,shared_audio_intelligence_v0_2;spectral_peak;owner_supplied_audio
BE-003:pitch:04825,BE-003:onset:1072,185.457778,893.457778,313.875000,79,2.875000,86.9115,D#6,1238.1592,0.092880,0.923630,0.815352,0.811815,0.840000,,0.681575,2287.483,3,3,0.010000,0.080000,0.840000,0.070000,0.000000,0.120000,0.580000,0.220000,NOTE_HYPOTHESIS,shared_audio_intelligence_v0_2;spectral_peak;owner_supplied_audio
BE-003:pitch:04826,BE-003:onset:1073,185.573878,893.573878,314.090909,79,3.090909,79.9670,G#5,829.0283,0.162540,1.000000,0.687515,0.850000,0.840000,,1.000000,2141.217,3,1,0.010000,0.080000,0.840000,0.070000,0.000000,0.120000,0.580000,0.220000,NOTE_HYPOTHESIS,shared_audio_intelligence_v0_2;spectral_peak;owner_supplied_audio
BE-003:pitch:04827,BE-003:onset:1073,185.573878,893.573878,314.090909,79,3.090909,63.9344,E4,328.3813,0.255420,1.000000,0.687515,0.850000,0.520000,,1.000000,2141.217,3,2,0.250000,0.520000,0.150000,0.080000,0.000000,0.450000,0.250000,0.200000,NOTE_HYPOTHESIS,shared_audio_intelligence_v0_2;spectral_peak;owner_supplied_audio
BE-003:pitch:04828,BE-003:onset:1073,185.573878,893.573878,314.090909,79,3.090909,74.9115,D#5,619.0796,0.069660,1.000000,0.687515,0.850000,0.580000,,1.000000,2141.217,3,3,0.050000,0.300000,0.580000,0.070000,0.000000,0.120000,0.580000,0.220000,NOTE_HYPOTHESIS,shared_audio_intelligence_v0_2;spectral_peak;owner_supplied_audio
BE-003:pitch:04829,BE-003:onset:1074,185.736417,893.736417,314.409091,79,3.409091,77.9420,F#5,737.5122,0.162540,1.000000,1.000000,0.850000,0.840000,,0.989679,2188.796,1,1,0.010000,0.080000,0.840000,0.070000,0.000000,0.120000,0.580000,0.220000,NOTE_HYPOTHESIS,shared_audio_intelligence_v0_2;spectral_peak;owner_supplied_audio
BE-003:pitch:04830,BE-003:onset:1075,185.829297,893.829297,314.590909,79,3.590909,77.9420,F#5,737.5122,0.092880,1.000000,0.710482,0.850000,0.840000,,0.839076,2222.927,3,1,0.010000,0.080000,0.840000,0.070000,0.000000,0.120000,0.580000,0.220000,NOTE_HYPOTHESIS,shared_audio_intelligence_v0_2;spectral_peak;owner_supplied_audio
BE-003:pitch:04831,BE-003:onset:1075,185.829297,893.829297,314.590909,79,3.590909,76.9003,F5,694.4458,0.208980,1.000000,0.710482,0.850000,0.840000,,0.839076,2222.927,3,2,0.010000,0.080000,0.840000,0.070000,0.000000,0.120000,0.580000,0.220000,NOTE_HYPOTHESIS,shared_audio_intelligence_v0_2;spectral_peak;owner_supplied_audio
BE-003:pitch:04832,BE-003:onset:1075,185.829297,893.829297,314.590909,79,3.590909,50.4538,D3,150.7324,0.162540,0.936713,0.710482,0.818357,0.550000,,0.839076,2222.927,3,3,0.550000,0.350000,0.030000,0.070000,0.480000,0.320000,0.000000,0.000000,NOTE_HYPOTHESIS,shared_audio_intelligence_v0_2;spectral_peak;owner_supplied_audio
BE-003:pitch:04833,BE-003:onset:1076,186.015057,894.015057,314.954545,79,3.954545,74.9115,D#5,619.0796,0.208980,1.000000,0.685184,0.850000,0.580000,,0.652307,1855.179,6,1,0.050000,0.300000,0.580000,0.070000,0.000000,0.120000,0.580000,0.220000,NOTE_HYPOTHESIS,shared_audio_intelligence_v0_2;spectral_peak;owner_supplied_audio
BE-003:pitch:04834,BE-003:onset:1076,186.015057,894.015057,314.954545,79,3.954545,56.1904,G#3,209.9487,0.464399,0.991864,0.685184,0.845932,0.520000,,0.652307,1855.179,6,2,0.250000,0.520000,0.150000,0.080000,0.000000,0.450000,0.250000,0.200000,NOTE_HYPOTHESIS,shared_audio_intelligence_v0_2;spectral_peak;owner_supplied_audio
BE-003:pitch:04835,BE-003:onset:1076,186.015057,894.015057,314.954545,79,3.954545,62.7603,D#4,306.8481,0.325079,0.984562,0.685184,0.842281,0.520000,,0.652307,1855.179,6,3,0.250000,0.520000,0.150000,0.080000,0.000000,0.450000,0.250000,0.200000,NOTE_HYPOTHESIS,shared_audio_intelligence_v0_2;spectral_peak;owner_supplied_audio
BE-003:pitch:04836,BE-003:onset:1076,186.015057,894.015057,314.954545,79,3.954545,76.9003,F5,694.4458,0.139320,0.913655,0.685184,0.806828,0.840000,,0.652307,1855.179,6,4,0.010000,0.080000,0.840000,0.070000,0.000000,0.120000,0.580000,0.220000,NOTE_HYPOTHESIS,shared_audio_intelligence_v0_2;spectral_peak;owner_supplied_audio
BE-003:pitch:04837,BE-003:onset:1076,186.015057,894.015057,314.954545,79,3.954545,86.9115,D#6,1238.1592,0.208980,0.838043,0.685184,0.769021,0.840000,,0.652307,1855.179,6,5,0.010000,0.080000,0.840000,0.070000,0.000000,0.120000,0.580000,0.220000,NOTE_HYPOTHESIS,shared_audio_intelligence_v0_2;spectral_peak;owner_supplied_audio
BE-003:pitch:04838,BE-003:onset:1076,186.015057,894.015057,314.954545,79,3.954545,54.8047,G3,193.7988,0.626939,0.824615,0.685184,0.762308,0.550000,,0.652307,1855.179,6,6,0.550000,0.350000,0.030000,0.070000,0.480000,0.320000,0.000000,0.000000,NOTE_HYPOTHESIS,shared_audio_intelligence_v0_2;spectral_peak;owner_supplied_audio
BE-003:pitch:04839,BE-003:onset:1077,186.316916,894.316916,315.428571,79,4.428571,64.7656,F4,344.5312,0.208980,1.000000,1.000000,0.850000,0.580000,,0.618328,1763.736,5,1,0.050000,0.300000,0.580000,0.070000,0.000000,0.450000,0.250000,0.200000,NOTE_HYPOTHESIS,shared_audio_intelligence_v0_2;spectral_peak;owner_supplied_audio
BE-003:pitch:04840,BE-003:onset:1077,186.316916,894.316916,315.428571,79,4.428571,61.8242,D4,290.6982,0.116100,1.000000,1.000000,0.850000,0.520000,,0.618328,1763.736,5,2,0.250000,0.520000,0.150000,0.080000,0.000000,0.450000,0.250000,0.200000,NOTE_HYPOTHESIS,shared_audio_intelligence_v0_2;spectral_peak;owner_supplied_audio
BE-003:pitch:04841,BE-003:onset:1077,186.316916,894.316916,315.428571,79,4.428571,73.8242,D5,581.3965,0.116100,1.000000,1.000000,0.850000,0.580000,,0.618328,1763.736,5,3,0.050000,0.300000,0.580000,0.070000,0.000000,0.120000,0.580000,0.220000,NOTE_HYPOTHESIS,shared_audio_intelligence_v0_2;spectral_peak;owner_supplied_audio
BE-003:pitch:04842,BE-003:onset:1077,186.316916,894.316916,315.428571,79,4.428571,57.8808,A#3,231.4819,0.417959,1.000000,1.000000,0.850000,0.520000,,0.618328,1763.736,5,4,0.250000,0.520000,0.150000,0.080000,0.000000,0.450000,0.250000,0.200000,NOTE_HYPOTHESIS,shared_audio_intelligence_v0_2;spectral_peak;owner_supplied_audio
BE-003:pitch:04843,BE-003:onset:1077,186.316916,894.316916,315.428571,79,4.428571,76.9003,F5,694.4458,0.185760,0.945668,1.000000,0.822834,0.840000,,0.618328,1763.736,5,5,0.010000,0.080000,0.840000,0.070000,0.000000,0.120000,0.580000,0.220000,NOTE_HYPOTHESIS,shared_audio_intelligence_v0_2;spectral_peak;owner_supplied_audio
BE-003:pitch:04844,BE-003:onset:1078,186.572336,894.572336,315.821429,79,4.821429,73.8242,D5,581.3965,0.208980,1.000000,0.600752,0.850000,0.580000,,0.509614,1933.743,3,1,0.050000,0.300000,0.580000,0.070000,0.000000,0.120000,0.580000,0.220000,NOTE_HYPOTHESIS,shared_audio_intelligence_v0_2;spectral_peak;owner_supplied_audio
BE-003:pitch:04845,BE-003:onset:1078,186.572336,894.572336,315.821429,79,4.821429,85.9042,D6,1168.1763,0.208980,1.000000,0.600752,0.850000,0.840000,,0.509614,1933.743,3,2,0.010000,0.080000,0.840000,0.070000,0.000000,0.120000,0.580000,0.220000,NOTE_HYPOTHESIS,shared_audio_intelligence_v0_2;spectral_peak;owner_supplied_audio
BE-003:pitch:04846,BE-003:onset:1078,186.572336,894.572336,315.821429,79,4.821429,66.8047,G4,387.5977,0.116100,0.967634,0.600752,0.833817,0.580000,,0.509614,1933.743,3,3,0.050000,0.300000,0.580000,0.070000,0.000000,0.450000,0.250000,0.200000,NOTE_HYPOTHESIS,shared_audio_intelligence_v0_2;spectral_peak;owner_supplied_audio
BE-003:pitch:04847,BE-003:onset:1079,186.688435,894.688435,316.000000,80,1.000000,73.8242,D5,581.3965,0.116100,1.000000,0.959247,0.850000,0.580000,,0.448119,2733.526,4,1,0.050000,0.300000,0.580000,0.070000,0.000000,0.120000,0.580000,0.220000,NOTE_HYPOTHESIS,shared_audio_intelligence_v0_2;spectral_peak;owner_supplied_audio
BE-003:pitch:04848,BE-003:onset:1079,186.688435,894.688435,316.000000,80,1.000000,56.1904,G#3,209.9487,0.441179,1.000000,0.959247,0.850000,0.469756,,0.448119,2733.526,4,2,0.225844,0.469756,0.147290,0.157109,0.000000,0.450000,0.250000,0.200000,NOTE_HYPOTHESIS,shared_audio_intelligence_v0_2;spectral_peak;owner_supplied_audio
BE-003:pitch:04849,BE-003:onset:1079,186.688435,894.688435,316.000000,80,1.000000,85.9042,D6,1168.1763,0.116100,0.944666,0.959247,0.822333,0.840000,,0.448119,2733.526,4,3,0.010000,0.080000,0.840000,0.070000,0.000000,0.120000,0.580000,0.220000,NOTE_HYPOTHESIS,shared_audio_intelligence_v0_2;spectral_peak;owner_supplied_audio
BE-003:pitch:04850,BE-003:onset:1079,186.688435,894.688435,316.000000,80,1.000000,83.8751,C6,1038.9771,0.162540,0.933117,0.959247,0.816559,0.840000,,0.448119,2733.526,4,4,0.010000,0.080000,0.840000,0.070000,0.000000,0.120000,0.580000,0.220000,NOTE_HYPOTHESIS,shared_audio_intelligence_v0_2;spectral_peak;owner_supplied_audio
BE-003:pitch:04851,BE-003:onset:1080,186.874195,894.874195,316.320000,80,1.320000,73.9838,D5,586.7798,0.139320,1.000000,0.684055,0.850000,0.580000,,0.376519,2495.748,3,1,0.050000,0.300000,0.580000,0.070000,0.000000,0.120000,0.580000,0.220000,NOTE_HYPOTHESIS,shared_audio_intelligence_v0_2;spectral_peak;owner_supplied_audio
BE-003:pitch:04852,BE-003:onset:1080,186.874195,894.874195,316.320000,80,1.320000,56.1904,G#3,209.9487,0.255420,1.000000,0.684055,0.850000,0.520000,,0.376519,2495.748,3,2,0.250000,0.520000,0.150000,0.080000,0.000000,0.450000,0.250000,0.200000,NOTE_HYPOTHESIS,shared_audio_intelligence_v0_2;spectral_peak;owner_supplied_audio
BE-003:pitch:04853,BE-003:onset:1080,186.874195,894.874195,316.320000,80,1.320000,54.8047,G3,193.7988,0.232200,0.897444,0.684055,0.798722,0.550000,,0.376519,2495.748,3,3,0.550000,0.350000,0.030000,0.070000,0.480000,0.320000,0.000000,0.000000,NOTE_HYPOTHESIS,shared_audio_intelligence_v0_2;spectral_peak;owner_supplied_audio
BE-003:pitch:04854,BE-003:onset:1081,187.013515,895.013515,316.560000,80,1.560000,83.9645,C6,1044.3604,0.116100,1.000000,0.797048,0.850000,0.840000,,0.785531,2110.661,2,1,0.010000,0.080000,0.840000,0.070000,0.000000,0.120000,0.580000,0.220000,NOTE_HYPOTHESIS,shared_audio_intelligence_v0_2;spectral_peak;owner_supplied_audio
BE-003:pitch:04855,BE-003:onset:1081,187.013515,895.013515,316.560000,80,1.560000,82.9540,B5,985.1440,0.464399,1.000000,0.797048,0.850000,0.840000,,0.785531,2110.661,2,2,0.010000,0.080000,0.840000,0.070000,0.000000,0.120000,0.580000,0.220000,NOTE_HYPOTHESIS,shared_audio_intelligence_v0_2;spectral_peak;owner_supplied_audio
BE-003:pitch:04856,BE-003:onset:1082,187.176054,895.176054,316.840000,80,1.840000,82.9540,B5,985.1440,0.208980,1.000000,1.000000,0.850000,0.840000,,0.805094,2012.092,1,1,0.010000,0.080000,0.840000,0.070000,0.000000,0.120000,0.580000,0.220000,NOTE_HYPOTHESIS,shared_audio_intelligence_v0_2;spectral_peak;owner_supplied_audio
BE-003:pitch:04857,BE-003:onset:1083,187.268934,895.268934,317.000000,80,2.000000,82.9540,B5,985.1440,0.162540,1.000000,1.000000,0.850000,0.840000,,0.769187,2327.032,3,1,0.010000,0.080000,0.840000,0.070000,0.000000,0.120000,0.580000,0.220000,NOTE_HYPOTHESIS,shared_audio_intelligence_v0_2;spectral_peak;owner_supplied_audio
BE-003:pitch:04858,BE-003:onset:1083,187.268934,895.268934,317.000000,80,2.000000,56.1904,G#3,209.9487,0.116100,1.000000,1.000000,0.850000,0.520000,,0.769187,2327.032,3,2,0.250000,0.520000,0.150000,0.080000,0.000000,0.450000,0.250000,0.200000,NOTE_HYPOTHESIS,shared_audio_intelligence_v0_2;spectral_peak;owner_supplied_audio
BE-003:pitch:04859,BE-003:onset:1083,187.268934,895.268934,317.000000,80,2.000000,81.8808,A#5,925.9277,0.232200,0.956851,1.000000,0.828425,0.840000,,0.769187,2327.032,3,3,0.010000,0.080000,0.840000,0.070000,0.000000,0.120000,0.580000,0.220000,NOTE_HYPOTHESIS,shared_audio_intelligence_v0_2;spectral_peak;owner_supplied_audio
BE-003:pitch:04860,BE-003:onset:1084,187.477914,895.477914,317.409091,80,2.409091,64.7656,F4,344.5312,0.208980,1.000000,1.000000,0.850000,0.580000,,0.520502,2063.178,6,1,0.050000,0.300000,0.580000,0.070000,0.000000,0.450000,0.250000,0.200000,NOTE_HYPOTHESIS,shared_audio_intelligence_v0_2;spectral_peak;owner_supplied_audio
BE-003:pitch:04861,BE-003:onset:1084,187.477914,895.477914,317.409091,80,2.409091,76.9003,F5,694.4458,0.116100,1.000000,1.000000,0.850000,0.840000,,0.520502,2063.178,6,2,0.010000,0.080000,0.840000,0.070000,0.000000,0.120000,0.580000,0.220000,NOTE_HYPOTHESIS,shared_audio_intelligence_v0_2;spectral_peak;owner_supplied_audio
BE-003:pitch:04862,BE-003:onset:1084,187.477914,895.477914,317.409091,80,2.409091,61.8242,D4,290.6982,0.116100,1.000000,1.000000,0.850000,0.520000,,0.520502,2063.178,6,3,0.250000,0.520000,0.150000,0.080000,0.000000,0.450000,0.250000,0.200000,NOTE_HYPOTHESIS,shared_audio_intelligence_v0_2;spectral_peak;owner_supplied_audio
BE-003:pitch:04863,BE-003:onset:1084,187.477914,895.477914,317.409091,80,2.409091,57.0562,A3,220.7153,0.510839,0.840817,1.000000,0.770409,0.520000,,0.520502,2063.178,6,4,0.250000,0.520000,0.150000,0.080000,0.000000,0.450000,0.250000,0.200000,NOTE_HYPOTHESIS,shared_audio_intelligence_v0_2;spectral_peak;owner_supplied_audio
BE-003:pitch:04864,BE-003:onset:1084,187.477914,895.477914,317.409091,80,2.409091,88.9003,F6,1388.8916,0.139320,0.821114,1.000000,0.760557,0.840000,,0.520502,2063.178,6,5,0.010000,0.080000,0.840000,0.070000,0.000000,0.120000,0.580000,0.220000,NOTE_HYPOTHESIS,shared_audio_intelligence_v0_2;spectral_peak;owner_supplied_audio
BE-003:pitch:04865,BE-003:onset:1084,187.477914,895.477914,317.409091,80,2.409091,57.8808,A#3,231.4819,0.162540,0.805416,1.000000,0.752708,0.520000,,0.520502,2063.178,6,6,0.250000,0.520000,0.150000,0.080000,0.000000,0.450000,0.250000,0.200000,NOTE_HYPOTHESIS,shared_audio_intelligence_v0_2;spectral_peak;owner_supplied_audio
BE-003:pitch:04866,BE-003:onset:1085,187.594014,895.594014,317.636364,80,2.636364,80.9503,A5,877.4780,0.162540,1.000000,0.781201,0.850000,0.840000,,0.956927,1821.569,3,1,0.010000,0.080000,0.840000,0.070000,0.000000,0.120000,0.580000,0.220000,NOTE_HYPOTHESIS,shared_audio_intelligence_v0_2;spectral_peak;owner_supplied_audio
BE-003:pitch:04867,BE-003:onset:1085,187.594014,895.594014,317.636364,80,2.636364,59.7851,C4,258.3984,0.139320,1.000000,0.781201,0.850000,0.520000,,0.956927,1821.569,3,2,0.250000,0.520000,0.150000,0.080000,0.000000,0.450000,0.250000,0.200000,NOTE_HYPOTHESIS,shared_audio_intelligence_v0_2;spectral_peak;owner_supplied_audio
BE-003:pitch:04868,BE-003:onset:1085,187.594014,895.594014,317.636364,80,2.636364,93.0033,A6,1760.3394,0.162540,1.000000,0.781201,0.850000,0.840000,,0.956927,1821.569,3,3,0.010000,0.080000,0.840000,0.070000,0.000000,0.120000,0.580000,0.220000,NOTE_HYPOTHESIS,shared_audio_intelligence_v0_2;spectral_peak;owner_supplied_audio
BE-003:pitch:04869,BE-003:onset:1086,187.756553,895.756553,317.954545,80,2.954545,78.9245,G5,780.5786,0.185760,1.000000,0.740479,0.850000,0.840000,,0.642201,1982.181,3,1,0.010000,0.080000,0.840000,0.070000,0.000000,0.120000,0.580000,0.220000,NOTE_HYPOTHESIS,shared_audio_intelligence_v0_2;spectral_peak;owner_supplied_audio
BE-003:pitch:04870,BE-003:onset:1086,187.756553,895.756553,317.954545,80,2.954545,56.1904,G#3,209.9487,0.255420,0.968589,0.740479,0.834295,0.520000,,0.642201,1982.181,3,2,0.250000,0.520000,0.150000,0.080000,0.000000,0.450000,0.250000,0.200000,NOTE_HYPOTHESIS,shared_audio_intelligence_v0_2;spectral_peak;owner_supplied_audio
BE-003:pitch:04871,BE-003:onset:1086,187.756553,895.756553,317.954545,80,2.954545,80.9503,A5,877.4780,0.046440,0.897173,0.740479,0.798586,0.840000,,0.642201,1982.181,3,3,0.010000,0.080000,0.840000,0.070000,0.000000,0.120000,0.580000,0.220000,NOTE_HYPOTHESIS,shared_audio_intelligence_v0_2;spectral_peak;owner_supplied_audio
BE-003:pitch:04872,BE-003:onset:1087,187.895873,895.895873,318.200000,80,3.200000,76.9003,F5,694.4458,0.162540,1.000000,0.882528,0.850000,0.840000,,0.539994,2377.333,3,1,0.010000,0.080000,0.840000,0.070000,0.000000,0.120000,0.580000,0.220000,NOTE_HYPOTHESIS,shared_audio_intelligence_v0_2;spectral_peak;owner_supplied_audio
BE-003:pitch:04873,BE-003:onset:1087,187.895873,895.895873,318.200000,80,3.200000,78.9245,G5,780.5786,0.092880,1.000000,0.882528,0.850000,0.840000,,0.539994,2377.333,3,2,0.010000,0.080000,0.840000,0.070000,0.000000,0.120000,0.580000,0.220000,NOTE_HYPOTHESIS,shared_audio_intelligence_v0_2;spectral_peak;owner_supplied_audio
BE-003:pitch:04874,BE-003:onset:1087,187.895873,895.895873,318.200000,80,3.200000,88.9673,F6,1394.2749,0.162540,1.000000,0.882528,0.850000,0.840000,,0.539994,2377.333,3,3,0.010000,0.080000,0.840000,0.070000,0.000000,0.120000,0.580000,0.220000,NOTE_HYPOTHESIS,shared_audio_intelligence_v0_2;spectral_peak;owner_supplied_audio
BE-003:pitch:04875,BE-003:onset:1088,188.058413,896.058413,318.480000,80,3.480000,74.9115,D#5,619.0796,0.208980,1.000000,0.859550,0.850000,0.580000,,0.474994,2569.607,3,1,0.050000,0.300000,0.580000,0.070000,0.000000,0.120000,0.580000,0.220000,NOTE_HYPOTHESIS,shared_audio_intelligence_v0_2;spectral_peak;owner_supplied_audio
BE-003:pitch:04876,BE-003:onset:1088,188.058413,896.058413,318.480000,80,3.480000,86.9115,D#6,1238.1592,0.162540,0.906761,0.859550,0.803381,0.840000,,0.474994,2569.607,3,2,0.010000,0.080000,0.840000,0.070000,0.000000,0.120000,0.580000,0.220000,NOTE_HYPOTHESIS,shared_audio_intelligence_v0_2;spectral_peak;owner_supplied_audio
BE-003:pitch:04877,BE-003:onset:1088,188.058413,896.058413,318.480000,80,3.480000,76.9003,F5,694.4458,0.069660,0.899423,0.859550,0.799711,0.840000,,0.474994,2569.607,3,3,0.010000,0.080000,0.840000,0.070000,0.000000,0.120000,0.580000,0.220000,NOTE_HYPOTHESIS,shared_audio_intelligence_v0_2;spectral_peak;owner_supplied_audio
BE-003:pitch:04878,BE-003:onset:1089,188.174512,896.174512,318.680000,80,3.680000,73.8242,D5,581.3965,0.162540,1.000000,0.742318,0.850000,0.580000,,0.572452,2165.597,3,1,0.050000,0.300000,0.580000,0.070000,0.000000,0.120000,0.580000,0.220000,NOTE_HYPOTHESIS,shared_audio_intelligence_v0_2;spectral_peak;owner_supplied_audio
BE-003:pitch:04879,BE-003:onset:1089,188.174512,896.174512,318.680000,80,3.680000,74.9115,D#5,619.0796,0.116100,1.000000,0.742318,0.850000,0.580000,,0.572452,2165.597,3,2,0.050000,0.300000,0.580000,0.070000,0.000000,0.120000,0.580000,0.220000,NOTE_HYPOTHESIS,shared_audio_intelligence_v0_2;spectral_peak;owner_supplied_audio
BE-003:pitch:04880,BE-003:onset:1089,188.174512,896.174512,318.680000,80,3.680000,55.7407,G#3,204.5654,0.603719,0.890520,0.742318,0.795260,0.520000,,0.572452,2165.597,3,3,0.250000,0.520000,0.150000,0.080000,0.000000,0.450000,0.250000,0.200000,NOTE_HYPOTHESIS,shared_audio_intelligence_v0_2;spectral_peak;owner_supplied_audio
BE-003:pitch:04881,BE-003:onset:1090,188.337052,896.337052,318.960000,80,3.960000,57.4734,A3,226.0986,0.278639,1.000000,0.652231,0.850000,0.520000,,0.951978,1436.139,5,1,0.250000,0.520000,0.150000,0.080000,0.000000,0.450000,0.250000,0.200000,NOTE_HYPOTHESIS,shared_audio_intelligence_v0_2;spectral_peak;owner_supplied_audio
BE-003:pitch:04882,BE-003:onset:1090,188.337052,896.337052,318.960000,80,3.960000,56.1904,G#3,209.9487,0.348299,0.988284,0.652231,0.844142,0.520000,,0.951978,1436.139,5,2,0.250000,0.520000,0.150000,0.080000,0.000000,0.450000,0.250000,0.200000,NOTE_HYPOTHESIS,shared_audio_intelligence_v0_2;spectral_peak;owner_supplied_audio
BE-003:pitch:04883,BE-003:onset:1090,188.337052,896.337052,318.960000,80,3.960000,64.7656,F4,344.5312,0.371519,0.886774,0.652231,0.793387,0.580000,,0.951978,1436.139,5,3,0.050000,0.300000,0.580000,0.070000,0.000000,0.450000,0.250000,0.200000,NOTE_HYPOTHESIS,shared_audio_intelligence_v0_2;spectral_peak;owner_supplied_audio
BE-003:pitch:04884,BE-003:onset:1090,188.337052,896.337052,318.960000,80,3.960000,76.9003,F5,694.4458,0.208980,0.870095,0.652231,0.785047,0.840000,,0.951978,1436.139,5,4,0.010000,0.080000,0.840000,0.070000,0.000000,0.120000,0.580000,0.220000,NOTE_HYPOTHESIS,shared_audio_intelligence_v0_2;spectral_peak;owner_supplied_audio
BE-003:pitch:04885,BE-003:onset:1090,188.337052,896.337052,318.960000,80,3.960000,73.8242,D5,581.3965,0.162540,0.864777,0.652231,0.782389,0.580000,,0.951978,1436.139,5,5,0.050000,0.300000,0.580000,0.070000,0.000000,0.120000,0.580000,0.220000,NOTE_HYPOTHESIS,shared_audio_intelligence_v0_2;spectral_peak;owner_supplied_audio
BE-003:pitch:04886,BE-003:onset:1091,188.476372,896.476372,319.178571,80,4.178571,57.4734,A3,226.0986,0.116100,1.000000,0.589625,0.850000,0.520000,,1.000000,1430.957,2,1,0.250000,0.520000,0.150000,0.080000,0.000000,0.450000,0.250000,0.200000,NOTE_HYPOTHESIS,shared_audio_intelligence_v0_2;spectral_peak;owner_supplied_audio
BE-003:pitch:04887,BE-003:onset:1091,188.476372,896.476372,319.178571,80,4.178571,81.8808,A#5,925.9277,0.162540,0.987463,0.589625,0.843732,0.840000,,1.000000,1430.957,2,2,0.010000,0.080000,0.840000,0.070000,0.000000,0.120000,0.580000,0.220000,NOTE_HYPOTHESIS,shared_audio_intelligence_v0_2;spectral_peak;owner_supplied_audio
BE-003:pitch:04888,BE-003:onset:1092,188.662132,896.662132,319.464286,80,4.464286,72.8347,C#5,549.0967,0.162540,1.000000,1.000000,0.850000,0.580000,,0.618040,1699.805,6,1,0.050000,0.300000,0.580000,0.070000,0.000000,0.120000,0.580000,0.220000,NOTE_HYPOTHESIS,shared_audio_intelligence_v0_2;spectral_peak;owner_supplied_audio
BE-003:pitch:04889,BE-003:onset:1092,188.662132,896.662132,319.464286,80,4.464286,60.8347,C#4,274.5483,0.162540,1.000000,1.000000,0.850000,0.520000,,0.618040,1699.805,6,2,0.250000,0.520000,0.150000,0.080000,0.000000,0.450000,0.250000,0.200000,NOTE_HYPOTHESIS,shared_audio_intelligence_v0_2;spectral_peak;owner_supplied_audio
BE-003:pitch:04890,BE-003:onset:1092,188.662132,896.662132,319.464286,80,4.464286,73.8242,D5,581.3965,0.162540,1.000000,1.000000,0.850000,0.580000,,0.618040,1699.805,6,3,0.050000,0.300000,0.580000,0.070000,0.000000,0.120000,0.580000,0.220000,NOTE_HYPOTHESIS,shared_audio_intelligence_v0_2;spectral_peak;owner_supplied_audio
BE-003:pitch:04891,BE-003:onset:1092,188.662132,896.662132,319.464286,80,4.464286,66.8047,G4,387.5977,1.253878,1.000000,1.000000,0.850000,0.580000,,0.618040,1699.805,6,4,0.050000,0.300000,0.580000,0.070000,0.000000,0.450000,0.250000,0.200000,NOTE_HYPOTHESIS,shared_audio_intelligence_v0_2;spectral_peak;owner_supplied_audio
BE-003:pitch:04892,BE-003:onset:1092,188.662132,896.662132,319.464286,80,4.464286,78.8047,G5,775.1953,1.137778,0.964823,1.000000,0.832412,0.840000,,0.618040,1699.805,6,5,0.010000,0.080000,0.840000,0.070000,0.000000,0.120000,0.580000,0.220000,NOTE_HYPOTHESIS,shared_audio_intelligence_v0_2;spectral_peak;owner_supplied_audio
BE-003:pitch:04893,BE-003:onset:1092,188.662132,896.662132,319.464286,80,4.464286,84.9193,C#6,1103.5767,0.278639,0.904699,1.000000,0.802350,0.840000,,0.618040,1699.805,6,6,0.010000,0.080000,0.840000,0.070000,0.000000,0.120000,0.580000,0.220000,NOTE_HYPOTHESIS,shared_audio_intelligence_v0_2;spectral_peak;owner_supplied_audio
BE-003:pitch:04894,BE-003:onset:1093,188.731791,896.731791,319.571429,80,4.571429,73.0036,C#5,554.4800,0.116100,1.000000,0.916865,0.850000,0.580000,,0.628970,1835.221,6,1,0.050000,0.300000,0.580000,0.070000,0.000000,0.120000,0.580000,0.220000,NOTE_HYPOTHESIS,shared_audio_intelligence_v0_2;spectral_peak;owner_supplied_audio
BE-003:pitch:04895,BE-003:onset:1093,188.731791,896.731791,319.571429,80,4.571429,67.0435,G4,392.9810,1.137778,1.000000,0.916865,0.850000,0.580000,,0.628970,1835.221,6,2,0.050000,0.300000,0.580000,0.070000,0.000000,0.450000,0.250000,0.200000,NOTE_HYPOTHESIS,shared_audio_intelligence_v0_2;spectral_peak;owner_supplied_audio
BE-003:pitch:04896,BE-003:onset:1093,188.731791,896.731791,319.571429,80,4.571429,60.8347,C#4,274.5483,0.116100,1.000000,0.916865,0.850000,0.520000,,0.628970,1835.221,6,3,0.250000,0.520000,0.150000,0.080000,0.000000,0.450000,0.250000,0.200000,NOTE_HYPOTHESIS,shared_audio_intelligence_v0_2;spectral_peak;owner_supplied_audio
BE-003:pitch:04897,BE-003:onset:1093,188.731791,896.731791,319.571429,80,4.571429,73.8242,D5,581.3965,0.116100,1.000000,0.916865,0.850000,0.580000,,0.628970,1835.221,6,4,0.050000,0.300000,0.580000,0.070000,0.000000,0.120000,0.580000,0.220000,NOTE_HYPOTHESIS,shared_audio_intelligence_v0_2;spectral_peak;owner_supplied_audio
BE-003:pitch:04898,BE-003:onset:1093,188.731791,896.731791,319.571429,80,4.571429,59.7851,C4,258.3984,0.208980,1.000000,0.916865,0.850000,0.520000,,0.628970,1835.221,6,5,0.250000,0.520000,0.150000,0.080000,0.000000,0.450000,0.250000,0.200000,NOTE_HYPOTHESIS,shared_audio_intelligence_v0_2;spectral_peak;owner_supplied_audio
BE-003:pitch:04899,BE-003:onset:1093,188.731791,896.731791,319.571429,80,4.571429,78.8047,G5,775.1953,1.044898,1.000000,0.916865,0.850000,0.840000,,0.628970,1835.221,6,6,0.010000,0.080000,0.840000,0.070000,0.000000,0.120000,0.580000,0.220000,NOTE_HYPOTHESIS,shared_audio_intelligence_v0_2;spectral_peak;owner_supplied_audio
BE-003:pitch:04900,BE-003:onset:1094,189.010431,897.010431,320.000000,81,1.000000,66.8047,G4,387.5977,0.859138,1.000000,1.000000,0.850000,0.580000,,0.619070,2042.457,6,1,0.050000,0.300000,0.580000,0.070000,0.000000,0.450000,0.250000,0.200000,NOTE_HYPOTHESIS,shared_audio_intelligence_v0_2;spectral_peak;owner_supplied_audio
BE-003:pitch:04901,BE-003:onset:1094,189.010431,897.010431,320.000000,81,1.000000,74.9115,D#5,619.0796,0.255420,1.000000,1.000000,0.850000,0.580000,,0.619070,2042.457,6,2,0.050000,0.300000,0.580000,0.070000,0.000000,0.120000,0.580000,0.220000,NOTE_HYPOTHESIS,shared_audio_intelligence_v0_2;spectral_peak;owner_supplied_audio
BE-003:pitch:04902,BE-003:onset:1094,189.010431,897.010431,320.000000,81,1.000000,45.4734,A2,113.0493,0.278639,1.000000,1.000000,0.850000,0.550000,,0.619070,2042.457,6,3,0.550000,0.350000,0.030000,0.070000,0.480000,0.320000,0.000000,0.000000,NOTE_HYPOTHESIS,shared_audio_intelligence_v0_2;spectral_peak;owner_supplied_audio
BE-003:pitch:04903,BE-003:onset:1094,189.010431,897.010431,320.000000,81,1.000000,32.6287,A1,53.8330,0.487619,1.000000,1.000000,0.850000,0.760000,,0.619070,2042.457,6,4,0.760000,0.180000,0.010000,0.050000,0.480000,0.320000,0.000000,0.000000,NOTE_HYPOTHESIS,shared_audio_intelligence_v0_2;spectral_peak;owner_supplied_audio
BE-003:pitch:04904,BE-003:onset:1094,189.010431,897.010431,320.000000,81,1.000000,86.9115,D#6,1238.1592,0.162540,0.981634,1.000000,0.840817,0.840000,,0.619070,2042.457,6,5,0.010000,0.080000,0.840000,0.070000,0.000000,0.120000,0.580000,0.220000,NOTE_HYPOTHESIS,shared_audio_intelligence_v0_2;spectral_peak;owner_supplied_audio
BE-003:pitch:04905,BE-003:onset:1094,189.010431,897.010431,320.000000,81,1.000000,78.9245,G5,780.5786,0.789478,0.939490,1.000000,0.819745,0.840000,,0.619070,2042.457,6,6,0.010000,0.080000,0.840000,0.070000,0.000000,0.120000,0.580000,0.220000,NOTE_HYPOTHESIS,shared_audio_intelligence_v0_2;spectral_peak;owner_supplied_audio
BE-003:pitch:04906,BE-003:onset:1095,189.196190,897.196190,320.320000,81,1.320000,66.8047,G4,387.5977,0.603719,1.000000,1.000000,0.850000,0.580000,,0.809775,1840.431,6,1,0.050000,0.300000,0.580000,0.070000,0.000000,0.450000,0.250000,0.200000,NOTE_HYPOTHESIS,shared_audio_intelligence_v0_2;spectral_peak;owner_supplied_audio
BE-003:pitch:04907,BE-003:onset:1095,189.196190,897.196190,320.320000,81,1.320000,78.9245,G5,780.5786,0.185760,1.000000,1.000000,0.850000,0.840000,,0.809775,1840.431,6,2,0.010000,0.080000,0.840000,0.070000,0.000000,0.120000,0.580000,0.220000,NOTE_HYPOTHESIS,shared_audio_intelligence_v0_2;spectral_peak;owner_supplied_audio
BE-003:pitch:04908,BE-003:onset:1095,189.196190,897.196190,320.320000,81,1.320000,72.8347,C#5,549.0967,0.208980,1.000000,1.000000,0.850000,0.580000,,0.809775,1840.431,6,3,0.050000,0.300000,0.580000,0.070000,0.000000,0.120000,0.580000,0.220000,NOTE_HYPOTHESIS,shared_audio_intelligence_v0_2;spectral_peak;owner_supplied_audio
BE-003:pitch:04909,BE-003:onset:1095,189.196190,897.196190,320.320000,81,1.320000,32.6287,A1,53.8330,0.301859,1.000000,1.000000,0.850000,0.760000,,0.809775,1840.431,6,4,0.760000,0.180000,0.010000,0.050000,0.480000,0.320000,0.000000,0.000000,NOTE_HYPOTHESIS,shared_audio_intelligence_v0_2;spectral_peak;owner_supplied_audio
BE-003:pitch:04910,BE-003:onset:1095,189.196190,897.196190,320.320000,81,1.320000,85.9042,D6,1168.1763,0.185760,1.000000,1.000000,0.850000,0.840000,,0.809775,1840.431,6,5,0.010000,0.080000,0.840000,0.070000,0.000000,0.120000,0.580000,0.220000,NOTE_HYPOTHESIS,shared_audio_intelligence_v0_2;spectral_peak;owner_supplied_audio
BE-003:pitch:04911,BE-003:onset:1095,189.196190,897.196190,320.320000,81,1.320000,73.8242,D5,581.3965,0.255420,1.000000,1.000000,0.850000,0.580000,,0.809775,1840.431,6,6,0.050000,0.300000,0.580000,0.070000,0.000000,0.120000,0.580000,0.220000,NOTE_HYPOTHESIS,shared_audio_intelligence_v0_2;spectral_peak;owner_supplied_audio
BE-003:pitch:04912,BE-003:onset:1096,189.590930,897.590930,321.000000,81,2.000000,72.8347,C#5,549.0967,0.185760,1.000000,1.000000,0.850000,0.580000,,0.803051,2018.072,6,1,0.050000,0.300000,0.580000,0.070000,0.000000,0.120000,0.580000,0.220000,NOTE_HYPOTHESIS,shared_audio_intelligence_v0_2;spectral_peak;owner_supplied_audio
BE-003:pitch:04913,BE-003:onset:1096,189.590930,897.590930,321.000000,81,2.000000,66.8047,G4,387.5977,0.232200,1.000000,1.000000,0.850000,0.580000,,0.803051,2018.072,6,2,0.050000,0.300000,0.580000,0.070000,0.000000,0.450000,0.250000,0.200000,NOTE_HYPOTHESIS,shared_audio_intelligence_v0_2;spectral_peak;owner_supplied_audio
BE-003:pitch:04914,BE-003:onset:1096,189.590930,897.590930,321.000000,81,2.000000,74.9115,D#5,619.0796,0.255420,1.000000,1.000000,0.850000,0.580000,,0.803051,2018.072,6,3,0.050000,0.300000,0.580000,0.070000,0.000000,0.120000,0.580000,0.220000,NOTE_HYPOTHESIS,shared_audio_intelligence_v0_2;spectral_peak;owner_supplied_audio
BE-003:pitch:04915,BE-003:onset:1096,189.590930,897.590930,321.000000,81,2.000000,60.8347,C#4,274.5483,0.185760,1.000000,1.000000,0.850000,0.520000,,0.803051,2018.072,6,4,0.250000,0.520000,0.150000,0.080000,0.000000,0.450000,0.250000,0.200000,NOTE_HYPOTHESIS,shared_audio_intelligence_v0_2;spectral_peak;owner_supplied_audio
BE-003:pitch:04916,BE-003:onset:1096,189.590930,897.590930,321.000000,81,2.000000,38.4538,D2,75.3662,0.882358,1.000000,1.000000,0.850000,0.760000,,0.803051,2018.072,6,5,0.760000,0.180000,0.010000,0.050000,0.480000,0.320000,0.000000,0.000000,NOTE_HYPOTHESIS,shared_audio_intelligence_v0_2;spectral_peak;owner_supplied_audio
BE-003:pitch:04917,BE-003:onset:1096,189.590930,897.590930,321.000000,81,2.000000,73.8242,D5,581.3965,0.232200,1.000000,1.000000,0.850000,0.580000,,0.803051,2018.072,6,6,0.050000,0.300000,0.580000,0.070000,0.000000,0.120000,0.580000,0.220000,NOTE_HYPOTHESIS,shared_audio_intelligence_v0_2;spectral_peak;owner_supplied_audio
BE-003:pitch:04918,BE-003:onset:1097,189.892789,897.892789,321.619048,81,2.619048,37.1709,C#2,69.9829,0.952018,1.000000,0.767883,0.850000,0.695860,,0.402851,2787.015,3,1,0.695860,0.164809,0.009952,0.129379,0.480000,0.320000,0.000000,0.000000,NOTE_HYPOTHESIS,shared_audio_intelligence_v0_2;spectral_peak;owner_supplied_audio
BE-003:pitch:04919,BE-003:onset:1097,189.892789,897.892789,321.619048,81,2.619048,49.8242,D3,145.3491,0.325079,1.000000,0.767883,0.850000,0.501984,,0.402851,2787.015,3,2,0.501984,0.319444,0.029762,0.148810,0.480000,0.320000,0.000000,0.000000,NOTE_HYPOTHESIS,shared_audio_intelligence_v0_2;spectral_peak;owner_supplied_audio
BE-003:pitch:04920,BE-003:onset:1097,189.892789,897.892789,321.619048,81,2.619048,56.1904,G#3,209.9487,0.719819,0.872542,0.767883,0.786271,0.469756,,0.402851,2787.015,3,3,0.225844,0.469756,0.147290,0.157109,0.000000,0.450000,0.250000,0.200000,NOTE_HYPOTHESIS,shared_audio_intelligence_v0_2;spectral_peak;owner_supplied_audio
BE-003:pitch:04921,BE-003:onset:1098,190.055329,898.055329,321.952381,81,2.952381,38.4538,D2,75.3662,0.394739,1.000000,0.794897,0.850000,0.760000,,0.740213,1608.177,6,1,0.760000,0.180000,0.010000,0.050000,0.480000,0.320000,0.000000,0.000000,NOTE_HYPOTHESIS,shared_audio_intelligence_v0_2;spectral_peak;owner_supplied_audio
BE-003:pitch:04922,BE-003:onset:1098,190.055329,898.055329,321.952381,81,2.952381,77.9420,F#5,737.5122,0.325079,1.000000,0.794897,0.850000,0.840000,,0.740213,1608.177,6,2,0.010000,0.080000,0.840000,0.070000,0.000000,0.120000,0.580000,0.220000,NOTE_HYPOTHESIS,shared_audio_intelligence_v0_2;spectral_peak;owner_supplied_audio
BE-003:pitch:04923,BE-003:onset:1098,190.055329,898.055329,321.952381,81,2.952381,65.8151,F#4,366.0645,0.859138,1.000000,0.794897,0.850000,0.580000,,0.740213,1608.177,6,3,0.050000,0.300000,0.580000,0.070000,0.000000,0.450000,0.250000,0.200000,NOTE_HYPOTHESIS,shared_audio_intelligence_v0_2;spectral_peak;owner_supplied_audio
BE-003:pitch:04924,BE-003:onset:1098,190.055329,898.055329,321.952381,81,2.952381,49.8242,D3,145.3491,0.162540,1.000000,0.794897,0.850000,0.550000,,0.740213,1608.177,6,4,0.550000,0.350000,0.030000,0.070000,0.480000,0.320000,0.000000,0.000000,NOTE_HYPOTHESIS,shared_audio_intelligence_v0_2;spectral_peak;owner_supplied_audio
BE-003:pitch:04925,BE-003:onset:1098,190.055329,898.055329,321.952381,81,2.952381,84.9193,C#6,1103.5767,0.325079,1.000000,0.794897,0.850000,0.840000,,0.740213,1608.177,6,5,0.010000,0.080000,0.840000,0.070000,0.000000,0.120000,0.580000,0.220000,NOTE_HYPOTHESIS,shared_audio_intelligence_v0_2;spectral_peak;owner_supplied_audio
BE-003:pitch:04926,BE-003:onset:1098,190.055329,898.055329,321.952381,81,2.952381,56.1904,G#3,209.9487,0.487619,0.999715,0.794897,0.849857,0.520000,,0.740213,1608.177,6,6,0.250000,0.520000,0.150000,0.080000,0.000000,0.450000,0.250000,0.200000,NOTE_HYPOTHESIS,shared_audio_intelligence_v0_2;spectral_peak;owner_supplied_audio
BE-003:pitch:04927,BE-003:onset:1099,190.380408,898.380408,322.520000,81,3.520000,73.8242,D5,581.3965,0.232200,1.000000,1.000000,0.850000,0.580000,,0.762522,1736.880,6,1,0.050000,0.300000,0.580000,0.070000,0.000000,0.120000,0.580000,0.220000,NOTE_HYPOTHESIS,shared_audio_intelligence_v0_2;spectral_peak;owner_supplied_audio
BE-003:pitch:04928,BE-003:onset:1099,190.380408,898.380408,322.520000,81,3.520000,35.7851,C2,64.5996,1.532517,1.000000,1.000000,0.850000,0.760000,,0.762522,1736.880,6,2,0.760000,0.180000,0.010000,0.050000,0.480000,0.320000,0.000000,0.000000,NOTE_HYPOTHESIS,shared_audio_intelligence_v0_2;spectral_peak;owner_supplied_audio
BE-003:pitch:04929,BE-003:onset:1099,190.380408,898.380408,322.520000,81,3.520000,66.0679,F#4,371.4478,0.534059,1.000000,1.000000,0.850000,0.580000,,0.762522,1736.880,6,3,0.050000,0.300000,0.580000,0.070000,0.000000,0.450000,0.250000,0.200000,NOTE_HYPOTHESIS,shared_audio_intelligence_v0_2;spectral_peak;owner_supplied_audio
BE-003:pitch:04930,BE-003:onset:1099,190.380408,898.380408,322.520000,81,3.520000,56.1904,G#3,209.9487,0.139320,1.000000,1.000000,0.850000,0.520000,,0.762522,1736.880,6,4,0.250000,0.520000,0.150000,0.080000,0.000000,0.450000,0.250000,0.200000,NOTE_HYPOTHESIS,shared_audio_intelligence_v0_2;spectral_peak;owner_supplied_audio
BE-003:pitch:04931,BE-003:onset:1099,190.380408,898.380408,322.520000,81,3.520000,85.9042,D6,1168.1763,0.232200,0.918542,1.000000,0.809271,0.840000,,0.762522,1736.880,6,5,0.010000,0.080000,0.840000,0.070000,0.000000,0.120000,0.580000,0.220000,NOTE_HYPOTHESIS,shared_audio_intelligence_v0_2;spectral_peak;owner_supplied_audio
BE-003:pitch:04932,BE-003:onset:1099,190.380408,898.380408,322.520000,81,3.520000,54.8047,G3,193.7988,0.162540,0.905564,1.000000,0.802782,0.550000,,0.762522,1736.880,6,6,0.550000,0.350000,0.030000,0.070000,0.480000,0.320000,0.000000,0.000000,NOTE_HYPOTHESIS,shared_audio_intelligence_v0_2;spectral_peak;owner_supplied_audio
BE-003:pitch:04933,BE-003:onset:1100,190.496508,898.496508,322.720000,81,3.720000,73.8242,D5,581.3965,0.116100,1.000000,0.792189,0.850000,0.580000,,0.736917,1439.972,6,1,0.050000,0.300000,0.580000,0.070000,0.000000,0.120000,0.580000,0.220000,NOTE_HYPOTHESIS,shared_audio_intelligence_v0_2;spectral_peak;owner_supplied_audio
BE-003:pitch:04934,BE-003:onset:1100,190.496508,898.496508,322.720000,81,3.720000,65.8151,F#4,366.0645,0.371519,1.000000,0.792189,0.850000,0.580000,,0.736917,1439.972,6,2,0.050000,0.300000,0.580000,0.070000,0.000000,0.450000,0.250000,0.200000,NOTE_HYPOTHESIS,shared_audio_intelligence_v0_2;spectral_peak;owner_supplied_audio
BE-003:pitch:04935,BE-003:onset:1100,190.496508,898.496508,322.720000,81,3.720000,34.2788,A#1,59.2163,1.532517,1.000000,0.792189,0.850000,0.760000,,0.736917,1439.972,6,3,0.760000,0.180000,0.010000,0.050000,0.480000,0.320000,0.000000,0.000000,NOTE_HYPOTHESIS,shared_audio_intelligence_v0_2;spectral_peak;owner_supplied_audio
BE-003:pitch:04936,BE-003:onset:1100,190.496508,898.496508,322.720000,81,3.720000,77.9420,F#5,737.5122,0.301859,1.000000,0.792189,0.850000,0.840000,,0.736917,1439.972,6,4,0.010000,0.080000,0.840000,0.070000,0.000000,0.120000,0.580000,0.220000,NOTE_HYPOTHESIS,shared_audio_intelligence_v0_2;spectral_peak;owner_supplied_audio
BE-003:pitch:04937,BE-003:onset:1100,190.496508,898.496508,322.720000,81,3.720000,45.4734,A2,113.0493,1.532517,1.000000,0.792189,0.850000,0.550000,,0.736917,1439.972,6,5,0.550000,0.350000,0.030000,0.070000,0.480000,0.320000,0.000000,0.000000,NOTE_HYPOTHESIS,shared_audio_intelligence_v0_2;spectral_peak;owner_supplied_audio
BE-003:pitch:04938,BE-003:onset:1100,190.496508,898.496508,322.720000,81,3.720000,85.9042,D6,1168.1763,0.116100,0.971445,0.792189,0.835723,0.840000,,0.736917,1439.972,6,6,0.010000,0.080000,0.840000,0.070000,0.000000,0.120000,0.580000,0.220000,NOTE_HYPOTHESIS,shared_audio_intelligence_v0_2;spectral_peak;owner_supplied_audio
BE-003:pitch:04939,BE-003:onset:1101,190.775147,898.775147,323.208333,81,4.208333,73.9838,D5,586.7798,0.208980,1.000000,0.787023,0.850000,0.580000,,0.872375,1979.903,5,1,0.050000,0.300000,0.580000,0.070000,0.000000,0.120000,0.580000,0.220000,NOTE_HYPOTHESIS,shared_audio_intelligence_v0_2;spectral_peak;owner_supplied_audio
BE-003:pitch:04940,BE-003:onset:1101,190.775147,898.775147,323.208333,81,4.208333,44.6287,A2,107.6660,0.789478,1.000000,0.787023,0.850000,0.760000,,0.872375,1979.903,5,2,0.760000,0.180000,0.010000,0.050000,0.480000,0.320000,0.000000,0.000000,NOTE_HYPOTHESIS,shared_audio_intelligence_v0_2;spectral_peak;owner_supplied_audio
BE-003:pitch:04941,BE-003:onset:1101,190.775147,898.775147,323.208333,81,4.208333,85.9042,D6,1168.1763,0.208980,1.000000,0.787023,0.850000,0.840000,,0.872375,1979.903,5,3,0.010000,0.080000,0.840000,0.070000,0.000000,0.120000,0.580000,0.220000,NOTE_HYPOTHESIS,shared_audio_intelligence_v0_2;spectral_peak;owner_supplied_audio
BE-003:pitch:04942,BE-003:onset:1101,190.775147,898.775147,323.208333,81,4.208333,34.2788,A#1,59.2163,1.532517,1.000000,0.787023,0.850000,0.760000,,0.872375,1979.903,5,4,0.760000,0.180000,0.010000,0.050000,0.480000,0.320000,0.000000,0.000000,NOTE_HYPOTHESIS,shared_audio_intelligence_v0_2;spectral_peak;owner_supplied_audio
BE-003:pitch:04943,BE-003:onset:1101,190.775147,898.775147,323.208333,81,4.208333,65.8151,F#4,366.0645,0.139320,1.000000,0.787023,0.850000,0.580000,,0.872375,1979.903,5,5,0.050000,0.300000,0.580000,0.070000,0.000000,0.450000,0.250000,0.200000,NOTE_HYPOTHESIS,shared_audio_intelligence_v0_2;spectral_peak;owner_supplied_audio
BE-003:pitch:04944,BE-003:onset:1102,191.077007,899.077007,323.750000,81,4.750000,34.2788,A#1,59.2163,1.532517,1.000000,0.539755,0.850000,0.695860,,0.325756,2952.046,3,1,0.695860,0.164809,0.009952,0.129379,0.480000,0.320000,0.000000,0.000000,NOTE_HYPOTHESIS,shared_audio_intelligence_v0_2;spectral_peak;owner_supplied_audio
BE-003:pitch:04945,BE-003:onset:1102,191.077007,899.077007,323.750000,81,4.750000,45.4734,A2,113.0493,1.160998,1.000000,0.539755,0.850000,0.501984,,0.325756,2952.046,3,2,0.501984,0.319444,0.029762,0.148810,0.480000,0.320000,0.000000,0.000000,NOTE_HYPOTHESIS,shared_audio_intelligence_v0_2;spectral_peak;owner_supplied_audio
BE-003:pitch:04946,BE-003:onset:1102,191.077007,899.077007,323.750000,81,4.750000,43.7407,G#2,102.2827,0.069660,1.000000,0.539755,0.850000,0.695860,,0.325756,2952.046,3,3,0.695860,0.164809,0.009952,0.129379,0.480000,0.320000,0.000000,0.000000,NOTE_HYPOTHESIS,shared_audio_intelligence_v0_2;spectral_peak;owner_supplied_audio
BE-003:pitch:04947,BE-003:onset:1103,191.216327,899.216327,324.000000,82,1.000000,34.2788,A#1,59.2163,1.532517,1.000000,0.872820,0.850000,0.760000,,0.502864,1825.190,6,1,0.760000,0.180000,0.010000,0.050000,0.480000,0.320000,0.000000,0.000000,NOTE_HYPOTHESIS,shared_audio_intelligence_v0_2;spectral_peak;owner_supplied_audio
BE-003:pitch:04948,BE-003:onset:1103,191.216327,899.216327,324.000000,82,1.000000,45.4734,A2,113.0493,1.091338,1.000000,0.872820,0.850000,0.550000,,0.502864,1825.190,6,2,0.550000,0.350000,0.030000,0.070000,0.480000,0.320000,0.000000,0.000000,NOTE_HYPOTHESIS,shared_audio_intelligence_v0_2;spectral_peak;owner_supplied_audio
BE-003:pitch:04949,BE-003:onset:1103,191.216327,899.216327,324.000000,82,1.000000,64.2159,E4,333.7646,1.021678,1.000000,0.872820,0.850000,0.580000,,0.502864,1825.190,6,3,0.050000,0.300000,0.580000,0.070000,0.000000,0.450000,0.250000,0.200000,NOTE_HYPOTHESIS,shared_audio_intelligence_v0_2;spectral_peak;owner_supplied_audio
BE-003:pitch:04950,BE-003:onset:1103,191.216327,899.216327,324.000000,82,1.000000,57.4734,A3,226.0986,0.464399,0.963578,0.872820,0.831789,0.520000,,0.502864,1825.190,6,4,0.250000,0.520000,0.150000,0.080000,0.000000,0.450000,0.250000,0.200000,NOTE_HYPOTHESIS,shared_audio_intelligence_v0_2;spectral_peak;owner_supplied_audio
BE-003:pitch:04951,BE-003:onset:1103,191.216327,899.216327,324.000000,82,1.000000,56.1904,G#3,209.9487,0.139320,0.913207,0.872820,0.806604,0.520000,,0.502864,1825.190,6,5,0.250000,0.520000,0.150000,0.080000,0.000000,0.450000,0.250000,0.200000,NOTE_HYPOTHESIS,shared_audio_intelligence_v0_2;spectral_peak;owner_supplied_audio
BE-003:pitch:04952,BE-003:onset:1103,191.216327,899.216327,324.000000,82,1.000000,85.7439,D6,1157.4097,0.162540,0.824925,0.872820,0.762462,0.840000,,0.502864,1825.190,6,6,0.010000,0.080000,0.840000,0.070000,0.000000,0.120000,0.580000,0.220000,NOTE_HYPOTHESIS,shared_audio_intelligence_v0_2;spectral_peak;owner_supplied_audio
BE-003:pitch:04953,BE-003:onset:1104,191.518186,899.518186,324.520000,82,1.520000,34.2788,A#1,59.2163,1.532517,1.000000,0.729271,0.850000,0.760000,,0.440790,2251.165,6,1,0.760000,0.180000,0.010000,0.050000,0.480000,0.320000,0.000000,0.000000,NOTE_HYPOTHESIS,shared_audio_intelligence_v0_2;spectral_peak;owner_supplied_audio
BE-003:pitch:04954,BE-003:onset:1104,191.518186,899.518186,324.520000,82,1.520000,56.1904,G#3,209.9487,0.139320,1.000000,0.729271,0.850000,0.520000,,0.440790,2251.165,6,2,0.250000,0.520000,0.150000,0.080000,0.000000,0.450000,0.250000,0.200000,NOTE_HYPOTHESIS,shared_audio_intelligence_v0_2;spectral_peak;owner_supplied_audio
BE-003:pitch:04955,BE-003:onset:1104,191.518186,899.518186,324.520000,82,1.520000,63.6483,E4,322.9980,0.743039,0.934174,0.729271,0.817087,0.520000,,0.440790,2251.165,6,3,0.250000,0.520000,0.150000,0.080000,0.000000,0.450000,0.250000,0.200000,NOTE_HYPOTHESIS,shared_audio_intelligence_v0_2;spectral_peak;owner_supplied_audio
BE-003:pitch:04956,BE-003:onset:1104,191.518186,899.518186,324.520000,82,1.520000,45.4734,A2,113.0493,0.789478,0.920649,0.729271,0.810325,0.550000,,0.440790,2251.165,6,4,0.550000,0.350000,0.030000,0.070000,0.480000,0.320000,0.000000,0.000000,NOTE_HYPOTHESIS,shared_audio_intelligence_v0_2;spectral_peak;owner_supplied_audio
BE-003:pitch:04957,BE-003:onset:1104,191.518186,899.518186,324.520000,82,1.520000,57.4734,A3,226.0986,0.162540,0.885536,0.729271,0.792768,0.520000,,0.440790,2251.165,6,5,0.250000,0.520000,0.150000,0.080000,0.000000,0.450000,0.250000,0.200000,NOTE_HYPOTHESIS,shared_audio_intelligence_v0_2;spectral_peak;owner_supplied_audio
BE-003:pitch:04958,BE-003:onset:1104,191.518186,899.518186,324.520000,82,1.520000,52.7656,F3,172.2656,0.696599,0.865570,0.729271,0.782785,0.550000,,0.440790,2251.165,6,6,0.550000,0.350000,0.030000,0.070000,0.480000,0.320000,0.000000,0.000000,NOTE_HYPOTHESIS,shared_audio_intelligence_v0_2;spectral_peak;owner_supplied_audio
BE-003:pitch:04959,BE-003:onset:1105,191.634286,899.634286,324.720000,82,1.720000,44.6287,A2,107.6660,0.650159,1.000000,0.691842,0.850000,0.760000,,0.535337,2118.015,6,1,0.760000,0.180000,0.010000,0.050000,0.480000,0.320000,0.000000,0.000000,NOTE_HYPOTHESIS,shared_audio_intelligence_v0_2;spectral_peak;owner_supplied_audio
BE-003:pitch:04960,BE-003:onset:1105,191.634286,899.634286,324.720000,82,1.720000,63.6483,E4,322.9980,0.534059,1.000000,0.691842,0.850000,0.520000,,0.535337,2118.015,6,2,0.250000,0.520000,0.150000,0.080000,0.000000,0.450000,0.250000,0.200000,NOTE_HYPOTHESIS,shared_audio_intelligence_v0_2;spectral_peak;owner_supplied_audio
BE-003:pitch:04961,BE-003:onset:1105,191.634286,899.634286,324.720000,82,1.720000,34.2788,A#1,59.2163,1.532517,0.973557,0.691842,0.836779,0.760000,,0.535337,2118.015,6,3,0.760000,0.180000,0.010000,0.050000,0.480000,0.320000,0.000000,0.000000,NOTE_HYPOTHESIS,shared_audio_intelligence_v0_2;spectral_peak;owner_supplied_audio
BE-003:pitch:04962,BE-003:onset:1105,191.634286,899.634286,324.720000,82,1.720000,64.4929,E4,339.1479,0.580499,0.892181,0.691842,0.796091,0.580000,,0.535337,2118.015,6,4,0.050000,0.300000,0.580000,0.070000,0.000000,0.450000,0.250000,0.200000,NOTE_HYPOTHESIS,shared_audio_intelligence_v0_2;spectral_peak;owner_supplied_audio
BE-003:pitch:04963,BE-003:onset:1105,191.634286,899.634286,324.720000,82,1.720000,71.9645,C5,522.1802,0.185760,0.888910,0.691842,0.794455,0.580000,,0.535337,2118.015,6,5,0.050000,0.300000,0.580000,0.070000,0.000000,0.120000,0.580000,0.220000,NOTE_HYPOTHESIS,shared_audio_intelligence_v0_2;spectral_peak;owner_supplied_audio
BE-003:pitch:04964,BE-003:onset:1105,191.634286,899.634286,324.720000,82,1.720000,83.8751,C6,1038.9771,0.092880,0.856577,0.691842,0.778288,0.840000,,0.535337,2118.015,6,6,0.010000,0.080000,0.840000,0.070000,0.000000,0.120000,0.580000,0.220000,NOTE_HYPOTHESIS,shared_audio_intelligence_v0_2;spectral_peak;owner_supplied_audio
BE-003:pitch:04965,BE-003:onset:1106,191.727166,899.727166,324.880000,82,1.880000,45.4734,A2,113.0493,0.464399,1.000000,0.675766,0.850000,0.550000,,0.628140,1866.132,6,1,0.550000,0.350000,0.030000,0.070000,0.480000,0.320000,0.000000,0.000000,NOTE_HYPOTHESIS,shared_audio_intelligence_v0_2;spectral_peak;owner_supplied_audio
BE-003:pitch:04966,BE-003:onset:1106,191.727166,899.727166,324.880000,82,1.880000,63.9344,E4,328.3813,0.441179,1.000000,0.675766,0.850000,0.520000,,0.628140,1866.132,6,2,0.250000,0.520000,0.150000,0.080000,0.000000,0.450000,0.250000,0.200000,NOTE_HYPOTHESIS,shared_audio_intelligence_v0_2;spectral_peak;owner_supplied_audio
BE-003:pitch:04967,BE-003:onset:1106,191.727166,899.727166,324.880000,82,1.880000,32.6287,A1,53.8330,1.532517,1.000000,0.675766,0.850000,0.760000,,0.628140,1866.132,6,3,0.760000,0.180000,0.010000,0.050000,0.480000,0.320000,0.000000,0.000000,NOTE_HYPOTHESIS,shared_audio_intelligence_v0_2;spectral_peak;owner_supplied_audio
BE-003:pitch:04968,BE-003:onset:1106,191.727166,899.727166,324.880000,82,1.880000,61.8242,D4,290.6982,0.116100,1.000000,0.675766,0.850000,0.520000,,0.628140,1866.132,6,4,0.250000,0.520000,0.150000,0.080000,0.000000,0.450000,0.250000,0.200000,NOTE_HYPOTHESIS,shared_audio_intelligence_v0_2;spectral_peak;owner_supplied_audio
BE-003:pitch:04969,BE-003:onset:1106,191.727166,899.727166,324.880000,82,1.880000,73.8242,D5,581.3965,0.116100,1.000000,0.675766,0.850000,0.580000,,0.628140,1866.132,6,5,0.050000,0.300000,0.580000,0.070000,0.000000,0.120000,0.580000,0.220000,NOTE_HYPOTHESIS,shared_audio_intelligence_v0_2;spectral_peak;owner_supplied_audio
BE-003:pitch:04970,BE-003:onset:1106,191.727166,899.727166,324.880000,82,1.880000,52.2159,E3,166.8823,0.510839,0.880924,0.675766,0.790462,0.550000,,0.628140,1866.132,6,6,0.550000,0.350000,0.030000,0.070000,0.480000,0.320000,0.000000,0.000000,NOTE_HYPOTHESIS,shared_audio_intelligence_v0_2;spectral_peak;owner_supplied_audio
BE-003:pitch:04971,BE-003:onset:1107,191.936145,899.936145,325.240000,82,2.240000,83.8751,C6,1038.9771,0.162540,1.000000,0.721060,0.850000,0.840000,,0.717057,1867.485,5,1,0.010000,0.080000,0.840000,0.070000,0.000000,0.120000,0.580000,0.220000,NOTE_HYPOTHESIS,shared_audio_intelligence_v0_2;spectral_peak;owner_supplied_audio
BE-003:pitch:04972,BE-003:onset:1107,191.936145,899.936145,325.240000,82,2.240000,44.6287,A2,107.6660,0.348299,1.000000,0.721060,0.850000,0.760000,,0.717057,1867.485,5,2,0.760000,0.180000,0.010000,0.050000,0.480000,0.320000,0.000000,0.000000,NOTE_HYPOTHESIS,shared_audio_intelligence_v0_2;spectral_peak;owner_supplied_audio
BE-003:pitch:04973,BE-003:onset:1107,191.936145,899.936145,325.240000,82,2.240000,32.6287,A1,53.8330,1.532517,1.000000,0.721060,0.850000,0.760000,,0.717057,1867.485,5,3,0.760000,0.180000,0.010000,0.050000,0.480000,0.320000,0.000000,0.000000,NOTE_HYPOTHESIS,shared_audio_intelligence_v0_2;spectral_peak;owner_supplied_audio
BE-003:pitch:04974,BE-003:onset:1107,191.936145,899.936145,325.240000,82,2.240000,71.9645,C5,522.1802,0.255420,1.000000,0.721060,0.850000,0.580000,,0.717057,1867.485,5,4,0.050000,0.300000,0.580000,0.070000,0.000000,0.120000,0.580000,0.220000,NOTE_HYPOTHESIS,shared_audio_intelligence_v0_2;spectral_peak;owner_supplied_audio
BE-003:pitch:04975,BE-003:onset:1107,191.936145,899.936145,325.240000,82,2.240000,63.9344,E4,328.3813,0.255420,1.000000,0.721060,0.850000,0.520000,,0.717057,1867.485,5,5,0.250000,0.520000,0.150000,0.080000,0.000000,0.450000,0.250000,0.200000,NOTE_HYPOTHESIS,shared_audio_intelligence_v0_2;spectral_peak;owner_supplied_audio
BE-003:pitch:04976,BE-003:onset:1108,192.191565,900.191565,325.680000,82,2.680000,42.8047,G2,96.8994,0.185760,1.000000,0.532969,0.850000,0.760000,,0.435411,2490.486,4,1,0.760000,0.180000,0.010000,0.050000,0.480000,0.320000,0.000000,0.000000,NOTE_HYPOTHESIS,shared_audio_intelligence_v0_2;spectral_peak;owner_supplied_audio
BE-003:pitch:04977,BE-003:onset:1108,192.191565,900.191565,325.680000,82,2.680000,34.2788,A#1,59.2163,1.532517,1.000000,0.532969,0.850000,0.760000,,0.435411,2490.486,4,2,0.760000,0.180000,0.010000,0.050000,0.480000,0.320000,0.000000,0.000000,NOTE_HYPOTHESIS,shared_audio_intelligence_v0_2;spectral_peak;owner_supplied_audio
BE-003:pitch:04978,BE-003:onset:1108,192.191565,900.191565,325.680000,82,2.680000,49.8242,D3,145.3491,0.371519,0.960001,0.532969,0.830000,0.550000,,0.435411,2490.486,4,3,0.550000,0.350000,0.030000,0.070000,0.480000,0.320000,0.000000,0.000000,NOTE_HYPOTHESIS,shared_audio_intelligence_v0_2;spectral_peak;owner_supplied_audio
BE-003:pitch:04979,BE-003:onset:1108,192.191565,900.191565,325.680000,82,2.680000,47.0483,B2,123.8159,0.116100,0.904472,0.532969,0.802236,0.550000,,0.435411,2490.486,4,4,0.550000,0.350000,0.030000,0.070000,0.480000,0.320000,0.000000,0.000000,NOTE_HYPOTHESIS,shared_audio_intelligence_v0_2;spectral_peak;owner_supplied_audio
BE-003:pitch:04980,BE-003:onset:1109,192.377324,900.377324,326.000000,82,3.000000,63.9344,E4,328.3813,0.139320,1.000000,0.987011,0.850000,0.520000,,0.558226,1759.708,6,1,0.250000,0.520000,0.150000,0.080000,0.000000,0.450000,0.250000,0.200000,NOTE_HYPOTHESIS,shared_audio_intelligence_v0_2;spectral_peak;owner_supplied_audio
BE-003:pitch:04981,BE-003:onset:1109,192.377324,900.377324,326.000000,82,3.000000,34.2788,A#1,59.2163,1.532517,1.000000,0.987011,0.850000,0.760000,,0.558226,1759.708,6,2,0.760000,0.180000,0.010000,0.050000,0.480000,0.320000,0.000000,0.000000,NOTE_HYPOTHESIS,shared_audio_intelligence_v0_2;spectral_peak;owner_supplied_audio
BE-003:pitch:04982,BE-003:onset:1109,192.377324,900.377324,326.000000,82,3.000000,41.8151,F#2,91.5161,1.532517,0.908745,0.987011,0.804372,0.760000,,0.558226,1759.708,6,3,0.760000,0.180000,0.010000,0.050000,0.480000,0.320000,0.000000,0.000000,NOTE_HYPOTHESIS,shared_audio_intelligence_v0_2;spectral_peak;owner_supplied_audio
BE-003:pitch:04983,BE-003:onset:1109,192.377324,900.377324,326.000000,82,3.000000,68.8438,A4,436.0474,0.325079,0.885636,0.987011,0.792818,0.580000,,0.558226,1759.708,6,4,0.050000,0.300000,0.580000,0.070000,0.000000,0.450000,0.250000,0.200000,NOTE_HYPOTHESIS,shared_audio_intelligence_v0_2;spectral_peak;owner_supplied_audio
BE-003:pitch:04984,BE-003:onset:1109,192.377324,900.377324,326.000000,82,3.000000,49.8242,D3,145.3491,0.371519,0.879996,0.987011,0.789998,0.550000,,0.558226,1759.708,6,5,0.550000,0.350000,0.030000,0.070000,0.480000,0.320000,0.000000,0.000000,NOTE_HYPOTHESIS,shared_audio_intelligence_v0_2;spectral_peak;owner_supplied_audio
BE-003:pitch:04985,BE-003:onset:1109,192.377324,900.377324,326.000000,82,3.000000,56.1904,G#3,209.9487,0.603719,0.853318,0.987011,0.776659,0.520000,,0.558226,1759.708,6,6,0.250000,0.520000,0.150000,0.080000,0.000000,0.450000,0.250000,0.200000,NOTE_HYPOTHESIS,shared_audio_intelligence_v0_2;spectral_peak;owner_supplied_audio
BE-003:pitch:04986,BE-003:onset:1110,192.493424,900.493424,326.200000,82,3.200000,34.2788,A#1,59.2163,1.369977,1.000000,0.760881,0.850000,0.760000,,0.632438,2001.016,6,1,0.760000,0.180000,0.010000,0.050000,0.480000,0.320000,0.000000,0.000000,NOTE_HYPOTHESIS,shared_audio_intelligence_v0_2;spectral_peak;owner_supplied_audio
BE-003:pitch:04987,BE-003:onset:1110,192.493424,900.493424,326.200000,82,3.200000,45.4734,A2,113.0493,1.114558,1.000000,0.760881,0.850000,0.550000,,0.632438,2001.016,6,2,0.550000,0.350000,0.030000,0.070000,0.480000,0.320000,0.000000,0.000000,NOTE_HYPOTHESIS,shared_audio_intelligence_v0_2;spectral_peak;owner_supplied_audio
BE-003:pitch:04988,BE-003:onset:1110,192.493424,900.493424,326.200000,82,3.200000,81.8808,A#5,925.9277,0.185760,1.000000,0.760881,0.850000,0.840000,,0.632438,2001.016,6,3,0.010000,0.080000,0.840000,0.070000,0.000000,0.120000,0.580000,0.220000,NOTE_HYPOTHESIS,shared_audio_intelligence_v0_2;spectral_peak;owner_supplied_audio
BE-003:pitch:04989,BE-003:onset:1110,192.493424,900.493424,326.200000,82,3.200000,69.8808,A#4,462.9639,0.626939,1.000000,0.760881,0.850000,0.580000,,0.632438,2001.016,6,4,0.050000,0.300000,0.580000,0.070000,0.000000,0.450000,0.250000,0.200000,NOTE_HYPOTHESIS,shared_audio_intelligence_v0_2;spectral_peak;owner_supplied_audio
BE-003:pitch:04990,BE-003:onset:1110,192.493424,900.493424,326.200000,82,3.200000,68.8438,A4,436.0474,0.162540,1.000000,0.760881,0.850000,0.580000,,0.632438,2001.016,6,5,0.050000,0.300000,0.580000,0.070000,0.000000,0.450000,0.250000,0.200000,NOTE_HYPOTHESIS,shared_audio_intelligence_v0_2;spectral_peak;owner_supplied_audio
BE-003:pitch:04991,BE-003:onset:1110,192.493424,900.493424,326.200000,82,3.200000,43.7407,G#2,102.2827,1.509297,1.000000,0.760881,0.850000,0.760000,,0.632438,2001.016,6,6,0.760000,0.180000,0.010000,0.050000,0.480000,0.320000,0.000000,0.000000,NOTE_HYPOTHESIS,shared_audio_intelligence_v0_2;spectral_peak;owner_supplied_audio
BE-003:pitch:04992,BE-003:onset:1111,192.655964,900.655964,326.480000,82,3.480000,34.2788,A#1,59.2163,1.253878,1.000000,0.734182,0.850000,0.760000,,0.670460,2253.145,6,1,0.760000,0.180000,0.010000,0.050000,0.480000,0.320000,0.000000,0.000000,NOTE_HYPOTHESIS,shared_audio_intelligence_v0_2;spectral_peak;owner_supplied_audio
BE-003:pitch:04993,BE-003:onset:1111,192.655964,900.655964,326.480000,82,3.480000,83.8751,C6,1038.9771,0.208980,1.000000,0.734182,0.850000,0.840000,,0.670460,2253.145,6,2,0.010000,0.080000,0.840000,0.070000,0.000000,0.120000,0.580000,0.220000,NOTE_HYPOTHESIS,shared_audio_intelligence_v0_2;spectral_peak;owner_supplied_audio
BE-003:pitch:04994,BE-003:onset:1111,192.655964,900.655964,326.480000,82,3.480000,45.4734,A2,113.0493,0.998458,1.000000,0.734182,0.850000,0.550000,,0.670460,2253.145,6,3,0.550000,0.350000,0.030000,0.070000,0.480000,0.320000,0.000000,0.000000,NOTE_HYPOTHESIS,shared_audio_intelligence_v0_2;spectral_peak;owner_supplied_audio
BE-003:pitch:04995,BE-003:onset:1111,192.655964,900.655964,326.480000,82,3.480000,56.1904,G#3,209.9487,0.116100,1.000000,0.734182,0.850000,0.520000,,0.670460,2253.145,6,4,0.250000,0.520000,0.150000,0.080000,0.000000,0.450000,0.250000,0.200000,NOTE_HYPOTHESIS,shared_audio_intelligence_v0_2;spectral_peak;owner_supplied_audio
BE-003:pitch:04996,BE-003:onset:1111,192.655964,900.655964,326.480000,82,3.480000,71.7851,C5,516.7969,0.325079,1.000000,0.734182,0.850000,0.580000,,0.670460,2253.145,6,5,0.050000,0.300000,0.580000,0.070000,0.000000,0.120000,0.580000,0.220000,NOTE_HYPOTHESIS,shared_audio_intelligence_v0_2;spectral_peak;owner_supplied_audio
BE-003:pitch:04997,BE-003:onset:1111,192.655964,900.655964,326.480000,82,3.480000,69.8808,A#4,462.9639,0.510839,0.946071,0.734182,0.823036,0.580000,,0.670460,2253.145,6,6,0.050000,0.300000,0.580000,0.070000,0.000000,0.450000,0.250000,0.200000,NOTE_HYPOTHESIS,shared_audio_intelligence_v0_2;spectral_peak;owner_supplied_audio
BE-003:pitch:04998,BE-003:onset:1112,192.818503,900.818503,326.760000,82,3.760000,39.6483,E2,80.7495,0.232200,1.000000,0.850725,0.850000,0.760000,,0.663642,1872.639,6,1,0.760000,0.180000,0.010000,0.050000,0.480000,0.320000,0.000000,0.000000,NOTE_HYPOTHESIS,shared_audio_intelligence_v0_2;spectral_peak;owner_supplied_audio
BE-003:pitch:04999,BE-003:onset:1112,192.818503,900.818503,326.760000,82,3.760000,81.8808,A#5,925.9277,0.162540,1.000000,0.850725,0.850000,0.840000,,0.663642,1872.639,6,2,0.010000,0.080000,0.840000,0.070000,0.000000,0.120000,0.580000,0.220000,NOTE_HYPOTHESIS,shared_audio_intelligence_v0_2;spectral_peak;owner_supplied_audio
BE-003:pitch:05000,BE-003:onset:1112,192.818503,900.818503,326.760000,82,3.760000,71.9645,C5,522.1802,0.139320,1.000000,0.850725,0.850000,0.580000,,0.663642,1872.639,6,3,0.050000,0.300000,0.580000,0.070000,0.000000,0.120000,0.580000,0.220000,NOTE_HYPOTHESIS,shared_audio_intelligence_v0_2;spectral_peak;owner_supplied_audio
BE-003:pitch:05001,BE-003:onset:1112,192.818503,900.818503,326.760000,82,3.760000,47.0483,B2,123.8159,0.812698,1.000000,0.850725,0.850000,0.550000,,0.663642,1872.639,6,4,0.550000,0.350000,0.030000,0.070000,0.480000,0.320000,0.000000,0.000000,NOTE_HYPOTHESIS,shared_audio_intelligence_v0_2;spectral_peak;owner_supplied_audio
BE-003:pitch:05002,BE-003:onset:1112,192.818503,900.818503,326.760000,82,3.760000,44.6287,A2,107.6660,0.952018,1.000000,0.850725,0.850000,0.760000,,0.663642,1872.639,6,5,0.760000,0.180000,0.010000,0.050000,0.480000,0.320000,0.000000,0.000000,NOTE_HYPOTHESIS,shared_audio_intelligence_v0_2;spectral_peak;owner_supplied_audio
BE-003:pitch:05003,BE-003:onset:1112,192.818503,900.818503,326.760000,82,3.760000,69.8808,A#4,462.9639,0.325079,1.000000,0.850725,0.850000,0.580000,,0.663642,1872.639,6,6,0.050000,0.300000,0.580000,0.070000,0.000000,0.450000,0.250000,0.200000,NOTE_HYPOTHESIS,shared_audio_intelligence_v0_2;spectral_peak;owner_supplied_audio
BE-003:pitch:05004,BE-003:onset:1113,192.957823,900.957823,327.000000,82,4.000000,39.6483,E2,80.7495,0.092880,1.000000,0.713265,0.850000,0.760000,,0.647343,1696.846,6,1,0.760000,0.180000,0.010000,0.050000,0.480000,0.320000,0.000000,0.000000,NOTE_HYPOTHESIS,shared_audio_intelligence_v0_2;spectral_peak;owner_supplied_audio
BE-003:pitch:05005,BE-003:onset:1113,192.957823,900.957823,327.000000,82,4.000000,63.9344,E4,328.3813,0.116100,1.000000,0.713265,0.850000,0.520000,,0.647343,1696.846,6,2,0.250000,0.520000,0.150000,0.080000,0.000000,0.450000,0.250000,0.200000,NOTE_HYPOTHESIS,shared_audio_intelligence_v0_2;spectral_peak;owner_supplied_audio
BE-003:pitch:05006,BE-003:onset:1113,192.957823,900.957823,327.000000,82,4.000000,69.8808,A#4,462.9639,0.208980,1.000000,0.713265,0.850000,0.580000,,0.647343,1696.846,6,3,0.050000,0.300000,0.580000,0.070000,0.000000,0.450000,0.250000,0.200000,NOTE_HYPOTHESIS,shared_audio_intelligence_v0_2;spectral_peak;owner_supplied_audio
BE-003:pitch:05007,BE-003:onset:1113,192.957823,900.957823,327.000000,82,4.000000,44.6287,A2,107.6660,0.835918,0.994183,0.713265,0.847091,0.760000,,0.647343,1696.846,6,4,0.760000,0.180000,0.010000,0.050000,0.480000,0.320000,0.000000,0.000000,NOTE_HYPOTHESIS,shared_audio_intelligence_v0_2;spectral_peak;owner_supplied_audio
BE-003:pitch:05008,BE-003:onset:1113,192.957823,900.957823,327.000000,82,4.000000,32.6287,A1,53.8330,1.137778,0.975838,0.713265,0.837919,0.760000,,0.647343,1696.846,6,5,0.760000,0.180000,0.010000,0.050000,0.480000,0.320000,0.000000,0.000000,NOTE_HYPOTHESIS,shared_audio_intelligence_v0_2;spectral_peak;owner_supplied_audio
BE-003:pitch:05009,BE-003:onset:1113,192.957823,900.957823,327.000000,82,4.000000,68.8438,A4,436.0474,0.255420,0.942377,0.713265,0.821189,0.580000,,0.647343,1696.846,6,6,0.050000,0.300000,0.580000,0.070000,0.000000,0.450000,0.250000,0.200000,NOTE_HYPOTHESIS,shared_audio_intelligence_v0_2;spectral_peak;owner_supplied_audio
BE-003:pitch:05010,BE-003:onset:1114,193.097143,901.097143,327.250000,82,4.250000,66.8047,G4,387.5977,0.301859,1.000000,0.705813,0.850000,0.580000,,0.705358,1884.171,6,1,0.050000,0.300000,0.580000,0.070000,0.000000,0.450000,0.250000,0.200000,NOTE_HYPOTHESIS,shared_audio_intelligence_v0_2;spectral_peak;owner_supplied_audio
BE-003:pitch:05011,BE-003:onset:1114,193.097143,901.097143,327.250000,82,4.250000,34.2788,A#1,59.2163,0.766259,1.000000,0.705813,0.850000,0.760000,,0.705358,1884.171,6,2,0.760000,0.180000,0.010000,0.050000,0.480000,0.320000,0.000000,0.000000,NOTE_HYPOTHESIS,shared_audio_intelligence_v0_2;spectral_peak;owner_supplied_audio
BE-003:pitch:05012,BE-003:onset:1114,193.097143,901.097143,327.250000,82,4.250000,78.9245,G5,780.5786,0.185760,1.000000,0.705813,0.850000,0.840000,,0.705358,1884.171,6,3,0.010000,0.080000,0.840000,0.070000,0.000000,0.120000,0.580000,0.220000,NOTE_HYPOTHESIS,shared_audio_intelligence_v0_2;spectral_peak;owner_supplied_audio
BE-003:pitch:05013,BE-003:onset:1114,193.097143,901.097143,327.250000,82,4.250000,45.4734,A2,113.0493,0.557279,1.000000,0.705813,0.850000,0.550000,,0.705358,1884.171,6,4,0.550000,0.350000,0.030000,0.070000,0.480000,0.320000,0.000000,0.000000,NOTE_HYPOTHESIS,shared_audio_intelligence_v0_2;spectral_peak;owner_supplied_audio
BE-003:pitch:05014,BE-003:onset:1114,193.097143,901.097143,327.250000,82,4.250000,85.9042,D6,1168.1763,0.139320,1.000000,0.705813,0.850000,0.840000,,0.705358,1884.171,6,5,0.010000,0.080000,0.840000,0.070000,0.000000,0.120000,0.580000,0.220000,NOTE_HYPOTHESIS,shared_audio_intelligence_v0_2;spectral_peak;owner_supplied_audio
BE-003:pitch:05015,BE-003:onset:1114,193.097143,901.097143,327.250000,82,4.250000,43.7407,G#2,102.2827,0.928798,0.997741,0.705813,0.848870,0.760000,,0.705358,1884.171,6,6,0.760000,0.180000,0.010000,0.050000,0.480000,0.320000,0.000000,0.000000,NOTE_HYPOTHESIS,shared_audio_intelligence_v0_2;spectral_peak;owner_supplied_audio
BE-003:pitch:05016,BE-003:onset:1115,193.352562,901.352562,327.708333,82,4.708333,44.6287,A2,107.6660,0.325079,1.000000,0.665142,0.850000,0.760000,,0.564304,2386.632,6,1,0.760000,0.180000,0.010000,0.050000,0.480000,0.320000,0.000000,0.000000,NOTE_HYPOTHESIS,shared_audio_intelligence_v0_2;spectral_peak;owner_supplied_audio
BE-003:pitch:05017,BE-003:onset:1115,193.352562,901.352562,327.708333,82,4.708333,34.2788,A#1,59.2163,0.580499,1.000000,0.665142,0.850000,0.760000,,0.564304,2386.632,6,2,0.760000,0.180000,0.010000,0.050000,0.480000,0.320000,0.000000,0.000000,NOTE_HYPOTHESIS,shared_audio_intelligence_v0_2;spectral_peak;owner_supplied_audio
BE-003:pitch:05018,BE-003:onset:1115,193.352562,901.352562,327.708333,82,4.708333,66.8047,G4,387.5977,0.116100,1.000000,0.665142,0.850000,0.580000,,0.564304,2386.632,6,3,0.050000,0.300000,0.580000,0.070000,0.000000,0.450000,0.250000,0.200000,NOTE_HYPOTHESIS,shared_audio_intelligence_v0_2;spectral_peak;owner_supplied_audio
BE-003:pitch:05019,BE-003:onset:1115,193.352562,901.352562,327.708333,82,4.708333,47.0483,B2,123.8159,0.278639,1.000000,0.665142,0.850000,0.550000,,0.564304,2386.632,6,4,0.550000,0.350000,0.030000,0.070000,0.480000,0.320000,0.000000,0.000000,NOTE_HYPOTHESIS,shared_audio_intelligence_v0_2;spectral_peak;owner_supplied_audio
BE-003:pitch:05020,BE-003:onset:1115,193.352562,901.352562,327.708333,82,4.708333,41.8151,F#2,91.5161,0.975238,0.991068,0.665142,0.845534,0.760000,,0.564304,2386.632,6,5,0.760000,0.180000,0.010000,0.050000,0.480000,0.320000,0.000000,0.000000,NOTE_HYPOTHESIS,shared_audio_intelligence_v0_2;spectral_peak;owner_supplied_audio
BE-003:pitch:05021,BE-003:onset:1115,193.352562,901.352562,327.708333,82,4.708333,52.7656,F3,172.2656,0.371519,0.959052,0.665142,0.829526,0.550000,,0.564304,2386.632,6,6,0.550000,0.350000,0.030000,0.070000,0.480000,0.320000,0.000000,0.000000,NOTE_HYPOTHESIS,shared_audio_intelligence_v0_2;spectral_peak;owner_supplied_audio
BE-003:pitch:05022,BE-003:onset:1116,193.515102,901.515102,328.000000,83,1.000000,44.6287,A2,107.6660,0.162540,1.000000,0.820638,0.850000,0.760000,,0.657593,1623.409,6,1,0.760000,0.180000,0.010000,0.050000,0.480000,0.320000,0.000000,0.000000,NOTE_HYPOTHESIS,shared_audio_intelligence_v0_2;spectral_peak;owner_supplied_audio
BE-003:pitch:05023,BE-003:onset:1116,193.515102,901.515102,328.000000,83,1.000000,32.6287,A1,53.8330,0.371519,1.000000,0.820638,0.850000,0.760000,,0.657593,1623.409,6,2,0.760000,0.180000,0.010000,0.050000,0.480000,0.320000,0.000000,0.000000,NOTE_HYPOTHESIS,shared_audio_intelligence_v0_2;spectral_peak;owner_supplied_audio
BE-003:pitch:05024,BE-003:onset:1116,193.515102,901.515102,328.000000,83,1.000000,72.8347,C#5,549.0967,0.185760,0.929191,0.820638,0.814595,0.580000,,0.657593,1623.409,6,3,0.050000,0.300000,0.580000,0.070000,0.000000,0.120000,0.580000,0.220000,NOTE_HYPOTHESIS,shared_audio_intelligence_v0_2;spectral_peak;owner_supplied_audio
BE-003:pitch:05025,BE-003:onset:1116,193.515102,901.515102,328.000000,83,1.000000,68.8438,A4,436.0474,1.021678,0.927125,0.820638,0.813562,0.580000,,0.657593,1623.409,6,4,0.050000,0.300000,0.580000,0.070000,0.000000,0.450000,0.250000,0.200000,NOTE_HYPOTHESIS,shared_audio_intelligence_v0_2;spectral_peak;owner_supplied_audio
BE-003:pitch:05026,BE-003:onset:1116,193.515102,901.515102,328.000000,83,1.000000,87.9344,E6,1313.5254,0.696599,0.895376,0.820638,0.797688,0.840000,,0.657593,1623.409,6,5,0.010000,0.080000,0.840000,0.070000,0.000000,0.120000,0.580000,0.220000,NOTE_HYPOTHESIS,shared_audio_intelligence_v0_2;spectral_peak;owner_supplied_audio
BE-003:pitch:05027,BE-003:onset:1116,193.515102,901.515102,328.000000,83,1.000000,73.8242,D5,581.3965,0.255420,0.883819,0.820638,0.791909,0.580000,,0.657593,1623.409,6,6,0.050000,0.300000,0.580000,0.070000,0.000000,0.120000,0.580000,0.220000,NOTE_HYPOTHESIS,shared_audio_intelligence_v0_2;spectral_peak;owner_supplied_audio
BE-003:pitch:05028,BE-003:onset:1117,193.816961,901.816961,328.520000,83,1.520000,77.9420,F#5,737.5122,0.208980,1.000000,0.670264,0.850000,0.840000,,0.823081,2428.929,1,1,0.010000,0.080000,0.840000,0.070000,0.000000,0.120000,0.580000,0.220000,NOTE_HYPOTHESIS,shared_audio_intelligence_v0_2;spectral_peak;owner_supplied_audio
BE-003:pitch:05029,BE-003:onset:1118,194.025941,902.025941,328.880000,83,1.880000,66.8047,G4,387.5977,0.208980,1.000000,0.654435,0.850000,0.580000,,0.573504,1968.309,5,1,0.050000,0.300000,0.580000,0.070000,0.000000,0.450000,0.250000,0.200000,NOTE_HYPOTHESIS,shared_audio_intelligence_v0_2;spectral_peak;owner_supplied_audio
BE-003:pitch:05030,BE-003:onset:1118,194.025941,902.025941,328.880000,83,1.880000,78.8047,G5,775.1953,0.162540,1.000000,0.654435,0.850000,0.840000,,0.573504,1968.309,5,2,0.010000,0.080000,0.840000,0.070000,0.000000,0.120000,0.580000,0.220000,NOTE_HYPOTHESIS,shared_audio_intelligence_v0_2;spectral_peak;owner_supplied_audio
BE-003:pitch:05031,BE-003:onset:1118,194.025941,902.025941,328.880000,83,1.880000,41.8151,F#2,91.5161,0.116100,0.985704,0.654435,0.842852,0.760000,,0.573504,1968.309,5,3,0.760000,0.180000,0.010000,0.050000,0.480000,0.320000,0.000000,0.000000,NOTE_HYPOTHESIS,shared_audio_intelligence_v0_2;spectral_peak;owner_supplied_audio
BE-003:pitch:05032,BE-003:onset:1118,194.025941,902.025941,328.880000,83,1.880000,68.8438,A4,436.0474,0.394739,0.980664,0.654435,0.840332,0.580000,,0.573504,1968.309,5,4,0.050000,0.300000,0.580000,0.070000,0.000000,0.450000,0.250000,0.200000,NOTE_HYPOTHESIS,shared_audio_intelligence_v0_2;spectral_peak;owner_supplied_audio
BE-003:pitch:05033,BE-003:onset:1118,194.025941,902.025941,328.880000,83,1.880000,77.8151,F#5,732.1289,0.534059,0.957065,0.654435,0.828533,0.840000,,0.573504,1968.309,5,5,0.010000,0.080000,0.840000,0.070000,0.000000,0.120000,0.580000,0.220000,NOTE_HYPOTHESIS,shared_audio_intelligence_v0_2;spectral_peak;owner_supplied_audio
BE-003:pitch:05034,BE-003:onset:1119,194.118821,902.118821,329.040000,83,2.040000,66.8047,G4,387.5977,0.301859,1.000000,0.647432,0.850000,0.580000,,0.745446,2083.616,6,1,0.050000,0.300000,0.580000,0.070000,0.000000,0.450000,0.250000,0.200000,NOTE_HYPOTHESIS,shared_audio_intelligence_v0_2;spectral_peak;owner_supplied_audio
BE-003:pitch:05035,BE-003:onset:1119,194.118821,902.118821,329.040000,83,2.040000,68.8438,A4,436.0474,0.278639,1.000000,0.647432,0.850000,0.580000,,0.745446,2083.616,6,2,0.050000,0.300000,0.580000,0.070000,0.000000,0.450000,0.250000,0.200000,NOTE_HYPOTHESIS,shared_audio_intelligence_v0_2;spectral_peak;owner_supplied_audio
BE-003:pitch:05036,BE-003:onset:1119,194.118821,902.118821,329.040000,83,2.040000,72.8347,C#5,549.0967,0.116100,1.000000,0.647432,0.850000,0.580000,,0.745446,2083.616,6,3,0.050000,0.300000,0.580000,0.070000,0.000000,0.120000,0.580000,0.220000,NOTE_HYPOTHESIS,shared_audio_intelligence_v0_2;spectral_peak;owner_supplied_audio
BE-003:pitch:05037,BE-003:onset:1119,194.118821,902.118821,329.040000,83,2.040000,60.8347,C#4,274.5483,0.116100,0.925325,0.647432,0.812663,0.520000,,0.745446,2083.616,6,4,0.250000,0.520000,0.150000,0.080000,0.000000,0.450000,0.250000,0.200000,NOTE_HYPOTHESIS,shared_audio_intelligence_v0_2;spectral_peak;owner_supplied_audio
BE-003:pitch:05038,BE-003:onset:1119,194.118821,902.118821,329.040000,83,2.040000,78.9245,G5,780.5786,0.092880,0.912245,0.647432,0.806122,0.840000,,0.745446,2083.616,6,5,0.010000,0.080000,0.840000,0.070000,0.000000,0.120000,0.580000,0.220000,NOTE_HYPOTHESIS,shared_audio_intelligence_v0_2;spectral_peak;owner_supplied_audio
BE-003:pitch:05039,BE-003:onset:1119,194.118821,902.118821,329.040000,83,2.040000,73.8242,D5,581.3965,0.092880,0.874172,0.647432,0.787086,0.580000,,0.745446,2083.616,6,6,0.050000,0.300000,0.580000,0.070000,0.000000,0.120000,0.580000,0.220000,NOTE_HYPOTHESIS,shared_audio_intelligence_v0_2;spectral_peak;owner_supplied_audio
BE-003:pitch:05040,BE-003:onset:1120,194.234921,902.234921,329.240000,83,2.240000,77.9420,F#5,737.5122,0.162540,1.000000,0.675488,0.850000,0.840000,,1.000000,1907.078,2,1,0.010000,0.080000,0.840000,0.070000,0.000000,0.120000,0.580000,0.220000,NOTE_HYPOTHESIS,shared_audio_intelligence_v0_2;spectral_peak;owner_supplied_audio
BE-003:pitch:05041,BE-003:onset:1120,194.234921,902.234921,329.240000,83,2.240000,44.6287,A2,107.6660,0.301859,1.000000,0.675488,0.850000,0.760000,,1.000000,1907.078,2,2,0.760000,0.180000,0.010000,0.050000,0.480000,0.320000,0.000000,0.000000,NOTE_HYPOTHESIS,shared_audio_intelligence_v0_2;spectral_peak;owner_supplied_audio
BE-003:pitch:05042,BE-003:onset:1121,194.490340,902.490340,329.680000,83,2.680000,37.1709,C#2,69.9829,0.952018,1.000000,0.616716,0.850000,0.760000,,0.459538,2472.323,6,1,0.760000,0.180000,0.010000,0.050000,0.480000,0.320000,0.000000,0.000000,NOTE_HYPOTHESIS,shared_audio_intelligence_v0_2;spectral_peak;owner_supplied_audio
BE-003:pitch:05043,BE-003:onset:1121,194.490340,902.490340,329.680000,83,2.680000,34.2788,A#1,59.2163,1.277098,1.000000,0.616716,0.850000,0.760000,,0.459538,2472.323,6,2,0.760000,0.180000,0.010000,0.050000,0.480000,0.320000,0.000000,0.000000,NOTE_HYPOTHESIS,shared_audio_intelligence_v0_2;spectral_peak;owner_supplied_audio
BE-003:pitch:05044,BE-003:onset:1121,194.490340,902.490340,329.680000,83,2.680000,43.7407,G#2,102.2827,0.116100,1.000000,0.616716,0.850000,0.760000,,0.459538,2472.323,6,3,0.760000,0.180000,0.010000,0.050000,0.480000,0.320000,0.000000,0.000000,NOTE_HYPOTHESIS,shared_audio_intelligence_v0_2;spectral_peak;owner_supplied_audio
BE-003:pitch:05045,BE-003:onset:1121,194.490340,902.490340,329.680000,83,2.680000,49.8242,D3,145.3491,0.325079,0.876902,0.616716,0.788451,0.550000,,0.459538,2472.323,6,4,0.550000,0.350000,0.030000,0.070000,0.480000,0.320000,0.000000,0.000000,NOTE_HYPOTHESIS,shared_audio_intelligence_v0_2;spectral_peak;owner_supplied_audio
BE-003:pitch:05046,BE-003:onset:1121,194.490340,902.490340,329.680000,83,2.680000,63.9344,E4,328.3813,0.069660,0.820773,0.616716,0.760386,0.520000,,0.459538,2472.323,6,5,0.250000,0.520000,0.150000,0.080000,0.000000,0.450000,0.250000,0.200000,NOTE_HYPOTHESIS,shared_audio_intelligence_v0_2;spectral_peak;owner_supplied_audio
BE-003:pitch:05047,BE-003:onset:1121,194.490340,902.490340,329.680000,83,2.680000,55.7407,G#3,204.5654,1.532517,0.817579,0.616716,0.758789,0.520000,,0.459538,2472.323,6,6,0.250000,0.520000,0.150000,0.080000,0.000000,0.450000,0.250000,0.200000,NOTE_HYPOTHESIS,shared_audio_intelligence_v0_2;spectral_peak;owner_supplied_audio
BE-003:pitch:05048,BE-003:onset:1122,194.676100,902.676100,330.000000,83,3.000000,38.4538,D2,75.3662,0.464399,1.000000,0.787588,0.850000,0.760000,,0.656384,1894.063,6,1,0.760000,0.180000,0.010000,0.050000,0.480000,0.320000,0.000000,0.000000,NOTE_HYPOTHESIS,shared_audio_intelligence_v0_2;spectral_peak;owner_supplied_audio
BE-003:pitch:05049,BE-003:onset:1122,194.676100,902.676100,330.000000,83,3.000000,79.8542,G#5,823.6450,0.766259,1.000000,0.787588,0.850000,0.840000,,0.656384,1894.063,6,2,0.010000,0.080000,0.840000,0.070000,0.000000,0.120000,0.580000,0.220000,NOTE_HYPOTHESIS,shared_audio_intelligence_v0_2;spectral_peak;owner_supplied_audio
BE-003:pitch:05050,BE-003:onset:1122,194.676100,902.676100,330.000000,83,3.000000,56.1904,G#3,209.9487,0.301859,0.988525,0.787588,0.844263,0.520000,,0.656384,1894.063,6,3,0.250000,0.520000,0.150000,0.080000,0.000000,0.450000,0.250000,0.200000,NOTE_HYPOTHESIS,shared_audio_intelligence_v0_2;spectral_peak;owner_supplied_audio
BE-003:pitch:05051,BE-003:onset:1122,194.676100,902.676100,330.000000,83,3.000000,49.8242,D3,145.3491,0.139320,0.961983,0.787588,0.830991,0.550000,,0.656384,1894.063,6,4,0.550000,0.350000,0.030000,0.070000,0.480000,0.320000,0.000000,0.000000,NOTE_HYPOTHESIS,shared_audio_intelligence_v0_2;spectral_peak;owner_supplied_audio
BE-003:pitch:05052,BE-003:onset:1122,194.676100,902.676100,330.000000,83,3.000000,34.2788,A#1,59.2163,1.486077,0.874475,0.787588,0.787238,0.760000,,0.656384,1894.063,6,5,0.760000,0.180000,0.010000,0.050000,0.480000,0.320000,0.000000,0.000000,NOTE_HYPOTHESIS,shared_audio_intelligence_v0_2;spectral_peak;owner_supplied_audio
BE-003:pitch:05053,BE-003:onset:1122,194.676100,902.676100,330.000000,83,3.000000,65.8151,F#4,366.0645,1.160998,0.859671,0.787588,0.779835,0.580000,,0.656384,1894.063,6,6,0.050000,0.300000,0.580000,0.070000,0.000000,0.450000,0.250000,0.200000,NOTE_HYPOTHESIS,shared_audio_intelligence_v0_2;spectral_peak;owner_supplied_audio
BE-003:pitch:05054,BE-003:onset:1123,194.792200,902.792200,330.192308,83,3.192308,77.9420,F#5,737.5122,0.139320,1.000000,0.976015,0.850000,0.840000,,0.705103,2084.666,6,1,0.010000,0.080000,0.840000,0.070000,0.000000,0.120000,0.580000,0.220000,NOTE_HYPOTHESIS,shared_audio_intelligence_v0_2;spectral_peak;owner_supplied_audio
BE-003:pitch:05055,BE-003:onset:1123,194.792200,902.792200,330.192308,83,3.192308,34.2788,A#1,59.2163,0.905578,1.000000,0.976015,0.850000,0.760000,,0.705103,2084.666,6,2,0.760000,0.180000,0.010000,0.050000,0.480000,0.320000,0.000000,0.000000,NOTE_HYPOTHESIS,shared_audio_intelligence_v0_2;spectral_peak;owner_supplied_audio
BE-003:pitch:05056,BE-003:onset:1123,194.792200,902.792200,330.192308,83,3.192308,65.8151,F#4,366.0645,0.278639,1.000000,0.976015,0.850000,0.580000,,0.705103,2084.666,6,3,0.050000,0.300000,0.580000,0.070000,0.000000,0.450000,0.250000,0.200000,NOTE_HYPOTHESIS,shared_audio_intelligence_v0_2;spectral_peak;owner_supplied_audio
BE-003:pitch:05057,BE-003:onset:1123,194.792200,902.792200,330.192308,83,3.192308,67.9670,G#4,414.5142,0.766259,0.976890,0.976015,0.838445,0.580000,,0.705103,2084.666,6,4,0.050000,0.300000,0.580000,0.070000,0.000000,0.450000,0.250000,0.200000,NOTE_HYPOTHESIS,shared_audio_intelligence_v0_2;spectral_peak;owner_supplied_audio
BE-003:pitch:05058,BE-003:onset:1123,194.792200,902.792200,330.192308,83,3.192308,84.9193,C#6,1103.5767,0.139320,0.953518,0.976015,0.826759,0.840000,,0.705103,2084.666,6,5,0.010000,0.080000,0.840000,0.070000,0.000000,0.120000,0.580000,0.220000,NOTE_HYPOTHESIS,shared_audio_intelligence_v0_2;spectral_peak;owner_supplied_audio
BE-003:pitch:05059,BE-003:onset:1123,194.792200,902.792200,330.192308,83,3.192308,39.6483,E2,80.7495,0.255420,0.926798,0.976015,0.813399,0.760000,,0.705103,2084.666,6,6,0.760000,0.180000,0.010000,0.050000,0.480000,0.320000,0.000000,0.000000,NOTE_HYPOTHESIS,shared_audio_intelligence_v0_2;spectral_peak;owner_supplied_audio
BE-003:pitch:05060,BE-003:onset:1124,194.977959,902.977959,330.500000,83,3.500000,76.9003,F5,694.4458,0.208980,1.000000,0.708878,0.850000,0.840000,,0.494738,2415.161,6,1,0.010000,0.080000,0.840000,0.070000,0.000000,0.120000,0.580000,0.220000,NOTE_HYPOTHESIS,shared_audio_intelligence_v0_2;spectral_peak;owner_supplied_audio
BE-003:pitch:05061,BE-003:onset:1124,194.977959,902.977959,330.500000,83,3.500000,35.7851,C2,64.5996,0.998458,1.000000,0.708878,0.850000,0.760000,,0.494738,2415.161,6,2,0.760000,0.180000,0.010000,0.050000,0.480000,0.320000,0.000000,0.000000,NOTE_HYPOTHESIS,shared_audio_intelligence_v0_2;spectral_peak;owner_supplied_audio
BE-003:pitch:05062,BE-003:onset:1124,194.977959,902.977959,330.500000,83,3.500000,66.0679,F#4,371.4478,0.534059,0.979237,0.708878,0.839618,0.580000,,0.494738,2415.161,6,3,0.050000,0.300000,0.580000,0.070000,0.000000,0.450000,0.250000,0.200000,NOTE_HYPOTHESIS,shared_audio_intelligence_v0_2;spectral_peak;owner_supplied_audio
BE-003:pitch:05063,BE-003:onset:1124,194.977959,902.977959,330.500000,83,3.500000,67.9670,G#4,414.5142,0.580499,0.897309,0.708878,0.798655,0.580000,,0.494738,2415.161,6,4,0.050000,0.300000,0.580000,0.070000,0.000000,0.450000,0.250000,0.200000,NOTE_HYPOTHESIS,shared_audio_intelligence_v0_2;spectral_peak;owner_supplied_audio
BE-003:pitch:05064,BE-003:onset:1124,194.977959,902.977959,330.500000,83,3.500000,47.7851,C3,129.1992,0.464399,0.862492,0.708878,0.781246,0.550000,,0.494738,2415.161,6,5,0.550000,0.350000,0.030000,0.070000,0.480000,0.320000,0.000000,0.000000,NOTE_HYPOTHESIS,shared_audio_intelligence_v0_2;spectral_peak;owner_supplied_audio
BE-003:pitch:05065,BE-003:onset:1124,194.977959,902.977959,330.500000,83,3.500000,88.9003,F6,1388.8916,0.185760,0.856782,0.708878,0.778391,0.840000,,0.494738,2415.161,6,6,0.010000,0.080000,0.840000,0.070000,0.000000,0.120000,0.580000,0.220000,NOTE_HYPOTHESIS,shared_audio_intelligence_v0_2;spectral_peak;owner_supplied_audio
BE-003:pitch:05066,BE-003:onset:1125,195.094059,903.094059,330.692308,83,3.692308,34.2788,A#1,59.2163,0.603719,1.000000,0.989404,0.850000,0.760000,,0.537536,2005.384,6,1,0.760000,0.180000,0.010000,0.050000,0.480000,0.320000,0.000000,0.000000,NOTE_HYPOTHESIS,shared_audio_intelligence_v0_2;spectral_peak;owner_supplied_audio
BE-003:pitch:05067,BE-003:onset:1125,195.094059,903.094059,330.692308,83,3.692308,79.8542,G#5,823.6450,0.301859,1.000000,0.989404,0.850000,0.840000,,0.537536,2005.384,6,2,0.010000,0.080000,0.840000,0.070000,0.000000,0.120000,0.580000,0.220000,NOTE_HYPOTHESIS,shared_audio_intelligence_v0_2;spectral_peak;owner_supplied_audio
BE-003:pitch:05068,BE-003:onset:1125,195.094059,903.094059,330.692308,83,3.692308,76.9003,F5,694.4458,0.116100,1.000000,0.989404,0.850000,0.840000,,0.537536,2005.384,6,3,0.010000,0.080000,0.840000,0.070000,0.000000,0.120000,0.580000,0.220000,NOTE_HYPOTHESIS,shared_audio_intelligence_v0_2;spectral_peak;owner_supplied_audio
BE-003:pitch:05069,BE-003:onset:1125,195.094059,903.094059,330.692308,83,3.692308,45.4734,A2,113.0493,0.580499,1.000000,0.989404,0.850000,0.550000,,0.537536,2005.384,6,4,0.550000,0.350000,0.030000,0.070000,0.480000,0.320000,0.000000,0.000000,NOTE_HYPOTHESIS,shared_audio_intelligence_v0_2;spectral_peak;owner_supplied_audio
BE-003:pitch:05070,BE-003:onset:1125,195.094059,903.094059,330.692308,83,3.692308,67.9670,G#4,414.5142,0.441179,1.000000,0.989404,0.850000,0.580000,,0.537536,2005.384,6,5,0.050000,0.300000,0.580000,0.070000,0.000000,0.450000,0.250000,0.200000,NOTE_HYPOTHESIS,shared_audio_intelligence_v0_2;spectral_peak;owner_supplied_audio
BE-003:pitch:05071,BE-003:onset:1125,195.094059,903.094059,330.692308,83,3.692308,86.9115,D#6,1238.1592,0.278639,0.852045,0.989404,0.776022,0.840000,,0.537536,2005.384,6,6,0.010000,0.080000,0.840000,0.070000,0.000000,0.120000,0.580000,0.220000,NOTE_HYPOTHESIS,shared_audio_intelligence_v0_2;spectral_peak;owner_supplied_audio
BE-003:pitch:05072,BE-003:onset:1126,195.210159,903.210159,330.884615,83,3.884615,34.2788,A#1,59.2163,0.464399,1.000000,0.763657,0.850000,0.760000,,0.646336,1616.438,6,1,0.760000,0.180000,0.010000,0.050000,0.480000,0.320000,0.000000,0.000000,NOTE_HYPOTHESIS,shared_audio_intelligence_v0_2;spectral_peak;owner_supplied_audio
BE-003:pitch:05073,BE-003:onset:1126,195.210159,903.210159,330.884615,83,3.884615,65.8151,F#4,366.0645,0.255420,1.000000,0.763657,0.850000,0.580000,,0.646336,1616.438,6,2,0.050000,0.300000,0.580000,0.070000,0.000000,0.450000,0.250000,0.200000,NOTE_HYPOTHESIS,shared_audio_intelligence_v0_2;spectral_peak;owner_supplied_audio
BE-003:pitch:05074,BE-003:onset:1126,195.210159,903.210159,330.884615,83,3.884615,77.9420,F#5,737.5122,0.116100,1.000000,0.763657,0.850000,0.840000,,0.646336,1616.438,6,3,0.010000,0.080000,0.840000,0.070000,0.000000,0.120000,0.580000,0.220000,NOTE_HYPOTHESIS,shared_audio_intelligence_v0_2;spectral_peak;owner_supplied_audio
BE-003:pitch:05075,BE-003:onset:1126,195.210159,903.210159,330.884615,83,3.884615,67.7407,G#4,409.1309,0.348299,0.964084,0.763657,0.832042,0.580000,,0.646336,1616.438,6,4,0.050000,0.300000,0.580000,0.070000,0.000000,0.450000,0.250000,0.200000,NOTE_HYPOTHESIS,shared_audio_intelligence_v0_2;spectral_peak;owner_supplied_audio
BE-003:pitch:05076,BE-003:onset:1126,195.210159,903.210159,330.884615,83,3.884615,46.2788,A#2,118.4326,0.464399,0.961882,0.763657,0.830941,0.550000,,0.646336,1616.438,6,5,0.550000,0.350000,0.030000,0.070000,0.480000,0.320000,0.000000,0.000000,NOTE_HYPOTHESIS,shared_audio_intelligence_v0_2;spectral_peak;owner_supplied_audio
BE-003:pitch:05077,BE-003:onset:1126,195.210159,903.210159,330.884615,83,3.884615,56.1904,G#3,209.9487,0.789478,0.941987,0.763657,0.820994,0.520000,,0.646336,1616.438,6,6,0.250000,0.520000,0.150000,0.080000,0.000000,0.450000,0.250000,0.200000,NOTE_HYPOTHESIS,shared_audio_intelligence_v0_2;spectral_peak;owner_supplied_audio
BE-003:pitch:05078,BE-003:onset:1127,195.279819,903.279819,331.000000,83,4.000000,34.2788,A#1,59.2163,0.417959,1.000000,0.617748,0.850000,0.760000,,0.660016,2026.050,6,1,0.760000,0.180000,0.010000,0.050000,0.480000,0.320000,0.000000,0.000000,NOTE_HYPOTHESIS,shared_audio_intelligence_v0_2;spectral_peak;owner_supplied_audio
BE-003:pitch:05079,BE-003:onset:1127,195.279819,903.279819,331.000000,83,4.000000,65.8151,F#4,366.0645,0.185760,1.000000,0.617748,0.850000,0.580000,,0.660016,2026.050,6,2,0.050000,0.300000,0.580000,0.070000,0.000000,0.450000,0.250000,0.200000,NOTE_HYPOTHESIS,shared_audio_intelligence_v0_2;spectral_peak;owner_supplied_audio
BE-003:pitch:05080,BE-003:onset:1127,195.279819,903.279819,331.000000,83,4.000000,56.1904,G#3,209.9487,0.139320,1.000000,0.617748,0.850000,0.520000,,0.660016,2026.050,6,3,0.250000,0.520000,0.150000,0.080000,0.000000,0.450000,0.250000,0.200000,NOTE_HYPOTHESIS,shared_audio_intelligence_v0_2;spectral_peak;owner_supplied_audio
BE-003:pitch:05081,BE-003:onset:1127,195.279819,903.279819,331.000000,83,4.000000,79.8542,G#5,823.6450,0.139320,0.976902,0.617748,0.838451,0.840000,,0.660016,2026.050,6,4,0.010000,0.080000,0.840000,0.070000,0.000000,0.120000,0.580000,0.220000,NOTE_HYPOTHESIS,shared_audio_intelligence_v0_2;spectral_peak;owner_supplied_audio
BE-003:pitch:05082,BE-003:onset:1127,195.279819,903.279819,331.000000,83,4.000000,67.9670,G#4,414.5142,0.278639,0.936437,0.617748,0.818218,0.580000,,0.660016,2026.050,6,5,0.050000,0.300000,0.580000,0.070000,0.000000,0.450000,0.250000,0.200000,NOTE_HYPOTHESIS,shared_audio_intelligence_v0_2;spectral_peak;owner_supplied_audio
BE-003:pitch:05083,BE-003:onset:1127,195.279819,903.279819,331.000000,83,4.000000,77.9420,F#5,737.5122,0.092880,0.911620,0.617748,0.805810,0.840000,,0.660016,2026.050,6,6,0.010000,0.080000,0.840000,0.070000,0.000000,0.120000,0.580000,0.220000,NOTE_HYPOTHESIS,shared_audio_intelligence_v0_2;spectral_peak;owner_supplied_audio
BE-003:pitch:05084,BE-003:onset:1128,195.395918,903.395918,331.208333,83,4.208333,76.9003,F5,694.4458,0.185760,1.000000,0.624057,0.850000,0.840000,,0.748365,1836.586,6,1,0.010000,0.080000,0.840000,0.070000,0.000000,0.120000,0.580000,0.220000,NOTE_HYPOTHESIS,shared_audio_intelligence_v0_2;spectral_peak;owner_supplied_audio
BE-003:pitch:05085,BE-003:onset:1128,195.395918,903.395918,331.208333,83,4.208333,44.6287,A2,107.6660,0.325079,1.000000,0.624057,0.850000,0.760000,,0.748365,1836.586,6,2,0.760000,0.180000,0.010000,0.050000,0.480000,0.320000,0.000000,0.000000,NOTE_HYPOTHESIS,shared_audio_intelligence_v0_2;spectral_peak;owner_supplied_audio
BE-003:pitch:05086,BE-003:onset:1128,195.395918,903.395918,331.208333,83,4.208333,34.2788,A#1,59.2163,0.301859,1.000000,0.624057,0.850000,0.760000,,0.748365,1836.586,6,3,0.760000,0.180000,0.010000,0.050000,0.480000,0.320000,0.000000,0.000000,NOTE_HYPOTHESIS,shared_audio_intelligence_v0_2;spectral_peak;owner_supplied_audio
BE-003:pitch:05087,BE-003:onset:1128,195.395918,903.395918,331.208333,83,4.208333,88.9673,F6,1394.2749,0.162540,0.997480,0.624057,0.848740,0.840000,,0.748365,1836.586,6,4,0.010000,0.080000,0.840000,0.070000,0.000000,0.120000,0.580000,0.220000,NOTE_HYPOTHESIS,shared_audio_intelligence_v0_2;spectral_peak;owner_supplied_audio
BE-003:pitch:05088,BE-003:onset:1128,195.395918,903.395918,331.208333,83,4.208333,67.9670,G#4,414.5142,0.162540,0.973463,0.624057,0.836732,0.580000,,0.748365,1836.586,6,5,0.050000,0.300000,0.580000,0.070000,0.000000,0.450000,0.250000,0.200000,NOTE_HYPOTHESIS,shared_audio_intelligence_v0_2;spectral_peak;owner_supplied_audio
BE-003:pitch:05089,BE-003:onset:1128,195.395918,903.395918,331.208333,83,4.208333,42.8047,G2,96.8994,1.207438,0.960020,0.624057,0.830010,0.760000,,0.748365,1836.586,6,6,0.760000,0.180000,0.010000,0.050000,0.480000,0.320000,0.000000,0.000000,NOTE_HYPOTHESIS,shared_audio_intelligence_v0_2;spectral_peak;owner_supplied_audio
BE-003:pitch:05090,BE-003:onset:1129,195.558458,903.558458,331.500000,83,4.500000,32.6287,A1,53.8330,0.116100,1.000000,0.719771,0.850000,0.760000,,0.625269,2249.482,6,1,0.760000,0.180000,0.010000,0.050000,0.480000,0.320000,0.000000,0.000000,NOTE_HYPOTHESIS,shared_audio_intelligence_v0_2;spectral_peak;owner_supplied_audio
BE-003:pitch:05091,BE-003:onset:1129,195.558458,903.558458,331.500000,83,4.500000,44.6287,A2,107.6660,0.208980,1.000000,0.719771,0.850000,0.760000,,0.625269,2249.482,6,2,0.760000,0.180000,0.010000,0.050000,0.480000,0.320000,0.000000,0.000000,NOTE_HYPOTHESIS,shared_audio_intelligence_v0_2;spectral_peak;owner_supplied_audio
BE-003:pitch:05092,BE-003:onset:1129,195.558458,903.558458,331.500000,83,4.500000,57.0562,A3,220.7153,0.371519,0.980354,0.719771,0.840177,0.520000,,0.625269,2249.482,6,3,0.250000,0.520000,0.150000,0.080000,0.000000,0.450000,0.250000,0.200000,NOTE_HYPOTHESIS,shared_audio_intelligence_v0_2;spectral_peak;owner_supplied_audio
BE-003:pitch:05093,BE-003:onset:1129,195.558458,903.558458,331.500000,83,4.500000,76.9003,F5,694.4458,0.092880,0.976085,0.719771,0.838043,0.840000,,0.625269,2249.482,6,4,0.010000,0.080000,0.840000,0.070000,0.000000,0.120000,0.580000,0.220000,NOTE_HYPOTHESIS,shared_audio_intelligence_v0_2;spectral_peak;owner_supplied_audio
BE-003:pitch:05094,BE-003:onset:1129,195.558458,903.558458,331.500000,83,4.500000,52.7656,F3,172.2656,0.185760,0.876182,0.719771,0.788091,0.550000,,0.625269,2249.482,6,5,0.550000,0.350000,0.030000,0.070000,0.480000,0.320000,0.000000,0.000000,NOTE_HYPOTHESIS,shared_audio_intelligence_v0_2;spectral_peak;owner_supplied_audio
BE-003:pitch:05095,BE-003:onset:1129,195.558458,903.558458,331.500000,83,4.500000,63.9344,E4,328.3813,0.534059,0.803181,0.719771,0.751591,0.520000,,0.625269,2249.482,6,6,0.250000,0.520000,0.150000,0.080000,0.000000,0.450000,0.250000,0.200000,NOTE_HYPOTHESIS,shared_audio_intelligence_v0_2;spectral_peak;owner_supplied_audio
BE-003:pitch:05096,BE-003:onset:1130,195.837098,903.837098,332.000000,84,1.000000,73.9838,D5,586.7798,0.208980,1.000000,0.887172,0.850000,0.580000,,0.995987,1778.343,5,1,0.050000,0.300000,0.580000,0.070000,0.000000,0.120000,0.580000,0.220000,NOTE_HYPOTHESIS,shared_audio_intelligence_v0_2;spectral_peak;owner_supplied_audio
BE-003:pitch:05097,BE-003:onset:1130,195.837098,903.837098,332.000000,84,1.000000,63.9344,E4,328.3813,0.162540,1.000000,0.887172,0.850000,0.520000,,0.995987,1778.343,5,2,0.250000,0.520000,0.150000,0.080000,0.000000,0.450000,0.250000,0.200000,NOTE_HYPOTHESIS,shared_audio_intelligence_v0_2;spectral_peak;owner_supplied_audio
BE-003:pitch:05098,BE-003:onset:1130,195.837098,903.837098,332.000000,84,1.000000,37.1709,C#2,69.9829,0.162540,1.000000,0.887172,0.850000,0.760000,,0.995987,1778.343,5,3,0.760000,0.180000,0.010000,0.050000,0.480000,0.320000,0.000000,0.000000,NOTE_HYPOTHESIS,shared_audio_intelligence_v0_2;spectral_peak;owner_supplied_audio
BE-003:pitch:05099,BE-003:onset:1130,195.837098,903.837098,332.000000,84,1.000000,85.9042,D6,1168.1763,0.185760,1.000000,0.887172,0.850000,0.840000,,0.995987,1778.343,5,4,0.010000,0.080000,0.840000,0.070000,0.000000,0.120000,0.580000,0.220000,NOTE_HYPOTHESIS,shared_audio_intelligence_v0_2;spectral_peak;owner_supplied_audio
BE-003:pitch:05100,BE-003:onset:1130,195.837098,903.837098,332.000000,84,1.000000,49.8242,D3,145.3491,0.116100,1.000000,0.887172,0.850000,0.550000,,0.995987,1778.343,5,5,0.550000,0.350000,0.030000,0.070000,0.480000,0.320000,0.000000,0.000000,NOTE_HYPOTHESIS,shared_audio_intelligence_v0_2;spectral_peak;owner_supplied_audio
BE-003:pitch:05101,BE-003:onset:1131,195.999637,903.999637,332.280000,84,1.280000,42.8047,G2,96.8994,0.301859,1.000000,0.754372,0.850000,0.760000,,0.918719,1880.039,5,1,0.760000,0.180000,0.010000,0.050000,0.480000,0.320000,0.000000,0.000000,NOTE_HYPOTHESIS,shared_audio_intelligence_v0_2;spectral_peak;owner_supplied_audio
BE-003:pitch:05102,BE-003:onset:1131,195.999637,903.999637,332.280000,84,1.280000,74.9115,D#5,619.0796,0.185760,1.000000,0.754372,0.850000,0.580000,,0.918719,1880.039,5,2,0.050000,0.300000,0.580000,0.070000,0.000000,0.120000,0.580000,0.220000,NOTE_HYPOTHESIS,shared_audio_intelligence_v0_2;spectral_peak;owner_supplied_audio
BE-003:pitch:05103,BE-003:onset:1131,195.999637,903.999637,332.280000,84,1.280000,73.9838,D5,586.7798,0.487619,1.000000,0.754372,0.850000,0.580000,,0.918719,1880.039,5,3,0.050000,0.300000,0.580000,0.070000,0.000000,0.120000,0.580000,0.220000,NOTE_HYPOTHESIS,shared_audio_intelligence_v0_2;spectral_peak;owner_supplied_audio
BE-003:pitch:05104,BE-003:onset:1131,195.999637,903.999637,332.280000,84,1.280000,86.9115,D#6,1238.1592,0.116100,0.990018,0.754372,0.845009,0.840000,,0.918719,1880.039,5,4,0.010000,0.080000,0.840000,0.070000,0.000000,0.120000,0.580000,0.220000,NOTE_HYPOTHESIS,shared_audio_intelligence_v0_2;spectral_peak;owner_supplied_audio
BE-003:pitch:05105,BE-003:onset:1131,195.999637,903.999637,332.280000,84,1.280000,54.8047,G3,193.7988,0.325079,0.972877,0.754372,0.836439,0.550000,,0.918719,1880.039,5,5,0.550000,0.350000,0.030000,0.070000,0.480000,0.320000,0.000000,0.000000,NOTE_HYPOTHESIS,shared_audio_intelligence_v0_2;spectral_peak;owner_supplied_audio
BE-003:pitch:05106,BE-003:onset:1132,196.138957,904.138957,332.520000,84,1.520000,73.9838,D5,586.7798,0.301859,1.000000,0.796964,0.850000,0.580000,,0.929378,1945.115,5,1,0.050000,0.300000,0.580000,0.070000,0.000000,0.120000,0.580000,0.220000,NOTE_HYPOTHESIS,shared_audio_intelligence_v0_2;spectral_peak;owner_supplied_audio
BE-003:pitch:05107,BE-003:onset:1132,196.138957,904.138957,332.520000,84,1.520000,42.8047,G2,96.8994,0.208980,1.000000,0.796964,0.850000,0.760000,,0.929378,1945.115,5,2,0.760000,0.180000,0.010000,0.050000,0.480000,0.320000,0.000000,0.000000,NOTE_HYPOTHESIS,shared_audio_intelligence_v0_2;spectral_peak;owner_supplied_audio
BE-003:pitch:05108,BE-003:onset:1132,196.138957,904.138957,332.520000,84,1.520000,85.9042,D6,1168.1763,0.232200,1.000000,0.796964,0.850000,0.840000,,0.929378,1945.115,5,3,0.010000,0.080000,0.840000,0.070000,0.000000,0.120000,0.580000,0.220000,NOTE_HYPOTHESIS,shared_audio_intelligence_v0_2;spectral_peak;owner_supplied_audio
BE-003:pitch:05109,BE-003:onset:1132,196.138957,904.138957,332.520000,84,1.520000,74.9115,D#5,619.0796,0.092880,1.000000,0.796964,0.850000,0.580000,,0.929378,1945.115,5,4,0.050000,0.300000,0.580000,0.070000,0.000000,0.120000,0.580000,0.220000,NOTE_HYPOTHESIS,shared_audio_intelligence_v0_2;spectral_peak;owner_supplied_audio
BE-003:pitch:05110,BE-003:onset:1132,196.138957,904.138957,332.520000,84,1.520000,56.1904,G#3,209.9487,0.208980,0.952504,0.796964,0.826252,0.520000,,0.929378,1945.115,5,5,0.250000,0.520000,0.150000,0.080000,0.000000,0.450000,0.250000,0.200000,NOTE_HYPOTHESIS,shared_audio_intelligence_v0_2;spectral_peak;owner_supplied_audio
BE-003:pitch:05111,BE-003:onset:1133,196.417596,904.417596,333.000000,84,2.000000,44.6287,A2,107.6660,1.277098,1.000000,0.847639,0.850000,0.760000,,0.820328,1672.608,6,1,0.760000,0.180000,0.010000,0.050000,0.480000,0.320000,0.000000,0.000000,NOTE_HYPOTHESIS,shared_audio_intelligence_v0_2;spectral_peak;owner_supplied_audio
BE-003:pitch:05112,BE-003:onset:1133,196.417596,904.417596,333.000000,84,2.000000,63.9344,E4,328.3813,0.139320,1.000000,0.847639,0.850000,0.520000,,0.820328,1672.608,6,2,0.250000,0.520000,0.150000,0.080000,0.000000,0.450000,0.250000,0.200000,NOTE_HYPOTHESIS,shared_audio_intelligence_v0_2;spectral_peak;owner_supplied_audio
BE-003:pitch:05113,BE-003:onset:1133,196.417596,904.417596,333.000000,84,2.000000,73.8242,D5,581.3965,0.116100,1.000000,0.847639,0.850000,0.580000,,0.820328,1672.608,6,3,0.050000,0.300000,0.580000,0.070000,0.000000,0.120000,0.580000,0.220000,NOTE_HYPOTHESIS,shared_audio_intelligence_v0_2;spectral_peak;owner_supplied_audio
BE-003:pitch:05114,BE-003:onset:1133,196.417596,904.417596,333.000000,84,2.000000,71.9645,C5,522.1802,0.301859,1.000000,0.847639,0.850000,0.580000,,0.820328,1672.608,6,4,0.050000,0.300000,0.580000,0.070000,0.000000,0.120000,0.580000,0.220000,NOTE_HYPOTHESIS,shared_audio_intelligence_v0_2;spectral_peak;owner_supplied_audio
BE-003:pitch:05115,BE-003:onset:1133,196.417596,904.417596,333.000000,84,2.000000,83.9645,C6,1044.3604,0.208980,0.950238,0.847639,0.825119,0.840000,,0.820328,1672.608,6,5,0.010000,0.080000,0.840000,0.070000,0.000000,0.120000,0.580000,0.220000,NOTE_HYPOTHESIS,shared_audio_intelligence_v0_2;spectral_peak;owner_supplied_audio
BE-003:pitch:05116,BE-003:onset:1133,196.417596,904.417596,333.000000,84,2.000000,42.8047,G2,96.8994,0.208980,0.925592,0.847639,0.812796,0.760000,,0.820328,1672.608,6,6,0.760000,0.180000,0.010000,0.050000,0.480000,0.320000,0.000000,0.000000,NOTE_HYPOTHESIS,shared_audio_intelligence_v0_2;spectral_peak;owner_supplied_audio
BE-003:pitch:05117,BE-003:onset:1134,196.580136,904.580136,333.250000,84,2.250000,46.2788,A#2,118.4326,0.557279,1.000000,0.617862,0.850000,0.550000,,0.499049,2510.272,6,1,0.550000,0.350000,0.030000,0.070000,0.480000,0.320000,0.000000,0.000000,NOTE_HYPOTHESIS,shared_audio_intelligence_v0_2;spectral_peak;owner_supplied_audio
BE-003:pitch:05118,BE-003:onset:1134,196.580136,904.580136,333.250000,84,2.250000,71.9645,C5,522.1802,0.139320,1.000000,0.617862,0.850000,0.580000,,0.499049,2510.272,6,2,0.050000,0.300000,0.580000,0.070000,0.000000,0.120000,0.580000,0.220000,NOTE_HYPOTHESIS,shared_audio_intelligence_v0_2;spectral_peak;owner_supplied_audio
BE-003:pitch:05119,BE-003:onset:1134,196.580136,904.580136,333.250000,84,2.250000,81.8808,A#5,925.9277,0.185760,0.964459,0.617862,0.832229,0.840000,,0.499049,2510.272,6,3,0.010000,0.080000,0.840000,0.070000,0.000000,0.120000,0.580000,0.220000,NOTE_HYPOTHESIS,shared_audio_intelligence_v0_2;spectral_peak;owner_supplied_audio
BE-003:pitch:05120,BE-003:onset:1134,196.580136,904.580136,333.250000,84,2.250000,69.8808,A#4,462.9639,0.650159,0.950400,0.617862,0.825200,0.580000,,0.499049,2510.272,6,4,0.050000,0.300000,0.580000,0.070000,0.000000,0.450000,0.250000,0.200000,NOTE_HYPOTHESIS,shared_audio_intelligence_v0_2;spectral_peak;owner_supplied_audio
BE-003:pitch:05121,BE-003:onset:1134,196.580136,904.580136,333.250000,84,2.250000,88.9673,F6,1394.2749,0.162540,0.840912,0.617862,0.770456,0.840000,,0.499049,2510.272,6,5,0.010000,0.080000,0.840000,0.070000,0.000000,0.120000,0.580000,0.220000,NOTE_HYPOTHESIS,shared_audio_intelligence_v0_2;spectral_peak;owner_supplied_audio
BE-003:pitch:05122,BE-003:onset:1134,196.580136,904.580136,333.250000,84,2.250000,42.8047,G2,96.8994,1.532517,0.835063,0.617862,0.767531,0.760000,,0.499049,2510.272,6,6,0.760000,0.180000,0.010000,0.050000,0.480000,0.320000,0.000000,0.000000,NOTE_HYPOTHESIS,shared_audio_intelligence_v0_2;spectral_peak;owner_supplied_audio
BE-003:pitch:05123,BE-003:onset:1135,196.742676,904.742676,333.500000,84,2.500000,43.7407,G#2,102.2827,1.184218,1.000000,0.733743,0.850000,0.760000,,0.648326,2106.565,5,1,0.760000,0.180000,0.010000,0.050000,0.480000,0.320000,0.000000,0.000000,NOTE_HYPOTHESIS,shared_audio_intelligence_v0_2;spectral_peak;owner_supplied_audio
BE-003:pitch:05124,BE-003:onset:1135,196.742676,904.742676,333.500000,84,2.500000,63.9344,E4,328.3813,0.255420,1.000000,0.733743,0.850000,0.520000,,0.648326,2106.565,5,2,0.250000,0.520000,0.150000,0.080000,0.000000,0.450000,0.250000,0.200000,NOTE_HYPOTHESIS,shared_audio_intelligence_v0_2;spectral_peak;owner_supplied_audio
BE-003:pitch:05125,BE-003:onset:1135,196.742676,904.742676,333.500000,84,2.500000,69.8808,A#4,462.9639,0.162540,1.000000,0.733743,0.850000,0.580000,,0.648326,2106.565,5,3,0.050000,0.300000,0.580000,0.070000,0.000000,0.450000,0.250000,0.200000,NOTE_HYPOTHESIS,shared_audio_intelligence_v0_2;spectral_peak;owner_supplied_audio
BE-003:pitch:05126,BE-003:onset:1135,196.742676,904.742676,333.500000,84,2.500000,57.8808,A#3,231.4819,0.185760,1.000000,0.733743,0.850000,0.520000,,0.648326,2106.565,5,4,0.250000,0.520000,0.150000,0.080000,0.000000,0.450000,0.250000,0.200000,NOTE_HYPOTHESIS,shared_audio_intelligence_v0_2;spectral_peak;owner_supplied_audio
BE-003:pitch:05127,BE-003:onset:1135,196.742676,904.742676,333.500000,84,2.500000,85.7439,D6,1157.4097,0.116100,0.807885,0.733743,0.753943,0.840000,,0.648326,2106.565,5,5,0.010000,0.080000,0.840000,0.070000,0.000000,0.120000,0.580000,0.220000,NOTE_HYPOTHESIS,shared_audio_intelligence_v0_2;spectral_peak;owner_supplied_audio
BE-003:pitch:05128,BE-003:onset:1136,196.835556,904.835556,333.642857,84,2.642857,44.6287,A2,107.6660,0.835918,1.000000,0.852612,0.850000,0.760000,,0.820767,1724.921,6,1,0.760000,0.180000,0.010000,0.050000,0.480000,0.320000,0.000000,0.000000,NOTE_HYPOTHESIS,shared_audio_intelligence_v0_2;spectral_peak;owner_supplied_audio
BE-003:pitch:05129,BE-003:onset:1136,196.835556,904.835556,333.642857,84,2.642857,83.8751,C6,1038.9771,0.162540,1.000000,0.852612,0.850000,0.840000,,0.820767,1724.921,6,2,0.010000,0.080000,0.840000,0.070000,0.000000,0.120000,0.580000,0.220000,NOTE_HYPOTHESIS,shared_audio_intelligence_v0_2;spectral_peak;owner_supplied_audio
BE-003:pitch:05130,BE-003:onset:1136,196.835556,904.835556,333.642857,84,2.642857,71.9645,C5,522.1802,0.325079,1.000000,0.852612,0.850000,0.580000,,0.820767,1724.921,6,3,0.050000,0.300000,0.580000,0.070000,0.000000,0.120000,0.580000,0.220000,NOTE_HYPOTHESIS,shared_audio_intelligence_v0_2;spectral_peak;owner_supplied_audio
BE-003:pitch:05131,BE-003:onset:1136,196.835556,904.835556,333.642857,84,2.642857,63.9344,E4,328.3813,0.162540,1.000000,0.852612,0.850000,0.520000,,0.820767,1724.921,6,4,0.250000,0.520000,0.150000,0.080000,0.000000,0.450000,0.250000,0.200000,NOTE_HYPOTHESIS,shared_audio_intelligence_v0_2;spectral_peak;owner_supplied_audio
BE-003:pitch:05132,BE-003:onset:1136,196.835556,904.835556,333.642857,84,2.642857,90.9841,G6,1566.5405,0.162540,1.000000,0.852612,0.850000,0.840000,,0.820767,1724.921,6,5,0.010000,0.080000,0.840000,0.070000,0.000000,0.120000,0.580000,0.220000,NOTE_HYPOTHESIS,shared_audio_intelligence_v0_2;spectral_peak;owner_supplied_audio
BE-003:pitch:05133,BE-003:onset:1136,196.835556,904.835556,333.642857,84,2.642857,69.8808,A#4,462.9639,0.417959,0.966981,0.852612,0.833490,0.580000,,0.820767,1724.921,6,6,0.050000,0.300000,0.580000,0.070000,0.000000,0.450000,0.250000,0.200000,NOTE_HYPOTHESIS,shared_audio_intelligence_v0_2;spectral_peak;owner_supplied_audio
BE-003:pitch:05134,BE-003:onset:1137,197.044535,905.044535,333.964286,84,2.964286,43.7407,G#2,102.2827,0.859138,1.000000,0.762321,0.850000,0.695860,,0.618779,2664.862,4,1,0.695860,0.164809,0.009952,0.129379,0.480000,0.320000,0.000000,0.000000,NOTE_HYPOTHESIS,shared_audio_intelligence_v0_2;spectral_peak;owner_supplied_audio
BE-003:pitch:05135,BE-003:onset:1137,197.044535,905.044535,333.964286,84,2.964286,71.9645,C5,522.1802,0.232200,0.996377,0.762321,0.848189,0.580000,,0.618779,2664.862,4,2,0.050000,0.300000,0.580000,0.070000,0.000000,0.120000,0.580000,0.220000,NOTE_HYPOTHESIS,shared_audio_intelligence_v0_2;spectral_peak;owner_supplied_audio
BE-003:pitch:05136,BE-003:onset:1137,197.044535,905.044535,333.964286,84,2.964286,69.8808,A#4,462.9639,0.208980,0.964456,0.762321,0.832228,0.580000,,0.618779,2664.862,4,3,0.050000,0.300000,0.580000,0.070000,0.000000,0.450000,0.250000,0.200000,NOTE_HYPOTHESIS,shared_audio_intelligence_v0_2;spectral_peak;owner_supplied_audio
BE-003:pitch:05137,BE-003:onset:1137,197.044535,905.044535,333.964286,84,2.964286,81.8808,A#5,925.9277,0.139320,0.934696,0.762321,0.817348,0.840000,,0.618779,2664.862,4,4,0.010000,0.080000,0.840000,0.070000,0.000000,0.120000,0.580000,0.220000,NOTE_HYPOTHESIS,shared_audio_intelligence_v0_2;spectral_peak;owner_supplied_audio
BE-003:pitch:05138,BE-003:onset:1138,197.137415,905.137415,334.115385,84,3.115385,43.7407,G#2,102.2827,0.162540,1.000000,0.928188,0.850000,0.760000,,0.693697,2070.559,3,1,0.760000,0.180000,0.010000,0.050000,0.480000,0.320000,0.000000,0.000000,NOTE_HYPOTHESIS,shared_audio_intelligence_v0_2;spectral_peak;owner_supplied_audio
BE-003:pitch:05139,BE-003:onset:1138,197.137415,905.137415,334.115385,84,3.115385,84.9193,C#6,1103.5767,0.116100,1.000000,0.928188,0.850000,0.840000,,0.693697,2070.559,3,2,0.010000,0.080000,0.840000,0.070000,0.000000,0.120000,0.580000,0.220000,NOTE_HYPOTHESIS,shared_audio_intelligence_v0_2;spectral_peak;owner_supplied_audio
BE-003:pitch:05140,BE-003:onset:1138,197.137415,905.137415,334.115385,84,3.115385,73.0036,C#5,554.4800,0.255420,1.000000,0.928188,0.850000,0.580000,,0.693697,2070.559,3,3,0.050000,0.300000,0.580000,0.070000,0.000000,0.120000,0.580000,0.220000,NOTE_HYPOTHESIS,shared_audio_intelligence_v0_2;spectral_peak;owner_supplied_audio
BE-003:pitch:05141,BE-003:onset:1139,197.276735,905.276735,334.346154,84,3.346154,43.7407,G#2,102.2827,0.673379,1.000000,0.686152,0.850000,0.760000,,0.422252,2518.909,6,1,0.760000,0.180000,0.010000,0.050000,0.480000,0.320000,0.000000,0.000000,NOTE_HYPOTHESIS,shared_audio_intelligence_v0_2;spectral_peak;owner_supplied_audio
BE-003:pitch:05142,BE-003:onset:1139,197.276735,905.276735,334.346154,84,3.346154,73.0036,C#5,554.4800,0.185760,1.000000,0.686152,0.850000,0.580000,,0.422252,2518.909,6,2,0.050000,0.300000,0.580000,0.070000,0.000000,0.120000,0.580000,0.220000,NOTE_HYPOTHESIS,shared_audio_intelligence_v0_2;spectral_peak;owner_supplied_audio
BE-003:pitch:05143,BE-003:onset:1139,197.276735,905.276735,334.346154,84,3.346154,56.1904,G#3,209.9487,0.208980,1.000000,0.686152,0.850000,0.520000,,0.422252,2518.909,6,3,0.250000,0.520000,0.150000,0.080000,0.000000,0.450000,0.250000,0.200000,NOTE_HYPOTHESIS,shared_audio_intelligence_v0_2;spectral_peak;owner_supplied_audio
BE-003:pitch:05144,BE-003:onset:1139,197.276735,905.276735,334.346154,84,3.346154,54.8047,G3,193.7988,1.532517,0.937247,0.686152,0.818623,0.550000,,0.422252,2518.909,6,4,0.550000,0.350000,0.030000,0.070000,0.480000,0.320000,0.000000,0.000000,NOTE_HYPOTHESIS,shared_audio_intelligence_v0_2;spectral_peak;owner_supplied_audio
BE-003:pitch:05145,BE-003:onset:1139,197.276735,905.276735,334.346154,84,3.346154,57.4734,A3,226.0986,1.137778,0.790572,0.686152,0.745286,0.520000,,0.422252,2518.909,6,5,0.250000,0.520000,0.150000,0.080000,0.000000,0.450000,0.250000,0.200000,NOTE_HYPOTHESIS,shared_audio_intelligence_v0_2;spectral_peak;owner_supplied_audio
BE-003:pitch:05146,BE-003:onset:1139,197.276735,905.276735,334.346154,84,3.346154,66.8047,G4,387.5977,0.557279,0.731160,0.686152,0.715580,0.580000,,0.422252,2518.909,6,6,0.050000,0.300000,0.580000,0.070000,0.000000,0.450000,0.250000,0.200000,NOTE_HYPOTHESIS,shared_audio_intelligence_v0_2;spectral_peak;owner_supplied_audio
BE-003:pitch:05147,BE-003:onset:1140,197.416054,905.416054,334.576923,84,3.576923,42.8047,G2,96.8994,0.278639,1.000000,0.840271,0.850000,0.760000,,0.733920,1781.263,1,1,0.760000,0.180000,0.010000,0.050000,0.480000,0.320000,0.000000,0.000000,NOTE_HYPOTHESIS,shared_audio_intelligence_v0_2;spectral_peak;owner_supplied_audio
BE-003:pitch:05148,BE-003:onset:1141,197.578594,905.578594,334.846154,84,3.846154,42.8047,G2,96.8994,0.278639,1.000000,0.888517,0.850000,0.760000,,0.720174,1555.827,4,1,0.760000,0.180000,0.010000,0.050000,0.480000,0.320000,0.000000,0.000000,NOTE_HYPOTHESIS,shared_audio_intelligence_v0_2;spectral_peak;owner_supplied_audio
BE-003:pitch:05149,BE-003:onset:1141,197.578594,905.578594,334.846154,84,3.846154,63.9344,E4,328.3813,0.139320,1.000000,0.888517,0.850000,0.520000,,0.720174,1555.827,4,2,0.250000,0.520000,0.150000,0.080000,0.000000,0.450000,0.250000,0.200000,NOTE_HYPOTHESIS,shared_audio_intelligence_v0_2;spectral_peak;owner_supplied_audio
BE-003:pitch:05150,BE-003:onset:1141,197.578594,905.578594,334.846154,84,3.846154,54.8047,G3,193.7988,1.532517,1.000000,0.888517,0.850000,0.550000,,0.720174,1555.827,4,3,0.550000,0.350000,0.030000,0.070000,0.480000,0.320000,0.000000,0.000000,NOTE_HYPOTHESIS,shared_audio_intelligence_v0_2;spectral_peak;owner_supplied_audio
BE-003:pitch:05151,BE-003:onset:1141,197.578594,905.578594,334.846154,84,3.846154,81.8808,A#5,925.9277,0.185760,1.000000,0.888517,0.850000,0.840000,,0.720174,1555.827,4,4,0.010000,0.080000,0.840000,0.070000,0.000000,0.120000,0.580000,0.220000,NOTE_HYPOTHESIS,shared_audio_intelligence_v0_2;spectral_peak;owner_supplied_audio
BE-003:pitch:05152,BE-003:onset:1142,197.741134,905.741134,335.115385,84,4.115385,38.4538,D2,75.3662,0.464399,1.000000,0.582947,0.850000,0.760000,,0.561935,2315.770,6,1,0.760000,0.180000,0.010000,0.050000,0.480000,0.320000,0.000000,0.000000,NOTE_HYPOTHESIS,shared_audio_intelligence_v0_2;spectral_peak;owner_supplied_audio
BE-003:pitch:05153,BE-003:onset:1142,197.741134,905.741134,335.115385,84,4.115385,42.8047,G2,96.8994,0.232200,1.000000,0.582947,0.850000,0.760000,,0.561935,2315.770,6,2,0.760000,0.180000,0.010000,0.050000,0.480000,0.320000,0.000000,0.000000,NOTE_HYPOTHESIS,shared_audio_intelligence_v0_2;spectral_peak;owner_supplied_audio
BE-003:pitch:05154,BE-003:onset:1142,197.741134,905.741134,335.115385,84,4.115385,49.8242,D3,145.3491,0.208980,1.000000,0.582947,0.850000,0.550000,,0.561935,2315.770,6,3,0.550000,0.350000,0.030000,0.070000,0.480000,0.320000,0.000000,0.000000,NOTE_HYPOTHESIS,shared_audio_intelligence_v0_2;spectral_peak;owner_supplied_audio
BE-003:pitch:05155,BE-003:onset:1142,197.741134,905.741134,335.115385,84,4.115385,68.8438,A4,436.0474,0.232200,1.000000,0.582947,0.850000,0.580000,,0.561935,2315.770,6,4,0.050000,0.300000,0.580000,0.070000,0.000000,0.450000,0.250000,0.200000,NOTE_HYPOTHESIS,shared_audio_intelligence_v0_2;spectral_peak;owner_supplied_audio
BE-003:pitch:05156,BE-003:onset:1142,197.741134,905.741134,335.115385,84,4.115385,69.8808,A#4,462.9639,0.417959,0.943424,0.582947,0.821712,0.580000,,0.561935,2315.770,6,5,0.050000,0.300000,0.580000,0.070000,0.000000,0.450000,0.250000,0.200000,NOTE_HYPOTHESIS,shared_audio_intelligence_v0_2;spectral_peak;owner_supplied_audio
BE-003:pitch:05157,BE-003:onset:1142,197.741134,905.741134,335.115385,84,4.115385,54.8047,G3,193.7988,1.416417,0.942166,0.582947,0.821083,0.550000,,0.561935,2315.770,6,6,0.550000,0.350000,0.030000,0.070000,0.480000,0.320000,0.000000,0.000000,NOTE_HYPOTHESIS,shared_audio_intelligence_v0_2;spectral_peak;owner_supplied_audio
BE-003:pitch:05158,BE-003:onset:1143,197.880454,905.880454,335.346154,84,4.346154,62.7603,D#4,306.8481,0.255420,1.000000,1.000000,0.850000,0.520000,,0.768581,1752.920,6,1,0.250000,0.520000,0.150000,0.080000,0.000000,0.450000,0.250000,0.200000,NOTE_HYPOTHESIS,shared_audio_intelligence_v0_2;spectral_peak;owner_supplied_audio
BE-003:pitch:05159,BE-003:onset:1143,197.880454,905.880454,335.346154,84,4.346154,74.9115,D#5,619.0796,0.719819,1.000000,1.000000,0.850000,0.580000,,0.768581,1752.920,6,2,0.050000,0.300000,0.580000,0.070000,0.000000,0.120000,0.580000,0.220000,NOTE_HYPOTHESIS,shared_audio_intelligence_v0_2;spectral_peak;owner_supplied_audio
BE-003:pitch:05160,BE-003:onset:1143,197.880454,905.880454,335.346154,84,4.346154,57.8808,A#3,231.4819,0.301859,1.000000,1.000000,0.850000,0.520000,,0.768581,1752.920,6,3,0.250000,0.520000,0.150000,0.080000,0.000000,0.450000,0.250000,0.200000,NOTE_HYPOTHESIS,shared_audio_intelligence_v0_2;spectral_peak;owner_supplied_audio
BE-003:pitch:05161,BE-003:onset:1143,197.880454,905.880454,335.346154,84,4.346154,38.4538,D2,75.3662,0.348299,1.000000,1.000000,0.850000,0.760000,,0.768581,1752.920,6,4,0.760000,0.180000,0.010000,0.050000,0.480000,0.320000,0.000000,0.000000,NOTE_HYPOTHESIS,shared_audio_intelligence_v0_2;spectral_peak;owner_supplied_audio
BE-003:pitch:05162,BE-003:onset:1143,197.880454,905.880454,335.346154,84,4.346154,86.9115,D#6,1238.1592,0.650159,1.000000,1.000000,0.850000,0.840000,,0.768581,1752.920,6,5,0.010000,0.080000,0.840000,0.070000,0.000000,0.120000,0.580000,0.220000,NOTE_HYPOTHESIS,shared_audio_intelligence_v0_2;spectral_peak;owner_supplied_audio
BE-003:pitch:05163,BE-003:onset:1143,197.880454,905.880454,335.346154,84,4.346154,81.8808,A#5,925.9277,0.232200,1.000000,1.000000,0.850000,0.840000,,0.768581,1752.920,6,6,0.010000,0.080000,0.840000,0.070000,0.000000,0.120000,0.580000,0.220000,NOTE_HYPOTHESIS,shared_audio_intelligence_v0_2;spectral_peak;owner_supplied_audio
BE-003:pitch:05164,BE-003:onset:1144,198.182313,906.182313,335.846154,84,4.846154,74.9115,D#5,619.0796,0.394739,1.000000,1.000000,0.850000,0.580000,,0.705417,1927.121,4,1,0.050000,0.300000,0.580000,0.070000,0.000000,0.120000,0.580000,0.220000,NOTE_HYPOTHESIS,shared_audio_intelligence_v0_2;spectral_peak;owner_supplied_audio
BE-003:pitch:05165,BE-003:onset:1144,198.182313,906.182313,335.846154,84,4.846154,86.9115,D#6,1238.1592,0.092880,1.000000,1.000000,0.850000,0.840000,,0.705417,1927.121,4,2,0.010000,0.080000,0.840000,0.070000,0.000000,0.120000,0.580000,0.220000,NOTE_HYPOTHESIS,shared_audio_intelligence_v0_2;spectral_peak;owner_supplied_audio
BE-003:pitch:05166,BE-003:onset:1144,198.182313,906.182313,335.846154,84,4.846154,35.7851,C2,64.5996,1.137778,1.000000,1.000000,0.850000,0.760000,,0.705417,1927.121,4,3,0.760000,0.180000,0.010000,0.050000,0.480000,0.320000,0.000000,0.000000,NOTE_HYPOTHESIS,shared_audio_intelligence_v0_2;spectral_peak;owner_supplied_audio
BE-003:pitch:05167,BE-003:onset:1144,198.182313,906.182313,335.846154,84,4.846154,54.8047,G3,193.7988,0.975238,0.997741,1.000000,0.848870,0.550000,,0.705417,1927.121,4,4,0.550000,0.350000,0.030000,0.070000,0.480000,0.320000,0.000000,0.000000,NOTE_HYPOTHESIS,shared_audio_intelligence_v0_2;spectral_peak;owner_supplied_audio
BE-003:pitch:05168,BE-003:onset:1145,198.275193,906.275193,336.000000,85,1.000000,74.9115,D#5,619.0796,0.325079,1.000000,0.648772,0.850000,0.580000,,0.680318,1937.202,6,1,0.050000,0.300000,0.580000,0.070000,0.000000,0.120000,0.580000,0.220000,NOTE_HYPOTHESIS,shared_audio_intelligence_v0_2;spectral_peak;owner_supplied_audio
BE-003:pitch:05169,BE-003:onset:1145,198.275193,906.275193,336.000000,85,1.000000,34.2788,A#1,59.2163,0.975238,1.000000,0.648772,0.850000,0.760000,,0.680318,1937.202,6,2,0.760000,0.180000,0.010000,0.050000,0.480000,0.320000,0.000000,0.000000,NOTE_HYPOTHESIS,shared_audio_intelligence_v0_2;spectral_peak;owner_supplied_audio
BE-003:pitch:05170,BE-003:onset:1145,198.275193,906.275193,336.000000,85,1.000000,73.9838,D5,586.7798,0.232200,1.000000,0.648772,0.850000,0.580000,,0.680318,1937.202,6,3,0.050000,0.300000,0.580000,0.070000,0.000000,0.120000,0.580000,0.220000,NOTE_HYPOTHESIS,shared_audio_intelligence_v0_2;spectral_peak;owner_supplied_audio
BE-003:pitch:05171,BE-003:onset:1145,198.275193,906.275193,336.000000,85,1.000000,47.7851,C3,129.1992,0.835918,1.000000,0.648772,0.850000,0.550000,,0.680318,1937.202,6,4,0.550000,0.350000,0.030000,0.070000,0.480000,0.320000,0.000000,0.000000,NOTE_HYPOTHESIS,shared_audio_intelligence_v0_2;spectral_peak;owner_supplied_audio
BE-003:pitch:05172,BE-003:onset:1145,198.275193,906.275193,336.000000,85,1.000000,85.9042,D6,1168.1763,0.208980,0.938803,0.648772,0.819401,0.840000,,0.680318,1937.202,6,5,0.010000,0.080000,0.840000,0.070000,0.000000,0.120000,0.580000,0.220000,NOTE_HYPOTHESIS,shared_audio_intelligence_v0_2;spectral_peak;owner_supplied_audio
BE-003:pitch:05173,BE-003:onset:1145,198.275193,906.275193,336.000000,85,1.000000,54.8047,G3,193.7988,0.882358,0.895542,0.648772,0.797771,0.550000,,0.680318,1937.202,6,6,0.550000,0.350000,0.030000,0.070000,0.480000,0.320000,0.000000,0.000000,NOTE_HYPOTHESIS,shared_audio_intelligence_v0_2;spectral_peak;owner_supplied_audio
BE-003:pitch:05174,BE-003:onset:1146,198.391293,906.391293,336.208333,85,1.208333,74.9115,D#5,619.0796,0.185760,1.000000,0.640354,0.850000,0.580000,,0.657916,1606.249,5,1,0.050000,0.300000,0.580000,0.070000,0.000000,0.120000,0.580000,0.220000,NOTE_HYPOTHESIS,shared_audio_intelligence_v0_2;spectral_peak;owner_supplied_audio
BE-003:pitch:05175,BE-003:onset:1146,198.391293,906.391293,336.208333,85,1.208333,73.9838,D5,586.7798,0.116100,1.000000,0.640354,0.850000,0.580000,,0.657916,1606.249,5,2,0.050000,0.300000,0.580000,0.070000,0.000000,0.120000,0.580000,0.220000,NOTE_HYPOTHESIS,shared_audio_intelligence_v0_2;spectral_peak;owner_supplied_audio
BE-003:pitch:05176,BE-003:onset:1146,198.391293,906.391293,336.208333,85,1.208333,35.7851,C2,64.5996,0.882358,1.000000,0.640354,0.850000,0.760000,,0.657916,1606.249,5,3,0.760000,0.180000,0.010000,0.050000,0.480000,0.320000,0.000000,0.000000,NOTE_HYPOTHESIS,shared_audio_intelligence_v0_2;spectral_peak;owner_supplied_audio
BE-003:pitch:05177,BE-003:onset:1146,198.391293,906.391293,336.208333,85,1.208333,86.9115,D#6,1238.1592,0.139320,1.000000,0.640354,0.850000,0.840000,,0.657916,1606.249,5,4,0.010000,0.080000,0.840000,0.070000,0.000000,0.120000,0.580000,0.220000,NOTE_HYPOTHESIS,shared_audio_intelligence_v0_2;spectral_peak;owner_supplied_audio
BE-003:pitch:05178,BE-003:onset:1146,198.391293,906.391293,336.208333,85,1.208333,47.7851,C3,129.1992,0.719819,1.000000,0.640354,0.850000,0.550000,,0.657916,1606.249,5,5,0.550000,0.350000,0.030000,0.070000,0.480000,0.320000,0.000000,0.000000,NOTE_HYPOTHESIS,shared_audio_intelligence_v0_2;spectral_peak;owner_supplied_audio
BE-003:pitch:05179,BE-003:onset:1147,198.530612,906.530612,336.458333,85,1.458333,81.8808,A#5,925.9277,0.139320,1.000000,1.000000,0.850000,0.840000,,0.697548,2254.976,6,1,0.010000,0.080000,0.840000,0.070000,0.000000,0.120000,0.580000,0.220000,NOTE_HYPOTHESIS,shared_audio_intelligence_v0_2;spectral_peak;owner_supplied_audio
BE-003:pitch:05180,BE-003:onset:1147,198.530612,906.530612,336.458333,85,1.458333,74.9115,D#5,619.0796,0.069660,1.000000,1.000000,0.850000,0.580000,,0.697548,2254.976,6,2,0.050000,0.300000,0.580000,0.070000,0.000000,0.120000,0.580000,0.220000,NOTE_HYPOTHESIS,shared_audio_intelligence_v0_2;spectral_peak;owner_supplied_audio
BE-003:pitch:05181,BE-003:onset:1147,198.530612,906.530612,336.458333,85,1.458333,37.1709,C#2,69.9829,0.789478,1.000000,1.000000,0.850000,0.760000,,0.697548,2254.976,6,3,0.760000,0.180000,0.010000,0.050000,0.480000,0.320000,0.000000,0.000000,NOTE_HYPOTHESIS,shared_audio_intelligence_v0_2;spectral_peak;owner_supplied_audio
BE-003:pitch:05182,BE-003:onset:1147,198.530612,906.530612,336.458333,85,1.458333,47.0483,B2,123.8159,0.580499,1.000000,1.000000,0.850000,0.550000,,0.697548,2254.976,6,4,0.550000,0.350000,0.030000,0.070000,0.480000,0.320000,0.000000,0.000000,NOTE_HYPOTHESIS,shared_audio_intelligence_v0_2;spectral_peak;owner_supplied_audio
BE-003:pitch:05183,BE-003:onset:1147,198.530612,906.530612,336.458333,85,1.458333,34.2788,A#1,59.2163,1.091338,1.000000,1.000000,0.850000,0.760000,,0.697548,2254.976,6,5,0.760000,0.180000,0.010000,0.050000,0.480000,0.320000,0.000000,0.000000,NOTE_HYPOTHESIS,shared_audio_intelligence_v0_2;spectral_peak;owner_supplied_audio
BE-003:pitch:05184,BE-003:onset:1147,198.530612,906.530612,336.458333,85,1.458333,45.4734,A2,113.0493,0.208980,0.973356,1.000000,0.836678,0.550000,,0.697548,2254.976,6,6,0.550000,0.350000,0.030000,0.070000,0.480000,0.320000,0.000000,0.000000,NOTE_HYPOTHESIS,shared_audio_intelligence_v0_2;spectral_peak;owner_supplied_audio
BE-003:pitch:05185,BE-003:onset:1148,198.716372,906.716372,336.791667,85,1.791667,73.8242,D5,581.3965,0.232200,1.000000,0.788034,0.850000,0.580000,,0.545114,2228.631,6,1,0.050000,0.300000,0.580000,0.070000,0.000000,0.120000,0.580000,0.220000,NOTE_HYPOTHESIS,shared_audio_intelligence_v0_2;spectral_peak;owner_supplied_audio
BE-003:pitch:05186,BE-003:onset:1148,198.716372,906.716372,336.791667,85,1.791667,35.7851,C2,64.5996,0.603719,1.000000,0.788034,0.850000,0.760000,,0.545114,2228.631,6,2,0.760000,0.180000,0.010000,0.050000,0.480000,0.320000,0.000000,0.000000,NOTE_HYPOTHESIS,shared_audio_intelligence_v0_2;spectral_peak;owner_supplied_audio
BE-003:pitch:05187,BE-003:onset:1148,198.716372,906.716372,336.791667,85,1.791667,85.9042,D6,1168.1763,0.232200,1.000000,0.788034,0.850000,0.840000,,0.545114,2228.631,6,3,0.010000,0.080000,0.840000,0.070000,0.000000,0.120000,0.580000,0.220000,NOTE_HYPOTHESIS,shared_audio_intelligence_v0_2;spectral_peak;owner_supplied_audio
BE-003:pitch:05188,BE-003:onset:1148,198.716372,906.716372,336.791667,85,1.791667,54.8047,G3,193.7988,0.441179,0.978276,0.788034,0.839138,0.550000,,0.545114,2228.631,6,4,0.550000,0.350000,0.030000,0.070000,0.480000,0.320000,0.000000,0.000000,NOTE_HYPOTHESIS,shared_audio_intelligence_v0_2;spectral_peak;owner_supplied_audio
BE-003:pitch:05189,BE-003:onset:1148,198.716372,906.716372,336.791667,85,1.791667,47.7851,C3,129.1992,0.417959,0.974036,0.788034,0.837018,0.550000,,0.545114,2228.631,6,5,0.550000,0.350000,0.030000,0.070000,0.480000,0.320000,0.000000,0.000000,NOTE_HYPOTHESIS,shared_audio_intelligence_v0_2;spectral_peak;owner_supplied_audio
BE-003:pitch:05190,BE-003:onset:1148,198.716372,906.716372,336.791667,85,1.791667,43.7407,G#2,102.2827,0.232200,0.935293,0.788034,0.817647,0.760000,,0.545114,2228.631,6,6,0.760000,0.180000,0.010000,0.050000,0.480000,0.320000,0.000000,0.000000,NOTE_HYPOTHESIS,shared_audio_intelligence_v0_2;spectral_peak;owner_supplied_audio
BE-003:pitch:05191,BE-003:onset:1149,198.832472,906.832472,337.000000,85,2.000000,73.8242,D5,581.3965,0.116100,1.000000,0.687266,0.850000,0.580000,,0.617814,2263.763,6,1,0.050000,0.300000,0.580000,0.070000,0.000000,0.120000,0.580000,0.220000,NOTE_HYPOTHESIS,shared_audio_intelligence_v0_2;spectral_peak;owner_supplied_audio
BE-003:pitch:05192,BE-003:onset:1149,198.832472,906.832472,337.000000,85,2.000000,74.9115,D#5,619.0796,0.162540,1.000000,0.687266,0.850000,0.580000,,0.617814,2263.763,6,2,0.050000,0.300000,0.580000,0.070000,0.000000,0.120000,0.580000,0.220000,NOTE_HYPOTHESIS,shared_audio_intelligence_v0_2;spectral_peak;owner_supplied_audio
BE-003:pitch:05193,BE-003:onset:1149,198.832472,906.832472,337.000000,85,2.000000,37.1709,C#2,69.9829,0.441179,1.000000,0.687266,0.850000,0.760000,,0.617814,2263.763,6,3,0.760000,0.180000,0.010000,0.050000,0.480000,0.320000,0.000000,0.000000,NOTE_HYPOTHESIS,shared_audio_intelligence_v0_2;spectral_peak;owner_supplied_audio
BE-003:pitch:05194,BE-003:onset:1149,198.832472,906.832472,337.000000,85,2.000000,47.7851,C3,129.1992,0.278639,1.000000,0.687266,0.850000,0.550000,,0.617814,2263.763,6,4,0.550000,0.350000,0.030000,0.070000,0.480000,0.320000,0.000000,0.000000,NOTE_HYPOTHESIS,shared_audio_intelligence_v0_2;spectral_peak;owner_supplied_audio
BE-003:pitch:05195,BE-003:onset:1149,198.832472,906.832472,337.000000,85,2.000000,85.9042,D6,1168.1763,0.116100,0.972755,0.687266,0.836378,0.840000,,0.617814,2263.763,6,5,0.010000,0.080000,0.840000,0.070000,0.000000,0.120000,0.580000,0.220000,NOTE_HYPOTHESIS,shared_audio_intelligence_v0_2;spectral_peak;owner_supplied_audio
BE-003:pitch:05196,BE-003:onset:1149,198.832472,906.832472,337.000000,85,2.000000,54.8047,G3,193.7988,0.325079,0.962728,0.687266,0.831364,0.550000,,0.617814,2263.763,6,6,0.550000,0.350000,0.030000,0.070000,0.480000,0.320000,0.000000,0.000000,NOTE_HYPOTHESIS,shared_audio_intelligence_v0_2;spectral_peak;owner_supplied_audio
BE-003:pitch:05197,BE-003:onset:1150,199.018231,907.018231,337.320000,85,2.320000,81.8808,A#5,925.9277,0.325079,1.000000,0.758848,0.850000,0.840000,,0.743778,2165.521,4,1,0.010000,0.080000,0.840000,0.070000,0.000000,0.120000,0.580000,0.220000,NOTE_HYPOTHESIS,shared_audio_intelligence_v0_2;spectral_peak;owner_supplied_audio
BE-003:pitch:05198,BE-003:onset:1150,199.018231,907.018231,337.320000,85,2.320000,35.7851,C2,64.5996,0.301859,1.000000,0.758848,0.850000,0.760000,,0.743778,2165.521,4,2,0.760000,0.180000,0.010000,0.050000,0.480000,0.320000,0.000000,0.000000,NOTE_HYPOTHESIS,shared_audio_intelligence_v0_2;spectral_peak;owner_supplied_audio
BE-003:pitch:05199,BE-003:onset:1150,199.018231,907.018231,337.320000,85,2.320000,56.1904,G#3,209.9487,0.139320,1.000000,0.758848,0.850000,0.520000,,0.743778,2165.521,4,3,0.250000,0.520000,0.150000,0.080000,0.000000,0.450000,0.250000,0.200000,NOTE_HYPOTHESIS,shared_audio_intelligence_v0_2;spectral_peak;owner_supplied_audio
BE-003:pitch:05200,BE-003:onset:1150,199.018231,907.018231,337.320000,85,2.320000,54.3170,F#3,188.4155,0.162540,1.000000,0.758848,0.850000,0.550000,,0.743778,2165.521,4,4,0.550000,0.350000,0.030000,0.070000,0.480000,0.320000,0.000000,0.000000,NOTE_HYPOTHESIS,shared_audio_intelligence_v0_2;spectral_peak;owner_supplied_audio
BE-003:pitch:05201,BE-003:onset:1151,199.134331,907.134331,337.520000,85,2.520000,40.7656,F2,86.1328,0.603719,1.000000,0.679550,0.850000,0.760000,,0.590192,2419.267,4,1,0.760000,0.180000,0.010000,0.050000,0.480000,0.320000,0.000000,0.000000,NOTE_HYPOTHESIS,shared_audio_intelligence_v0_2;spectral_peak;owner_supplied_audio
BE-003:pitch:05202,BE-003:onset:1151,199.134331,907.134331,337.520000,85,2.520000,81.9811,A#5,931.3110,0.626939,1.000000,0.679550,0.850000,0.840000,,0.590192,2419.267,4,2,0.010000,0.080000,0.840000,0.070000,0.000000,0.120000,0.580000,0.220000,NOTE_HYPOTHESIS,shared_audio_intelligence_v0_2;spectral_peak;owner_supplied_audio
BE-003:pitch:05203,BE-003:onset:1151,199.134331,907.134331,337.520000,85,2.520000,34.2788,A#1,59.2163,0.185760,1.000000,0.679550,0.850000,0.760000,,0.590192,2419.267,4,3,0.760000,0.180000,0.010000,0.050000,0.480000,0.320000,0.000000,0.000000,NOTE_HYPOTHESIS,shared_audio_intelligence_v0_2;spectral_peak;owner_supplied_audio
BE-003:pitch:05204,BE-003:onset:1151,199.134331,907.134331,337.520000,85,2.520000,81.7798,A#5,920.5444,0.650159,0.939527,0.679550,0.819764,0.840000,,0.590192,2419.267,4,4,0.010000,0.080000,0.840000,0.070000,0.000000,0.120000,0.580000,0.220000,NOTE_HYPOTHESIS,shared_audio_intelligence_v0_2;spectral_peak;owner_supplied_audio
BE-003:pitch:05205,BE-003:onset:1152,199.320091,907.320091,337.840000,85,2.840000,62.7603,D#4,306.8481,0.510839,1.000000,1.000000,0.850000,0.520000,,0.724910,1805.343,6,1,0.250000,0.520000,0.150000,0.080000,0.000000,0.450000,0.250000,0.200000,NOTE_HYPOTHESIS,shared_audio_intelligence_v0_2;spectral_peak;owner_supplied_audio
BE-003:pitch:05206,BE-003:onset:1152,199.320091,907.320091,337.840000,85,2.840000,73.9838,D5,586.7798,0.232200,1.000000,1.000000,0.850000,0.580000,,0.724910,1805.343,6,2,0.050000,0.300000,0.580000,0.070000,0.000000,0.120000,0.580000,0.220000,NOTE_HYPOTHESIS,shared_audio_intelligence_v0_2;spectral_peak;owner_supplied_audio
BE-003:pitch:05207,BE-003:onset:1152,199.320091,907.320091,337.840000,85,2.840000,74.9115,D#5,619.0796,0.464399,1.000000,1.000000,0.850000,0.580000,,0.724910,1805.343,6,3,0.050000,0.300000,0.580000,0.070000,0.000000,0.120000,0.580000,0.220000,NOTE_HYPOTHESIS,shared_audio_intelligence_v0_2;spectral_peak;owner_supplied_audio
BE-003:pitch:05208,BE-003:onset:1152,199.320091,907.320091,337.840000,85,2.840000,57.8808,A#3,231.4819,0.325079,1.000000,1.000000,0.850000,0.520000,,0.724910,1805.343,6,4,0.250000,0.520000,0.150000,0.080000,0.000000,0.450000,0.250000,0.200000,NOTE_HYPOTHESIS,shared_audio_intelligence_v0_2;spectral_peak;owner_supplied_audio
BE-003:pitch:05209,BE-003:onset:1152,199.320091,907.320091,337.840000,85,2.840000,40.7656,F2,86.1328,0.464399,1.000000,1.000000,0.850000,0.760000,,0.724910,1805.343,6,5,0.760000,0.180000,0.010000,0.050000,0.480000,0.320000,0.000000,0.000000,NOTE_HYPOTHESIS,shared_audio_intelligence_v0_2;spectral_peak;owner_supplied_audio
BE-003:pitch:05210,BE-003:onset:1152,199.320091,907.320091,337.840000,85,2.840000,81.8808,A#5,925.9277,0.441179,1.000000,1.000000,0.850000,0.840000,,0.724910,1805.343,6,6,0.010000,0.080000,0.840000,0.070000,0.000000,0.120000,0.580000,0.220000,NOTE_HYPOTHESIS,shared_audio_intelligence_v0_2;spectral_peak;owner_supplied_audio
BE-003:pitch:05211,BE-003:onset:1153,199.598730,907.598730,338.320000,85,3.320000,81.8808,A#5,925.9277,0.116100,1.000000,0.664474,0.850000,0.840000,,0.728225,1686.306,5,1,0.010000,0.080000,0.840000,0.070000,0.000000,0.120000,0.580000,0.220000,NOTE_HYPOTHESIS,shared_audio_intelligence_v0_2;spectral_peak;owner_supplied_audio
BE-003:pitch:05212,BE-003:onset:1153,199.598730,907.598730,338.320000,85,3.320000,62.7603,D#4,306.8481,0.232200,1.000000,0.664474,0.850000,0.520000,,0.728225,1686.306,5,2,0.250000,0.520000,0.150000,0.080000,0.000000,0.450000,0.250000,0.200000,NOTE_HYPOTHESIS,shared_audio_intelligence_v0_2;spectral_peak;owner_supplied_audio
BE-003:pitch:05213,BE-003:onset:1153,199.598730,907.598730,338.320000,85,3.320000,41.8151,F#2,91.5161,0.162540,1.000000,0.664474,0.850000,0.760000,,0.728225,1686.306,5,3,0.760000,0.180000,0.010000,0.050000,0.480000,0.320000,0.000000,0.000000,NOTE_HYPOTHESIS,shared_audio_intelligence_v0_2;spectral_peak;owner_supplied_audio
BE-003:pitch:05214,BE-003:onset:1153,199.598730,907.598730,338.320000,85,3.320000,74.7603,D#5,613.6963,0.185760,1.000000,0.664474,0.850000,0.580000,,0.728225,1686.306,5,4,0.050000,0.300000,0.580000,0.070000,0.000000,0.120000,0.580000,0.220000,NOTE_HYPOTHESIS,shared_audio_intelligence_v0_2;spectral_peak;owner_supplied_audio
BE-003:pitch:05215,BE-003:onset:1153,199.598730,907.598730,338.320000,85,3.320000,86.9115,D#6,1238.1592,0.162540,0.955740,0.664474,0.827870,0.840000,,0.728225,1686.306,5,5,0.010000,0.080000,0.840000,0.070000,0.000000,0.120000,0.580000,0.220000,NOTE_HYPOTHESIS,shared_audio_intelligence_v0_2;spectral_peak;owner_supplied_audio
BE-003:pitch:05216,BE-003:onset:1154,199.738050,907.738050,338.560000,85,3.560000,80.9503,A5,877.4780,0.139320,1.000000,0.917516,0.850000,0.840000,,0.947626,1578.959,6,1,0.010000,0.080000,0.840000,0.070000,0.000000,0.120000,0.580000,0.220000,NOTE_HYPOTHESIS,shared_audio_intelligence_v0_2;spectral_peak;owner_supplied_audio
BE-003:pitch:05217,BE-003:onset:1154,199.738050,907.738050,338.560000,85,3.560000,44.6287,A2,107.6660,0.534059,1.000000,0.917516,0.850000,0.760000,,0.947626,1578.959,6,2,0.760000,0.180000,0.010000,0.050000,0.480000,0.320000,0.000000,0.000000,NOTE_HYPOTHESIS,shared_audio_intelligence_v0_2;spectral_peak;owner_supplied_audio
BE-003:pitch:05218,BE-003:onset:1154,199.738050,907.738050,338.560000,85,3.560000,34.2788,A#1,59.2163,0.626939,1.000000,0.917516,0.850000,0.760000,,0.947626,1578.959,6,3,0.760000,0.180000,0.010000,0.050000,0.480000,0.320000,0.000000,0.000000,NOTE_HYPOTHESIS,shared_audio_intelligence_v0_2;spectral_peak;owner_supplied_audio
BE-003:pitch:05219,BE-003:onset:1154,199.738050,907.738050,338.560000,85,3.560000,63.0613,D#4,312.2314,0.139320,1.000000,0.917516,0.850000,0.520000,,0.947626,1578.959,6,4,0.250000,0.520000,0.150000,0.080000,0.000000,0.450000,0.250000,0.200000,NOTE_HYPOTHESIS,shared_audio_intelligence_v0_2;spectral_peak;owner_supplied_audio
BE-003:pitch:05220,BE-003:onset:1154,199.738050,907.738050,338.560000,85,3.560000,74.9115,D#5,619.0796,0.069660,0.992668,0.917516,0.846334,0.580000,,0.947626,1578.959,6,5,0.050000,0.300000,0.580000,0.070000,0.000000,0.120000,0.580000,0.220000,NOTE_HYPOTHESIS,shared_audio_intelligence_v0_2;spectral_peak;owner_supplied_audio
BE-003:pitch:05221,BE-003:onset:1154,199.738050,907.738050,338.560000,85,3.560000,93.0033,A6,1760.3394,0.162540,0.941974,0.917516,0.820987,0.840000,,0.947626,1578.959,6,6,0.010000,0.080000,0.840000,0.070000,0.000000,0.120000,0.580000,0.220000,NOTE_HYPOTHESIS,shared_audio_intelligence_v0_2;spectral_peak;owner_supplied_audio
BE-003:pitch:05222,BE-003:onset:1155,199.900590,907.900590,338.840000,85,3.840000,32.6287,A1,53.8330,0.464399,1.000000,0.876424,0.850000,0.760000,,0.671318,2044.667,6,1,0.760000,0.180000,0.010000,0.050000,0.480000,0.320000,0.000000,0.000000,NOTE_HYPOTHESIS,shared_audio_intelligence_v0_2;spectral_peak;owner_supplied_audio
BE-003:pitch:05223,BE-003:onset:1155,199.900590,907.900590,338.840000,85,3.840000,44.6287,A2,107.6660,0.371519,1.000000,0.876424,0.850000,0.760000,,0.671318,2044.667,6,2,0.760000,0.180000,0.010000,0.050000,0.480000,0.320000,0.000000,0.000000,NOTE_HYPOTHESIS,shared_audio_intelligence_v0_2;spectral_peak;owner_supplied_audio
BE-003:pitch:05224,BE-003:onset:1155,199.900590,907.900590,338.840000,85,3.840000,78.9245,G5,780.5786,0.162540,1.000000,0.876424,0.850000,0.840000,,0.671318,2044.667,6,3,0.010000,0.080000,0.840000,0.070000,0.000000,0.120000,0.580000,0.220000,NOTE_HYPOTHESIS,shared_audio_intelligence_v0_2;spectral_peak;owner_supplied_audio
BE-003:pitch:05225,BE-003:onset:1155,199.900590,907.900590,338.840000,85,3.840000,63.9344,E4,328.3813,0.441179,0.966175,0.876424,0.833088,0.520000,,0.671318,2044.667,6,4,0.250000,0.520000,0.150000,0.080000,0.000000,0.450000,0.250000,0.200000,NOTE_HYPOTHESIS,shared_audio_intelligence_v0_2;spectral_peak;owner_supplied_audio
BE-003:pitch:05226,BE-003:onset:1155,199.900590,907.900590,338.840000,85,3.840000,66.8047,G4,387.5977,0.232200,0.900568,0.876424,0.800284,0.580000,,0.671318,2044.667,6,5,0.050000,0.300000,0.580000,0.070000,0.000000,0.450000,0.250000,0.200000,NOTE_HYPOTHESIS,shared_audio_intelligence_v0_2;spectral_peak;owner_supplied_audio
BE-003:pitch:05227,BE-003:onset:1155,199.900590,907.900590,338.840000,85,3.840000,90.8647,G6,1555.7739,0.139320,0.895668,0.876424,0.797834,0.840000,,0.671318,2044.667,6,6,0.010000,0.080000,0.840000,0.070000,0.000000,0.120000,0.580000,0.220000,NOTE_HYPOTHESIS,shared_audio_intelligence_v0_2;spectral_peak;owner_supplied_audio
BE-003:pitch:05228,BE-003:onset:1156,199.993469,907.993469,339.000000,85,4.000000,34.2788,A#1,59.2163,0.371519,1.000000,0.864796,0.850000,0.760000,,0.635908,2492.633,6,1,0.760000,0.180000,0.010000,0.050000,0.480000,0.320000,0.000000,0.000000,NOTE_HYPOTHESIS,shared_audio_intelligence_v0_2;spectral_peak;owner_supplied_audio
BE-003:pitch:05229,BE-003:onset:1156,199.993469,907.993469,339.000000,85,4.000000,76.9003,F5,694.4458,0.394739,1.000000,0.864796,0.850000,0.840000,,0.635908,2492.633,6,2,0.010000,0.080000,0.840000,0.070000,0.000000,0.120000,0.580000,0.220000,NOTE_HYPOTHESIS,shared_audio_intelligence_v0_2;spectral_peak;owner_supplied_audio
BE-003:pitch:05230,BE-003:onset:1156,199.993469,907.993469,339.000000,85,4.000000,45.4734,A2,113.0493,0.278639,1.000000,0.864796,0.850000,0.550000,,0.635908,2492.633,6,3,0.550000,0.350000,0.030000,0.070000,0.480000,0.320000,0.000000,0.000000,NOTE_HYPOTHESIS,shared_audio_intelligence_v0_2;spectral_peak;owner_supplied_audio
BE-003:pitch:05231,BE-003:onset:1156,199.993469,907.993469,339.000000,85,4.000000,78.9245,G5,780.5786,0.092880,1.000000,0.864796,0.850000,0.840000,,0.635908,2492.633,6,4,0.010000,0.080000,0.840000,0.070000,0.000000,0.120000,0.580000,0.220000,NOTE_HYPOTHESIS,shared_audio_intelligence_v0_2;spectral_peak;owner_supplied_audio
BE-003:pitch:05232,BE-003:onset:1156,199.993469,907.993469,339.000000,85,4.000000,88.9003,F6,1388.8916,0.162540,0.937770,0.864796,0.818885,0.840000,,0.635908,2492.633,6,5,0.010000,0.080000,0.840000,0.070000,0.000000,0.120000,0.580000,0.220000,NOTE_HYPOTHESIS,shared_audio_intelligence_v0_2;spectral_peak;owner_supplied_audio
BE-003:pitch:05233,BE-003:onset:1156,199.993469,907.993469,339.000000,85,4.000000,64.2159,E4,333.7646,0.371519,0.864709,0.864796,0.782354,0.580000,,0.635908,2492.633,6,6,0.050000,0.300000,0.580000,0.070000,0.000000,0.450000,0.250000,0.200000,NOTE_HYPOTHESIS,shared_audio_intelligence_v0_2;spectral_peak;owner_supplied_audio
BE-003:pitch:05234,BE-003:onset:1157,200.202449,908.202449,339.360000,85,4.360000,61.8242,D4,290.6982,0.185760,1.000000,1.000000,0.850000,0.520000,,0.768066,1827.115,6,1,0.250000,0.520000,0.150000,0.080000,0.000000,0.450000,0.250000,0.200000,NOTE_HYPOTHESIS,shared_audio_intelligence_v0_2;spectral_peak;owner_supplied_audio
BE-003:pitch:05235,BE-003:onset:1157,200.202449,908.202449,339.360000,85,4.360000,44.6287,A2,107.6660,0.092880,1.000000,1.000000,0.850000,0.760000,,0.768066,1827.115,6,2,0.760000,0.180000,0.010000,0.050000,0.480000,0.320000,0.000000,0.000000,NOTE_HYPOTHESIS,shared_audio_intelligence_v0_2;spectral_peak;owner_supplied_audio
BE-003:pitch:05236,BE-003:onset:1157,200.202449,908.202449,339.360000,85,4.360000,32.6287,A1,53.8330,0.162540,1.000000,1.000000,0.850000,0.760000,,0.768066,1827.115,6,3,0.760000,0.180000,0.010000,0.050000,0.480000,0.320000,0.000000,0.000000,NOTE_HYPOTHESIS,shared_audio_intelligence_v0_2;spectral_peak;owner_supplied_audio
BE-003:pitch:05237,BE-003:onset:1157,200.202449,908.202449,339.360000,85,4.360000,73.8242,D5,581.3965,0.185760,1.000000,1.000000,0.850000,0.580000,,0.768066,1827.115,6,4,0.050000,0.300000,0.580000,0.070000,0.000000,0.120000,0.580000,0.220000,NOTE_HYPOTHESIS,shared_audio_intelligence_v0_2;spectral_peak;owner_supplied_audio
BE-003:pitch:05238,BE-003:onset:1157,200.202449,908.202449,339.360000,85,4.360000,57.8808,A#3,231.4819,0.417959,1.000000,1.000000,0.850000,0.520000,,0.768066,1827.115,6,5,0.250000,0.520000,0.150000,0.080000,0.000000,0.450000,0.250000,0.200000,NOTE_HYPOTHESIS,shared_audio_intelligence_v0_2;spectral_peak;owner_supplied_audio
BE-003:pitch:05239,BE-003:onset:1157,200.202449,908.202449,339.360000,85,4.360000,76.9003,F5,694.4458,0.208980,1.000000,1.000000,0.850000,0.840000,,0.768066,1827.115,6,6,0.010000,0.080000,0.840000,0.070000,0.000000,0.120000,0.580000,0.220000,NOTE_HYPOTHESIS,shared_audio_intelligence_v0_2;spectral_peak;owner_supplied_audio
BE-003:pitch:05240,BE-003:onset:1158,200.481088,908.481088,339.840000,85,4.840000,62.7603,D#4,306.8481,0.859138,1.000000,1.000000,0.850000,0.520000,,0.632028,1748.205,6,1,0.250000,0.520000,0.150000,0.080000,0.000000,0.450000,0.250000,0.200000,NOTE_HYPOTHESIS,shared_audio_intelligence_v0_2;spectral_peak;owner_supplied_audio
BE-003:pitch:05241,BE-003:onset:1158,200.481088,908.481088,339.840000,85,4.840000,74.9115,D#5,619.0796,0.301859,1.000000,1.000000,0.850000,0.580000,,0.632028,1748.205,6,2,0.050000,0.300000,0.580000,0.070000,0.000000,0.120000,0.580000,0.220000,NOTE_HYPOTHESIS,shared_audio_intelligence_v0_2;spectral_peak;owner_supplied_audio
BE-003:pitch:05242,BE-003:onset:1158,200.481088,908.481088,339.840000,85,4.840000,38.4538,D2,75.3662,0.417959,1.000000,1.000000,0.850000,0.760000,,0.632028,1748.205,6,3,0.760000,0.180000,0.010000,0.050000,0.480000,0.320000,0.000000,0.000000,NOTE_HYPOTHESIS,shared_audio_intelligence_v0_2;spectral_peak;owner_supplied_audio
BE-003:pitch:05243,BE-003:onset:1158,200.481088,908.481088,339.840000,85,4.840000,81.8808,A#5,925.9277,0.278639,1.000000,1.000000,0.850000,0.840000,,0.632028,1748.205,6,4,0.010000,0.080000,0.840000,0.070000,0.000000,0.120000,0.580000,0.220000,NOTE_HYPOTHESIS,shared_audio_intelligence_v0_2;spectral_peak;owner_supplied_audio
BE-003:pitch:05244,BE-003:onset:1158,200.481088,908.481088,339.840000,85,4.840000,49.8242,D3,145.3491,0.092880,1.000000,1.000000,0.850000,0.550000,,0.632028,1748.205,6,5,0.550000,0.350000,0.030000,0.070000,0.480000,0.320000,0.000000,0.000000,NOTE_HYPOTHESIS,shared_audio_intelligence_v0_2;spectral_peak;owner_supplied_audio
BE-003:pitch:05245,BE-003:onset:1158,200.481088,908.481088,339.840000,85,4.840000,86.9115,D#6,1238.1592,0.255420,1.000000,1.000000,0.850000,0.840000,,0.632028,1748.205,6,6,0.010000,0.080000,0.840000,0.070000,0.000000,0.120000,0.580000,0.220000,NOTE_HYPOTHESIS,shared_audio_intelligence_v0_2;spectral_peak;owner_supplied_audio
BE-003:pitch:05246,BE-003:onset:1159,200.597188,908.597188,340.041667,86,1.041667,40.7656,F2,86.1328,0.301859,1.000000,0.638226,0.850000,0.760000,,0.600670,2201.800,6,1,0.760000,0.180000,0.010000,0.050000,0.480000,0.320000,0.000000,0.000000,NOTE_HYPOTHESIS,shared_audio_intelligence_v0_2;spectral_peak;owner_supplied_audio
BE-003:pitch:05247,BE-003:onset:1159,200.597188,908.597188,340.041667,86,1.041667,35.7851,C2,64.5996,0.348299,1.000000,0.638226,0.850000,0.760000,,0.600670,2201.800,6,2,0.760000,0.180000,0.010000,0.050000,0.480000,0.320000,0.000000,0.000000,NOTE_HYPOTHESIS,shared_audio_intelligence_v0_2;spectral_peak;owner_supplied_audio
BE-003:pitch:05248,BE-003:onset:1159,200.597188,908.597188,340.041667,86,1.041667,63.0613,D#4,312.2314,0.766259,1.000000,0.638226,0.850000,0.520000,,0.600670,2201.800,6,3,0.250000,0.520000,0.150000,0.080000,0.000000,0.450000,0.250000,0.200000,NOTE_HYPOTHESIS,shared_audio_intelligence_v0_2;spectral_peak;owner_supplied_audio
BE-003:pitch:05249,BE-003:onset:1159,200.597188,908.597188,340.041667,86,1.041667,74.9115,D#5,619.0796,0.417959,1.000000,0.638226,0.850000,0.580000,,0.600670,2201.800,6,4,0.050000,0.300000,0.580000,0.070000,0.000000,0.120000,0.580000,0.220000,NOTE_HYPOTHESIS,shared_audio_intelligence_v0_2;spectral_peak;owner_supplied_audio
BE-003:pitch:05250,BE-003:onset:1159,200.597188,908.597188,340.041667,86,1.041667,83.8751,C6,1038.9771,0.162540,1.000000,0.638226,0.850000,0.840000,,0.600670,2201.800,6,5,0.010000,0.080000,0.840000,0.070000,0.000000,0.120000,0.580000,0.220000,NOTE_HYPOTHESIS,shared_audio_intelligence_v0_2;spectral_peak;owner_supplied_audio
BE-003:pitch:05251,BE-003:onset:1159,200.597188,908.597188,340.041667,86,1.041667,71.9645,C5,522.1802,0.580499,1.000000,0.638226,0.850000,0.580000,,0.600670,2201.800,6,6,0.050000,0.300000,0.580000,0.070000,0.000000,0.120000,0.580000,0.220000,NOTE_HYPOTHESIS,shared_audio_intelligence_v0_2;spectral_peak;owner_supplied_audio
BE-003:pitch:05252,BE-003:onset:1160,200.782948,908.782948,340.375000,86,1.375000,61.8242,D4,290.6982,0.139320,1.000000,1.000000,0.850000,0.520000,,0.612914,1975.503,4,1,0.250000,0.520000,0.150000,0.080000,0.000000,0.450000,0.250000,0.200000,NOTE_HYPOTHESIS,shared_audio_intelligence_v0_2;spectral_peak;owner_supplied_audio
BE-003:pitch:05253,BE-003:onset:1160,200.782948,908.782948,340.375000,86,1.375000,73.8242,D5,581.3965,0.116100,1.000000,1.000000,0.850000,0.580000,,0.612914,1975.503,4,2,0.050000,0.300000,0.580000,0.070000,0.000000,0.120000,0.580000,0.220000,NOTE_HYPOTHESIS,shared_audio_intelligence_v0_2;spectral_peak;owner_supplied_audio
BE-003:pitch:05254,BE-003:onset:1160,200.782948,908.782948,340.375000,86,1.375000,40.7656,F2,86.1328,0.139320,1.000000,1.000000,0.850000,0.760000,,0.612914,1975.503,4,3,0.760000,0.180000,0.010000,0.050000,0.480000,0.320000,0.000000,0.000000,NOTE_HYPOTHESIS,shared_audio_intelligence_v0_2;spectral_peak;owner_supplied_audio
BE-003:pitch:05255,BE-003:onset:1160,200.782948,908.782948,340.375000,86,1.375000,62.7603,D#4,306.8481,0.835918,1.000000,1.000000,0.850000,0.520000,,0.612914,1975.503,4,4,0.250000,0.520000,0.150000,0.080000,0.000000,0.450000,0.250000,0.200000,NOTE_HYPOTHESIS,shared_audio_intelligence_v0_2;spectral_peak;owner_supplied_audio
BE-003:pitch:05256,BE-003:onset:1161,200.875828,908.875828,340.541667,86,1.541667,63.0613,D#4,312.2314,0.464399,1.000000,0.952318,0.850000,0.520000,,0.606283,1711.307,6,1,0.250000,0.520000,0.150000,0.080000,0.000000,0.450000,0.250000,0.200000,NOTE_HYPOTHESIS,shared_audio_intelligence_v0_2;spectral_peak;owner_supplied_audio
BE-003:pitch:05257,BE-003:onset:1161,200.875828,908.875828,340.541667,86,1.541667,45.4734,A2,113.0493,0.301859,1.000000,0.952318,0.850000,0.550000,,0.606283,1711.307,6,2,0.550000,0.350000,0.030000,0.070000,0.480000,0.320000,0.000000,0.000000,NOTE_HYPOTHESIS,shared_audio_intelligence_v0_2;spectral_peak;owner_supplied_audio
BE-003:pitch:05258,BE-003:onset:1161,200.875828,908.875828,340.541667,86,1.541667,74.7603,D#5,613.6963,0.116100,1.000000,0.952318,0.850000,0.580000,,0.606283,1711.307,6,3,0.050000,0.300000,0.580000,0.070000,0.000000,0.120000,0.580000,0.220000,NOTE_HYPOTHESIS,shared_audio_intelligence_v0_2;spectral_peak;owner_supplied_audio
BE-003:pitch:05259,BE-003:onset:1161,200.875828,908.875828,340.541667,86,1.541667,81.8808,A#5,925.9277,0.116100,1.000000,0.952318,0.850000,0.840000,,0.606283,1711.307,6,4,0.010000,0.080000,0.840000,0.070000,0.000000,0.120000,0.580000,0.220000,NOTE_HYPOTHESIS,shared_audio_intelligence_v0_2;spectral_peak;owner_supplied_audio
BE-003:pitch:05260,BE-003:onset:1161,200.875828,908.875828,340.541667,86,1.541667,74.1419,D5,592.1631,0.092880,1.000000,0.952318,0.850000,0.580000,,0.606283,1711.307,6,5,0.050000,0.300000,0.580000,0.070000,0.000000,0.120000,0.580000,0.220000,NOTE_HYPOTHESIS,shared_audio_intelligence_v0_2;spectral_peak;owner_supplied_audio
BE-003:pitch:05261,BE-003:onset:1161,200.875828,908.875828,340.541667,86,1.541667,86.9115,D#6,1238.1592,0.116100,1.000000,0.952318,0.850000,0.840000,,0.606283,1711.307,6,6,0.010000,0.080000,0.840000,0.070000,0.000000,0.120000,0.580000,0.220000,NOTE_HYPOTHESIS,shared_audio_intelligence_v0_2;spectral_peak;owner_supplied_audio
BE-003:pitch:05262,BE-003:onset:1162,201.108027,909.108027,340.958333,86,1.958333,62.7603,D#4,306.8481,0.208980,1.000000,0.902039,0.850000,0.520000,,0.662350,2247.229,5,1,0.250000,0.520000,0.150000,0.080000,0.000000,0.450000,0.250000,0.200000,NOTE_HYPOTHESIS,shared_audio_intelligence_v0_2;spectral_peak;owner_supplied_audio
BE-003:pitch:05263,BE-003:onset:1162,201.108027,909.108027,340.958333,86,1.958333,74.7603,D#5,613.6963,0.162540,1.000000,0.902039,0.850000,0.580000,,0.662350,2247.229,5,2,0.050000,0.300000,0.580000,0.070000,0.000000,0.120000,0.580000,0.220000,NOTE_HYPOTHESIS,shared_audio_intelligence_v0_2;spectral_peak;owner_supplied_audio
BE-003:pitch:05264,BE-003:onset:1162,201.108027,909.108027,340.958333,86,1.958333,81.8808,A#5,925.9277,0.162540,1.000000,0.902039,0.850000,0.840000,,0.662350,2247.229,5,3,0.010000,0.080000,0.840000,0.070000,0.000000,0.120000,0.580000,0.220000,NOTE_HYPOTHESIS,shared_audio_intelligence_v0_2;spectral_peak;owner_supplied_audio
BE-003:pitch:05265,BE-003:onset:1162,201.108027,909.108027,340.958333,86,1.958333,43.7407,G#2,102.2827,0.185760,1.000000,0.902039,0.850000,0.760000,,0.662350,2247.229,5,4,0.760000,0.180000,0.010000,0.050000,0.480000,0.320000,0.000000,0.000000,NOTE_HYPOTHESIS,shared_audio_intelligence_v0_2;spectral_peak;owner_supplied_audio
BE-003:pitch:05266,BE-003:onset:1162,201.108027,909.108027,340.958333,86,1.958333,86.9115,D#6,1238.1592,0.162540,1.000000,0.902039,0.850000,0.840000,,0.662350,2247.229,5,5,0.010000,0.080000,0.840000,0.070000,0.000000,0.120000,0.580000,0.220000,NOTE_HYPOTHESIS,shared_audio_intelligence_v0_2;spectral_peak;owner_supplied_audio
BE-003:pitch:05267,BE-003:onset:1163,201.456327,909.456327,341.560000,86,2.560000,62.4538,D4,301.4648,0.162540,1.000000,0.852193,0.850000,0.520000,,0.309446,2134.200,6,1,0.250000,0.520000,0.150000,0.080000,0.000000,0.450000,0.250000,0.200000,NOTE_HYPOTHESIS,shared_audio_intelligence_v0_2;spectral_peak;owner_supplied_audio
BE-003:pitch:05268,BE-003:onset:1163,201.456327,909.456327,341.560000,86,2.560000,49.8242,D3,145.3491,0.626939,1.000000,0.852193,0.850000,0.550000,,0.309446,2134.200,6,2,0.550000,0.350000,0.030000,0.070000,0.480000,0.320000,0.000000,0.000000,NOTE_HYPOTHESIS,shared_audio_intelligence_v0_2;spectral_peak;owner_supplied_audio
BE-003:pitch:05269,BE-003:onset:1163,201.456327,909.456327,341.560000,86,2.560000,43.7407,G#2,102.2827,0.116100,1.000000,0.852193,0.850000,0.760000,,0.309446,2134.200,6,3,0.760000,0.180000,0.010000,0.050000,0.480000,0.320000,0.000000,0.000000,NOTE_HYPOTHESIS,shared_audio_intelligence_v0_2;spectral_peak;owner_supplied_audio
BE-003:pitch:05270,BE-003:onset:1163,201.456327,909.456327,341.560000,86,2.560000,74.4538,D5,602.9297,0.232200,0.928069,0.852193,0.814034,0.580000,,0.309446,2134.200,6,4,0.050000,0.300000,0.580000,0.070000,0.000000,0.120000,0.580000,0.220000,NOTE_HYPOTHESIS,shared_audio_intelligence_v0_2;spectral_peak;owner_supplied_audio
BE-003:pitch:05271,BE-003:onset:1163,201.456327,909.456327,341.560000,86,2.560000,55.2790,G3,199.1821,0.928798,0.899861,0.852193,0.799930,0.520000,,0.309446,2134.200,6,5,0.250000,0.520000,0.150000,0.080000,0.000000,0.450000,0.250000,0.200000,NOTE_HYPOTHESIS,shared_audio_intelligence_v0_2;spectral_peak;owner_supplied_audio
BE-003:pitch:05272,BE-003:onset:1163,201.456327,909.456327,341.560000,86,2.560000,47.0483,B2,123.8159,0.069660,0.891760,0.852193,0.795880,0.550000,,0.309446,2134.200,6,6,0.550000,0.350000,0.030000,0.070000,0.480000,0.320000,0.000000,0.000000,NOTE_HYPOTHESIS,shared_audio_intelligence_v0_2;spectral_peak;owner_supplied_audio
BE-003:pitch:05273,BE-003:onset:1164,201.618866,909.618866,341.840000,86,2.840000,73.8242,D5,581.3965,0.534059,1.000000,1.000000,0.850000,0.580000,,0.431479,1716.502,6,1,0.050000,0.300000,0.580000,0.070000,0.000000,0.120000,0.580000,0.220000,NOTE_HYPOTHESIS,shared_audio_intelligence_v0_2;spectral_peak;owner_supplied_audio
BE-003:pitch:05274,BE-003:onset:1164,201.618866,909.618866,341.840000,86,2.840000,65.8151,F#4,366.0645,0.255420,1.000000,1.000000,0.850000,0.580000,,0.431479,1716.502,6,2,0.050000,0.300000,0.580000,0.070000,0.000000,0.450000,0.250000,0.200000,NOTE_HYPOTHESIS,shared_audio_intelligence_v0_2;spectral_peak;owner_supplied_audio
BE-003:pitch:05275,BE-003:onset:1164,201.618866,909.618866,341.840000,86,2.840000,54.8047,G3,193.7988,0.626939,1.000000,1.000000,0.850000,0.550000,,0.431479,1716.502,6,3,0.550000,0.350000,0.030000,0.070000,0.480000,0.320000,0.000000,0.000000,NOTE_HYPOTHESIS,shared_audio_intelligence_v0_2;spectral_peak;owner_supplied_audio
BE-003:pitch:05276,BE-003:onset:1164,201.618866,909.618866,341.840000,86,2.840000,67.0435,G4,392.9810,0.534059,1.000000,1.000000,0.850000,0.580000,,0.431479,1716.502,6,4,0.050000,0.300000,0.580000,0.070000,0.000000,0.450000,0.250000,0.200000,NOTE_HYPOTHESIS,shared_audio_intelligence_v0_2;spectral_peak;owner_supplied_audio
BE-003:pitch:05277,BE-003:onset:1164,201.618866,909.618866,341.840000,86,2.840000,78.9245,G5,780.5786,0.487619,1.000000,1.000000,0.850000,0.840000,,0.431479,1716.502,6,5,0.010000,0.080000,0.840000,0.070000,0.000000,0.120000,0.580000,0.220000,NOTE_HYPOTHESIS,shared_audio_intelligence_v0_2;spectral_peak;owner_supplied_audio
BE-003:pitch:05278,BE-003:onset:1164,201.618866,909.618866,341.840000,86,2.840000,85.9042,D6,1168.1763,0.464399,1.000000,1.000000,0.850000,0.840000,,0.431479,1716.502,6,6,0.010000,0.080000,0.840000,0.070000,0.000000,0.120000,0.580000,0.220000,NOTE_HYPOTHESIS,shared_audio_intelligence_v0_2;spectral_peak;owner_supplied_audio
BE-003:pitch:05279,BE-003:onset:1165,202.036825,910.036825,342.608696,86,3.608696,64.7656,F4,344.5312,0.255420,1.000000,1.000000,0.850000,0.580000,,0.784043,1652.077,3,1,0.050000,0.300000,0.580000,0.070000,0.000000,0.450000,0.250000,0.200000,NOTE_HYPOTHESIS,shared_audio_intelligence_v0_2;spectral_peak;owner_supplied_audio
BE-003:pitch:05280,BE-003:onset:1165,202.036825,910.036825,342.608696,86,3.608696,45.4734,A2,113.0493,0.325079,1.000000,1.000000,0.850000,0.550000,,0.784043,1652.077,3,2,0.550000,0.350000,0.030000,0.070000,0.480000,0.320000,0.000000,0.000000,NOTE_HYPOTHESIS,shared_audio_intelligence_v0_2;spectral_peak;owner_supplied_audio
BE-003:pitch:05281,BE-003:onset:1165,202.036825,910.036825,342.608696,86,3.608696,73.8242,D5,581.3965,0.348299,1.000000,1.000000,0.850000,0.580000,,0.784043,1652.077,3,3,0.050000,0.300000,0.580000,0.070000,0.000000,0.120000,0.580000,0.220000,NOTE_HYPOTHESIS,shared_audio_intelligence_v0_2;spectral_peak;owner_supplied_audio
BE-003:pitch:05282,BE-003:onset:1166,202.222585,910.222585,342.956522,86,3.956522,65.0340,F4,349.9146,0.116100,1.000000,0.859693,0.850000,0.580000,,0.600374,2304.938,5,1,0.050000,0.300000,0.580000,0.070000,0.000000,0.450000,0.250000,0.200000,NOTE_HYPOTHESIS,shared_audio_intelligence_v0_2;spectral_peak;owner_supplied_audio
BE-003:pitch:05283,BE-003:onset:1166,202.222585,910.222585,342.956522,86,3.956522,73.8242,D5,581.3965,0.139320,1.000000,0.859693,0.850000,0.580000,,0.600374,2304.938,5,2,0.050000,0.300000,0.580000,0.070000,0.000000,0.120000,0.580000,0.220000,NOTE_HYPOTHESIS,shared_audio_intelligence_v0_2;spectral_peak;owner_supplied_audio
BE-003:pitch:05284,BE-003:onset:1166,202.222585,910.222585,342.956522,86,3.956522,61.8242,D4,290.6982,0.162540,1.000000,0.859693,0.850000,0.520000,,0.600374,2304.938,5,3,0.250000,0.520000,0.150000,0.080000,0.000000,0.450000,0.250000,0.200000,NOTE_HYPOTHESIS,shared_audio_intelligence_v0_2;spectral_peak;owner_supplied_audio
BE-003:pitch:05285,BE-003:onset:1166,202.222585,910.222585,342.956522,86,3.956522,45.4734,A2,113.0493,0.162540,1.000000,0.859693,0.850000,0.550000,,0.600374,2304.938,5,4,0.550000,0.350000,0.030000,0.070000,0.480000,0.320000,0.000000,0.000000,NOTE_HYPOTHESIS,shared_audio_intelligence_v0_2;spectral_peak;owner_supplied_audio
BE-003:pitch:05286,BE-003:onset:1166,202.222585,910.222585,342.956522,86,3.956522,56.1904,G#3,209.9487,0.139320,0.989761,0.859693,0.844880,0.520000,,0.600374,2304.938,5,5,0.250000,0.520000,0.150000,0.080000,0.000000,0.450000,0.250000,0.200000,NOTE_HYPOTHESIS,shared_audio_intelligence_v0_2;spectral_peak;owner_supplied_audio
BE-003:pitch:05287,BE-003:onset:1167,202.338685,910.338685,343.160000,86,4.160000,62.7603,D#4,306.8481,0.232200,1.000000,0.807126,0.850000,0.520000,,0.512139,2151.426,6,1,0.250000,0.520000,0.150000,0.080000,0.000000,0.450000,0.250000,0.200000,NOTE_HYPOTHESIS,shared_audio_intelligence_v0_2;spectral_peak;owner_supplied_audio
BE-003:pitch:05288,BE-003:onset:1167,202.338685,910.338685,343.160000,86,4.160000,74.9115,D#5,619.0796,0.162540,1.000000,0.807126,0.850000,0.580000,,0.512139,2151.426,6,2,0.050000,0.300000,0.580000,0.070000,0.000000,0.120000,0.580000,0.220000,NOTE_HYPOTHESIS,shared_audio_intelligence_v0_2;spectral_peak;owner_supplied_audio
BE-003:pitch:05289,BE-003:onset:1167,202.338685,910.338685,343.160000,86,4.160000,43.7407,G#2,102.2827,0.069660,1.000000,0.807126,0.850000,0.760000,,0.512139,2151.426,6,3,0.760000,0.180000,0.010000,0.050000,0.480000,0.320000,0.000000,0.000000,NOTE_HYPOTHESIS,shared_audio_intelligence_v0_2;spectral_peak;owner_supplied_audio
BE-003:pitch:05290,BE-003:onset:1167,202.338685,910.338685,343.160000,86,4.160000,81.8808,A#5,925.9277,0.139320,1.000000,0.807126,0.850000,0.840000,,0.512139,2151.426,6,4,0.010000,0.080000,0.840000,0.070000,0.000000,0.120000,0.580000,0.220000,NOTE_HYPOTHESIS,shared_audio_intelligence_v0_2;spectral_peak;owner_supplied_audio
BE-003:pitch:05291,BE-003:onset:1167,202.338685,910.338685,343.160000,86,4.160000,73.9838,D5,586.7798,0.046440,0.984834,0.807126,0.842417,0.580000,,0.512139,2151.426,6,5,0.050000,0.300000,0.580000,0.070000,0.000000,0.120000,0.580000,0.220000,NOTE_HYPOTHESIS,shared_audio_intelligence_v0_2;spectral_peak;owner_supplied_audio
BE-003:pitch:05292,BE-003:onset:1167,202.338685,910.338685,343.160000,86,4.160000,35.7851,C2,64.5996,1.323537,0.936247,0.807126,0.818124,0.760000,,0.512139,2151.426,6,6,0.760000,0.180000,0.010000,0.050000,0.480000,0.320000,0.000000,0.000000,NOTE_HYPOTHESIS,shared_audio_intelligence_v0_2;spectral_peak;owner_supplied_audio
BE-003:pitch:05293,BE-003:onset:1168,202.501224,910.501224,343.440000,86,4.440000,64.7656,F4,344.5312,0.255420,1.000000,1.000000,0.850000,0.580000,,0.536700,2087.888,3,1,0.050000,0.300000,0.580000,0.070000,0.000000,0.450000,0.250000,0.200000,NOTE_HYPOTHESIS,shared_audio_intelligence_v0_2;spectral_peak;owner_supplied_audio
BE-003:pitch:05294,BE-003:onset:1168,202.501224,910.501224,343.440000,86,4.440000,62.7603,D#4,306.8481,0.116100,1.000000,1.000000,0.850000,0.520000,,0.536700,2087.888,3,2,0.250000,0.520000,0.150000,0.080000,0.000000,0.450000,0.250000,0.200000,NOTE_HYPOTHESIS,shared_audio_intelligence_v0_2;spectral_peak;owner_supplied_audio
BE-003:pitch:05295,BE-003:onset:1168,202.501224,910.501224,343.440000,86,4.440000,76.9003,F5,694.4458,0.185760,1.000000,1.000000,0.850000,0.840000,,0.536700,2087.888,3,3,0.010000,0.080000,0.840000,0.070000,0.000000,0.120000,0.580000,0.220000,NOTE_HYPOTHESIS,shared_audio_intelligence_v0_2;spectral_peak;owner_supplied_audio
BE-003:pitch:05296,BE-003:onset:1169,202.617324,910.617324,343.640000,86,4.640000,64.7656,F4,344.5312,0.162540,1.000000,0.721756,0.850000,0.580000,,0.725131,1438.601,6,1,0.050000,0.300000,0.580000,0.070000,0.000000,0.450000,0.250000,0.200000,NOTE_HYPOTHESIS,shared_audio_intelligence_v0_2;spectral_peak;owner_supplied_audio
BE-003:pitch:05297,BE-003:onset:1169,202.617324,910.617324,343.640000,86,4.640000,66.8047,G4,387.5977,0.371519,1.000000,0.721756,0.850000,0.580000,,0.725131,1438.601,6,2,0.050000,0.300000,0.580000,0.070000,0.000000,0.450000,0.250000,0.200000,NOTE_HYPOTHESIS,shared_audio_intelligence_v0_2;spectral_peak;owner_supplied_audio
BE-003:pitch:05298,BE-003:onset:1169,202.617324,910.617324,343.640000,86,4.640000,49.8242,D3,145.3491,0.208980,1.000000,0.721756,0.850000,0.550000,,0.725131,1438.601,6,3,0.550000,0.350000,0.030000,0.070000,0.480000,0.320000,0.000000,0.000000,NOTE_HYPOTHESIS,shared_audio_intelligence_v0_2;spectral_peak;owner_supplied_audio
BE-003:pitch:05299,BE-003:onset:1169,202.617324,910.617324,343.640000,86,4.640000,78.8047,G5,775.1953,0.278639,1.000000,0.721756,0.850000,0.840000,,0.725131,1438.601,6,4,0.010000,0.080000,0.840000,0.070000,0.000000,0.120000,0.580000,0.220000,NOTE_HYPOTHESIS,shared_audio_intelligence_v0_2;spectral_peak;owner_supplied_audio
BE-003:pitch:05300,BE-003:onset:1169,202.617324,910.617324,343.640000,86,4.640000,43.7407,G#2,102.2827,0.092880,1.000000,0.721756,0.850000,0.760000,,0.725131,1438.601,6,5,0.760000,0.180000,0.010000,0.050000,0.480000,0.320000,0.000000,0.000000,NOTE_HYPOTHESIS,shared_audio_intelligence_v0_2;spectral_peak;owner_supplied_audio
BE-003:pitch:05301,BE-003:onset:1169,202.617324,910.617324,343.640000,86,4.640000,34.2788,A#1,59.2163,1.044898,0.964532,0.721756,0.832266,0.760000,,0.725131,1438.601,6,6,0.760000,0.180000,0.010000,0.050000,0.480000,0.320000,0.000000,0.000000,NOTE_HYPOTHESIS,shared_audio_intelligence_v0_2;spectral_peak;owner_supplied_audio
BE-003:pitch:05302,BE-003:onset:1170,202.826304,910.826304,344.000000,87,1.000000,74.9115,D#5,619.0796,0.208980,1.000000,1.000000,0.850000,0.580000,,0.725987,2449.933,3,1,0.050000,0.300000,0.580000,0.070000,0.000000,0.120000,0.580000,0.220000,NOTE_HYPOTHESIS,shared_audio_intelligence_v0_2;spectral_peak;owner_supplied_audio
BE-003:pitch:05303,BE-003:onset:1170,202.826304,910.826304,344.000000,87,1.000000,66.8047,G4,387.5977,0.185760,1.000000,1.000000,0.850000,0.580000,,0.725987,2449.933,3,2,0.050000,0.300000,0.580000,0.070000,0.000000,0.450000,0.250000,0.200000,NOTE_HYPOTHESIS,shared_audio_intelligence_v0_2;spectral_peak;owner_supplied_audio
BE-003:pitch:05304,BE-003:onset:1170,202.826304,910.826304,344.000000,87,1.000000,86.9115,D#6,1238.1592,0.185760,1.000000,1.000000,0.850000,0.840000,,0.725987,2449.933,3,3,0.010000,0.080000,0.840000,0.070000,0.000000,0.120000,0.580000,0.220000,NOTE_HYPOTHESIS,shared_audio_intelligence_v0_2;spectral_peak;owner_supplied_audio
BE-003:pitch:05305,BE-003:onset:1171,202.942404,910.942404,344.208333,87,1.208333,74.9115,D#5,619.0796,0.092880,1.000000,0.564304,0.850000,0.580000,,0.523721,2404.673,6,1,0.050000,0.300000,0.580000,0.070000,0.000000,0.120000,0.580000,0.220000,NOTE_HYPOTHESIS,shared_audio_intelligence_v0_2;spectral_peak;owner_supplied_audio
BE-003:pitch:05306,BE-003:onset:1171,202.942404,910.942404,344.208333,87,1.208333,62.7603,D#4,306.8481,0.116100,1.000000,0.564304,0.850000,0.520000,,0.523721,2404.673,6,2,0.250000,0.520000,0.150000,0.080000,0.000000,0.450000,0.250000,0.200000,NOTE_HYPOTHESIS,shared_audio_intelligence_v0_2;spectral_peak;owner_supplied_audio
BE-003:pitch:05307,BE-003:onset:1171,202.942404,910.942404,344.208333,87,1.208333,67.0435,G4,392.9810,0.789478,1.000000,0.564304,0.850000,0.580000,,0.523721,2404.673,6,3,0.050000,0.300000,0.580000,0.070000,0.000000,0.450000,0.250000,0.200000,NOTE_HYPOTHESIS,shared_audio_intelligence_v0_2;spectral_peak;owner_supplied_audio
BE-003:pitch:05308,BE-003:onset:1171,202.942404,910.942404,344.208333,87,1.208333,86.9115,D#6,1238.1592,0.069660,1.000000,0.564304,0.850000,0.840000,,0.523721,2404.673,6,4,0.010000,0.080000,0.840000,0.070000,0.000000,0.120000,0.580000,0.220000,NOTE_HYPOTHESIS,shared_audio_intelligence_v0_2;spectral_peak;owner_supplied_audio
BE-003:pitch:05309,BE-003:onset:1171,202.942404,910.942404,344.208333,87,1.208333,50.4538,D3,150.7324,0.603719,0.990700,0.564304,0.845350,0.550000,,0.523721,2404.673,6,5,0.550000,0.350000,0.030000,0.070000,0.480000,0.320000,0.000000,0.000000,NOTE_HYPOTHESIS,shared_audio_intelligence_v0_2;spectral_peak;owner_supplied_audio
BE-003:pitch:05310,BE-003:onset:1171,202.942404,910.942404,344.208333,87,1.208333,42.8047,G2,96.8994,0.069660,0.929588,0.564304,0.814794,0.760000,,0.523721,2404.673,6,6,0.760000,0.180000,0.010000,0.050000,0.480000,0.320000,0.000000,0.000000,NOTE_HYPOTHESIS,shared_audio_intelligence_v0_2;spectral_peak;owner_supplied_audio
BE-003:pitch:05311,BE-003:onset:1172,203.081723,911.081723,344.458333,87,1.458333,67.0435,G4,392.9810,0.650159,0.994821,0.969863,0.847410,0.580000,,0.511382,2096.858,6,1,0.050000,0.300000,0.580000,0.070000,0.000000,0.450000,0.250000,0.200000,NOTE_HYPOTHESIS,shared_audio_intelligence_v0_2;spectral_peak;owner_supplied_audio
BE-003:pitch:05312,BE-003:onset:1172,203.081723,911.081723,344.458333,87,1.458333,59.7851,C4,258.3984,0.696599,0.956270,0.969863,0.828135,0.520000,,0.511382,2096.858,6,2,0.250000,0.520000,0.150000,0.080000,0.000000,0.450000,0.250000,0.200000,NOTE_HYPOTHESIS,shared_audio_intelligence_v0_2;spectral_peak;owner_supplied_audio
BE-003:pitch:05313,BE-003:onset:1172,203.081723,911.081723,344.458333,87,1.458333,71.7851,C5,516.7969,0.278639,0.941973,0.969863,0.820986,0.580000,,0.511382,2096.858,6,3,0.050000,0.300000,0.580000,0.070000,0.000000,0.120000,0.580000,0.220000,NOTE_HYPOTHESIS,shared_audio_intelligence_v0_2;spectral_peak;owner_supplied_audio
BE-003:pitch:05314,BE-003:onset:1172,203.081723,911.081723,344.458333,87,1.458333,57.0562,A3,220.7153,0.348299,0.940179,0.969863,0.820090,0.520000,,0.511382,2096.858,6,4,0.250000,0.520000,0.150000,0.080000,0.000000,0.450000,0.250000,0.200000,NOTE_HYPOTHESIS,shared_audio_intelligence_v0_2;spectral_peak;owner_supplied_audio
BE-003:pitch:05315,BE-003:onset:1172,203.081723,911.081723,344.458333,87,1.458333,73.9838,D5,586.7798,0.208980,0.930973,0.969863,0.815486,0.580000,,0.511382,2096.858,6,5,0.050000,0.300000,0.580000,0.070000,0.000000,0.120000,0.580000,0.220000,NOTE_HYPOTHESIS,shared_audio_intelligence_v0_2;spectral_peak;owner_supplied_audio
BE-003:pitch:05316,BE-003:onset:1172,203.081723,911.081723,344.458333,87,1.458333,51.0613,D#3,156.1157,0.371519,0.871831,0.969863,0.785916,0.550000,,0.511382,2096.858,6,6,0.550000,0.350000,0.030000,0.070000,0.480000,0.320000,0.000000,0.000000,NOTE_HYPOTHESIS,shared_audio_intelligence_v0_2;spectral_peak;owner_supplied_audio
BE-003:pitch:05317,BE-003:onset:1173,203.360363,911.360363,344.958333,87,1.958333,66.8047,G4,387.5977,0.301859,1.000000,0.648108,0.850000,0.580000,,0.529585,1677.934,5,1,0.050000,0.300000,0.580000,0.070000,0.000000,0.450000,0.250000,0.200000,NOTE_HYPOTHESIS,shared_audio_intelligence_v0_2;spectral_peak;owner_supplied_audio
BE-003:pitch:05318,BE-003:onset:1173,203.360363,911.360363,344.958333,87,1.958333,38.4538,D2,75.3662,0.441179,1.000000,0.648108,0.850000,0.760000,,0.529585,1677.934,5,2,0.760000,0.180000,0.010000,0.050000,0.480000,0.320000,0.000000,0.000000,NOTE_HYPOTHESIS,shared_audio_intelligence_v0_2;spectral_peak;owner_supplied_audio
BE-003:pitch:05319,BE-003:onset:1173,203.360363,911.360363,344.958333,87,1.958333,49.8242,D3,145.3491,0.116100,1.000000,0.648108,0.850000,0.550000,,0.529585,1677.934,5,3,0.550000,0.350000,0.030000,0.070000,0.480000,0.320000,0.000000,0.000000,NOTE_HYPOTHESIS,shared_audio_intelligence_v0_2;spectral_peak;owner_supplied_audio
BE-003:pitch:05320,BE-003:onset:1173,203.360363,911.360363,344.958333,87,1.958333,78.9245,G5,780.5786,0.232200,1.000000,0.648108,0.850000,0.840000,,0.529585,1677.934,5,4,0.010000,0.080000,0.840000,0.070000,0.000000,0.120000,0.580000,0.220000,NOTE_HYPOTHESIS,shared_audio_intelligence_v0_2;spectral_peak;owner_supplied_audio
BE-003:pitch:05321,BE-003:onset:1173,203.360363,911.360363,344.958333,87,1.958333,85.9042,D6,1168.1763,0.162540,0.949027,0.648108,0.824513,0.840000,,0.529585,1677.934,5,5,0.010000,0.080000,0.840000,0.070000,0.000000,0.120000,0.580000,0.220000,NOTE_HYPOTHESIS,shared_audio_intelligence_v0_2;spectral_peak;owner_supplied_audio
BE-003:pitch:05322,BE-003:onset:1174,203.685442,911.685442,345.520000,87,2.520000,81.8808,A#5,925.9277,0.139320,1.000000,1.000000,0.850000,0.840000,,0.528478,2173.003,6,1,0.010000,0.080000,0.840000,0.070000,0.000000,0.120000,0.580000,0.220000,NOTE_HYPOTHESIS,shared_audio_intelligence_v0_2;spectral_peak;owner_supplied_audio
BE-003:pitch:05323,BE-003:onset:1174,203.685442,911.685442,345.520000,87,2.520000,69.8808,A#4,462.9639,0.232200,1.000000,1.000000,0.850000,0.580000,,0.528478,2173.003,6,2,0.050000,0.300000,0.580000,0.070000,0.000000,0.450000,0.250000,0.200000,NOTE_HYPOTHESIS,shared_audio_intelligence_v0_2;spectral_peak;owner_supplied_audio
BE-003:pitch:05324,BE-003:onset:1174,203.685442,911.685442,345.520000,87,2.520000,41.8151,F#2,91.5161,0.162540,1.000000,1.000000,0.850000,0.760000,,0.528478,2173.003,6,3,0.760000,0.180000,0.010000,0.050000,0.480000,0.320000,0.000000,0.000000,NOTE_HYPOTHESIS,shared_audio_intelligence_v0_2;spectral_peak;owner_supplied_audio
BE-003:pitch:05325,BE-003:onset:1174,203.685442,911.685442,345.520000,87,2.520000,88.9673,F6,1394.2749,0.116100,1.000000,1.000000,0.850000,0.840000,,0.528478,2173.003,6,4,0.010000,0.080000,0.840000,0.070000,0.000000,0.120000,0.580000,0.220000,NOTE_HYPOTHESIS,shared_audio_intelligence_v0_2;spectral_peak;owner_supplied_audio
BE-003:pitch:05326,BE-003:onset:1174,203.685442,911.685442,345.520000,87,2.520000,68.8438,A4,436.0474,0.092880,0.982438,1.000000,0.841219,0.580000,,0.528478,2173.003,6,5,0.050000,0.300000,0.580000,0.070000,0.000000,0.450000,0.250000,0.200000,NOTE_HYPOTHESIS,shared_audio_intelligence_v0_2;spectral_peak;owner_supplied_audio
BE-003:pitch:05327,BE-003:onset:1174,203.685442,911.685442,345.520000,87,2.520000,43.7407,G#2,102.2827,0.510839,0.851594,1.000000,0.775797,0.760000,,0.528478,2173.003,6,6,0.760000,0.180000,0.010000,0.050000,0.480000,0.320000,0.000000,0.000000,NOTE_HYPOTHESIS,shared_audio_intelligence_v0_2;spectral_peak;owner_supplied_audio
BE-003:pitch:05328,BE-003:onset:1175,203.801542,911.801542,345.720000,87,2.720000,46.2788,A#2,118.4326,0.232200,1.000000,0.834192,0.850000,0.550000,,0.586068,1808.881,6,1,0.550000,0.350000,0.030000,0.070000,0.480000,0.320000,0.000000,0.000000,NOTE_HYPOTHESIS,shared_audio_intelligence_v0_2;spectral_peak;owner_supplied_audio
BE-003:pitch:05329,BE-003:onset:1175,203.801542,911.801542,345.720000,87,2.720000,83.8751,C6,1038.9771,0.232200,1.000000,0.834192,0.850000,0.840000,,0.586068,1808.881,6,2,0.010000,0.080000,0.840000,0.070000,0.000000,0.120000,0.580000,0.220000,NOTE_HYPOTHESIS,shared_audio_intelligence_v0_2;spectral_peak;owner_supplied_audio
BE-003:pitch:05330,BE-003:onset:1175,203.801542,911.801542,345.720000,87,2.720000,42.8047,G2,96.8994,0.208980,1.000000,0.834192,0.850000,0.760000,,0.586068,1808.881,6,3,0.760000,0.180000,0.010000,0.050000,0.480000,0.320000,0.000000,0.000000,NOTE_HYPOTHESIS,shared_audio_intelligence_v0_2;spectral_peak;owner_supplied_audio
BE-003:pitch:05331,BE-003:onset:1175,203.801542,911.801542,345.720000,87,2.720000,71.9645,C5,522.1802,0.325079,1.000000,0.834192,0.850000,0.580000,,0.586068,1808.881,6,4,0.050000,0.300000,0.580000,0.070000,0.000000,0.120000,0.580000,0.220000,NOTE_HYPOTHESIS,shared_audio_intelligence_v0_2;spectral_peak;owner_supplied_audio
BE-003:pitch:05332,BE-003:onset:1175,203.801542,911.801542,345.720000,87,2.720000,69.8808,A#4,462.9639,0.116100,0.992744,0.834192,0.846372,0.580000,,0.586068,1808.881,6,5,0.050000,0.300000,0.580000,0.070000,0.000000,0.450000,0.250000,0.200000,NOTE_HYPOTHESIS,shared_audio_intelligence_v0_2;spectral_peak;owner_supplied_audio
BE-003:pitch:05333,BE-003:onset:1175,203.801542,911.801542,345.720000,87,2.720000,90.9841,G6,1566.5405,0.116100,0.952111,0.834192,0.826055,0.840000,,0.586068,1808.881,6,6,0.010000,0.080000,0.840000,0.070000,0.000000,0.120000,0.580000,0.220000,NOTE_HYPOTHESIS,shared_audio_intelligence_v0_2;spectral_peak;owner_supplied_audio
BE-003:pitch:05334,BE-003:onset:1176,203.964082,911.964082,346.000000,87,3.000000,73.9838,D5,586.7798,0.232200,1.000000,1.000000,0.850000,0.580000,,0.805416,1846.995,4,1,0.050000,0.300000,0.580000,0.070000,0.000000,0.120000,0.580000,0.220000,NOTE_HYPOTHESIS,shared_audio_intelligence_v0_2;spectral_peak;owner_supplied_audio
BE-003:pitch:05335,BE-003:onset:1176,203.964082,911.964082,346.000000,87,3.000000,71.9645,C5,522.1802,0.162540,1.000000,1.000000,0.850000,0.580000,,0.805416,1846.995,4,2,0.050000,0.300000,0.580000,0.070000,0.000000,0.120000,0.580000,0.220000,NOTE_HYPOTHESIS,shared_audio_intelligence_v0_2;spectral_peak;owner_supplied_audio
BE-003:pitch:05336,BE-003:onset:1176,203.964082,911.964082,346.000000,87,3.000000,44.6287,A2,107.6660,0.092880,1.000000,1.000000,0.850000,0.760000,,0.805416,1846.995,4,3,0.760000,0.180000,0.010000,0.050000,0.480000,0.320000,0.000000,0.000000,NOTE_HYPOTHESIS,shared_audio_intelligence_v0_2;spectral_peak;owner_supplied_audio
BE-003:pitch:05337,BE-003:onset:1176,203.964082,911.964082,346.000000,87,3.000000,85.9042,D6,1168.1763,0.255420,0.973280,1.000000,0.836640,0.840000,,0.805416,1846.995,4,4,0.010000,0.080000,0.840000,0.070000,0.000000,0.120000,0.580000,0.220000,NOTE_HYPOTHESIS,shared_audio_intelligence_v0_2;spectral_peak;owner_supplied_audio
BE-003:pitch:05338,BE-003:onset:1177,204.080181,912.080181,346.192308,87,3.192308,74.9115,D#5,619.0796,0.208980,1.000000,0.711950,0.850000,0.580000,,0.806562,1818.997,5,1,0.050000,0.300000,0.580000,0.070000,0.000000,0.120000,0.580000,0.220000,NOTE_HYPOTHESIS,shared_audio_intelligence_v0_2;spectral_peak;owner_supplied_audio
BE-003:pitch:05339,BE-003:onset:1177,204.080181,912.080181,346.192308,87,3.192308,73.8242,D5,581.3965,0.116100,1.000000,0.711950,0.850000,0.580000,,0.806562,1818.997,5,2,0.050000,0.300000,0.580000,0.070000,0.000000,0.120000,0.580000,0.220000,NOTE_HYPOTHESIS,shared_audio_intelligence_v0_2;spectral_peak;owner_supplied_audio
BE-003:pitch:05340,BE-003:onset:1177,204.080181,912.080181,346.192308,87,3.192308,39.6483,E2,80.7495,0.301859,1.000000,0.711950,0.850000,0.760000,,0.806562,1818.997,5,3,0.760000,0.180000,0.010000,0.050000,0.480000,0.320000,0.000000,0.000000,NOTE_HYPOTHESIS,shared_audio_intelligence_v0_2;spectral_peak;owner_supplied_audio
BE-003:pitch:05341,BE-003:onset:1177,204.080181,912.080181,346.192308,87,3.192308,35.7851,C2,64.5996,1.532517,1.000000,0.711950,0.850000,0.760000,,0.806562,1818.997,5,4,0.760000,0.180000,0.010000,0.050000,0.480000,0.320000,0.000000,0.000000,NOTE_HYPOTHESIS,shared_audio_intelligence_v0_2;spectral_peak;owner_supplied_audio
BE-003:pitch:05342,BE-003:onset:1177,204.080181,912.080181,346.192308,87,3.192308,85.9042,D6,1168.1763,0.116100,0.992152,0.711950,0.846076,0.840000,,0.806562,1818.997,5,5,0.010000,0.080000,0.840000,0.070000,0.000000,0.120000,0.580000,0.220000,NOTE_HYPOTHESIS,shared_audio_intelligence_v0_2;spectral_peak;owner_supplied_audio
BE-003:pitch:05343,BE-003:onset:1178,204.265941,912.265941,346.500000,87,3.500000,38.4538,D2,75.3662,0.557279,1.000000,0.764480,0.850000,0.695860,,0.508923,2619.429,6,1,0.695860,0.164809,0.009952,0.129379,0.480000,0.320000,0.000000,0.000000,NOTE_HYPOTHESIS,shared_audio_intelligence_v0_2;spectral_peak;owner_supplied_audio
BE-003:pitch:05344,BE-003:onset:1178,204.265941,912.265941,346.500000,87,3.500000,74.9115,D#5,619.0796,0.139320,1.000000,0.764480,0.850000,0.580000,,0.508923,2619.429,6,2,0.050000,0.300000,0.580000,0.070000,0.000000,0.120000,0.580000,0.220000,NOTE_HYPOTHESIS,shared_audio_intelligence_v0_2;spectral_peak;owner_supplied_audio
BE-003:pitch:05345,BE-003:onset:1178,204.265941,912.265941,346.500000,87,3.500000,83.8751,C6,1038.9771,0.092880,0.994892,0.764480,0.847446,0.840000,,0.508923,2619.429,6,3,0.010000,0.080000,0.840000,0.070000,0.000000,0.120000,0.580000,0.220000,NOTE_HYPOTHESIS,shared_audio_intelligence_v0_2;spectral_peak;owner_supplied_audio
BE-003:pitch:05346,BE-003:onset:1178,204.265941,912.265941,346.500000,87,3.500000,71.9645,C5,522.1802,0.208980,0.929150,0.764480,0.814575,0.580000,,0.508923,2619.429,6,4,0.050000,0.300000,0.580000,0.070000,0.000000,0.120000,0.580000,0.220000,NOTE_HYPOTHESIS,shared_audio_intelligence_v0_2;spectral_peak;owner_supplied_audio
BE-003:pitch:05347,BE-003:onset:1178,204.265941,912.265941,346.500000,87,3.500000,43.7407,G#2,102.2827,1.532517,0.841775,0.764480,0.770887,0.695860,,0.508923,2619.429,6,5,0.695860,0.164809,0.009952,0.129379,0.480000,0.320000,0.000000,0.000000,NOTE_HYPOTHESIS,shared_audio_intelligence_v0_2;spectral_peak;owner_supplied_audio
BE-003:pitch:05348,BE-003:onset:1178,204.265941,912.265941,346.500000,87,3.500000,45.4734,A2,113.0493,0.534059,0.804441,0.764480,0.752221,0.501984,,0.508923,2619.429,6,6,0.501984,0.319444,0.029762,0.148810,0.480000,0.320000,0.000000,0.000000,NOTE_HYPOTHESIS,shared_audio_intelligence_v0_2;spectral_peak;owner_supplied_audio
BE-003:pitch:05349,BE-003:onset:1179,204.358821,912.358821,346.653846,87,3.653846,73.9838,D5,586.7798,0.208980,1.000000,0.748381,0.850000,0.580000,,0.762178,1663.240,4,1,0.050000,0.300000,0.580000,0.070000,0.000000,0.120000,0.580000,0.220000,NOTE_HYPOTHESIS,shared_audio_intelligence_v0_2;spectral_peak;owner_supplied_audio
BE-003:pitch:05350,BE-003:onset:1179,204.358821,912.358821,346.653846,87,3.653846,44.6287,A2,107.6660,0.232200,1.000000,0.748381,0.850000,0.760000,,0.762178,1663.240,4,2,0.760000,0.180000,0.010000,0.050000,0.480000,0.320000,0.000000,0.000000,NOTE_HYPOTHESIS,shared_audio_intelligence_v0_2;spectral_peak;owner_supplied_audio
BE-003:pitch:05351,BE-003:onset:1179,204.358821,912.358821,346.653846,87,3.653846,34.2788,A#1,59.2163,0.650159,1.000000,0.748381,0.850000,0.760000,,0.762178,1663.240,4,3,0.760000,0.180000,0.010000,0.050000,0.480000,0.320000,0.000000,0.000000,NOTE_HYPOTHESIS,shared_audio_intelligence_v0_2;spectral_peak;owner_supplied_audio
BE-003:pitch:05352,BE-003:onset:1179,204.358821,912.358821,346.653846,87,3.653846,85.9042,D6,1168.1763,0.185760,1.000000,0.748381,0.850000,0.840000,,0.762178,1663.240,4,4,0.010000,0.080000,0.840000,0.070000,0.000000,0.120000,0.580000,0.220000,NOTE_HYPOTHESIS,shared_audio_intelligence_v0_2;spectral_peak;owner_supplied_audio
BE-003:pitch:05353,BE-003:onset:1180,204.544580,912.544580,346.961538,87,3.961538,32.6287,A1,53.8330,0.417959,1.000000,1.000000,0.850000,0.760000,,0.590857,1950.287,6,1,0.760000,0.180000,0.010000,0.050000,0.480000,0.320000,0.000000,0.000000,NOTE_HYPOTHESIS,shared_audio_intelligence_v0_2;spectral_peak;owner_supplied_audio
BE-003:pitch:05354,BE-003:onset:1180,204.544580,912.544580,346.961538,87,3.961538,73.0036,C#5,554.4800,0.255420,1.000000,1.000000,0.850000,0.580000,,0.590857,1950.287,6,2,0.050000,0.300000,0.580000,0.070000,0.000000,0.120000,0.580000,0.220000,NOTE_HYPOTHESIS,shared_audio_intelligence_v0_2;spectral_peak;owner_supplied_audio
BE-003:pitch:05355,BE-003:onset:1180,204.544580,912.544580,346.961538,87,3.961538,73.9838,D5,586.7798,0.092880,1.000000,1.000000,0.850000,0.580000,,0.590857,1950.287,6,3,0.050000,0.300000,0.580000,0.070000,0.000000,0.120000,0.580000,0.220000,NOTE_HYPOTHESIS,shared_audio_intelligence_v0_2;spectral_peak;owner_supplied_audio
BE-003:pitch:05356,BE-003:onset:1180,204.544580,912.544580,346.961538,87,3.961538,45.4734,A2,113.0493,0.069660,1.000000,1.000000,0.850000,0.550000,,0.590857,1950.287,6,4,0.550000,0.350000,0.030000,0.070000,0.480000,0.320000,0.000000,0.000000,NOTE_HYPOTHESIS,shared_audio_intelligence_v0_2;spectral_peak;owner_supplied_audio
BE-003:pitch:05357,BE-003:onset:1180,204.544580,912.544580,346.961538,87,3.961538,84.9193,C#6,1103.5767,0.139320,1.000000,1.000000,0.850000,0.840000,,0.590857,1950.287,6,5,0.010000,0.080000,0.840000,0.070000,0.000000,0.120000,0.580000,0.220000,NOTE_HYPOTHESIS,shared_audio_intelligence_v0_2;spectral_peak;owner_supplied_audio
BE-003:pitch:05358,BE-003:onset:1180,204.544580,912.544580,346.961538,87,3.961538,38.4538,D2,75.3662,0.464399,0.996224,1.000000,0.848112,0.760000,,0.590857,1950.287,6,6,0.760000,0.180000,0.010000,0.050000,0.480000,0.320000,0.000000,0.000000,NOTE_HYPOTHESIS,shared_audio_intelligence_v0_2;spectral_peak;owner_supplied_audio
BE-003:pitch:05359,BE-003:onset:1181,204.614240,912.614240,347.074074,87,4.074074,34.2788,A#1,59.2163,0.348299,1.000000,0.698763,0.850000,0.760000,,0.546318,2330.358,6,1,0.760000,0.180000,0.010000,0.050000,0.480000,0.320000,0.000000,0.000000,NOTE_HYPOTHESIS,shared_audio_intelligence_v0_2;spectral_peak;owner_supplied_audio
BE-003:pitch:05360,BE-003:onset:1181,204.614240,912.614240,347.074074,87,4.074074,41.8151,F#2,91.5161,0.232200,1.000000,0.698763,0.850000,0.760000,,0.546318,2330.358,6,2,0.760000,0.180000,0.010000,0.050000,0.480000,0.320000,0.000000,0.000000,NOTE_HYPOTHESIS,shared_audio_intelligence_v0_2;spectral_peak;owner_supplied_audio
BE-003:pitch:05361,BE-003:onset:1181,204.614240,912.614240,347.074074,87,4.074074,72.8347,C#5,549.0967,0.208980,1.000000,0.698763,0.850000,0.580000,,0.546318,2330.358,6,3,0.050000,0.300000,0.580000,0.070000,0.000000,0.120000,0.580000,0.220000,NOTE_HYPOTHESIS,shared_audio_intelligence_v0_2;spectral_peak;owner_supplied_audio
BE-003:pitch:05362,BE-003:onset:1181,204.614240,912.614240,347.074074,87,4.074074,84.9193,C#6,1103.5767,0.092880,1.000000,0.698763,0.850000,0.840000,,0.546318,2330.358,6,4,0.010000,0.080000,0.840000,0.070000,0.000000,0.120000,0.580000,0.220000,NOTE_HYPOTHESIS,shared_audio_intelligence_v0_2;spectral_peak;owner_supplied_audio
BE-003:pitch:05363,BE-003:onset:1181,204.614240,912.614240,347.074074,87,4.074074,71.7851,C5,516.7969,0.278639,0.950941,0.698763,0.825471,0.580000,,0.546318,2330.358,6,5,0.050000,0.300000,0.580000,0.070000,0.000000,0.120000,0.580000,0.220000,NOTE_HYPOTHESIS,shared_audio_intelligence_v0_2;spectral_peak;owner_supplied_audio
BE-003:pitch:05364,BE-003:onset:1181,204.614240,912.614240,347.074074,87,4.074074,65.8151,F#4,366.0645,0.162540,0.891037,0.698763,0.795519,0.580000,,0.546318,2330.358,6,6,0.050000,0.300000,0.580000,0.070000,0.000000,0.450000,0.250000,0.200000,NOTE_HYPOTHESIS,shared_audio_intelligence_v0_2;spectral_peak;owner_supplied_audio
BE-003:pitch:05365,BE-003:onset:1182,204.683900,912.683900,347.185185,87,4.185185,34.2788,A#1,59.2163,0.301859,1.000000,0.635616,0.850000,0.760000,,0.444174,2158.404,6,1,0.760000,0.180000,0.010000,0.050000,0.480000,0.320000,0.000000,0.000000,NOTE_HYPOTHESIS,shared_audio_intelligence_v0_2;spectral_peak;owner_supplied_audio
BE-003:pitch:05366,BE-003:onset:1182,204.683900,912.683900,347.185185,87,4.185185,41.8151,F#2,91.5161,0.580499,1.000000,0.635616,0.850000,0.760000,,0.444174,2158.404,6,2,0.760000,0.180000,0.010000,0.050000,0.480000,0.320000,0.000000,0.000000,NOTE_HYPOTHESIS,shared_audio_intelligence_v0_2;spectral_peak;owner_supplied_audio
BE-003:pitch:05367,BE-003:onset:1182,204.683900,912.683900,347.185185,87,4.185185,83.8751,C6,1038.9771,0.092880,1.000000,0.635616,0.850000,0.840000,,0.444174,2158.404,6,3,0.010000,0.080000,0.840000,0.070000,0.000000,0.120000,0.580000,0.220000,NOTE_HYPOTHESIS,shared_audio_intelligence_v0_2;spectral_peak;owner_supplied_audio
BE-003:pitch:05368,BE-003:onset:1182,204.683900,912.683900,347.185185,87,4.185185,71.9645,C5,522.1802,0.139320,1.000000,0.635616,0.850000,0.580000,,0.444174,2158.404,6,4,0.050000,0.300000,0.580000,0.070000,0.000000,0.120000,0.580000,0.220000,NOTE_HYPOTHESIS,shared_audio_intelligence_v0_2;spectral_peak;owner_supplied_audio
BE-003:pitch:05369,BE-003:onset:1182,204.683900,912.683900,347.185185,87,4.185185,73.0036,C#5,554.4800,0.139320,1.000000,0.635616,0.850000,0.580000,,0.444174,2158.404,6,5,0.050000,0.300000,0.580000,0.070000,0.000000,0.120000,0.580000,0.220000,NOTE_HYPOTHESIS,shared_audio_intelligence_v0_2;spectral_peak;owner_supplied_audio
BE-003:pitch:05370,BE-003:onset:1182,204.683900,912.683900,347.185185,87,4.185185,66.0679,F#4,371.4478,0.116100,0.903192,0.635616,0.801596,0.580000,,0.444174,2158.404,6,6,0.050000,0.300000,0.580000,0.070000,0.000000,0.450000,0.250000,0.200000,NOTE_HYPOTHESIS,shared_audio_intelligence_v0_2;spectral_peak;owner_supplied_audio
BE-003:pitch:05371,BE-003:onset:1183,204.823220,912.823220,347.407407,87,4.407407,34.2788,A#1,59.2163,0.208980,1.000000,0.744216,0.850000,0.760000,,0.543426,2153.885,6,1,0.760000,0.180000,0.010000,0.050000,0.480000,0.320000,0.000000,0.000000,NOTE_HYPOTHESIS,shared_audio_intelligence_v0_2;spectral_peak;owner_supplied_audio
BE-003:pitch:05372,BE-003:onset:1183,204.823220,912.823220,347.407407,87,4.407407,82.9540,B5,985.1440,0.185760,1.000000,0.744216,0.850000,0.840000,,0.543426,2153.885,6,2,0.010000,0.080000,0.840000,0.070000,0.000000,0.120000,0.580000,0.220000,NOTE_HYPOTHESIS,shared_audio_intelligence_v0_2;spectral_peak;owner_supplied_audio
BE-003:pitch:05373,BE-003:onset:1183,204.823220,912.823220,347.407407,87,4.407407,41.8151,F#2,91.5161,0.487619,0.978120,0.744216,0.839060,0.760000,,0.543426,2153.885,6,3,0.760000,0.180000,0.010000,0.050000,0.480000,0.320000,0.000000,0.000000,NOTE_HYPOTHESIS,shared_audio_intelligence_v0_2;spectral_peak;owner_supplied_audio
BE-003:pitch:05374,BE-003:onset:1183,204.823220,912.823220,347.407407,87,4.407407,57.8808,A#3,231.4819,0.301859,0.962332,0.744216,0.831166,0.520000,,0.543426,2153.885,6,4,0.250000,0.520000,0.150000,0.080000,0.000000,0.450000,0.250000,0.200000,NOTE_HYPOTHESIS,shared_audio_intelligence_v0_2;spectral_peak;owner_supplied_audio
BE-003:pitch:05375,BE-003:onset:1183,204.823220,912.823220,347.407407,87,4.407407,56.1904,G#3,209.9487,0.255420,0.936676,0.744216,0.818338,0.520000,,0.543426,2153.885,6,5,0.250000,0.520000,0.150000,0.080000,0.000000,0.450000,0.250000,0.200000,NOTE_HYPOTHESIS,shared_audio_intelligence_v0_2;spectral_peak;owner_supplied_audio
BE-003:pitch:05376,BE-003:onset:1183,204.823220,912.823220,347.407407,87,4.407407,63.3573,D#4,317.6147,0.185760,0.851496,0.744216,0.775748,0.520000,,0.543426,2153.885,6,6,0.250000,0.520000,0.150000,0.080000,0.000000,0.450000,0.250000,0.200000,NOTE_HYPOTHESIS,shared_audio_intelligence_v0_2;spectral_peak;owner_supplied_audio
BE-003:pitch:05377,BE-003:onset:1184,205.125079,913.125079,347.888889,87,4.888889,61.8242,D4,290.6982,0.139320,1.000000,0.731623,0.850000,0.520000,,0.418393,2331.670,6,1,0.250000,0.520000,0.150000,0.080000,0.000000,0.450000,0.250000,0.200000,NOTE_HYPOTHESIS,shared_audio_intelligence_v0_2;spectral_peak;owner_supplied_audio
BE-003:pitch:05378,BE-003:onset:1184,205.125079,913.125079,347.888889,87,4.888889,73.8242,D5,581.3965,0.116100,1.000000,0.731623,0.850000,0.580000,,0.418393,2331.670,6,2,0.050000,0.300000,0.580000,0.070000,0.000000,0.120000,0.580000,0.220000,NOTE_HYPOTHESIS,shared_audio_intelligence_v0_2;spectral_peak;owner_supplied_audio
BE-003:pitch:05379,BE-003:onset:1184,205.125079,913.125079,347.888889,87,4.888889,41.8151,F#2,91.5161,0.208980,0.947709,0.731623,0.823855,0.760000,,0.418393,2331.670,6,3,0.760000,0.180000,0.010000,0.050000,0.480000,0.320000,0.000000,0.000000,NOTE_HYPOTHESIS,shared_audio_intelligence_v0_2;spectral_peak;owner_supplied_audio
BE-003:pitch:05380,BE-003:onset:1184,205.125079,913.125079,347.888889,87,4.888889,30.8047,G1,48.4497,0.812698,0.861148,0.731623,0.780574,0.760000,,0.418393,2331.670,6,4,0.760000,0.180000,0.010000,0.050000,0.480000,0.320000,0.000000,0.000000,NOTE_HYPOTHESIS,shared_audio_intelligence_v0_2;spectral_peak;owner_supplied_audio
BE-003:pitch:05381,BE-003:onset:1184,205.125079,913.125079,347.888889,87,4.888889,49.8242,D3,145.3491,0.092880,0.830290,0.731623,0.765145,0.550000,,0.418393,2331.670,6,5,0.550000,0.350000,0.030000,0.070000,0.480000,0.320000,0.000000,0.000000,NOTE_HYPOTHESIS,shared_audio_intelligence_v0_2;spectral_peak;owner_supplied_audio
BE-003:pitch:05382,BE-003:onset:1184,205.125079,913.125079,347.888889,87,4.888889,34.2788,A#1,59.2163,1.532517,0.818148,0.731623,0.759074,0.760000,,0.418393,2331.670,6,6,0.760000,0.180000,0.010000,0.050000,0.480000,0.320000,0.000000,0.000000,NOTE_HYPOTHESIS,shared_audio_intelligence_v0_2;spectral_peak;owner_supplied_audio
BE-003:pitch:05383,BE-003:onset:1185,205.217959,913.217959,348.040000,88,1.040000,32.6287,A1,53.8330,0.719819,1.000000,0.668322,0.850000,0.760000,,0.546118,2081.825,6,1,0.760000,0.180000,0.010000,0.050000,0.480000,0.320000,0.000000,0.000000,NOTE_HYPOTHESIS,shared_audio_intelligence_v0_2;spectral_peak;owner_supplied_audio
BE-003:pitch:05384,BE-003:onset:1185,205.217959,913.217959,348.040000,88,1.040000,65.8151,F#4,366.0645,0.371519,1.000000,0.668322,0.850000,0.580000,,0.546118,2081.825,6,2,0.050000,0.300000,0.580000,0.070000,0.000000,0.450000,0.250000,0.200000,NOTE_HYPOTHESIS,shared_audio_intelligence_v0_2;spectral_peak;owner_supplied_audio
BE-003:pitch:05385,BE-003:onset:1185,205.217959,913.217959,348.040000,88,1.040000,46.2788,A#2,118.4326,0.580499,0.990778,0.668322,0.845389,0.550000,,0.546118,2081.825,6,3,0.550000,0.350000,0.030000,0.070000,0.480000,0.320000,0.000000,0.000000,NOTE_HYPOTHESIS,shared_audio_intelligence_v0_2;spectral_peak;owner_supplied_audio
BE-003:pitch:05386,BE-003:onset:1185,205.217959,913.217959,348.040000,88,1.040000,43.7407,G#2,102.2827,0.092880,0.983285,0.668322,0.841643,0.760000,,0.546118,2081.825,6,4,0.760000,0.180000,0.010000,0.050000,0.480000,0.320000,0.000000,0.000000,NOTE_HYPOTHESIS,shared_audio_intelligence_v0_2;spectral_peak;owner_supplied_audio
BE-003:pitch:05387,BE-003:onset:1185,205.217959,913.217959,348.040000,88,1.040000,62.1419,D4,296.0815,0.348299,0.969507,0.668322,0.834753,0.520000,,0.546118,2081.825,6,5,0.250000,0.520000,0.150000,0.080000,0.000000,0.450000,0.250000,0.200000,NOTE_HYPOTHESIS,shared_audio_intelligence_v0_2;spectral_peak;owner_supplied_audio
BE-003:pitch:05388,BE-003:onset:1185,205.217959,913.217959,348.040000,88,1.040000,77.8151,F#5,732.1289,0.278639,0.939063,0.668322,0.819532,0.840000,,0.546118,2081.825,6,6,0.010000,0.080000,0.840000,0.070000,0.000000,0.120000,0.580000,0.220000,NOTE_HYPOTHESIS,shared_audio_intelligence_v0_2;spectral_peak;owner_supplied_audio
BE-003:pitch:05389,BE-003:onset:1186,205.426939,913.426939,348.400000,88,1.400000,34.2788,A#1,59.2163,0.394739,1.000000,0.721512,0.850000,0.760000,,0.426294,2232.123,6,1,0.760000,0.180000,0.010000,0.050000,0.480000,0.320000,0.000000,0.000000,NOTE_HYPOTHESIS,shared_audio_intelligence_v0_2;spectral_peak;owner_supplied_audio
BE-003:pitch:05390,BE-003:onset:1186,205.426939,913.426939,348.400000,88,1.400000,61.8242,D4,290.6982,0.116100,1.000000,0.721512,0.850000,0.520000,,0.426294,2232.123,6,2,0.250000,0.520000,0.150000,0.080000,0.000000,0.450000,0.250000,0.200000,NOTE_HYPOTHESIS,shared_audio_intelligence_v0_2;spectral_peak;owner_supplied_audio
BE-003:pitch:05391,BE-003:onset:1186,205.426939,913.426939,348.400000,88,1.400000,65.8151,F#4,366.0645,0.162540,1.000000,0.721512,0.850000,0.580000,,0.426294,2232.123,6,3,0.050000,0.300000,0.580000,0.070000,0.000000,0.450000,0.250000,0.200000,NOTE_HYPOTHESIS,shared_audio_intelligence_v0_2;spectral_peak;owner_supplied_audio
BE-003:pitch:05392,BE-003:onset:1186,205.426939,913.426939,348.400000,88,1.400000,73.8242,D5,581.3965,0.092880,1.000000,0.721512,0.850000,0.580000,,0.426294,2232.123,6,4,0.050000,0.300000,0.580000,0.070000,0.000000,0.120000,0.580000,0.220000,NOTE_HYPOTHESIS,shared_audio_intelligence_v0_2;spectral_peak;owner_supplied_audio
BE-003:pitch:05393,BE-003:onset:1186,205.426939,913.426939,348.400000,88,1.400000,46.2788,A#2,118.4326,0.371519,0.955251,0.721512,0.827625,0.550000,,0.426294,2232.123,6,5,0.550000,0.350000,0.030000,0.070000,0.480000,0.320000,0.000000,0.000000,NOTE_HYPOTHESIS,shared_audio_intelligence_v0_2;spectral_peak;owner_supplied_audio
BE-003:pitch:05394,BE-003:onset:1186,205.426939,913.426939,348.400000,88,1.400000,77.9420,F#5,737.5122,0.069660,0.910242,0.721512,0.805121,0.840000,,0.426294,2232.123,6,6,0.010000,0.080000,0.840000,0.070000,0.000000,0.120000,0.580000,0.220000,NOTE_HYPOTHESIS,shared_audio_intelligence_v0_2;spectral_peak;owner_supplied_audio
BE-003:pitch:05395,BE-003:onset:1187,205.543039,913.543039,348.600000,88,1.600000,44.6287,A2,107.6660,0.255420,1.000000,0.657433,0.850000,0.760000,,0.431964,1960.682,4,1,0.760000,0.180000,0.010000,0.050000,0.480000,0.320000,0.000000,0.000000,NOTE_HYPOTHESIS,shared_audio_intelligence_v0_2;spectral_peak;owner_supplied_audio
BE-003:pitch:05396,BE-003:onset:1187,205.543039,913.543039,348.600000,88,1.600000,34.2788,A#1,59.2163,0.278639,1.000000,0.657433,0.850000,0.760000,,0.431964,1960.682,4,2,0.760000,0.180000,0.010000,0.050000,0.480000,0.320000,0.000000,0.000000,NOTE_HYPOTHESIS,shared_audio_intelligence_v0_2;spectral_peak;owner_supplied_audio
BE-003:pitch:05397,BE-003:onset:1187,205.543039,913.543039,348.600000,88,1.600000,68.8438,A4,436.0474,0.208980,0.994634,0.657433,0.847317,0.580000,,0.431964,1960.682,4,3,0.050000,0.300000,0.580000,0.070000,0.000000,0.450000,0.250000,0.200000,NOTE_HYPOTHESIS,shared_audio_intelligence_v0_2;spectral_peak;owner_supplied_audio
BE-003:pitch:05398,BE-003:onset:1187,205.543039,913.543039,348.600000,88,1.600000,52.2159,E3,166.8823,0.278639,0.930175,0.657433,0.815088,0.550000,,0.431964,1960.682,4,4,0.550000,0.350000,0.030000,0.070000,0.480000,0.320000,0.000000,0.000000,NOTE_HYPOTHESIS,shared_audio_intelligence_v0_2;spectral_peak;owner_supplied_audio
BE-003:pitch:05399,BE-003:onset:1188,205.705578,913.705578,348.880000,88,1.880000,32.6287,A1,53.8330,0.116100,1.000000,0.828229,0.850000,0.760000,,0.484474,2070.722,5,1,0.760000,0.180000,0.010000,0.050000,0.480000,0.320000,0.000000,0.000000,NOTE_HYPOTHESIS,shared_audio_intelligence_v0_2;spectral_peak;owner_supplied_audio
BE-003:pitch:05400,BE-003:onset:1188,205.705578,913.705578,348.880000,88,1.880000,63.9344,E4,328.3813,0.139320,1.000000,0.828229,0.850000,0.520000,,0.484474,2070.722,5,2,0.250000,0.520000,0.150000,0.080000,0.000000,0.450000,0.250000,0.200000,NOTE_HYPOTHESIS,shared_audio_intelligence_v0_2;spectral_peak;owner_supplied_audio
BE-003:pitch:05401,BE-003:onset:1188,205.705578,913.705578,348.880000,88,1.880000,44.6287,A2,107.6660,0.162540,1.000000,0.828229,0.850000,0.760000,,0.484474,2070.722,5,3,0.760000,0.180000,0.010000,0.050000,0.480000,0.320000,0.000000,0.000000,NOTE_HYPOTHESIS,shared_audio_intelligence_v0_2;spectral_peak;owner_supplied_audio
BE-003:pitch:05402,BE-003:onset:1188,205.705578,913.705578,348.880000,88,1.880000,67.9670,G#4,414.5142,0.325079,1.000000,0.828229,0.850000,0.580000,,0.484474,2070.722,5,4,0.050000,0.300000,0.580000,0.070000,0.000000,0.450000,0.250000,0.200000,NOTE_HYPOTHESIS,shared_audio_intelligence_v0_2;spectral_peak;owner_supplied_audio
BE-003:pitch:05403,BE-003:onset:1188,205.705578,913.705578,348.880000,88,1.880000,57.8808,A#3,231.4819,0.208980,0.991787,0.828229,0.845893,0.520000,,0.484474,2070.722,5,5,0.250000,0.520000,0.150000,0.080000,0.000000,0.450000,0.250000,0.200000,NOTE_HYPOTHESIS,shared_audio_intelligence_v0_2;spectral_peak;owner_supplied_audio
BE-003:pitch:05404,BE-003:onset:1189,205.984218,913.984218,349.409091,88,2.409091,63.0613,D#4,312.2314,0.534059,1.000000,1.000000,0.850000,0.520000,,0.530716,2317.795,6,1,0.250000,0.520000,0.150000,0.080000,0.000000,0.450000,0.250000,0.200000,NOTE_HYPOTHESIS,shared_audio_intelligence_v0_2;spectral_peak;owner_supplied_audio
BE-003:pitch:05405,BE-003:onset:1189,205.984218,913.984218,349.409091,88,2.409091,37.1709,C#2,69.9829,0.162540,1.000000,1.000000,0.850000,0.760000,,0.530716,2317.795,6,2,0.760000,0.180000,0.010000,0.050000,0.480000,0.320000,0.000000,0.000000,NOTE_HYPOTHESIS,shared_audio_intelligence_v0_2;spectral_peak;owner_supplied_audio
BE-003:pitch:05406,BE-003:onset:1189,205.984218,913.984218,349.409091,88,2.409091,49.8242,D3,145.3491,0.116100,1.000000,1.000000,0.850000,0.550000,,0.530716,2317.795,6,3,0.550000,0.350000,0.030000,0.070000,0.480000,0.320000,0.000000,0.000000,NOTE_HYPOTHESIS,shared_audio_intelligence_v0_2;spectral_peak;owner_supplied_audio
BE-003:pitch:05407,BE-003:onset:1189,205.984218,913.984218,349.409091,88,2.409091,56.1904,G#3,209.9487,0.232200,1.000000,1.000000,0.850000,0.520000,,0.530716,2317.795,6,4,0.250000,0.520000,0.150000,0.080000,0.000000,0.450000,0.250000,0.200000,NOTE_HYPOTHESIS,shared_audio_intelligence_v0_2;spectral_peak;owner_supplied_audio
BE-003:pitch:05408,BE-003:onset:1189,205.984218,913.984218,349.409091,88,2.409091,74.7603,D#5,613.6963,0.185760,1.000000,1.000000,0.850000,0.580000,,0.530716,2317.795,6,5,0.050000,0.300000,0.580000,0.070000,0.000000,0.120000,0.580000,0.220000,NOTE_HYPOTHESIS,shared_audio_intelligence_v0_2;spectral_peak;owner_supplied_audio
BE-003:pitch:05409,BE-003:onset:1189,205.984218,913.984218,349.409091,88,2.409091,81.8808,A#5,925.9277,0.162540,1.000000,1.000000,0.850000,0.840000,,0.530716,2317.795,6,6,0.010000,0.080000,0.840000,0.070000,0.000000,0.120000,0.580000,0.220000,NOTE_HYPOTHESIS,shared_audio_intelligence_v0_2;spectral_peak;owner_supplied_audio
BE-003:pitch:05410,BE-003:onset:1190,206.123537,914.123537,349.681818,88,2.681818,42.8047,G2,96.8994,0.278639,1.000000,0.642649,0.850000,0.760000,,0.740680,1777.338,1,1,0.760000,0.180000,0.010000,0.050000,0.480000,0.320000,0.000000,0.000000,NOTE_HYPOTHESIS,shared_audio_intelligence_v0_2;spectral_peak;owner_supplied_audio
BE-003:pitch:05411,BE-003:onset:1191,206.286077,914.286077,350.000000,88,3.000000,42.8047,G2,96.8994,0.139320,1.000000,1.000000,0.850000,0.760000,,0.689972,1720.738,6,1,0.760000,0.180000,0.010000,0.050000,0.480000,0.320000,0.000000,0.000000,NOTE_HYPOTHESIS,shared_audio_intelligence_v0_2;spectral_peak;owner_supplied_audio
BE-003:pitch:05412,BE-003:onset:1191,206.286077,914.286077,350.000000,88,3.000000,62.7603,D#4,306.8481,0.232200,1.000000,1.000000,0.850000,0.520000,,0.689972,1720.738,6,2,0.250000,0.520000,0.150000,0.080000,0.000000,0.450000,0.250000,0.200000,NOTE_HYPOTHESIS,shared_audio_intelligence_v0_2;spectral_peak;owner_supplied_audio
BE-003:pitch:05413,BE-003:onset:1191,206.286077,914.286077,350.000000,88,3.000000,66.8047,G4,387.5977,0.255420,1.000000,1.000000,0.850000,0.580000,,0.689972,1720.738,6,3,0.050000,0.300000,0.580000,0.070000,0.000000,0.450000,0.250000,0.200000,NOTE_HYPOTHESIS,shared_audio_intelligence_v0_2;spectral_peak;owner_supplied_audio
BE-003:pitch:05414,BE-003:onset:1191,206.286077,914.286077,350.000000,88,3.000000,74.7603,D#5,613.6963,0.162540,1.000000,1.000000,0.850000,0.580000,,0.689972,1720.738,6,4,0.050000,0.300000,0.580000,0.070000,0.000000,0.120000,0.580000,0.220000,NOTE_HYPOTHESIS,shared_audio_intelligence_v0_2;spectral_peak;owner_supplied_audio
BE-003:pitch:05415,BE-003:onset:1191,206.286077,914.286077,350.000000,88,3.000000,81.8808,A#5,925.9277,0.162540,1.000000,1.000000,0.850000,0.840000,,0.689972,1720.738,6,5,0.010000,0.080000,0.840000,0.070000,0.000000,0.120000,0.580000,0.220000,NOTE_HYPOTHESIS,shared_audio_intelligence_v0_2;spectral_peak;owner_supplied_audio
BE-003:pitch:05416,BE-003:onset:1191,206.286077,914.286077,350.000000,88,3.000000,54.8047,G3,193.7988,0.092880,1.000000,1.000000,0.850000,0.550000,,0.689972,1720.738,6,6,0.550000,0.350000,0.030000,0.070000,0.480000,0.320000,0.000000,0.000000,NOTE_HYPOTHESIS,shared_audio_intelligence_v0_2;spectral_peak;owner_supplied_audio
BE-003:pitch:05417,BE-003:onset:1192,206.657596,914.657596,350.666667,88,3.666667,47.7851,C3,129.1992,0.580499,1.000000,0.859470,0.850000,0.550000,,0.348240,2544.231,5,1,0.550000,0.350000,0.030000,0.070000,0.480000,0.320000,0.000000,0.000000,NOTE_HYPOTHESIS,shared_audio_intelligence_v0_2;spectral_peak;owner_supplied_audio
BE-003:pitch:05418,BE-003:onset:1192,206.657596,914.657596,350.666667,88,3.666667,43.7407,G#2,102.2827,0.092880,1.000000,0.859470,0.850000,0.760000,,0.348240,2544.231,5,2,0.760000,0.180000,0.010000,0.050000,0.480000,0.320000,0.000000,0.000000,NOTE_HYPOTHESIS,shared_audio_intelligence_v0_2;spectral_peak;owner_supplied_audio
BE-003:pitch:05419,BE-003:onset:1192,206.657596,914.657596,350.666667,88,3.666667,34.2788,A#1,59.2163,0.510839,0.954577,0.859470,0.827288,0.760000,,0.348240,2544.231,5,3,0.760000,0.180000,0.010000,0.050000,0.480000,0.320000,0.000000,0.000000,NOTE_HYPOTHESIS,shared_audio_intelligence_v0_2;spectral_peak;owner_supplied_audio
BE-003:pitch:05420,BE-003:onset:1192,206.657596,914.657596,350.666667,88,3.666667,59.7851,C4,258.3984,0.371519,0.948979,0.859470,0.824489,0.520000,,0.348240,2544.231,5,4,0.250000,0.520000,0.150000,0.080000,0.000000,0.450000,0.250000,0.200000,NOTE_HYPOTHESIS,shared_audio_intelligence_v0_2;spectral_peak;owner_supplied_audio
BE-003:pitch:05421,BE-003:onset:1192,206.657596,914.657596,350.666667,88,3.666667,67.0435,G4,392.9810,0.278639,0.911010,0.859470,0.805505,0.580000,,0.348240,2544.231,5,5,0.050000,0.300000,0.580000,0.070000,0.000000,0.450000,0.250000,0.200000,NOTE_HYPOTHESIS,shared_audio_intelligence_v0_2;spectral_peak;owner_supplied_audio
BE-003:pitch:05422,BE-003:onset:1193,206.843356,914.843356,351.000000,88,4.000000,47.7851,C3,129.1992,0.394739,1.000000,0.628554,0.850000,0.550000,,0.447873,2088.403,3,1,0.550000,0.350000,0.030000,0.070000,0.480000,0.320000,0.000000,0.000000,NOTE_HYPOTHESIS,shared_audio_intelligence_v0_2;spectral_peak;owner_supplied_audio
BE-003:pitch:05423,BE-003:onset:1193,206.843356,914.843356,351.000000,88,4.000000,56.1904,G#3,209.9487,0.975238,0.902750,0.628554,0.801375,0.520000,,0.447873,2088.403,3,2,0.250000,0.520000,0.150000,0.080000,0.000000,0.450000,0.250000,0.200000,NOTE_HYPOTHESIS,shared_audio_intelligence_v0_2;spectral_peak;owner_supplied_audio
BE-003:pitch:05424,BE-003:onset:1193,206.843356,914.843356,351.000000,88,4.000000,59.0483,B3,247.6318,0.301859,0.854062,0.628554,0.777031,0.520000,,0.447873,2088.403,3,3,0.250000,0.520000,0.150000,0.080000,0.000000,0.450000,0.250000,0.200000,NOTE_HYPOTHESIS,shared_audio_intelligence_v0_2;spectral_peak;owner_supplied_audio
BE-003:pitch:05425,BE-003:onset:1194,206.889796,914.889796,351.071429,88,4.071429,47.7851,C3,129.1992,0.371519,1.000000,0.647567,0.850000,0.550000,,0.467631,2536.294,6,1,0.550000,0.350000,0.030000,0.070000,0.480000,0.320000,0.000000,0.000000,NOTE_HYPOTHESIS,shared_audio_intelligence_v0_2;spectral_peak;owner_supplied_audio
BE-003:pitch:05426,BE-003:onset:1194,206.889796,914.889796,351.071429,88,4.071429,49.1709,C#3,139.9658,0.928798,1.000000,0.647567,0.850000,0.550000,,0.467631,2536.294,6,2,0.550000,0.350000,0.030000,0.070000,0.480000,0.320000,0.000000,0.000000,NOTE_HYPOTHESIS,shared_audio_intelligence_v0_2;spectral_peak;owner_supplied_audio
BE-003:pitch:05427,BE-003:onset:1194,206.889796,914.889796,351.071429,88,4.071429,59.0483,B3,247.6318,0.232200,0.907008,0.647567,0.803504,0.520000,,0.467631,2536.294,6,3,0.250000,0.520000,0.150000,0.080000,0.000000,0.450000,0.250000,0.200000,NOTE_HYPOTHESIS,shared_audio_intelligence_v0_2;spectral_peak;owner_supplied_audio
BE-003:pitch:05428,BE-003:onset:1194,206.889796,914.889796,351.071429,88,4.071429,70.8591,B4,489.8804,0.162540,0.852692,0.647567,0.776346,0.580000,,0.467631,2536.294,6,4,0.050000,0.300000,0.580000,0.070000,0.000000,0.120000,0.580000,0.220000,NOTE_HYPOTHESIS,shared_audio_intelligence_v0_2;spectral_peak;owner_supplied_audio
BE-003:pitch:05429,BE-003:onset:1194,206.889796,914.889796,351.071429,88,4.071429,52.7656,F3,172.2656,0.371519,0.825016,0.647567,0.762508,0.550000,,0.467631,2536.294,6,5,0.550000,0.350000,0.030000,0.070000,0.480000,0.320000,0.000000,0.000000,NOTE_HYPOTHESIS,shared_audio_intelligence_v0_2;spectral_peak;owner_supplied_audio
BE-003:pitch:05430,BE-003:onset:1194,206.889796,914.889796,351.071429,88,4.071429,65.0340,F4,349.9146,0.208980,0.789059,0.647567,0.744529,0.580000,,0.467631,2536.294,6,6,0.050000,0.300000,0.580000,0.070000,0.000000,0.450000,0.250000,0.200000,NOTE_HYPOTHESIS,shared_audio_intelligence_v0_2;spectral_peak;owner_supplied_audio
BE-003:pitch:05431,BE-003:onset:1195,206.936236,914.936236,351.142857,88,4.142857,49.1709,C#3,139.9658,0.859138,1.000000,0.786015,0.850000,0.550000,,0.434592,2550.926,6,1,0.550000,0.350000,0.030000,0.070000,0.480000,0.320000,0.000000,0.000000,NOTE_HYPOTHESIS,shared_audio_intelligence_v0_2;spectral_peak;owner_supplied_audio
BE-003:pitch:05432,BE-003:onset:1195,206.936236,914.936236,351.142857,88,4.142857,59.0483,B3,247.6318,0.185760,0.921516,0.786015,0.810758,0.520000,,0.434592,2550.926,6,2,0.250000,0.520000,0.150000,0.080000,0.000000,0.450000,0.250000,0.200000,NOTE_HYPOTHESIS,shared_audio_intelligence_v0_2;spectral_peak;owner_supplied_audio
BE-003:pitch:05433,BE-003:onset:1195,206.936236,914.936236,351.142857,88,4.142857,34.2788,A#1,59.2163,1.532517,0.858758,0.786015,0.779379,0.760000,,0.434592,2550.926,6,3,0.760000,0.180000,0.010000,0.050000,0.480000,0.320000,0.000000,0.000000,NOTE_HYPOTHESIS,shared_audio_intelligence_v0_2;spectral_peak;owner_supplied_audio
BE-003:pitch:05434,BE-003:onset:1195,206.936236,914.936236,351.142857,88,4.142857,71.0483,B4,495.2637,0.116100,0.817676,0.786015,0.758838,0.580000,,0.434592,2550.926,6,4,0.050000,0.300000,0.580000,0.070000,0.000000,0.120000,0.580000,0.220000,NOTE_HYPOTHESIS,shared_audio_intelligence_v0_2;spectral_peak;owner_supplied_audio
BE-003:pitch:05435,BE-003:onset:1195,206.936236,914.936236,351.142857,88,4.142857,52.7656,F3,172.2656,0.325079,0.813075,0.786015,0.756537,0.550000,,0.434592,2550.926,6,5,0.550000,0.350000,0.030000,0.070000,0.480000,0.320000,0.000000,0.000000,NOTE_HYPOTHESIS,shared_audio_intelligence_v0_2;spectral_peak;owner_supplied_audio
BE-003:pitch:05436,BE-003:onset:1195,206.936236,914.936236,351.142857,88,4.142857,65.0340,F4,349.9146,0.162540,0.773028,0.786015,0.736514,0.580000,,0.434592,2550.926,6,6,0.050000,0.300000,0.580000,0.070000,0.000000,0.450000,0.250000,0.200000,NOTE_HYPOTHESIS,shared_audio_intelligence_v0_2;spectral_peak;owner_supplied_audio
BE-003:pitch:05437,BE-003:onset:1196,207.052336,915.052336,351.321429,88,4.321429,49.1709,C#3,139.9658,0.766259,1.000000,0.654794,0.850000,0.501984,,0.251383,3116.994,6,1,0.501984,0.319444,0.029762,0.148810,0.480000,0.320000,0.000000,0.000000,NOTE_HYPOTHESIS,shared_audio_intelligence_v0_2;spectral_peak;owner_supplied_audio
BE-003:pitch:05438,BE-003:onset:1196,207.052336,915.052336,351.321429,88,4.321429,56.1904,G#3,209.9487,0.743039,0.847100,0.654794,0.773550,0.469756,,0.251383,3116.994,6,2,0.225844,0.469756,0.147290,0.157109,0.000000,0.450000,0.250000,0.200000,NOTE_HYPOTHESIS,shared_audio_intelligence_v0_2;spectral_peak;owner_supplied_audio
BE-003:pitch:05439,BE-003:onset:1196,207.052336,915.052336,351.321429,88,4.321429,54.3170,F#3,188.4155,0.534059,0.754497,0.654794,0.727249,0.501984,,0.251383,3116.994,6,3,0.501984,0.319444,0.029762,0.148810,0.480000,0.320000,0.000000,0.000000,NOTE_HYPOTHESIS,shared_audio_intelligence_v0_2;spectral_peak;owner_supplied_audio
BE-003:pitch:05440,BE-003:onset:1196,207.052336,915.052336,351.321429,88,4.321429,34.2788,A#1,59.2163,1.532517,0.745779,0.654794,0.722890,0.695860,,0.251383,3116.994,6,4,0.695860,0.164809,0.009952,0.129379,0.480000,0.320000,0.000000,0.000000,NOTE_HYPOTHESIS,shared_audio_intelligence_v0_2;spectral_peak;owner_supplied_audio
BE-003:pitch:05441,BE-003:onset:1196,207.052336,915.052336,351.321429,88,4.321429,52.7656,F3,172.2656,0.278639,0.738118,0.654794,0.719059,0.501984,,0.251383,3116.994,6,5,0.501984,0.319444,0.029762,0.148810,0.480000,0.320000,0.000000,0.000000,NOTE_HYPOTHESIS,shared_audio_intelligence_v0_2;spectral_peak;owner_supplied_audio
BE-003:pitch:05442,BE-003:onset:1196,207.052336,915.052336,351.321429,88,4.321429,59.0483,B3,247.6318,0.487619,0.714254,0.654794,0.707127,0.469756,,0.251383,3116.994,6,6,0.225844,0.469756,0.147290,0.157109,0.000000,0.450000,0.250000,0.200000,NOTE_HYPOTHESIS,shared_audio_intelligence_v0_2;spectral_peak;owner_supplied_audio
BE-003:pitch:05443,BE-003:onset:1197,207.214875,915.214875,351.571429,88,4.571429,49.8242,D3,145.3491,0.835918,1.000000,0.722943,0.850000,0.550000,,0.683907,1966.127,6,1,0.550000,0.350000,0.030000,0.070000,0.480000,0.320000,0.000000,0.000000,NOTE_HYPOTHESIS,shared_audio_intelligence_v0_2;spectral_peak;owner_supplied_audio
BE-003:pitch:05444,BE-003:onset:1197,207.214875,915.214875,351.571429,88,4.571429,56.1904,G#3,209.9487,0.441179,1.000000,0.722943,0.850000,0.520000,,0.683907,1966.127,6,2,0.250000,0.520000,0.150000,0.080000,0.000000,0.450000,0.250000,0.200000,NOTE_HYPOTHESIS,shared_audio_intelligence_v0_2;spectral_peak;owner_supplied_audio
BE-003:pitch:05445,BE-003:onset:1197,207.214875,915.214875,351.571429,88,4.571429,57.4734,A3,226.0986,1.509297,0.858558,0.722943,0.779279,0.520000,,0.683907,1966.127,6,3,0.250000,0.520000,0.150000,0.080000,0.000000,0.450000,0.250000,0.200000,NOTE_HYPOTHESIS,shared_audio_intelligence_v0_2;spectral_peak;owner_supplied_audio
BE-003:pitch:05446,BE-003:onset:1197,207.214875,915.214875,351.571429,88,4.571429,81.8808,A#5,925.9277,0.975238,0.761213,0.722943,0.730607,0.840000,,0.683907,1966.127,6,4,0.010000,0.080000,0.840000,0.070000,0.000000,0.120000,0.580000,0.220000,NOTE_HYPOTHESIS,shared_audio_intelligence_v0_2;spectral_peak;owner_supplied_audio
BE-003:pitch:05447,BE-003:onset:1197,207.214875,915.214875,351.571429,88,4.571429,67.0435,G4,392.9810,0.534059,0.755145,0.722943,0.727573,0.580000,,0.683907,1966.127,6,5,0.050000,0.300000,0.580000,0.070000,0.000000,0.450000,0.250000,0.200000,NOTE_HYPOTHESIS,shared_audio_intelligence_v0_2;spectral_peak;owner_supplied_audio
BE-003:pitch:05448,BE-003:onset:1197,207.214875,915.214875,351.571429,88,4.571429,34.2788,A#1,59.2163,1.532517,0.722615,0.722943,0.711308,0.760000,,0.683907,1966.127,6,6,0.760000,0.180000,0.010000,0.050000,0.480000,0.320000,0.000000,0.000000,NOTE_HYPOTHESIS,shared_audio_intelligence_v0_2;spectral_peak;owner_supplied_audio
BE-003:pitch:05449,BE-003:onset:1198,207.307755,915.307755,351.714286,88,4.714286,49.8242,D3,145.3491,0.696599,1.000000,0.736750,0.850000,0.550000,,0.604810,2174.759,6,1,0.550000,0.350000,0.030000,0.070000,0.480000,0.320000,0.000000,0.000000,NOTE_HYPOTHESIS,shared_audio_intelligence_v0_2;spectral_peak;owner_supplied_audio
BE-003:pitch:05450,BE-003:onset:1198,207.307755,915.307755,351.714286,88,4.714286,81.8808,A#5,925.9277,0.116100,1.000000,0.736750,0.850000,0.840000,,0.604810,2174.759,6,2,0.010000,0.080000,0.840000,0.070000,0.000000,0.120000,0.580000,0.220000,NOTE_HYPOTHESIS,shared_audio_intelligence_v0_2;spectral_peak;owner_supplied_audio
BE-003:pitch:05451,BE-003:onset:1198,207.307755,915.307755,351.714286,88,4.714286,62.7603,D#4,306.8481,0.255420,0.961344,0.736750,0.830672,0.520000,,0.604810,2174.759,6,3,0.250000,0.520000,0.150000,0.080000,0.000000,0.450000,0.250000,0.200000,NOTE_HYPOTHESIS,shared_audio_intelligence_v0_2;spectral_peak;owner_supplied_audio
BE-003:pitch:05452,BE-003:onset:1198,207.307755,915.307755,351.714286,88,4.714286,55.7407,G#3,204.5654,0.278639,0.918566,0.736750,0.809283,0.520000,,0.604810,2174.759,6,4,0.250000,0.520000,0.150000,0.080000,0.000000,0.450000,0.250000,0.200000,NOTE_HYPOTHESIS,shared_audio_intelligence_v0_2;spectral_peak;owner_supplied_audio
BE-003:pitch:05453,BE-003:onset:1198,207.307755,915.307755,351.714286,88,4.714286,69.8808,A#4,462.9639,0.696599,0.892785,0.736750,0.796392,0.580000,,0.604810,2174.759,6,5,0.050000,0.300000,0.580000,0.070000,0.000000,0.450000,0.250000,0.200000,NOTE_HYPOTHESIS,shared_audio_intelligence_v0_2;spectral_peak;owner_supplied_audio
BE-003:pitch:05454,BE-003:onset:1198,207.307755,915.307755,351.714286,88,4.714286,57.0562,A3,220.7153,0.882358,0.869190,0.736750,0.784595,0.520000,,0.604810,2174.759,6,6,0.250000,0.520000,0.150000,0.080000,0.000000,0.450000,0.250000,0.200000,NOTE_HYPOTHESIS,shared_audio_intelligence_v0_2;spectral_peak;owner_supplied_audio
BE-003:pitch:05455,BE-003:onset:1199,207.516735,915.516735,352.040000,89,1.040000,37.1709,C#2,69.9829,1.486077,1.000000,0.972832,0.850000,0.760000,,0.511516,2004.024,6,1,0.760000,0.180000,0.010000,0.050000,0.480000,0.320000,0.000000,0.000000,NOTE_HYPOTHESIS,shared_audio_intelligence_v0_2;spectral_peak;owner_supplied_audio
BE-003:pitch:05456,BE-003:onset:1199,207.516735,915.516735,352.040000,89,1.040000,49.8242,D3,145.3491,0.487619,1.000000,0.972832,0.850000,0.550000,,0.511516,2004.024,6,2,0.550000,0.350000,0.030000,0.070000,0.480000,0.320000,0.000000,0.000000,NOTE_HYPOTHESIS,shared_audio_intelligence_v0_2;spectral_peak;owner_supplied_audio
BE-003:pitch:05457,BE-003:onset:1199,207.516735,915.516735,352.040000,89,1.040000,66.8047,G4,387.5977,0.139320,1.000000,0.972832,0.850000,0.580000,,0.511516,2004.024,6,3,0.050000,0.300000,0.580000,0.070000,0.000000,0.450000,0.250000,0.200000,NOTE_HYPOTHESIS,shared_audio_intelligence_v0_2;spectral_peak;owner_supplied_audio
BE-003:pitch:05458,BE-003:onset:1199,207.516735,915.516735,352.040000,89,1.040000,69.8808,A#4,462.9639,0.464399,0.993171,0.972832,0.846585,0.580000,,0.511516,2004.024,6,4,0.050000,0.300000,0.580000,0.070000,0.000000,0.450000,0.250000,0.200000,NOTE_HYPOTHESIS,shared_audio_intelligence_v0_2;spectral_peak;owner_supplied_audio
BE-003:pitch:05459,BE-003:onset:1199,207.516735,915.516735,352.040000,89,1.040000,81.8808,A#5,925.9277,0.139320,0.990760,0.972832,0.845380,0.840000,,0.511516,2004.024,6,5,0.010000,0.080000,0.840000,0.070000,0.000000,0.120000,0.580000,0.220000,NOTE_HYPOTHESIS,shared_audio_intelligence_v0_2;spectral_peak;owner_supplied_audio
BE-003:pitch:05460,BE-003:onset:1199,207.516735,915.516735,352.040000,89,1.040000,78.9245,G5,780.5786,0.162540,0.869425,0.972832,0.784713,0.840000,,0.511516,2004.024,6,6,0.010000,0.080000,0.840000,0.070000,0.000000,0.120000,0.580000,0.220000,NOTE_HYPOTHESIS,shared_audio_intelligence_v0_2;spectral_peak;owner_supplied_audio
BE-003:pitch:05461,BE-003:onset:1200,207.679274,915.679274,352.320000,89,1.320000,76.9003,F5,694.4458,0.116100,1.000000,1.000000,0.850000,0.840000,,0.607486,2089.547,5,1,0.010000,0.080000,0.840000,0.070000,0.000000,0.120000,0.580000,0.220000,NOTE_HYPOTHESIS,shared_audio_intelligence_v0_2;spectral_peak;owner_supplied_audio
BE-003:pitch:05462,BE-003:onset:1200,207.679274,915.679274,352.320000,89,1.320000,38.4538,D2,75.3662,0.487619,1.000000,1.000000,0.850000,0.760000,,0.607486,2089.547,5,2,0.760000,0.180000,0.010000,0.050000,0.480000,0.320000,0.000000,0.000000,NOTE_HYPOTHESIS,shared_audio_intelligence_v0_2;spectral_peak;owner_supplied_audio
BE-003:pitch:05463,BE-003:onset:1200,207.679274,915.679274,352.320000,89,1.320000,49.8242,D3,145.3491,0.162540,1.000000,1.000000,0.850000,0.550000,,0.607486,2089.547,5,3,0.550000,0.350000,0.030000,0.070000,0.480000,0.320000,0.000000,0.000000,NOTE_HYPOTHESIS,shared_audio_intelligence_v0_2;spectral_peak;owner_supplied_audio
BE-003:pitch:05464,BE-003:onset:1200,207.679274,915.679274,352.320000,89,1.320000,88.9673,F6,1394.2749,0.162540,1.000000,1.000000,0.850000,0.840000,,0.607486,2089.547,5,4,0.010000,0.080000,0.840000,0.070000,0.000000,0.120000,0.580000,0.220000,NOTE_HYPOTHESIS,shared_audio_intelligence_v0_2;spectral_peak;owner_supplied_audio
BE-003:pitch:05465,BE-003:onset:1200,207.679274,915.679274,352.320000,89,1.320000,69.8808,A#4,462.9639,0.325079,0.916408,1.000000,0.808204,0.580000,,0.607486,2089.547,5,5,0.050000,0.300000,0.580000,0.070000,0.000000,0.450000,0.250000,0.200000,NOTE_HYPOTHESIS,shared_audio_intelligence_v0_2;spectral_peak;owner_supplied_audio
BE-003:pitch:05466,BE-003:onset:1201,207.772154,915.772154,352.480000,89,1.480000,62.7603,D#4,306.8481,0.255420,1.000000,1.000000,0.850000,0.520000,,0.897775,1642.684,6,1,0.250000,0.520000,0.150000,0.080000,0.000000,0.450000,0.250000,0.200000,NOTE_HYPOTHESIS,shared_audio_intelligence_v0_2;spectral_peak;owner_supplied_audio
BE-003:pitch:05467,BE-003:onset:1201,207.772154,915.772154,352.480000,89,1.480000,38.4538,D2,75.3662,0.417959,1.000000,1.000000,0.850000,0.760000,,0.897775,1642.684,6,2,0.760000,0.180000,0.010000,0.050000,0.480000,0.320000,0.000000,0.000000,NOTE_HYPOTHESIS,shared_audio_intelligence_v0_2;spectral_peak;owner_supplied_audio
BE-003:pitch:05468,BE-003:onset:1201,207.772154,915.772154,352.480000,89,1.480000,35.7851,C2,64.5996,1.044898,1.000000,1.000000,0.850000,0.760000,,0.897775,1642.684,6,3,0.760000,0.180000,0.010000,0.050000,0.480000,0.320000,0.000000,0.000000,NOTE_HYPOTHESIS,shared_audio_intelligence_v0_2;spectral_peak;owner_supplied_audio
BE-003:pitch:05469,BE-003:onset:1201,207.772154,915.772154,352.480000,89,1.480000,76.9003,F5,694.4458,0.162540,1.000000,1.000000,0.850000,0.840000,,0.897775,1642.684,6,4,0.010000,0.080000,0.840000,0.070000,0.000000,0.120000,0.580000,0.220000,NOTE_HYPOTHESIS,shared_audio_intelligence_v0_2;spectral_peak;owner_supplied_audio
BE-003:pitch:05470,BE-003:onset:1201,207.772154,915.772154,352.480000,89,1.480000,81.8808,A#5,925.9277,0.348299,0.998719,1.000000,0.849359,0.840000,,0.897775,1642.684,6,5,0.010000,0.080000,0.840000,0.070000,0.000000,0.120000,0.580000,0.220000,NOTE_HYPOTHESIS,shared_audio_intelligence_v0_2;spectral_peak;owner_supplied_audio
BE-003:pitch:05471,BE-003:onset:1201,207.772154,915.772154,352.480000,89,1.480000,50.4538,D3,150.7324,0.278639,0.994800,1.000000,0.847400,0.550000,,0.897775,1642.684,6,6,0.550000,0.350000,0.030000,0.070000,0.480000,0.320000,0.000000,0.000000,NOTE_HYPOTHESIS,shared_audio_intelligence_v0_2;spectral_peak;owner_supplied_audio
BE-003:pitch:05472,BE-003:onset:1202,208.097234,916.097234,353.047619,89,2.047619,35.7851,C2,64.5996,0.650159,1.000000,1.000000,0.850000,0.760000,,0.638295,2112.460,3,1,0.760000,0.180000,0.010000,0.050000,0.480000,0.320000,0.000000,0.000000,NOTE_HYPOTHESIS,shared_audio_intelligence_v0_2;spectral_peak;owner_supplied_audio
BE-003:pitch:05473,BE-003:onset:1202,208.097234,916.097234,353.047619,89,2.047619,88.9673,F6,1394.2749,0.116100,1.000000,1.000000,0.850000,0.840000,,0.638295,2112.460,3,2,0.010000,0.080000,0.840000,0.070000,0.000000,0.120000,0.580000,0.220000,NOTE_HYPOTHESIS,shared_audio_intelligence_v0_2;spectral_peak;owner_supplied_audio
BE-003:pitch:05474,BE-003:onset:1202,208.097234,916.097234,353.047619,89,2.047619,47.7851,C3,129.1992,0.534059,0.974735,1.000000,0.837367,0.550000,,0.638295,2112.460,3,3,0.550000,0.350000,0.030000,0.070000,0.480000,0.320000,0.000000,0.000000,NOTE_HYPOTHESIS,shared_audio_intelligence_v0_2;spectral_peak;owner_supplied_audio
BE-003:pitch:05475,BE-003:onset:1203,208.282993,916.282993,353.428571,89,2.428571,35.7851,C2,64.5996,0.510839,1.000000,1.000000,0.850000,0.760000,,0.729160,1815.866,6,1,0.760000,0.180000,0.010000,0.050000,0.480000,0.320000,0.000000,0.000000,NOTE_HYPOTHESIS,shared_audio_intelligence_v0_2;spectral_peak;owner_supplied_audio
BE-003:pitch:05476,BE-003:onset:1203,208.282993,916.282993,353.428571,89,2.428571,63.0613,D#4,312.2314,0.255420,1.000000,1.000000,0.850000,0.520000,,0.729160,1815.866,6,2,0.250000,0.520000,0.150000,0.080000,0.000000,0.450000,0.250000,0.200000,NOTE_HYPOTHESIS,shared_audio_intelligence_v0_2;spectral_peak;owner_supplied_audio
BE-003:pitch:05477,BE-003:onset:1203,208.282993,916.282993,353.428571,89,2.428571,81.8808,A#5,925.9277,0.162540,1.000000,1.000000,0.850000,0.840000,,0.729160,1815.866,6,3,0.010000,0.080000,0.840000,0.070000,0.000000,0.120000,0.580000,0.220000,NOTE_HYPOTHESIS,shared_audio_intelligence_v0_2;spectral_peak;owner_supplied_audio
BE-003:pitch:05478,BE-003:onset:1203,208.282993,916.282993,353.428571,89,2.428571,57.8808,A#3,231.4819,0.417959,0.968775,1.000000,0.834388,0.520000,,0.729160,1815.866,6,4,0.250000,0.520000,0.150000,0.080000,0.000000,0.450000,0.250000,0.200000,NOTE_HYPOTHESIS,shared_audio_intelligence_v0_2;spectral_peak;owner_supplied_audio
BE-003:pitch:05479,BE-003:onset:1203,208.282993,916.282993,353.428571,89,2.428571,94.0311,A#6,1868.0054,0.673379,0.935737,1.000000,0.817868,0.840000,,0.729160,1815.866,6,5,0.010000,0.080000,0.840000,0.070000,0.000000,0.120000,0.580000,0.220000,NOTE_HYPOTHESIS,shared_audio_intelligence_v0_2;spectral_peak;owner_supplied_audio
BE-003:pitch:05480,BE-003:onset:1203,208.282993,916.282993,353.428571,89,2.428571,86.9115,D#6,1238.1592,0.185760,0.911787,1.000000,0.805893,0.840000,,0.729160,1815.866,6,6,0.010000,0.080000,0.840000,0.070000,0.000000,0.120000,0.580000,0.220000,NOTE_HYPOTHESIS,shared_audio_intelligence_v0_2;spectral_peak;owner_supplied_audio
BE-003:pitch:05481,BE-003:onset:1204,208.422313,916.422313,353.714286,89,2.714286,35.7851,C2,64.5996,0.301859,1.000000,0.612983,0.850000,0.760000,,0.638575,2034.110,5,1,0.760000,0.180000,0.010000,0.050000,0.480000,0.320000,0.000000,0.000000,NOTE_HYPOTHESIS,shared_audio_intelligence_v0_2;spectral_peak;owner_supplied_audio
BE-003:pitch:05482,BE-003:onset:1204,208.422313,916.422313,353.714286,89,2.714286,93.9811,A#6,1862.6221,0.325079,1.000000,0.612983,0.850000,0.840000,,0.638575,2034.110,5,2,0.010000,0.080000,0.840000,0.070000,0.000000,0.120000,0.580000,0.220000,NOTE_HYPOTHESIS,shared_audio_intelligence_v0_2;spectral_peak;owner_supplied_audio
BE-003:pitch:05483,BE-003:onset:1204,208.422313,916.422313,353.714286,89,2.714286,63.0613,D#4,312.2314,0.139320,1.000000,0.612983,0.850000,0.520000,,0.638575,2034.110,5,3,0.250000,0.520000,0.150000,0.080000,0.000000,0.450000,0.250000,0.200000,NOTE_HYPOTHESIS,shared_audio_intelligence_v0_2;spectral_peak;owner_supplied_audio
BE-003:pitch:05484,BE-003:onset:1204,208.422313,916.422313,353.714286,89,2.714286,47.7851,C3,129.1992,0.208980,0.970593,0.612983,0.835297,0.550000,,0.638575,2034.110,5,4,0.550000,0.350000,0.030000,0.070000,0.480000,0.320000,0.000000,0.000000,NOTE_HYPOTHESIS,shared_audio_intelligence_v0_2;spectral_peak;owner_supplied_audio
BE-003:pitch:05485,BE-003:onset:1204,208.422313,916.422313,353.714286,89,2.714286,57.8808,A#3,231.4819,0.255420,0.955267,0.612983,0.827634,0.520000,,0.638575,2034.110,5,5,0.250000,0.520000,0.150000,0.080000,0.000000,0.450000,0.250000,0.200000,NOTE_HYPOTHESIS,shared_audio_intelligence_v0_2;spectral_peak;owner_supplied_audio
BE-003:pitch:05486,BE-003:onset:1205,208.561633,916.561633,354.000000,89,3.000000,35.7851,C2,64.5996,0.255420,1.000000,0.670910,0.850000,0.760000,,0.384007,2553.762,6,1,0.760000,0.180000,0.010000,0.050000,0.480000,0.320000,0.000000,0.000000,NOTE_HYPOTHESIS,shared_audio_intelligence_v0_2;spectral_peak;owner_supplied_audio
BE-003:pitch:05487,BE-003:onset:1205,208.561633,916.561633,354.000000,89,3.000000,94.0311,A#6,1868.0054,0.371519,0.996402,0.670910,0.848201,0.840000,,0.384007,2553.762,6,2,0.010000,0.080000,0.840000,0.070000,0.000000,0.120000,0.580000,0.220000,NOTE_HYPOTHESIS,shared_audio_intelligence_v0_2;spectral_peak;owner_supplied_audio
BE-003:pitch:05488,BE-003:onset:1205,208.561633,916.561633,354.000000,89,3.000000,47.7851,C3,129.1992,0.092880,0.923354,0.670910,0.811677,0.550000,,0.384007,2553.762,6,3,0.550000,0.350000,0.030000,0.070000,0.480000,0.320000,0.000000,0.000000,NOTE_HYPOTHESIS,shared_audio_intelligence_v0_2;spectral_peak;owner_supplied_audio
BE-003:pitch:05489,BE-003:onset:1205,208.561633,916.561633,354.000000,89,3.000000,101.0673,F7,2804.6997,0.185760,0.859067,0.670910,0.779533,0.840000,,0.384007,2553.762,6,4,0.010000,0.080000,0.840000,0.070000,0.000000,0.120000,0.580000,0.220000,NOTE_HYPOTHESIS,shared_audio_intelligence_v0_2;spectral_peak;owner_supplied_audio
BE-003:pitch:05490,BE-003:onset:1205,208.561633,916.561633,354.000000,89,3.000000,88.9673,F6,1394.2749,1.439637,0.845448,0.670910,0.772724,0.840000,,0.384007,2553.762,6,5,0.010000,0.080000,0.840000,0.070000,0.000000,0.120000,0.580000,0.220000,NOTE_HYPOTHESIS,shared_audio_intelligence_v0_2;spectral_peak;owner_supplied_audio
BE-003:pitch:05491,BE-003:onset:1205,208.561633,916.561633,354.000000,89,3.000000,57.8808,A#3,231.4819,0.208980,0.802140,0.670910,0.751070,0.520000,,0.384007,2553.762,6,6,0.250000,0.520000,0.150000,0.080000,0.000000,0.450000,0.250000,0.200000,NOTE_HYPOTHESIS,shared_audio_intelligence_v0_2;spectral_peak;owner_supplied_audio
BE-003:pitch:05492,BE-003:onset:1206,208.677732,916.677732,354.200000,89,3.200000,39.6483,E2,80.7495,0.580499,1.000000,0.860597,0.850000,0.760000,,0.762673,2462.166,6,1,0.760000,0.180000,0.010000,0.050000,0.480000,0.320000,0.000000,0.000000,NOTE_HYPOTHESIS,shared_audio_intelligence_v0_2;spectral_peak;owner_supplied_audio
BE-003:pitch:05493,BE-003:onset:1206,208.677732,916.677732,354.200000,89,3.200000,98.0630,D7,2357.8857,0.139320,1.000000,0.860597,0.850000,0.840000,,0.762673,2462.166,6,2,0.010000,0.080000,0.840000,0.070000,0.000000,0.120000,0.580000,0.220000,NOTE_HYPOTHESIS,shared_audio_intelligence_v0_2;spectral_peak;owner_supplied_audio
BE-003:pitch:05494,BE-003:onset:1206,208.677732,916.677732,354.200000,89,3.200000,34.2788,A#1,59.2163,0.185760,1.000000,0.860597,0.850000,0.760000,,0.762673,2462.166,6,3,0.760000,0.180000,0.010000,0.050000,0.480000,0.320000,0.000000,0.000000,NOTE_HYPOTHESIS,shared_audio_intelligence_v0_2;spectral_peak;owner_supplied_audio
BE-003:pitch:05495,BE-003:onset:1206,208.677732,916.677732,354.200000,89,3.200000,93.9811,A#6,1862.6221,0.255420,1.000000,0.860597,0.850000,0.840000,,0.762673,2462.166,6,4,0.010000,0.080000,0.840000,0.070000,0.000000,0.120000,0.580000,0.220000,NOTE_HYPOTHESIS,shared_audio_intelligence_v0_2;spectral_peak;owner_supplied_audio
BE-003:pitch:05496,BE-003:onset:1206,208.677732,916.677732,354.200000,89,3.200000,63.9344,E4,328.3813,0.371519,0.976047,0.860597,0.838024,0.520000,,0.762673,2462.166,6,5,0.250000,0.520000,0.150000,0.080000,0.000000,0.450000,0.250000,0.200000,NOTE_HYPOTHESIS,shared_audio_intelligence_v0_2;spectral_peak;owner_supplied_audio
BE-003:pitch:05497,BE-003:onset:1206,208.677732,916.677732,354.200000,89,3.200000,51.6483,E3,161.4990,0.487619,0.930305,0.860597,0.815153,0.550000,,0.762673,2462.166,6,6,0.550000,0.350000,0.030000,0.070000,0.480000,0.320000,0.000000,0.000000,NOTE_HYPOTHESIS,shared_audio_intelligence_v0_2;spectral_peak;owner_supplied_audio
BE-003:pitch:05498,BE-003:onset:1207,208.863492,916.863492,354.520000,89,3.520000,92.9503,A6,1754.9561,0.092880,1.000000,1.000000,0.850000,0.840000,,0.605914,2461.066,3,1,0.010000,0.080000,0.840000,0.070000,0.000000,0.120000,0.580000,0.220000,NOTE_HYPOTHESIS,shared_audio_intelligence_v0_2;spectral_peak;owner_supplied_audio
BE-003:pitch:05499,BE-003:onset:1207,208.863492,916.863492,354.520000,89,3.520000,39.6483,E2,80.7495,0.417959,1.000000,1.000000,0.850000,0.760000,,0.605914,2461.066,3,2,0.760000,0.180000,0.010000,0.050000,0.480000,0.320000,0.000000,0.000000,NOTE_HYPOTHESIS,shared_audio_intelligence_v0_2;spectral_peak;owner_supplied_audio
BE-003:pitch:05500,BE-003:onset:1207,208.863492,916.863492,354.520000,89,3.520000,63.9344,E4,328.3813,0.185760,0.956898,1.000000,0.828449,0.520000,,0.605914,2461.066,3,3,0.250000,0.520000,0.150000,0.080000,0.000000,0.450000,0.250000,0.200000,NOTE_HYPOTHESIS,shared_audio_intelligence_v0_2;spectral_peak;owner_supplied_audio
BE-003:pitch:05501,BE-003:onset:1208,208.979592,916.979592,354.720000,89,3.720000,40.7656,F2,86.1328,0.278639,1.000000,0.991349,0.850000,0.760000,,0.561951,1977.541,3,1,0.760000,0.180000,0.010000,0.050000,0.480000,0.320000,0.000000,0.000000,NOTE_HYPOTHESIS,shared_audio_intelligence_v0_2;spectral_peak;owner_supplied_audio
BE-003:pitch:05502,BE-003:onset:1208,208.979592,916.979592,354.720000,89,3.720000,88.9673,F6,1394.2749,0.116100,1.000000,0.991349,0.850000,0.840000,,0.561951,1977.541,3,2,0.010000,0.080000,0.840000,0.070000,0.000000,0.120000,0.580000,0.220000,NOTE_HYPOTHESIS,shared_audio_intelligence_v0_2;spectral_peak;owner_supplied_audio
BE-003:pitch:05503,BE-003:onset:1208,208.979592,916.979592,354.720000,89,3.720000,35.7851,C2,64.5996,1.323537,0.985927,0.991349,0.842964,0.760000,,0.561951,1977.541,3,3,0.760000,0.180000,0.010000,0.050000,0.480000,0.320000,0.000000,0.000000,NOTE_HYPOTHESIS,shared_audio_intelligence_v0_2;spectral_peak;owner_supplied_audio
BE-003:pitch:05504,BE-003:onset:1209,209.118912,917.118912,354.960000,89,3.960000,40.7656,F2,86.1328,0.139320,1.000000,0.650756,0.850000,0.760000,,0.742979,1526.014,4,1,0.760000,0.180000,0.010000,0.050000,0.480000,0.320000,0.000000,0.000000,NOTE_HYPOTHESIS,shared_audio_intelligence_v0_2;spectral_peak;owner_supplied_audio
BE-003:pitch:05505,BE-003:onset:1209,209.118912,917.118912,354.960000,89,3.960000,62.7603,D#4,306.8481,0.255420,1.000000,0.650756,0.850000,0.520000,,0.742979,1526.014,4,2,0.250000,0.520000,0.150000,0.080000,0.000000,0.450000,0.250000,0.200000,NOTE_HYPOTHESIS,shared_audio_intelligence_v0_2;spectral_peak;owner_supplied_audio
BE-003:pitch:05506,BE-003:onset:1209,209.118912,917.118912,354.960000,89,3.960000,74.7603,D#5,613.6963,0.278639,0.917218,0.650756,0.808609,0.580000,,0.742979,1526.014,4,3,0.050000,0.300000,0.580000,0.070000,0.000000,0.120000,0.580000,0.220000,NOTE_HYPOTHESIS,shared_audio_intelligence_v0_2;spectral_peak;owner_supplied_audio
BE-003:pitch:05507,BE-003:onset:1209,209.118912,917.118912,354.960000,89,3.960000,88.9673,F6,1394.2749,0.882358,0.834017,0.650756,0.767008,0.840000,,0.742979,1526.014,4,4,0.010000,0.080000,0.840000,0.070000,0.000000,0.120000,0.580000,0.220000,NOTE_HYPOTHESIS,shared_audio_intelligence_v0_2;spectral_peak;owner_supplied_audio
BE-003:pitch:05508,BE-003:onset:1210,209.258231,917.258231,355.200000,89,4.200000,44.6287,A2,107.6660,0.301859,1.000000,0.764825,0.850000,0.760000,,0.776608,1755.562,6,1,0.760000,0.180000,0.010000,0.050000,0.480000,0.320000,0.000000,0.000000,NOTE_HYPOTHESIS,shared_audio_intelligence_v0_2;spectral_peak;owner_supplied_audio
BE-003:pitch:05509,BE-003:onset:1210,209.258231,917.258231,355.200000,89,4.200000,34.2788,A#1,59.2163,0.673379,1.000000,0.764825,0.850000,0.760000,,0.776608,1755.562,6,2,0.760000,0.180000,0.010000,0.050000,0.480000,0.320000,0.000000,0.000000,NOTE_HYPOTHESIS,shared_audio_intelligence_v0_2;spectral_peak;owner_supplied_audio
BE-003:pitch:05510,BE-003:onset:1210,209.258231,917.258231,355.200000,89,4.200000,80.9503,A5,877.4780,0.255420,1.000000,0.764825,0.850000,0.840000,,0.776608,1755.562,6,3,0.010000,0.080000,0.840000,0.070000,0.000000,0.120000,0.580000,0.220000,NOTE_HYPOTHESIS,shared_audio_intelligence_v0_2;spectral_peak;owner_supplied_audio
BE-003:pitch:05511,BE-003:onset:1210,209.258231,917.258231,355.200000,89,4.200000,63.0613,D#4,312.2314,0.208980,0.998588,0.764825,0.849294,0.520000,,0.776608,1755.562,6,4,0.250000,0.520000,0.150000,0.080000,0.000000,0.450000,0.250000,0.200000,NOTE_HYPOTHESIS,shared_audio_intelligence_v0_2;spectral_peak;owner_supplied_audio
BE-003:pitch:05512,BE-003:onset:1210,209.258231,917.258231,355.200000,89,4.200000,93.0033,A6,1760.3394,0.185760,0.916850,0.764825,0.808425,0.840000,,0.776608,1755.562,6,5,0.010000,0.080000,0.840000,0.070000,0.000000,0.120000,0.580000,0.220000,NOTE_HYPOTHESIS,shared_audio_intelligence_v0_2;spectral_peak;owner_supplied_audio
BE-003:pitch:05513,BE-003:onset:1210,209.258231,917.258231,355.200000,89,4.200000,85.9838,D6,1173.5596,0.162540,0.889370,0.764825,0.794685,0.840000,,0.776608,1755.562,6,6,0.010000,0.080000,0.840000,0.070000,0.000000,0.120000,0.580000,0.220000,NOTE_HYPOTHESIS,shared_audio_intelligence_v0_2;spectral_peak;owner_supplied_audio
BE-003:pitch:05514,BE-003:onset:1211,209.304671,917.304671,355.280000,89,4.280000,80.9503,A5,877.4780,0.185760,1.000000,0.612753,0.850000,0.840000,,0.760928,1680.477,6,1,0.010000,0.080000,0.840000,0.070000,0.000000,0.120000,0.580000,0.220000,NOTE_HYPOTHESIS,shared_audio_intelligence_v0_2;spectral_peak;owner_supplied_audio
BE-003:pitch:05515,BE-003:onset:1211,209.304671,917.304671,355.280000,89,4.280000,32.6287,A1,53.8330,0.301859,1.000000,0.612753,0.850000,0.760000,,0.760928,1680.477,6,2,0.760000,0.180000,0.010000,0.050000,0.480000,0.320000,0.000000,0.000000,NOTE_HYPOTHESIS,shared_audio_intelligence_v0_2;spectral_peak;owner_supplied_audio
BE-003:pitch:05516,BE-003:onset:1211,209.304671,917.304671,355.280000,89,4.280000,45.4734,A2,113.0493,0.232200,1.000000,0.612753,0.850000,0.550000,,0.760928,1680.477,6,3,0.550000,0.350000,0.030000,0.070000,0.480000,0.320000,0.000000,0.000000,NOTE_HYPOTHESIS,shared_audio_intelligence_v0_2;spectral_peak;owner_supplied_audio
BE-003:pitch:05517,BE-003:onset:1211,209.304671,917.304671,355.280000,89,4.280000,37.1709,C#2,69.9829,0.905578,0.944992,0.612753,0.822496,0.760000,,0.760928,1680.477,6,4,0.760000,0.180000,0.010000,0.050000,0.480000,0.320000,0.000000,0.000000,NOTE_HYPOTHESIS,shared_audio_intelligence_v0_2;spectral_peak;owner_supplied_audio
BE-003:pitch:05518,BE-003:onset:1211,209.304671,917.304671,355.280000,89,4.280000,93.0033,A6,1760.3394,0.139320,0.920918,0.612753,0.810459,0.840000,,0.760928,1680.477,6,5,0.010000,0.080000,0.840000,0.070000,0.000000,0.120000,0.580000,0.220000,NOTE_HYPOTHESIS,shared_audio_intelligence_v0_2;spectral_peak;owner_supplied_audio
BE-003:pitch:05519,BE-003:onset:1211,209.304671,917.304671,355.280000,89,4.280000,63.0613,D#4,312.2314,0.208980,0.912058,0.612753,0.806029,0.520000,,0.760928,1680.477,6,6,0.250000,0.520000,0.150000,0.080000,0.000000,0.450000,0.250000,0.200000,NOTE_HYPOTHESIS,shared_audio_intelligence_v0_2;spectral_peak;owner_supplied_audio
BE-003:pitch:05520,BE-003:onset:1212,209.443991,917.443991,355.520000,89,4.520000,44.6287,A2,107.6660,0.139320,1.000000,1.000000,0.850000,0.760000,,0.699371,2026.860,6,1,0.760000,0.180000,0.010000,0.050000,0.480000,0.320000,0.000000,0.000000,NOTE_HYPOTHESIS,shared_audio_intelligence_v0_2;spectral_peak;owner_supplied_audio
BE-003:pitch:05521,BE-003:onset:1212,209.443991,917.443991,355.520000,89,4.520000,32.6287,A1,53.8330,0.185760,1.000000,1.000000,0.850000,0.760000,,0.699371,2026.860,6,2,0.760000,0.180000,0.010000,0.050000,0.480000,0.320000,0.000000,0.000000,NOTE_HYPOTHESIS,shared_audio_intelligence_v0_2;spectral_peak;owner_supplied_audio
BE-003:pitch:05522,BE-003:onset:1212,209.443991,917.443991,355.520000,89,4.520000,76.9003,F5,694.4458,0.162540,1.000000,1.000000,0.850000,0.840000,,0.699371,2026.860,6,3,0.010000,0.080000,0.840000,0.070000,0.000000,0.120000,0.580000,0.220000,NOTE_HYPOTHESIS,shared_audio_intelligence_v0_2;spectral_peak;owner_supplied_audio
BE-003:pitch:05523,BE-003:onset:1212,209.443991,917.443991,355.520000,89,4.520000,80.9503,A5,877.4780,0.069660,1.000000,1.000000,0.850000,0.840000,,0.699371,2026.860,6,4,0.010000,0.080000,0.840000,0.070000,0.000000,0.120000,0.580000,0.220000,NOTE_HYPOTHESIS,shared_audio_intelligence_v0_2;spectral_peak;owner_supplied_audio
BE-003:pitch:05524,BE-003:onset:1212,209.443991,917.443991,355.520000,89,4.520000,88.9673,F6,1394.2749,0.348299,1.000000,1.000000,0.850000,0.840000,,0.699371,2026.860,6,5,0.010000,0.080000,0.840000,0.070000,0.000000,0.120000,0.580000,0.220000,NOTE_HYPOTHESIS,shared_audio_intelligence_v0_2;spectral_peak;owner_supplied_audio
BE-003:pitch:05525,BE-003:onset:1212,209.443991,917.443991,355.520000,89,4.520000,56.1904,G#3,209.9487,0.371519,0.950096,1.000000,0.825048,0.520000,,0.699371,2026.860,6,6,0.250000,0.520000,0.150000,0.080000,0.000000,0.450000,0.250000,0.200000,NOTE_HYPOTHESIS,shared_audio_intelligence_v0_2;spectral_peak;owner_supplied_audio
BE-003:pitch:05526,BE-003:onset:1213,209.583311,917.583311,355.760000,89,4.760000,83.9645,C6,1044.3604,0.116100,1.000000,0.649288,0.850000,0.840000,,0.801479,1880.308,3,1,0.010000,0.080000,0.840000,0.070000,0.000000,0.120000,0.580000,0.220000,NOTE_HYPOTHESIS,shared_audio_intelligence_v0_2;spectral_peak;owner_supplied_audio
BE-003:pitch:05527,BE-003:onset:1213,209.583311,917.583311,355.760000,89,4.760000,37.1709,C#2,69.9829,0.325079,1.000000,0.649288,0.850000,0.760000,,0.801479,1880.308,3,2,0.760000,0.180000,0.010000,0.050000,0.480000,0.320000,0.000000,0.000000,NOTE_HYPOTHESIS,shared_audio_intelligence_v0_2;spectral_peak;owner_supplied_audio
BE-003:pitch:05528,BE-003:onset:1213,209.583311,917.583311,355.760000,89,4.760000,49.8242,D3,145.3491,0.255420,1.000000,0.649288,0.850000,0.550000,,0.801479,1880.308,3,3,0.550000,0.350000,0.030000,0.070000,0.480000,0.320000,0.000000,0.000000,NOTE_HYPOTHESIS,shared_audio_intelligence_v0_2;spectral_peak;owner_supplied_audio
BE-003:pitch:05529,BE-003:onset:1214,209.722630,917.722630,356.000000,90,1.000000,80.9503,A5,877.4780,0.185760,1.000000,0.965404,0.850000,0.840000,,0.845800,1413.294,4,1,0.010000,0.080000,0.840000,0.070000,0.000000,0.120000,0.580000,0.220000,NOTE_HYPOTHESIS,shared_audio_intelligence_v0_2;spectral_peak;owner_supplied_audio
BE-003:pitch:05530,BE-003:onset:1214,209.722630,917.722630,356.000000,90,1.000000,37.1709,C#2,69.9829,0.208980,1.000000,0.965404,0.850000,0.760000,,0.845800,1413.294,4,2,0.760000,0.180000,0.010000,0.050000,0.480000,0.320000,0.000000,0.000000,NOTE_HYPOTHESIS,shared_audio_intelligence_v0_2;spectral_peak;owner_supplied_audio
BE-003:pitch:05531,BE-003:onset:1214,209.722630,917.722630,356.000000,90,1.000000,49.8242,D3,145.3491,0.162540,1.000000,0.965404,0.850000,0.550000,,0.845800,1413.294,4,3,0.550000,0.350000,0.030000,0.070000,0.480000,0.320000,0.000000,0.000000,NOTE_HYPOTHESIS,shared_audio_intelligence_v0_2;spectral_peak;owner_supplied_audio
BE-003:pitch:05532,BE-003:onset:1214,209.722630,917.722630,356.000000,90,1.000000,57.8808,A#3,231.4819,0.278639,1.000000,0.965404,0.850000,0.520000,,0.845800,1413.294,4,4,0.250000,0.520000,0.150000,0.080000,0.000000,0.450000,0.250000,0.200000,NOTE_HYPOTHESIS,shared_audio_intelligence_v0_2;spectral_peak;owner_supplied_audio
BE-003:pitch:05533,BE-003:onset:1215,210.024490,918.024490,356.500000,90,1.500000,73.8242,D5,581.3965,0.162540,1.000000,0.863278,0.850000,0.580000,,0.493259,2427.190,3,1,0.050000,0.300000,0.580000,0.070000,0.000000,0.120000,0.580000,0.220000,NOTE_HYPOTHESIS,shared_audio_intelligence_v0_2;spectral_peak;owner_supplied_audio
BE-003:pitch:05534,BE-003:onset:1215,210.024490,918.024490,356.500000,90,1.500000,40.7656,F2,86.1328,0.162540,1.000000,0.863278,0.850000,0.760000,,0.493259,2427.190,3,2,0.760000,0.180000,0.010000,0.050000,0.480000,0.320000,0.000000,0.000000,NOTE_HYPOTHESIS,shared_audio_intelligence_v0_2;spectral_peak;owner_supplied_audio
BE-003:pitch:05535,BE-003:onset:1215,210.024490,918.024490,356.500000,90,1.500000,85.9042,D6,1168.1763,0.185760,0.954235,0.863278,0.827117,0.840000,,0.493259,2427.190,3,3,0.010000,0.080000,0.840000,0.070000,0.000000,0.120000,0.580000,0.220000,NOTE_HYPOTHESIS,shared_audio_intelligence_v0_2;spectral_peak;owner_supplied_audio
BE-003:pitch:05536,BE-003:onset:1216,210.140590,918.140590,356.692308,90,1.692308,80.9503,A5,877.4780,0.139320,1.000000,0.974149,0.850000,0.840000,,0.828748,1710.752,4,1,0.010000,0.080000,0.840000,0.070000,0.000000,0.120000,0.580000,0.220000,NOTE_HYPOTHESIS,shared_audio_intelligence_v0_2;spectral_peak;owner_supplied_audio
BE-003:pitch:05537,BE-003:onset:1216,210.140590,918.140590,356.692308,90,1.692308,45.4734,A2,113.0493,0.185760,1.000000,0.974149,0.850000,0.550000,,0.828748,1710.752,4,2,0.550000,0.350000,0.030000,0.070000,0.480000,0.320000,0.000000,0.000000,NOTE_HYPOTHESIS,shared_audio_intelligence_v0_2;spectral_peak;owner_supplied_audio
BE-003:pitch:05538,BE-003:onset:1216,210.140590,918.140590,356.692308,90,1.692308,73.9838,D5,586.7798,0.092880,1.000000,0.974149,0.850000,0.580000,,0.828748,1710.752,4,3,0.050000,0.300000,0.580000,0.070000,0.000000,0.120000,0.580000,0.220000,NOTE_HYPOTHESIS,shared_audio_intelligence_v0_2;spectral_peak;owner_supplied_audio
BE-003:pitch:05539,BE-003:onset:1216,210.140590,918.140590,356.692308,90,1.692308,93.0033,A6,1760.3394,0.139320,1.000000,0.974149,0.850000,0.840000,,0.828748,1710.752,4,4,0.010000,0.080000,0.840000,0.070000,0.000000,0.120000,0.580000,0.220000,NOTE_HYPOTHESIS,shared_audio_intelligence_v0_2;spectral_peak;owner_supplied_audio
BE-003:pitch:05540,BE-003:onset:1217,210.326349,918.326349,357.000000,90,2.000000,76.9003,F5,694.4458,0.232200,1.000000,1.000000,0.850000,0.840000,,0.715286,2063.726,6,1,0.010000,0.080000,0.840000,0.070000,0.000000,0.120000,0.580000,0.220000,NOTE_HYPOTHESIS,shared_audio_intelligence_v0_2;spectral_peak;owner_supplied_audio
BE-003:pitch:05541,BE-003:onset:1217,210.326349,918.326349,357.000000,90,2.000000,88.9673,F6,1394.2749,0.162540,1.000000,1.000000,0.850000,0.840000,,0.715286,2063.726,6,2,0.010000,0.080000,0.840000,0.070000,0.000000,0.120000,0.580000,0.220000,NOTE_HYPOTHESIS,shared_audio_intelligence_v0_2;spectral_peak;owner_supplied_audio
BE-003:pitch:05542,BE-003:onset:1217,210.326349,918.326349,357.000000,90,2.000000,73.9838,D5,586.7798,0.301859,0.995335,1.000000,0.847667,0.580000,,0.715286,2063.726,6,3,0.050000,0.300000,0.580000,0.070000,0.000000,0.120000,0.580000,0.220000,NOTE_HYPOTHESIS,shared_audio_intelligence_v0_2;spectral_peak;owner_supplied_audio
BE-003:pitch:05543,BE-003:onset:1217,210.326349,918.326349,357.000000,90,2.000000,56.1904,G#3,209.9487,0.557279,0.904753,1.000000,0.802376,0.520000,,0.715286,2063.726,6,4,0.250000,0.520000,0.150000,0.080000,0.000000,0.450000,0.250000,0.200000,NOTE_HYPOTHESIS,shared_audio_intelligence_v0_2;spectral_peak;owner_supplied_audio
BE-003:pitch:05544,BE-003:onset:1217,210.326349,918.326349,357.000000,90,2.000000,61.8242,D4,290.6982,0.928798,0.886319,1.000000,0.793159,0.520000,,0.715286,2063.726,6,5,0.250000,0.520000,0.150000,0.080000,0.000000,0.450000,0.250000,0.200000,NOTE_HYPOTHESIS,shared_audio_intelligence_v0_2;spectral_peak;owner_supplied_audio
BE-003:pitch:05545,BE-003:onset:1217,210.326349,918.326349,357.000000,90,2.000000,45.4734,A2,113.0493,0.162540,0.879604,1.000000,0.789802,0.550000,,0.715286,2063.726,6,6,0.550000,0.350000,0.030000,0.070000,0.480000,0.320000,0.000000,0.000000,NOTE_HYPOTHESIS,shared_audio_intelligence_v0_2;spectral_peak;owner_supplied_audio
BE-003:pitch:05546,BE-003:onset:1218,210.604989,918.604989,357.500000,90,2.500000,81.8808,A#5,925.9277,0.185760,1.000000,0.892414,0.850000,0.840000,,0.548694,2260.073,6,1,0.010000,0.080000,0.840000,0.070000,0.000000,0.120000,0.580000,0.220000,NOTE_HYPOTHESIS,shared_audio_intelligence_v0_2;spectral_peak;owner_supplied_audio
BE-003:pitch:05547,BE-003:onset:1218,210.604989,918.604989,357.500000,90,2.500000,56.1904,G#3,209.9487,0.116100,1.000000,0.892414,0.850000,0.520000,,0.548694,2260.073,6,2,0.250000,0.520000,0.150000,0.080000,0.000000,0.450000,0.250000,0.200000,NOTE_HYPOTHESIS,shared_audio_intelligence_v0_2;spectral_peak;owner_supplied_audio
BE-003:pitch:05548,BE-003:onset:1218,210.604989,918.604989,357.500000,90,2.500000,88.9673,F6,1394.2749,0.162540,1.000000,0.892414,0.850000,0.840000,,0.548694,2260.073,6,3,0.010000,0.080000,0.840000,0.070000,0.000000,0.120000,0.580000,0.220000,NOTE_HYPOTHESIS,shared_audio_intelligence_v0_2;spectral_peak;owner_supplied_audio
BE-003:pitch:05549,BE-003:onset:1218,210.604989,918.604989,357.500000,90,2.500000,69.8808,A#4,462.9639,0.301859,1.000000,0.892414,0.850000,0.580000,,0.548694,2260.073,6,4,0.050000,0.300000,0.580000,0.070000,0.000000,0.450000,0.250000,0.200000,NOTE_HYPOTHESIS,shared_audio_intelligence_v0_2;spectral_peak;owner_supplied_audio
BE-003:pitch:05550,BE-003:onset:1218,210.604989,918.604989,357.500000,90,2.500000,57.4734,A3,226.0986,0.208980,0.839107,0.892414,0.769554,0.520000,,0.548694,2260.073,6,5,0.250000,0.520000,0.150000,0.080000,0.000000,0.450000,0.250000,0.200000,NOTE_HYPOTHESIS,shared_audio_intelligence_v0_2;spectral_peak;owner_supplied_audio
BE-003:pitch:05551,BE-003:onset:1218,210.604989,918.604989,357.500000,90,2.500000,49.1709,C#3,139.9658,0.371519,0.833770,0.892414,0.766885,0.550000,,0.548694,2260.073,6,6,0.550000,0.350000,0.030000,0.070000,0.480000,0.320000,0.000000,0.000000,NOTE_HYPOTHESIS,shared_audio_intelligence_v0_2;spectral_peak;owner_supplied_audio
BE-003:pitch:05552,BE-003:onset:1219,210.721088,918.721088,357.708333,90,2.708333,81.8808,A#5,925.9277,0.092880,1.000000,0.705220,0.850000,0.840000,,0.466113,1985.462,6,1,0.010000,0.080000,0.840000,0.070000,0.000000,0.120000,0.580000,0.220000,NOTE_HYPOTHESIS,shared_audio_intelligence_v0_2;spectral_peak;owner_supplied_audio
BE-003:pitch:05553,BE-003:onset:1219,210.721088,918.721088,357.708333,90,2.708333,69.8808,A#4,462.9639,0.139320,1.000000,0.705220,0.850000,0.580000,,0.466113,1985.462,6,2,0.050000,0.300000,0.580000,0.070000,0.000000,0.450000,0.250000,0.200000,NOTE_HYPOTHESIS,shared_audio_intelligence_v0_2;spectral_peak;owner_supplied_audio
BE-003:pitch:05554,BE-003:onset:1219,210.721088,918.721088,357.708333,90,2.708333,62.4538,D4,301.4648,1.137778,0.979349,0.705220,0.839675,0.520000,,0.466113,1985.462,6,3,0.250000,0.520000,0.150000,0.080000,0.000000,0.450000,0.250000,0.200000,NOTE_HYPOTHESIS,shared_audio_intelligence_v0_2;spectral_peak;owner_supplied_audio
BE-003:pitch:05555,BE-003:onset:1219,210.721088,918.721088,357.708333,90,2.708333,68.8438,A4,436.0474,0.162540,0.963784,0.705220,0.831892,0.580000,,0.466113,1985.462,6,4,0.050000,0.300000,0.580000,0.070000,0.000000,0.450000,0.250000,0.200000,NOTE_HYPOTHESIS,shared_audio_intelligence_v0_2;spectral_peak;owner_supplied_audio
BE-003:pitch:05556,BE-003:onset:1219,210.721088,918.721088,357.708333,90,2.708333,50.4538,D3,150.7324,0.301859,0.948507,0.705220,0.824253,0.550000,,0.466113,1985.462,6,5,0.550000,0.350000,0.030000,0.070000,0.480000,0.320000,0.000000,0.000000,NOTE_HYPOTHESIS,shared_audio_intelligence_v0_2;spectral_peak;owner_supplied_audio
BE-003:pitch:05557,BE-003:onset:1219,210.721088,918.721088,357.708333,90,2.708333,42.8047,G2,96.8994,0.696599,0.893124,0.705220,0.796562,0.760000,,0.466113,1985.462,6,6,0.760000,0.180000,0.010000,0.050000,0.480000,0.320000,0.000000,0.000000,NOTE_HYPOTHESIS,shared_audio_intelligence_v0_2;spectral_peak;owner_supplied_audio
BE-003:pitch:05558,BE-003:onset:1220,210.883628,918.883628,358.000000,90,3.000000,64.7656,F4,344.5312,0.232200,1.000000,1.000000,0.850000,0.580000,,0.731338,1568.407,3,1,0.050000,0.300000,0.580000,0.070000,0.000000,0.450000,0.250000,0.200000,NOTE_HYPOTHESIS,shared_audio_intelligence_v0_2;spectral_peak;owner_supplied_audio
BE-003:pitch:05559,BE-003:onset:1220,210.883628,918.883628,358.000000,90,3.000000,76.9003,F5,694.4458,0.116100,1.000000,1.000000,0.850000,0.840000,,0.731338,1568.407,3,2,0.010000,0.080000,0.840000,0.070000,0.000000,0.120000,0.580000,0.220000,NOTE_HYPOTHESIS,shared_audio_intelligence_v0_2;spectral_peak;owner_supplied_audio
BE-003:pitch:05560,BE-003:onset:1220,210.883628,918.883628,358.000000,90,3.000000,73.8242,D5,581.3965,0.301859,1.000000,1.000000,0.850000,0.580000,,0.731338,1568.407,3,3,0.050000,0.300000,0.580000,0.070000,0.000000,0.120000,0.580000,0.220000,NOTE_HYPOTHESIS,shared_audio_intelligence_v0_2;spectral_peak;owner_supplied_audio
BE-003:pitch:05561,BE-003:onset:1221,210.999728,918.999728,358.200000,90,3.200000,65.0340,F4,349.9146,0.139320,1.000000,0.786637,0.850000,0.580000,,0.762796,1838.655,4,1,0.050000,0.300000,0.580000,0.070000,0.000000,0.450000,0.250000,0.200000,NOTE_HYPOTHESIS,shared_audio_intelligence_v0_2;spectral_peak;owner_supplied_audio
BE-003:pitch:05562,BE-003:onset:1221,210.999728,918.999728,358.200000,90,3.200000,73.8242,D5,581.3965,0.139320,1.000000,0.786637,0.850000,0.580000,,0.762796,1838.655,4,2,0.050000,0.300000,0.580000,0.070000,0.000000,0.120000,0.580000,0.220000,NOTE_HYPOTHESIS,shared_audio_intelligence_v0_2;spectral_peak;owner_supplied_audio
BE-003:pitch:05563,BE-003:onset:1221,210.999728,918.999728,358.200000,90,3.200000,61.8242,D4,290.6982,0.139320,1.000000,0.786637,0.850000,0.520000,,0.762796,1838.655,4,3,0.250000,0.520000,0.150000,0.080000,0.000000,0.450000,0.250000,0.200000,NOTE_HYPOTHESIS,shared_audio_intelligence_v0_2;spectral_peak;owner_supplied_audio
BE-003:pitch:05564,BE-003:onset:1221,210.999728,918.999728,358.200000,90,3.200000,43.7407,G#2,102.2827,0.417959,0.946703,0.786637,0.823351,0.760000,,0.762796,1838.655,4,4,0.760000,0.180000,0.010000,0.050000,0.480000,0.320000,0.000000,0.000000,NOTE_HYPOTHESIS,shared_audio_intelligence_v0_2;spectral_peak;owner_supplied_audio
BE-003:pitch:05565,BE-003:onset:1222,211.162268,919.162268,358.480000,90,3.480000,62.7603,D#4,306.8481,0.185760,1.000000,1.000000,0.850000,0.520000,,0.637058,1961.110,4,1,0.250000,0.520000,0.150000,0.080000,0.000000,0.450000,0.250000,0.200000,NOTE_HYPOTHESIS,shared_audio_intelligence_v0_2;spectral_peak;owner_supplied_audio
BE-003:pitch:05566,BE-003:onset:1222,211.162268,919.162268,358.480000,90,3.480000,74.9115,D#5,619.0796,0.162540,1.000000,1.000000,0.850000,0.580000,,0.637058,1961.110,4,2,0.050000,0.300000,0.580000,0.070000,0.000000,0.120000,0.580000,0.220000,NOTE_HYPOTHESIS,shared_audio_intelligence_v0_2;spectral_peak;owner_supplied_audio
BE-003:pitch:05567,BE-003:onset:1222,211.162268,919.162268,358.480000,90,3.480000,81.8808,A#5,925.9277,0.162540,1.000000,1.000000,0.850000,0.840000,,0.637058,1961.110,4,3,0.010000,0.080000,0.840000,0.070000,0.000000,0.120000,0.580000,0.220000,NOTE_HYPOTHESIS,shared_audio_intelligence_v0_2;spectral_peak;owner_supplied_audio
BE-003:pitch:05568,BE-003:onset:1222,211.162268,919.162268,358.480000,90,3.480000,86.9115,D#6,1238.1592,0.116100,1.000000,1.000000,0.850000,0.840000,,0.637058,1961.110,4,4,0.010000,0.080000,0.840000,0.070000,0.000000,0.120000,0.580000,0.220000,NOTE_HYPOTHESIS,shared_audio_intelligence_v0_2;spectral_peak;owner_supplied_audio
BE-003:pitch:05569,BE-003:onset:1223,211.301587,919.301587,358.720000,90,3.720000,73.8242,D5,581.3965,0.534059,1.000000,0.710728,0.850000,0.580000,,0.446159,1919.210,6,1,0.050000,0.300000,0.580000,0.070000,0.000000,0.120000,0.580000,0.220000,NOTE_HYPOTHESIS,shared_audio_intelligence_v0_2;spectral_peak;owner_supplied_audio
BE-003:pitch:05570,BE-003:onset:1223,211.301587,919.301587,358.720000,90,3.720000,63.0613,D#4,312.2314,0.348299,1.000000,0.710728,0.850000,0.520000,,0.446159,1919.210,6,2,0.250000,0.520000,0.150000,0.080000,0.000000,0.450000,0.250000,0.200000,NOTE_HYPOTHESIS,shared_audio_intelligence_v0_2;spectral_peak;owner_supplied_audio
BE-003:pitch:05571,BE-003:onset:1223,211.301587,919.301587,358.720000,90,3.720000,55.2790,G3,199.1821,0.650159,1.000000,0.710728,0.850000,0.520000,,0.446159,1919.210,6,3,0.250000,0.520000,0.150000,0.080000,0.000000,0.450000,0.250000,0.200000,NOTE_HYPOTHESIS,shared_audio_intelligence_v0_2;spectral_peak;owner_supplied_audio
BE-003:pitch:05572,BE-003:onset:1223,211.301587,919.301587,358.720000,90,3.720000,53.8151,F#3,183.0322,0.232200,1.000000,0.710728,0.850000,0.550000,,0.446159,1919.210,6,4,0.550000,0.350000,0.030000,0.070000,0.480000,0.320000,0.000000,0.000000,NOTE_HYPOTHESIS,shared_audio_intelligence_v0_2;spectral_peak;owner_supplied_audio
BE-003:pitch:05573,BE-003:onset:1223,211.301587,919.301587,358.720000,90,3.720000,74.9115,D#5,619.0796,0.069660,0.992105,0.710728,0.846053,0.580000,,0.446159,1919.210,6,5,0.050000,0.300000,0.580000,0.070000,0.000000,0.120000,0.580000,0.220000,NOTE_HYPOTHESIS,shared_audio_intelligence_v0_2;spectral_peak;owner_supplied_audio
BE-003:pitch:05574,BE-003:onset:1223,211.301587,919.301587,358.720000,90,3.720000,66.8047,G4,387.5977,0.464399,0.950540,0.710728,0.825270,0.580000,,0.446159,1919.210,6,6,0.050000,0.300000,0.580000,0.070000,0.000000,0.450000,0.250000,0.200000,NOTE_HYPOTHESIS,shared_audio_intelligence_v0_2;spectral_peak;owner_supplied_audio
BE-003:pitch:05575,BE-003:onset:1224,211.464127,919.464127,359.000000,90,4.000000,73.9838,D5,586.7798,0.394739,1.000000,0.709378,0.850000,0.580000,,0.562023,1950.161,6,1,0.050000,0.300000,0.580000,0.070000,0.000000,0.120000,0.580000,0.220000,NOTE_HYPOTHESIS,shared_audio_intelligence_v0_2;spectral_peak;owner_supplied_audio
BE-003:pitch:05576,BE-003:onset:1224,211.464127,919.464127,359.000000,90,4.000000,62.7603,D#4,306.8481,0.394739,0.983107,0.709378,0.841554,0.520000,,0.562023,1950.161,6,2,0.250000,0.520000,0.150000,0.080000,0.000000,0.450000,0.250000,0.200000,NOTE_HYPOTHESIS,shared_audio_intelligence_v0_2;spectral_peak;owner_supplied_audio
BE-003:pitch:05577,BE-003:onset:1224,211.464127,919.464127,359.000000,90,4.000000,57.4734,A3,226.0986,0.975238,0.937560,0.709378,0.818780,0.520000,,0.562023,1950.161,6,3,0.250000,0.520000,0.150000,0.080000,0.000000,0.450000,0.250000,0.200000,NOTE_HYPOTHESIS,shared_audio_intelligence_v0_2;spectral_peak;owner_supplied_audio
BE-003:pitch:05578,BE-003:onset:1224,211.464127,919.464127,359.000000,90,4.000000,39.6483,E2,80.7495,0.394739,0.920083,0.709378,0.810042,0.760000,,0.562023,1950.161,6,4,0.760000,0.180000,0.010000,0.050000,0.480000,0.320000,0.000000,0.000000,NOTE_HYPOTHESIS,shared_audio_intelligence_v0_2;spectral_peak;owner_supplied_audio
BE-003:pitch:05579,BE-003:onset:1224,211.464127,919.464127,359.000000,90,4.000000,54.8047,G3,193.7988,0.905578,0.911734,0.709378,0.805867,0.550000,,0.562023,1950.161,6,5,0.550000,0.350000,0.030000,0.070000,0.480000,0.320000,0.000000,0.000000,NOTE_HYPOTHESIS,shared_audio_intelligence_v0_2;spectral_peak;owner_supplied_audio
BE-003:pitch:05580,BE-003:onset:1224,211.464127,919.464127,359.000000,90,4.000000,85.7439,D6,1157.4097,0.557279,0.901139,0.709378,0.800570,0.840000,,0.562023,1950.161,6,6,0.010000,0.080000,0.840000,0.070000,0.000000,0.120000,0.580000,0.220000,NOTE_HYPOTHESIS,shared_audio_intelligence_v0_2;spectral_peak;owner_supplied_audio
BE-003:pitch:05581,BE-003:onset:1225,211.580227,919.580227,359.200000,90,4.200000,73.8242,D5,581.3965,0.232200,1.000000,0.928688,0.850000,0.580000,,0.676787,1986.281,6,1,0.050000,0.300000,0.580000,0.070000,0.000000,0.120000,0.580000,0.220000,NOTE_HYPOTHESIS,shared_audio_intelligence_v0_2;spectral_peak;owner_supplied_audio
BE-003:pitch:05582,BE-003:onset:1225,211.580227,919.580227,359.200000,90,4.200000,61.8242,D4,290.6982,0.255420,1.000000,0.928688,0.850000,0.520000,,0.676787,1986.281,6,2,0.250000,0.520000,0.150000,0.080000,0.000000,0.450000,0.250000,0.200000,NOTE_HYPOTHESIS,shared_audio_intelligence_v0_2;spectral_peak;owner_supplied_audio
BE-003:pitch:05583,BE-003:onset:1225,211.580227,919.580227,359.200000,90,4.200000,55.2790,G3,199.1821,0.278639,1.000000,0.928688,0.850000,0.520000,,0.676787,1986.281,6,3,0.250000,0.520000,0.150000,0.080000,0.000000,0.450000,0.250000,0.200000,NOTE_HYPOTHESIS,shared_audio_intelligence_v0_2;spectral_peak;owner_supplied_audio
BE-003:pitch:05584,BE-003:onset:1225,211.580227,919.580227,359.200000,90,4.200000,39.6483,E2,80.7495,0.255420,1.000000,0.928688,0.850000,0.760000,,0.676787,1986.281,6,4,0.760000,0.180000,0.010000,0.050000,0.480000,0.320000,0.000000,0.000000,NOTE_HYPOTHESIS,shared_audio_intelligence_v0_2;spectral_peak;owner_supplied_audio
BE-003:pitch:05585,BE-003:onset:1225,211.580227,919.580227,359.200000,90,4.200000,67.0435,G4,392.9810,0.232200,0.978515,0.928688,0.839258,0.580000,,0.676787,1986.281,6,5,0.050000,0.300000,0.580000,0.070000,0.000000,0.450000,0.250000,0.200000,NOTE_HYPOTHESIS,shared_audio_intelligence_v0_2;spectral_peak;owner_supplied_audio
BE-003:pitch:05586,BE-003:onset:1225,211.580227,919.580227,359.200000,90,4.200000,85.9042,D6,1168.1763,0.417959,0.958908,0.928688,0.829454,0.840000,,0.676787,1986.281,6,6,0.010000,0.080000,0.840000,0.070000,0.000000,0.120000,0.580000,0.220000,NOTE_HYPOTHESIS,shared_audio_intelligence_v0_2;spectral_peak;owner_supplied_audio
BE-003:pitch:05587,BE-003:onset:1226,211.742766,919.742766,359.480000,90,4.480000,59.7851,C4,258.3984,0.162540,1.000000,0.736693,0.850000,0.520000,,0.678368,1812.878,6,1,0.250000,0.520000,0.150000,0.080000,0.000000,0.450000,0.250000,0.200000,NOTE_HYPOTHESIS,shared_audio_intelligence_v0_2;spectral_peak;owner_supplied_audio
BE-003:pitch:05588,BE-003:onset:1226,211.742766,919.742766,359.480000,90,4.480000,71.7851,C5,516.7969,0.162540,1.000000,0.736693,0.850000,0.580000,,0.678368,1812.878,6,2,0.050000,0.300000,0.580000,0.070000,0.000000,0.120000,0.580000,0.220000,NOTE_HYPOTHESIS,shared_audio_intelligence_v0_2;spectral_peak;owner_supplied_audio
BE-003:pitch:05589,BE-003:onset:1226,211.742766,919.742766,359.480000,90,4.480000,73.8242,D5,581.3965,0.092880,1.000000,0.736693,0.850000,0.580000,,0.678368,1812.878,6,3,0.050000,0.300000,0.580000,0.070000,0.000000,0.120000,0.580000,0.220000,NOTE_HYPOTHESIS,shared_audio_intelligence_v0_2;spectral_peak;owner_supplied_audio
BE-003:pitch:05590,BE-003:onset:1226,211.742766,919.742766,359.480000,90,4.480000,61.8242,D4,290.6982,0.092880,1.000000,0.736693,0.850000,0.520000,,0.678368,1812.878,6,4,0.250000,0.520000,0.150000,0.080000,0.000000,0.450000,0.250000,0.200000,NOTE_HYPOTHESIS,shared_audio_intelligence_v0_2;spectral_peak;owner_supplied_audio
BE-003:pitch:05591,BE-003:onset:1226,211.742766,919.742766,359.480000,90,4.480000,55.7407,G#3,204.5654,0.208980,1.000000,0.736693,0.850000,0.520000,,0.678368,1812.878,6,5,0.250000,0.520000,0.150000,0.080000,0.000000,0.450000,0.250000,0.200000,NOTE_HYPOTHESIS,shared_audio_intelligence_v0_2;spectral_peak;owner_supplied_audio
BE-003:pitch:05592,BE-003:onset:1226,211.742766,919.742766,359.480000,90,4.480000,78.9245,G5,780.5786,0.162540,0.938792,0.736693,0.819396,0.840000,,0.678368,1812.878,6,6,0.010000,0.080000,0.840000,0.070000,0.000000,0.120000,0.580000,0.220000,NOTE_HYPOTHESIS,shared_audio_intelligence_v0_2;spectral_peak;owner_supplied_audio
BE-003:pitch:05593,BE-003:onset:1227,211.858866,919.858866,359.680000,90,4.680000,57.8808,A#3,231.4819,0.185760,1.000000,0.889641,0.850000,0.520000,,0.510722,1919.630,6,1,0.250000,0.520000,0.150000,0.080000,0.000000,0.450000,0.250000,0.200000,NOTE_HYPOTHESIS,shared_audio_intelligence_v0_2;spectral_peak;owner_supplied_audio
BE-003:pitch:05594,BE-003:onset:1227,211.858866,919.858866,359.680000,90,4.680000,59.7851,C4,258.3984,0.092880,1.000000,0.889641,0.850000,0.520000,,0.510722,1919.630,6,2,0.250000,0.520000,0.150000,0.080000,0.000000,0.450000,0.250000,0.200000,NOTE_HYPOTHESIS,shared_audio_intelligence_v0_2;spectral_peak;owner_supplied_audio
BE-003:pitch:05595,BE-003:onset:1227,211.858866,919.858866,359.680000,90,4.680000,56.6287,A3,215.3320,0.580499,1.000000,0.889641,0.850000,0.520000,,0.510722,1919.630,6,3,0.250000,0.520000,0.150000,0.080000,0.000000,0.450000,0.250000,0.200000,NOTE_HYPOTHESIS,shared_audio_intelligence_v0_2;spectral_peak;owner_supplied_audio
BE-003:pitch:05596,BE-003:onset:1227,211.858866,919.858866,359.680000,90,4.680000,85.7439,D6,1157.4097,0.116100,0.996551,0.889641,0.848275,0.840000,,0.510722,1919.630,6,4,0.010000,0.080000,0.840000,0.070000,0.000000,0.120000,0.580000,0.220000,NOTE_HYPOTHESIS,shared_audio_intelligence_v0_2;spectral_peak;owner_supplied_audio
BE-003:pitch:05597,BE-003:onset:1227,211.858866,919.858866,359.680000,90,4.680000,71.9645,C5,522.1802,0.116100,0.933205,0.889641,0.816603,0.580000,,0.510722,1919.630,6,5,0.050000,0.300000,0.580000,0.070000,0.000000,0.120000,0.580000,0.220000,NOTE_HYPOTHESIS,shared_audio_intelligence_v0_2;spectral_peak;owner_supplied_audio
BE-003:pitch:05598,BE-003:onset:1227,211.858866,919.858866,359.680000,90,4.680000,35.7851,C2,64.5996,0.139320,0.905239,0.889641,0.802620,0.760000,,0.510722,1919.630,6,6,0.760000,0.180000,0.010000,0.050000,0.480000,0.320000,0.000000,0.000000,NOTE_HYPOTHESIS,shared_audio_intelligence_v0_2;spectral_peak;owner_supplied_audio
BE-003:pitch:05599,BE-003:onset:1228,212.021406,920.021406,359.960000,90,4.960000,67.7407,G#4,409.1309,0.208980,1.000000,0.744222,0.850000,0.580000,,0.504462,1502.789,6,1,0.050000,0.300000,0.580000,0.070000,0.000000,0.450000,0.250000,0.200000,NOTE_HYPOTHESIS,shared_audio_intelligence_v0_2;spectral_peak;owner_supplied_audio
BE-003:pitch:05600,BE-003:onset:1228,212.021406,920.021406,359.960000,90,4.960000,44.6287,A2,107.6660,0.719819,1.000000,0.744222,0.850000,0.760000,,0.504462,1502.789,6,2,0.760000,0.180000,0.010000,0.050000,0.480000,0.320000,0.000000,0.000000,NOTE_HYPOTHESIS,shared_audio_intelligence_v0_2;spectral_peak;owner_supplied_audio
BE-003:pitch:05601,BE-003:onset:1228,212.021406,920.021406,359.960000,90,4.960000,57.0562,A3,220.7153,0.394739,1.000000,0.744222,0.850000,0.520000,,0.504462,1502.789,6,3,0.250000,0.520000,0.150000,0.080000,0.000000,0.450000,0.250000,0.200000,NOTE_HYPOTHESIS,shared_audio_intelligence_v0_2;spectral_peak;owner_supplied_audio
BE-003:pitch:05602,BE-003:onset:1228,212.021406,920.021406,359.960000,90,4.960000,55.7407,G#3,204.5654,0.162540,0.988307,0.744222,0.844154,0.520000,,0.504462,1502.789,6,4,0.250000,0.520000,0.150000,0.080000,0.000000,0.450000,0.250000,0.200000,NOTE_HYPOTHESIS,shared_audio_intelligence_v0_2;spectral_peak;owner_supplied_audio
BE-003:pitch:05603,BE-003:onset:1228,212.021406,920.021406,359.960000,90,4.960000,60.8347,C#4,274.5483,0.464399,0.933885,0.744222,0.816943,0.520000,,0.504462,1502.789,6,5,0.250000,0.520000,0.150000,0.080000,0.000000,0.450000,0.250000,0.200000,NOTE_HYPOTHESIS,shared_audio_intelligence_v0_2;spectral_peak;owner_supplied_audio
BE-003:pitch:05604,BE-003:onset:1228,212.021406,920.021406,359.960000,90,4.960000,57.8808,A#3,231.4819,0.417959,0.928252,0.744222,0.814126,0.520000,,0.504462,1502.789,6,6,0.250000,0.520000,0.150000,0.080000,0.000000,0.450000,0.250000,0.200000,NOTE_HYPOTHESIS,shared_audio_intelligence_v0_2;spectral_peak;owner_supplied_audio
BE-003:pitch:05605,BE-003:onset:1229,212.439365,920.439365,360.607143,91,1.607143,62.7603,D#4,306.8481,0.208980,1.000000,0.995844,0.850000,0.520000,,0.720047,1701.587,6,1,0.250000,0.520000,0.150000,0.080000,0.000000,0.450000,0.250000,0.200000,NOTE_HYPOTHESIS,shared_audio_intelligence_v0_2;spectral_peak;owner_supplied_audio
BE-003:pitch:05606,BE-003:onset:1229,212.439365,920.439365,360.607143,91,1.607143,44.6287,A2,107.6660,0.278639,1.000000,0.995844,0.850000,0.760000,,0.720047,1701.587,6,2,0.760000,0.180000,0.010000,0.050000,0.480000,0.320000,0.000000,0.000000,NOTE_HYPOTHESIS,shared_audio_intelligence_v0_2;spectral_peak;owner_supplied_audio
BE-003:pitch:05607,BE-003:onset:1229,212.439365,920.439365,360.607143,91,1.607143,74.9115,D#5,619.0796,0.162540,1.000000,0.995844,0.850000,0.580000,,0.720047,1701.587,6,3,0.050000,0.300000,0.580000,0.070000,0.000000,0.120000,0.580000,0.220000,NOTE_HYPOTHESIS,shared_audio_intelligence_v0_2;spectral_peak;owner_supplied_audio
BE-003:pitch:05608,BE-003:onset:1229,212.439365,920.439365,360.607143,91,1.607143,34.2788,A#1,59.2163,1.532517,1.000000,0.995844,0.850000,0.760000,,0.720047,1701.587,6,4,0.760000,0.180000,0.010000,0.050000,0.480000,0.320000,0.000000,0.000000,NOTE_HYPOTHESIS,shared_audio_intelligence_v0_2;spectral_peak;owner_supplied_audio
BE-003:pitch:05609,BE-003:onset:1229,212.439365,920.439365,360.607143,91,1.607143,86.9115,D#6,1238.1592,0.162540,1.000000,0.995844,0.850000,0.840000,,0.720047,1701.587,6,5,0.010000,0.080000,0.840000,0.070000,0.000000,0.120000,0.580000,0.220000,NOTE_HYPOTHESIS,shared_audio_intelligence_v0_2;spectral_peak;owner_supplied_audio
BE-003:pitch:05610,BE-003:onset:1229,212.439365,920.439365,360.607143,91,1.607143,81.8808,A#5,925.9277,0.162540,1.000000,0.995844,0.850000,0.840000,,0.720047,1701.587,6,6,0.010000,0.080000,0.840000,0.070000,0.000000,0.120000,0.580000,0.220000,NOTE_HYPOTHESIS,shared_audio_intelligence_v0_2;spectral_peak;owner_supplied_audio
BE-003:pitch:05611,BE-003:onset:1230,212.601905,920.601905,360.857143,91,1.857143,32.6287,A1,53.8330,0.255420,1.000000,0.675026,0.850000,0.760000,,0.568353,1730.521,6,1,0.760000,0.180000,0.010000,0.050000,0.480000,0.320000,0.000000,0.000000,NOTE_HYPOTHESIS,shared_audio_intelligence_v0_2;spectral_peak;owner_supplied_audio
BE-003:pitch:05612,BE-003:onset:1230,212.601905,920.601905,360.857143,91,1.857143,45.4734,A2,113.0493,0.116100,1.000000,0.675026,0.850000,0.550000,,0.568353,1730.521,6,2,0.550000,0.350000,0.030000,0.070000,0.480000,0.320000,0.000000,0.000000,NOTE_HYPOTHESIS,shared_audio_intelligence_v0_2;spectral_peak;owner_supplied_audio
BE-003:pitch:05613,BE-003:onset:1230,212.601905,920.601905,360.857143,91,1.857143,68.8438,A4,436.0474,0.278639,1.000000,0.675026,0.850000,0.580000,,0.568353,1730.521,6,3,0.050000,0.300000,0.580000,0.070000,0.000000,0.450000,0.250000,0.200000,NOTE_HYPOTHESIS,shared_audio_intelligence_v0_2;spectral_peak;owner_supplied_audio
BE-003:pitch:05614,BE-003:onset:1230,212.601905,920.601905,360.857143,91,1.857143,63.0613,D#4,312.2314,0.185760,1.000000,0.675026,0.850000,0.520000,,0.568353,1730.521,6,4,0.250000,0.520000,0.150000,0.080000,0.000000,0.450000,0.250000,0.200000,NOTE_HYPOTHESIS,shared_audio_intelligence_v0_2;spectral_peak;owner_supplied_audio
BE-003:pitch:05615,BE-003:onset:1230,212.601905,920.601905,360.857143,91,1.857143,87.9344,E6,1313.5254,0.208980,0.943855,0.675026,0.821927,0.840000,,0.568353,1730.521,6,5,0.010000,0.080000,0.840000,0.070000,0.000000,0.120000,0.580000,0.220000,NOTE_HYPOTHESIS,shared_audio_intelligence_v0_2;spectral_peak;owner_supplied_audio
BE-003:pitch:05616,BE-003:onset:1230,212.601905,920.601905,360.857143,91,1.857143,74.9115,D#5,619.0796,0.069660,0.889507,0.675026,0.794754,0.580000,,0.568353,1730.521,6,6,0.050000,0.300000,0.580000,0.070000,0.000000,0.120000,0.580000,0.220000,NOTE_HYPOTHESIS,shared_audio_intelligence_v0_2;spectral_peak;owner_supplied_audio
BE-003:pitch:05617,BE-003:onset:1231,212.764444,920.764444,361.115385,91,2.115385,38.4538,D2,75.3662,0.673379,1.000000,0.672811,0.850000,0.760000,,0.480097,2068.756,6,1,0.760000,0.180000,0.010000,0.050000,0.480000,0.320000,0.000000,0.000000,NOTE_HYPOTHESIS,shared_audio_intelligence_v0_2;spectral_peak;owner_supplied_audio
BE-003:pitch:05618,BE-003:onset:1231,212.764444,920.764444,361.115385,91,2.115385,34.2788,A#1,59.2163,1.532517,1.000000,0.672811,0.850000,0.760000,,0.480097,2068.756,6,2,0.760000,0.180000,0.010000,0.050000,0.480000,0.320000,0.000000,0.000000,NOTE_HYPOTHESIS,shared_audio_intelligence_v0_2;spectral_peak;owner_supplied_audio
BE-003:pitch:05619,BE-003:onset:1231,212.764444,920.764444,361.115385,91,2.115385,83.8751,C6,1038.9771,0.092880,1.000000,0.672811,0.850000,0.840000,,0.480097,2068.756,6,3,0.010000,0.080000,0.840000,0.070000,0.000000,0.120000,0.580000,0.220000,NOTE_HYPOTHESIS,shared_audio_intelligence_v0_2;spectral_peak;owner_supplied_audio
BE-003:pitch:05620,BE-003:onset:1231,212.764444,920.764444,361.115385,91,2.115385,68.8438,A4,436.0474,0.139320,1.000000,0.672811,0.850000,0.580000,,0.480097,2068.756,6,4,0.050000,0.300000,0.580000,0.070000,0.000000,0.450000,0.250000,0.200000,NOTE_HYPOTHESIS,shared_audio_intelligence_v0_2;spectral_peak;owner_supplied_audio
BE-003:pitch:05621,BE-003:onset:1231,212.764444,920.764444,361.115385,91,2.115385,71.9645,C5,522.1802,0.162540,0.999068,0.672811,0.849534,0.580000,,0.480097,2068.756,6,5,0.050000,0.300000,0.580000,0.070000,0.000000,0.120000,0.580000,0.220000,NOTE_HYPOTHESIS,shared_audio_intelligence_v0_2;spectral_peak;owner_supplied_audio
BE-003:pitch:05622,BE-003:onset:1231,212.764444,920.764444,361.115385,91,2.115385,51.0613,D#3,156.1157,0.580499,0.948772,0.672811,0.824386,0.550000,,0.480097,2068.756,6,6,0.550000,0.350000,0.030000,0.070000,0.480000,0.320000,0.000000,0.000000,NOTE_HYPOTHESIS,shared_audio_intelligence_v0_2;spectral_peak;owner_supplied_audio
BE-003:pitch:05623,BE-003:onset:1232,212.903764,920.903764,361.346154,91,2.346154,74.9115,D#5,619.0796,0.185760,1.000000,1.000000,0.850000,0.580000,,0.532276,2137.315,6,1,0.050000,0.300000,0.580000,0.070000,0.000000,0.120000,0.580000,0.220000,NOTE_HYPOTHESIS,shared_audio_intelligence_v0_2;spectral_peak;owner_supplied_audio
BE-003:pitch:05624,BE-003:onset:1232,212.903764,920.903764,361.346154,91,2.346154,38.4538,D2,75.3662,0.789478,1.000000,1.000000,0.850000,0.760000,,0.532276,2137.315,6,2,0.760000,0.180000,0.010000,0.050000,0.480000,0.320000,0.000000,0.000000,NOTE_HYPOTHESIS,shared_audio_intelligence_v0_2;spectral_peak;owner_supplied_audio
BE-003:pitch:05625,BE-003:onset:1232,212.903764,920.903764,361.346154,91,2.346154,73.8242,D5,581.3965,0.162540,1.000000,1.000000,0.850000,0.580000,,0.532276,2137.315,6,3,0.050000,0.300000,0.580000,0.070000,0.000000,0.120000,0.580000,0.220000,NOTE_HYPOTHESIS,shared_audio_intelligence_v0_2;spectral_peak;owner_supplied_audio
BE-003:pitch:05626,BE-003:onset:1232,212.903764,920.903764,361.346154,91,2.346154,54.8047,G3,193.7988,0.743039,0.981844,1.000000,0.840922,0.550000,,0.532276,2137.315,6,4,0.550000,0.350000,0.030000,0.070000,0.480000,0.320000,0.000000,0.000000,NOTE_HYPOTHESIS,shared_audio_intelligence_v0_2;spectral_peak;owner_supplied_audio
BE-003:pitch:05627,BE-003:onset:1232,212.903764,920.903764,361.346154,91,2.346154,67.0435,G4,392.9810,0.487619,0.937360,1.000000,0.818680,0.580000,,0.532276,2137.315,6,5,0.050000,0.300000,0.580000,0.070000,0.000000,0.450000,0.250000,0.200000,NOTE_HYPOTHESIS,shared_audio_intelligence_v0_2;spectral_peak;owner_supplied_audio
BE-003:pitch:05628,BE-003:onset:1232,212.903764,920.903764,361.346154,91,2.346154,86.9115,D#6,1238.1592,0.116100,0.874164,1.000000,0.787082,0.840000,,0.532276,2137.315,6,6,0.010000,0.080000,0.840000,0.070000,0.000000,0.120000,0.580000,0.220000,NOTE_HYPOTHESIS,shared_audio_intelligence_v0_2;spectral_peak;owner_supplied_audio
BE-003:pitch:05629,BE-003:onset:1233,213.019864,921.019864,361.538462,91,2.538462,78.9245,G5,780.5786,0.232200,1.000000,0.977767,0.850000,0.840000,,0.976041,1823.119,4,1,0.010000,0.080000,0.840000,0.070000,0.000000,0.120000,0.580000,0.220000,NOTE_HYPOTHESIS,shared_audio_intelligence_v0_2;spectral_peak;owner_supplied_audio
BE-003:pitch:05630,BE-003:onset:1233,213.019864,921.019864,361.538462,91,2.538462,37.1709,C#2,69.9829,0.650159,1.000000,0.977767,0.850000,0.760000,,0.976041,1823.119,4,2,0.760000,0.180000,0.010000,0.050000,0.480000,0.320000,0.000000,0.000000,NOTE_HYPOTHESIS,shared_audio_intelligence_v0_2;spectral_peak;owner_supplied_audio
BE-003:pitch:05631,BE-003:onset:1233,213.019864,921.019864,361.538462,91,2.538462,49.8242,D3,145.3491,0.301859,1.000000,0.977767,0.850000,0.550000,,0.976041,1823.119,4,3,0.550000,0.350000,0.030000,0.070000,0.480000,0.320000,0.000000,0.000000,NOTE_HYPOTHESIS,shared_audio_intelligence_v0_2;spectral_peak;owner_supplied_audio
BE-003:pitch:05632,BE-003:onset:1233,213.019864,921.019864,361.538462,91,2.538462,90.8647,G6,1555.7739,0.255420,1.000000,0.977767,0.850000,0.840000,,0.976041,1823.119,4,4,0.010000,0.080000,0.840000,0.070000,0.000000,0.120000,0.580000,0.220000,NOTE_HYPOTHESIS,shared_audio_intelligence_v0_2;spectral_peak;owner_supplied_audio
BE-003:pitch:05633,BE-003:onset:1234,213.182404,921.182404,361.807692,91,2.807692,78.9245,G5,780.5786,0.116100,1.000000,0.810200,0.850000,0.840000,,0.633867,1797.312,6,1,0.010000,0.080000,0.840000,0.070000,0.000000,0.120000,0.580000,0.220000,NOTE_HYPOTHESIS,shared_audio_intelligence_v0_2;spectral_peak;owner_supplied_audio
BE-003:pitch:05634,BE-003:onset:1234,213.182404,921.182404,361.807692,91,2.807692,73.9838,D5,586.7798,0.162540,1.000000,0.810200,0.850000,0.580000,,0.633867,1797.312,6,2,0.050000,0.300000,0.580000,0.070000,0.000000,0.120000,0.580000,0.220000,NOTE_HYPOTHESIS,shared_audio_intelligence_v0_2;spectral_peak;owner_supplied_audio
BE-003:pitch:05635,BE-003:onset:1234,213.182404,921.182404,361.807692,91,2.807692,49.8242,D3,145.3491,0.139320,1.000000,0.810200,0.850000,0.550000,,0.633867,1797.312,6,3,0.550000,0.350000,0.030000,0.070000,0.480000,0.320000,0.000000,0.000000,NOTE_HYPOTHESIS,shared_audio_intelligence_v0_2;spectral_peak;owner_supplied_audio
BE-003:pitch:05636,BE-003:onset:1234,213.182404,921.182404,361.807692,91,2.807692,38.4538,D2,75.3662,0.510839,1.000000,0.810200,0.850000,0.760000,,0.633867,1797.312,6,4,0.760000,0.180000,0.010000,0.050000,0.480000,0.320000,0.000000,0.000000,NOTE_HYPOTHESIS,shared_audio_intelligence_v0_2;spectral_peak;owner_supplied_audio
BE-003:pitch:05637,BE-003:onset:1234,213.182404,921.182404,361.807692,91,2.807692,54.8047,G3,193.7988,0.441179,1.000000,0.810200,0.850000,0.550000,,0.633867,1797.312,6,5,0.550000,0.350000,0.030000,0.070000,0.480000,0.320000,0.000000,0.000000,NOTE_HYPOTHESIS,shared_audio_intelligence_v0_2;spectral_peak;owner_supplied_audio
BE-003:pitch:05638,BE-003:onset:1234,213.182404,921.182404,361.807692,91,2.807692,56.1904,G#3,209.9487,0.116100,0.995663,0.810200,0.847832,0.520000,,0.633867,1797.312,6,6,0.250000,0.520000,0.150000,0.080000,0.000000,0.450000,0.250000,0.200000,NOTE_HYPOTHESIS,shared_audio_intelligence_v0_2;spectral_peak;owner_supplied_audio
BE-003:pitch:05639,BE-003:onset:1235,213.298503,921.298503,362.000000,91,3.000000,35.7851,C2,64.5996,0.952018,1.000000,0.562995,0.850000,0.760000,,0.548748,2085.755,6,1,0.760000,0.180000,0.010000,0.050000,0.480000,0.320000,0.000000,0.000000,NOTE_HYPOTHESIS,shared_audio_intelligence_v0_2;spectral_peak;owner_supplied_audio
BE-003:pitch:05640,BE-003:onset:1235,213.298503,921.298503,362.000000,91,3.000000,74.9115,D#5,619.0796,0.185760,1.000000,0.562995,0.850000,0.580000,,0.548748,2085.755,6,2,0.050000,0.300000,0.580000,0.070000,0.000000,0.120000,0.580000,0.220000,NOTE_HYPOTHESIS,shared_audio_intelligence_v0_2;spectral_peak;owner_supplied_audio
BE-003:pitch:05641,BE-003:onset:1235,213.298503,921.298503,362.000000,91,3.000000,73.9838,D5,586.7798,0.092880,0.980279,0.562995,0.840140,0.580000,,0.548748,2085.755,6,3,0.050000,0.300000,0.580000,0.070000,0.000000,0.120000,0.580000,0.220000,NOTE_HYPOTHESIS,shared_audio_intelligence_v0_2;spectral_peak;owner_supplied_audio
BE-003:pitch:05642,BE-003:onset:1235,213.298503,921.298503,362.000000,91,3.000000,54.8047,G3,193.7988,0.348299,0.950150,0.562995,0.825075,0.550000,,0.548748,2085.755,6,4,0.550000,0.350000,0.030000,0.070000,0.480000,0.320000,0.000000,0.000000,NOTE_HYPOTHESIS,shared_audio_intelligence_v0_2;spectral_peak;owner_supplied_audio
BE-003:pitch:05643,BE-003:onset:1235,213.298503,921.298503,362.000000,91,3.000000,47.7851,C3,129.1992,0.301859,0.923294,0.562995,0.811647,0.550000,,0.548748,2085.755,6,5,0.550000,0.350000,0.030000,0.070000,0.480000,0.320000,0.000000,0.000000,NOTE_HYPOTHESIS,shared_audio_intelligence_v0_2;spectral_peak;owner_supplied_audio
BE-003:pitch:05644,BE-003:onset:1235,213.298503,921.298503,362.000000,91,3.000000,66.8047,G4,387.5977,0.092880,0.916073,0.562995,0.808037,0.580000,,0.548748,2085.755,6,6,0.050000,0.300000,0.580000,0.070000,0.000000,0.450000,0.250000,0.200000,NOTE_HYPOTHESIS,shared_audio_intelligence_v0_2;spectral_peak;owner_supplied_audio
BE-003:pitch:05645,BE-003:onset:1236,213.414603,921.414603,362.208333,91,3.208333,35.7851,C2,64.5996,0.952018,1.000000,0.667138,0.850000,0.760000,,0.497936,2033.913,6,1,0.760000,0.180000,0.010000,0.050000,0.480000,0.320000,0.000000,0.000000,NOTE_HYPOTHESIS,shared_audio_intelligence_v0_2;spectral_peak;owner_supplied_audio
BE-003:pitch:05646,BE-003:onset:1236,213.414603,921.414603,362.208333,91,3.208333,74.9115,D#5,619.0796,0.092880,1.000000,0.667138,0.850000,0.580000,,0.497936,2033.913,6,2,0.050000,0.300000,0.580000,0.070000,0.000000,0.120000,0.580000,0.220000,NOTE_HYPOTHESIS,shared_audio_intelligence_v0_2;spectral_peak;owner_supplied_audio
BE-003:pitch:05647,BE-003:onset:1236,213.414603,921.414603,362.208333,91,3.208333,54.8047,G3,193.7988,0.232200,0.993952,0.667138,0.846976,0.550000,,0.497936,2033.913,6,3,0.550000,0.350000,0.030000,0.070000,0.480000,0.320000,0.000000,0.000000,NOTE_HYPOTHESIS,shared_audio_intelligence_v0_2;spectral_peak;owner_supplied_audio
BE-003:pitch:05648,BE-003:onset:1236,213.414603,921.414603,362.208333,91,3.208333,47.7851,C3,129.1992,0.185760,0.938891,0.667138,0.819446,0.550000,,0.497936,2033.913,6,4,0.550000,0.350000,0.030000,0.070000,0.480000,0.320000,0.000000,0.000000,NOTE_HYPOTHESIS,shared_audio_intelligence_v0_2;spectral_peak;owner_supplied_audio
BE-003:pitch:05649,BE-003:onset:1236,213.414603,921.414603,362.208333,91,3.208333,83.8751,C6,1038.9771,0.116100,0.890674,0.667138,0.795337,0.840000,,0.497936,2033.913,6,5,0.010000,0.080000,0.840000,0.070000,0.000000,0.120000,0.580000,0.220000,NOTE_HYPOTHESIS,shared_audio_intelligence_v0_2;spectral_peak;owner_supplied_audio
BE-003:pitch:05650,BE-003:onset:1236,213.414603,921.414603,362.208333,91,3.208333,71.9645,C5,522.1802,0.510839,0.861888,0.667138,0.780944,0.580000,,0.497936,2033.913,6,6,0.050000,0.300000,0.580000,0.070000,0.000000,0.120000,0.580000,0.220000,NOTE_HYPOTHESIS,shared_audio_intelligence_v0_2;spectral_peak;owner_supplied_audio
BE-003:pitch:05651,BE-003:onset:1237,213.484263,921.484263,362.333333,91,3.333333,35.7851,C2,64.5996,1.532517,1.000000,0.722578,0.850000,0.760000,,0.402708,2360.370,6,1,0.760000,0.180000,0.010000,0.050000,0.480000,0.320000,0.000000,0.000000,NOTE_HYPOTHESIS,shared_audio_intelligence_v0_2;spectral_peak;owner_supplied_audio
BE-003:pitch:05652,BE-003:onset:1237,213.484263,921.484263,362.333333,91,3.333333,56.1904,G#3,209.9487,0.139320,0.954184,0.722578,0.827092,0.520000,,0.402708,2360.370,6,2,0.250000,0.520000,0.150000,0.080000,0.000000,0.450000,0.250000,0.200000,NOTE_HYPOTHESIS,shared_audio_intelligence_v0_2;spectral_peak;owner_supplied_audio
BE-003:pitch:05653,BE-003:onset:1237,213.484263,921.484263,362.333333,91,3.333333,54.8047,G3,193.7988,0.162540,0.949774,0.722578,0.824887,0.550000,,0.402708,2360.370,6,3,0.550000,0.350000,0.030000,0.070000,0.480000,0.320000,0.000000,0.000000,NOTE_HYPOTHESIS,shared_audio_intelligence_v0_2;spectral_peak;owner_supplied_audio
BE-003:pitch:05654,BE-003:onset:1237,213.484263,921.484263,362.333333,91,3.333333,47.7851,C3,129.1992,0.464399,0.897387,0.722578,0.798694,0.550000,,0.402708,2360.370,6,4,0.550000,0.350000,0.030000,0.070000,0.480000,0.320000,0.000000,0.000000,NOTE_HYPOTHESIS,shared_audio_intelligence_v0_2;spectral_peak;owner_supplied_audio
BE-003:pitch:05655,BE-003:onset:1237,213.484263,921.484263,362.333333,91,3.333333,71.9645,C5,522.1802,0.441179,0.826860,0.722578,0.763430,0.580000,,0.402708,2360.370,6,5,0.050000,0.300000,0.580000,0.070000,0.000000,0.120000,0.580000,0.220000,NOTE_HYPOTHESIS,shared_audio_intelligence_v0_2;spectral_peak;owner_supplied_audio
BE-003:pitch:05656,BE-003:onset:1237,213.484263,921.484263,362.333333,91,3.333333,68.8438,A4,436.0474,0.255420,0.811607,0.722578,0.755803,0.580000,,0.402708,2360.370,6,6,0.050000,0.300000,0.580000,0.070000,0.000000,0.450000,0.250000,0.200000,NOTE_HYPOTHESIS,shared_audio_intelligence_v0_2;spectral_peak;owner_supplied_audio
BE-003:pitch:05657,BE-003:onset:1238,213.600363,921.600363,362.541667,91,3.541667,34.2788,A#1,59.2163,0.789478,1.000000,0.676940,0.850000,0.760000,,0.368664,2162.899,6,1,0.760000,0.180000,0.010000,0.050000,0.480000,0.320000,0.000000,0.000000,NOTE_HYPOTHESIS,shared_audio_intelligence_v0_2;spectral_peak;owner_supplied_audio
BE-003:pitch:05658,BE-003:onset:1238,213.600363,921.600363,362.541667,91,3.541667,45.4734,A2,113.0493,0.696599,0.968966,0.676940,0.834483,0.550000,,0.368664,2162.899,6,2,0.550000,0.350000,0.030000,0.070000,0.480000,0.320000,0.000000,0.000000,NOTE_HYPOTHESIS,shared_audio_intelligence_v0_2;spectral_peak;owner_supplied_audio
BE-003:pitch:05659,BE-003:onset:1238,213.600363,921.600363,362.541667,91,3.541667,67.9670,G#4,414.5142,0.278639,0.921020,0.676940,0.810510,0.580000,,0.368664,2162.899,6,3,0.050000,0.300000,0.580000,0.070000,0.000000,0.450000,0.250000,0.200000,NOTE_HYPOTHESIS,shared_audio_intelligence_v0_2;spectral_peak;owner_supplied_audio
BE-003:pitch:05660,BE-003:onset:1238,213.600363,921.600363,362.541667,91,3.541667,79.8542,G#5,823.6450,0.139320,0.918350,0.676940,0.809175,0.840000,,0.368664,2162.899,6,4,0.010000,0.080000,0.840000,0.070000,0.000000,0.120000,0.580000,0.220000,NOTE_HYPOTHESIS,shared_audio_intelligence_v0_2;spectral_peak;owner_supplied_audio
BE-003:pitch:05661,BE-003:onset:1238,213.600363,921.600363,362.541667,91,3.541667,68.8438,A4,436.0474,0.139320,0.829628,0.676940,0.764814,0.580000,,0.368664,2162.899,6,5,0.050000,0.300000,0.580000,0.070000,0.000000,0.450000,0.250000,0.200000,NOTE_HYPOTHESIS,shared_audio_intelligence_v0_2;spectral_peak;owner_supplied_audio
BE-003:pitch:05662,BE-003:onset:1238,213.600363,921.600363,362.541667,91,3.541667,86.9115,D#6,1238.1592,0.116100,0.819599,0.676940,0.759799,0.840000,,0.368664,2162.899,6,6,0.010000,0.080000,0.840000,0.070000,0.000000,0.120000,0.580000,0.220000,NOTE_HYPOTHESIS,shared_audio_intelligence_v0_2;spectral_peak;owner_supplied_audio
BE-003:pitch:05663,BE-003:onset:1239,213.716463,921.716463,362.750000,91,3.750000,34.2788,A#1,59.2163,0.650159,1.000000,0.661224,0.850000,0.760000,,0.462706,1902.118,5,1,0.760000,0.180000,0.010000,0.050000,0.480000,0.320000,0.000000,0.000000,NOTE_HYPOTHESIS,shared_audio_intelligence_v0_2;spectral_peak;owner_supplied_audio
BE-003:pitch:05664,BE-003:onset:1239,213.716463,921.716463,362.750000,91,3.750000,66.8047,G4,387.5977,0.162540,1.000000,0.661224,0.850000,0.580000,,0.462706,1902.118,5,2,0.050000,0.300000,0.580000,0.070000,0.000000,0.450000,0.250000,0.200000,NOTE_HYPOTHESIS,shared_audio_intelligence_v0_2;spectral_peak;owner_supplied_audio
BE-003:pitch:05665,BE-003:onset:1239,213.716463,921.716463,362.750000,91,3.750000,46.2788,A#2,118.4326,0.417959,1.000000,0.661224,0.850000,0.550000,,0.462706,1902.118,5,3,0.550000,0.350000,0.030000,0.070000,0.480000,0.320000,0.000000,0.000000,NOTE_HYPOTHESIS,shared_audio_intelligence_v0_2;spectral_peak;owner_supplied_audio
BE-003:pitch:05666,BE-003:onset:1239,213.716463,921.716463,362.750000,91,3.750000,67.9670,G#4,414.5142,0.116100,0.962901,0.661224,0.831450,0.580000,,0.462706,1902.118,5,4,0.050000,0.300000,0.580000,0.070000,0.000000,0.450000,0.250000,0.200000,NOTE_HYPOTHESIS,shared_audio_intelligence_v0_2;spectral_peak;owner_supplied_audio
BE-003:pitch:05667,BE-003:onset:1239,213.716463,921.716463,362.750000,91,3.750000,78.8047,G5,775.1953,0.092880,0.901145,0.661224,0.800573,0.840000,,0.462706,1902.118,5,5,0.010000,0.080000,0.840000,0.070000,0.000000,0.120000,0.580000,0.220000,NOTE_HYPOTHESIS,shared_audio_intelligence_v0_2;spectral_peak;owner_supplied_audio
BE-003:pitch:05668,BE-003:onset:1240,213.786122,921.786122,362.875000,91,3.875000,64.7656,F4,344.5312,0.255420,1.000000,0.647511,0.850000,0.580000,,0.603346,1671.566,6,1,0.050000,0.300000,0.580000,0.070000,0.000000,0.450000,0.250000,0.200000,NOTE_HYPOTHESIS,shared_audio_intelligence_v0_2;spectral_peak;owner_supplied_audio
BE-003:pitch:05669,BE-003:onset:1240,213.786122,921.786122,362.875000,91,3.875000,34.2788,A#1,59.2163,1.323537,1.000000,0.647511,0.850000,0.760000,,0.603346,1671.566,6,2,0.760000,0.180000,0.010000,0.050000,0.480000,0.320000,0.000000,0.000000,NOTE_HYPOTHESIS,shared_audio_intelligence_v0_2;spectral_peak;owner_supplied_audio
BE-003:pitch:05670,BE-003:onset:1240,213.786122,921.786122,362.875000,91,3.875000,66.8047,G4,387.5977,0.116100,0.943014,0.647511,0.821507,0.580000,,0.603346,1671.566,6,3,0.050000,0.300000,0.580000,0.070000,0.000000,0.450000,0.250000,0.200000,NOTE_HYPOTHESIS,shared_audio_intelligence_v0_2;spectral_peak;owner_supplied_audio
BE-003:pitch:05671,BE-003:onset:1240,213.786122,921.786122,362.875000,91,3.875000,71.7851,C5,516.7969,0.116100,0.939867,0.647511,0.819933,0.580000,,0.603346,1671.566,6,4,0.050000,0.300000,0.580000,0.070000,0.000000,0.120000,0.580000,0.220000,NOTE_HYPOTHESIS,shared_audio_intelligence_v0_2;spectral_peak;owner_supplied_audio
BE-003:pitch:05672,BE-003:onset:1240,213.786122,921.786122,362.875000,91,3.875000,45.4734,A2,113.0493,0.534059,0.922335,0.647511,0.811167,0.550000,,0.603346,1671.566,6,5,0.550000,0.350000,0.030000,0.070000,0.480000,0.320000,0.000000,0.000000,NOTE_HYPOTHESIS,shared_audio_intelligence_v0_2;spectral_peak;owner_supplied_audio
BE-003:pitch:05673,BE-003:onset:1240,213.786122,921.786122,362.875000,91,3.875000,76.9003,F5,694.4458,0.139320,0.867445,0.647511,0.783723,0.840000,,0.603346,1671.566,6,6,0.010000,0.080000,0.840000,0.070000,0.000000,0.120000,0.580000,0.220000,NOTE_HYPOTHESIS,shared_audio_intelligence_v0_2;spectral_peak;owner_supplied_audio
BE-003:pitch:05674,BE-003:onset:1241,213.902222,921.902222,363.080000,91,4.080000,65.8151,F#4,366.0645,0.278639,1.000000,0.753303,0.850000,0.580000,,0.818852,1641.368,6,1,0.050000,0.300000,0.580000,0.070000,0.000000,0.450000,0.250000,0.200000,NOTE_HYPOTHESIS,shared_audio_intelligence_v0_2;spectral_peak;owner_supplied_audio
BE-003:pitch:05675,BE-003:onset:1241,213.902222,921.902222,363.080000,91,4.080000,77.8151,F#5,732.1289,0.162540,1.000000,0.753303,0.850000,0.840000,,0.818852,1641.368,6,2,0.010000,0.080000,0.840000,0.070000,0.000000,0.120000,0.580000,0.220000,NOTE_HYPOTHESIS,shared_audio_intelligence_v0_2;spectral_peak;owner_supplied_audio
BE-003:pitch:05676,BE-003:onset:1241,213.902222,921.902222,363.080000,91,4.080000,44.6287,A2,107.6660,0.394739,1.000000,0.753303,0.850000,0.760000,,0.818852,1641.368,6,3,0.760000,0.180000,0.010000,0.050000,0.480000,0.320000,0.000000,0.000000,NOTE_HYPOTHESIS,shared_audio_intelligence_v0_2;spectral_peak;owner_supplied_audio
BE-003:pitch:05677,BE-003:onset:1241,213.902222,921.902222,363.080000,91,4.080000,32.6287,A1,53.8330,0.487619,1.000000,0.753303,0.850000,0.760000,,0.818852,1641.368,6,4,0.760000,0.180000,0.010000,0.050000,0.480000,0.320000,0.000000,0.000000,NOTE_HYPOTHESIS,shared_audio_intelligence_v0_2;spectral_peak;owner_supplied_audio
BE-003:pitch:05678,BE-003:onset:1241,213.902222,921.902222,363.080000,91,4.080000,64.7656,F4,344.5312,0.139320,1.000000,0.753303,0.850000,0.580000,,0.818852,1641.368,6,5,0.050000,0.300000,0.580000,0.070000,0.000000,0.450000,0.250000,0.200000,NOTE_HYPOTHESIS,shared_audio_intelligence_v0_2;spectral_peak;owner_supplied_audio
BE-003:pitch:05679,BE-003:onset:1241,213.902222,921.902222,363.080000,91,4.080000,84.9193,C#6,1103.5767,0.185760,1.000000,0.753303,0.850000,0.840000,,0.818852,1641.368,6,6,0.010000,0.080000,0.840000,0.070000,0.000000,0.120000,0.580000,0.220000,NOTE_HYPOTHESIS,shared_audio_intelligence_v0_2;spectral_peak;owner_supplied_audio
BE-003:pitch:05680,BE-003:onset:1242,214.064762,922.064762,363.360000,91,4.360000,65.8151,F#4,366.0645,0.162540,1.000000,0.536452,0.850000,0.580000,,0.631328,2318.855,6,1,0.050000,0.300000,0.580000,0.070000,0.000000,0.450000,0.250000,0.200000,NOTE_HYPOTHESIS,shared_audio_intelligence_v0_2;spectral_peak;owner_supplied_audio
BE-003:pitch:05681,BE-003:onset:1242,214.064762,922.064762,363.360000,91,4.360000,32.6287,A1,53.8330,0.301859,1.000000,0.536452,0.850000,0.760000,,0.631328,2318.855,6,2,0.760000,0.180000,0.010000,0.050000,0.480000,0.320000,0.000000,0.000000,NOTE_HYPOTHESIS,shared_audio_intelligence_v0_2;spectral_peak;owner_supplied_audio
BE-003:pitch:05682,BE-003:onset:1242,214.064762,922.064762,363.360000,91,4.360000,45.4734,A2,113.0493,0.232200,1.000000,0.536452,0.850000,0.550000,,0.631328,2318.855,6,3,0.550000,0.350000,0.030000,0.070000,0.480000,0.320000,0.000000,0.000000,NOTE_HYPOTHESIS,shared_audio_intelligence_v0_2;spectral_peak;owner_supplied_audio
BE-003:pitch:05683,BE-003:onset:1242,214.064762,922.064762,363.360000,91,4.360000,56.1904,G#3,209.9487,0.232200,0.994148,0.536452,0.847074,0.520000,,0.631328,2318.855,6,4,0.250000,0.520000,0.150000,0.080000,0.000000,0.450000,0.250000,0.200000,NOTE_HYPOTHESIS,shared_audio_intelligence_v0_2;spectral_peak;owner_supplied_audio
BE-003:pitch:05684,BE-003:onset:1242,214.064762,922.064762,363.360000,91,4.360000,77.9420,F#5,737.5122,0.069660,0.915704,0.536452,0.807852,0.840000,,0.631328,2318.855,6,5,0.010000,0.080000,0.840000,0.070000,0.000000,0.120000,0.580000,0.220000,NOTE_HYPOTHESIS,shared_audio_intelligence_v0_2;spectral_peak;owner_supplied_audio
BE-003:pitch:05685,BE-003:onset:1242,214.064762,922.064762,363.360000,91,4.360000,65.0340,F4,349.9146,0.116100,0.874585,0.536452,0.787292,0.580000,,0.631328,2318.855,6,6,0.050000,0.300000,0.580000,0.070000,0.000000,0.450000,0.250000,0.200000,NOTE_HYPOTHESIS,shared_audio_intelligence_v0_2;spectral_peak;owner_supplied_audio
BE-003:pitch:05686,BE-003:onset:1243,214.366621,922.366621,363.880000,91,4.880000,63.9344,E4,328.3813,0.162540,1.000000,1.000000,0.850000,0.520000,,0.428844,2182.578,6,1,0.250000,0.520000,0.150000,0.080000,0.000000,0.450000,0.250000,0.200000,NOTE_HYPOTHESIS,shared_audio_intelligence_v0_2;spectral_peak;owner_supplied_audio
BE-003:pitch:05687,BE-003:onset:1243,214.366621,922.366621,363.880000,91,4.880000,41.8151,F#2,91.5161,0.208980,1.000000,1.000000,0.850000,0.760000,,0.428844,2182.578,6,2,0.760000,0.180000,0.010000,0.050000,0.480000,0.320000,0.000000,0.000000,NOTE_HYPOTHESIS,shared_audio_intelligence_v0_2;spectral_peak;owner_supplied_audio
BE-003:pitch:05688,BE-003:onset:1243,214.366621,922.366621,363.880000,91,4.880000,57.8808,A#3,231.4819,0.092880,1.000000,1.000000,0.850000,0.520000,,0.428844,2182.578,6,3,0.250000,0.520000,0.150000,0.080000,0.000000,0.450000,0.250000,0.200000,NOTE_HYPOTHESIS,shared_audio_intelligence_v0_2;spectral_peak;owner_supplied_audio
BE-003:pitch:05689,BE-003:onset:1243,214.366621,922.366621,363.880000,91,4.880000,85.6632,D6,1152.0264,0.185760,0.962572,1.000000,0.831286,0.840000,,0.428844,2182.578,6,4,0.010000,0.080000,0.840000,0.070000,0.000000,0.120000,0.580000,0.220000,NOTE_HYPOTHESIS,shared_audio_intelligence_v0_2;spectral_peak;owner_supplied_audio
BE-003:pitch:05690,BE-003:onset:1243,214.366621,922.366621,363.880000,91,4.880000,34.2788,A#1,59.2163,1.044898,0.929535,1.000000,0.814767,0.760000,,0.428844,2182.578,6,5,0.760000,0.180000,0.010000,0.050000,0.480000,0.320000,0.000000,0.000000,NOTE_HYPOTHESIS,shared_audio_intelligence_v0_2;spectral_peak;owner_supplied_audio
BE-003:pitch:05691,BE-003:onset:1243,214.366621,922.366621,363.880000,91,4.880000,30.8047,G1,48.4497,0.859138,0.849622,1.000000,0.774811,0.760000,,0.428844,2182.578,6,6,0.760000,0.180000,0.010000,0.050000,0.480000,0.320000,0.000000,0.000000,NOTE_HYPOTHESIS,shared_audio_intelligence_v0_2;spectral_peak;owner_supplied_audio
BE-003:pitch:05692,BE-003:onset:1244,214.691701,922.691701,364.500000,92,1.500000,34.2788,A#1,59.2163,0.510839,1.000000,0.748239,0.850000,0.695860,,0.367027,2817.475,5,1,0.695860,0.164809,0.009952,0.129379,0.480000,0.320000,0.000000,0.000000,NOTE_HYPOTHESIS,shared_audio_intelligence_v0_2;spectral_peak;owner_supplied_audio
BE-003:pitch:05693,BE-003:onset:1244,214.691701,922.691701,364.500000,92,1.500000,61.8242,D4,290.6982,0.092880,1.000000,0.748239,0.850000,0.520000,,0.367027,2817.475,5,2,0.250000,0.520000,0.150000,0.080000,0.000000,0.450000,0.250000,0.200000,NOTE_HYPOTHESIS,shared_audio_intelligence_v0_2;spectral_peak;owner_supplied_audio
BE-003:pitch:05694,BE-003:onset:1244,214.691701,922.691701,364.500000,92,1.500000,44.6287,A2,107.6660,0.394739,0.963233,0.748239,0.831616,0.695860,,0.367027,2817.475,5,3,0.695860,0.164809,0.009952,0.129379,0.480000,0.320000,0.000000,0.000000,NOTE_HYPOTHESIS,shared_audio_intelligence_v0_2;spectral_peak;owner_supplied_audio
BE-003:pitch:05695,BE-003:onset:1244,214.691701,922.691701,364.500000,92,1.500000,42.8047,G2,96.8994,0.394739,0.886230,0.748239,0.793115,0.695860,,0.367027,2817.475,5,4,0.695860,0.164809,0.009952,0.129379,0.480000,0.320000,0.000000,0.000000,NOTE_HYPOTHESIS,shared_audio_intelligence_v0_2;spectral_peak;owner_supplied_audio
BE-003:pitch:05696,BE-003:onset:1244,214.691701,922.691701,364.500000,92,1.500000,73.8242,D5,581.3965,0.069660,0.883304,0.748239,0.791652,0.580000,,0.367027,2817.475,5,5,0.050000,0.300000,0.580000,0.070000,0.000000,0.120000,0.580000,0.220000,NOTE_HYPOTHESIS,shared_audio_intelligence_v0_2;spectral_peak;owner_supplied_audio
BE-003:pitch:05697,BE-003:onset:1245,214.784580,922.784580,364.681818,92,1.681818,44.6287,A2,107.6660,0.255420,1.000000,0.681423,0.850000,0.760000,,0.459524,2156.547,3,1,0.760000,0.180000,0.010000,0.050000,0.480000,0.320000,0.000000,0.000000,NOTE_HYPOTHESIS,shared_audio_intelligence_v0_2;spectral_peak;owner_supplied_audio
BE-003:pitch:05698,BE-003:onset:1245,214.784580,922.784580,364.681818,92,1.681818,32.6287,A1,53.8330,0.325079,1.000000,0.681423,0.850000,0.760000,,0.459524,2156.547,3,2,0.760000,0.180000,0.010000,0.050000,0.480000,0.320000,0.000000,0.000000,NOTE_HYPOTHESIS,shared_audio_intelligence_v0_2;spectral_peak;owner_supplied_audio
BE-003:pitch:05699,BE-003:onset:1245,214.784580,922.784580,364.681818,92,1.681818,68.8438,A4,436.0474,0.255420,1.000000,0.681423,0.850000,0.580000,,0.459524,2156.547,3,3,0.050000,0.300000,0.580000,0.070000,0.000000,0.450000,0.250000,0.200000,NOTE_HYPOTHESIS,shared_audio_intelligence_v0_2;spectral_peak;owner_supplied_audio
BE-003:pitch:05700,BE-003:onset:1246,214.947120,922.947120,365.000000,92,2.000000,45.4734,A2,113.0493,0.092880,1.000000,0.626758,0.850000,0.550000,,0.598646,2097.581,6,1,0.550000,0.350000,0.030000,0.070000,0.480000,0.320000,0.000000,0.000000,NOTE_HYPOTHESIS,shared_audio_intelligence_v0_2;spectral_peak;owner_supplied_audio
BE-003:pitch:05701,BE-003:onset:1246,214.947120,922.947120,365.000000,92,2.000000,32.6287,A1,53.8330,0.162540,1.000000,0.626758,0.850000,0.760000,,0.598646,2097.581,6,2,0.760000,0.180000,0.010000,0.050000,0.480000,0.320000,0.000000,0.000000,NOTE_HYPOTHESIS,shared_audio_intelligence_v0_2;spectral_peak;owner_supplied_audio
BE-003:pitch:05702,BE-003:onset:1246,214.947120,922.947120,365.000000,92,2.000000,77.9420,F#5,737.5122,0.208980,1.000000,0.626758,0.850000,0.840000,,0.598646,2097.581,6,3,0.010000,0.080000,0.840000,0.070000,0.000000,0.120000,0.580000,0.220000,NOTE_HYPOTHESIS,shared_audio_intelligence_v0_2;spectral_peak;owner_supplied_audio
BE-003:pitch:05703,BE-003:onset:1246,214.947120,922.947120,365.000000,92,2.000000,65.8151,F#4,366.0645,0.371519,1.000000,0.626758,0.850000,0.580000,,0.598646,2097.581,6,4,0.050000,0.300000,0.580000,0.070000,0.000000,0.450000,0.250000,0.200000,NOTE_HYPOTHESIS,shared_audio_intelligence_v0_2;spectral_peak;owner_supplied_audio
BE-003:pitch:05704,BE-003:onset:1246,214.947120,922.947120,365.000000,92,2.000000,63.9344,E4,328.3813,0.139320,0.961575,0.626758,0.830788,0.520000,,0.598646,2097.581,6,5,0.250000,0.520000,0.150000,0.080000,0.000000,0.450000,0.250000,0.200000,NOTE_HYPOTHESIS,shared_audio_intelligence_v0_2;spectral_peak;owner_supplied_audio
BE-003:pitch:05705,BE-003:onset:1246,214.947120,922.947120,365.000000,92,2.000000,56.1904,G#3,209.9487,0.441179,0.907386,0.626758,0.803693,0.520000,,0.598646,2097.581,6,6,0.250000,0.520000,0.150000,0.080000,0.000000,0.450000,0.250000,0.200000,NOTE_HYPOTHESIS,shared_audio_intelligence_v0_2;spectral_peak;owner_supplied_audio
BE-003:pitch:05706,BE-003:onset:1247,215.063220,923.063220,365.178571,92,2.178571,66.8047,G4,387.5977,0.208980,1.000000,0.778660,0.850000,0.580000,,0.557446,1991.295,6,1,0.050000,0.300000,0.580000,0.070000,0.000000,0.450000,0.250000,0.200000,NOTE_HYPOTHESIS,shared_audio_intelligence_v0_2;spectral_peak;owner_supplied_audio
BE-003:pitch:05707,BE-003:onset:1247,215.063220,923.063220,365.178571,92,2.178571,37.1709,C#2,69.9829,0.301859,1.000000,0.778660,0.850000,0.760000,,0.557446,1991.295,6,2,0.760000,0.180000,0.010000,0.050000,0.480000,0.320000,0.000000,0.000000,NOTE_HYPOTHESIS,shared_audio_intelligence_v0_2;spectral_peak;owner_supplied_audio
BE-003:pitch:05708,BE-003:onset:1247,215.063220,923.063220,365.178571,92,2.178571,65.8151,F#4,366.0645,0.232200,1.000000,0.778660,0.850000,0.580000,,0.557446,1991.295,6,3,0.050000,0.300000,0.580000,0.070000,0.000000,0.450000,0.250000,0.200000,NOTE_HYPOTHESIS,shared_audio_intelligence_v0_2;spectral_peak;owner_supplied_audio
BE-003:pitch:05709,BE-003:onset:1247,215.063220,923.063220,365.178571,92,2.178571,49.8242,D3,145.3491,0.301859,1.000000,0.778660,0.850000,0.550000,,0.557446,1991.295,6,4,0.550000,0.350000,0.030000,0.070000,0.480000,0.320000,0.000000,0.000000,NOTE_HYPOTHESIS,shared_audio_intelligence_v0_2;spectral_peak;owner_supplied_audio
BE-003:pitch:05710,BE-003:onset:1247,215.063220,923.063220,365.178571,92,2.178571,78.9245,G5,780.5786,0.162540,1.000000,0.778660,0.850000,0.840000,,0.557446,1991.295,6,5,0.010000,0.080000,0.840000,0.070000,0.000000,0.120000,0.580000,0.220000,NOTE_HYPOTHESIS,shared_audio_intelligence_v0_2;spectral_peak;owner_supplied_audio
BE-003:pitch:05711,BE-003:onset:1247,215.063220,923.063220,365.178571,92,2.178571,77.9420,F#5,737.5122,0.092880,1.000000,0.778660,0.850000,0.840000,,0.557446,1991.295,6,6,0.010000,0.080000,0.840000,0.070000,0.000000,0.120000,0.580000,0.220000,NOTE_HYPOTHESIS,shared_audio_intelligence_v0_2;spectral_peak;owner_supplied_audio
BE-003:pitch:05712,BE-003:onset:1248,215.248980,923.248980,365.464286,92,2.464286,37.1709,C#2,69.9829,0.139320,1.000000,0.849006,0.850000,0.760000,,0.506981,2216.117,6,1,0.760000,0.180000,0.010000,0.050000,0.480000,0.320000,0.000000,0.000000,NOTE_HYPOTHESIS,shared_audio_intelligence_v0_2;spectral_peak;owner_supplied_audio
BE-003:pitch:05713,BE-003:onset:1248,215.248980,923.248980,365.464286,92,2.464286,49.8242,D3,145.3491,0.116100,1.000000,0.849006,0.850000,0.550000,,0.506981,2216.117,6,2,0.550000,0.350000,0.030000,0.070000,0.480000,0.320000,0.000000,0.000000,NOTE_HYPOTHESIS,shared_audio_intelligence_v0_2;spectral_peak;owner_supplied_audio
BE-003:pitch:05714,BE-003:onset:1248,215.248980,923.248980,365.464286,92,2.464286,63.9344,E4,328.3813,0.185760,1.000000,0.849006,0.850000,0.520000,,0.506981,2216.117,6,3,0.250000,0.520000,0.150000,0.080000,0.000000,0.450000,0.250000,0.200000,NOTE_HYPOTHESIS,shared_audio_intelligence_v0_2;spectral_peak;owner_supplied_audio
BE-003:pitch:05715,BE-003:onset:1248,215.248980,923.248980,365.464286,92,2.464286,44.6287,A2,107.6660,1.416417,0.940491,0.849006,0.820246,0.760000,,0.506981,2216.117,6,4,0.760000,0.180000,0.010000,0.050000,0.480000,0.320000,0.000000,0.000000,NOTE_HYPOTHESIS,shared_audio_intelligence_v0_2;spectral_peak;owner_supplied_audio
BE-003:pitch:05716,BE-003:onset:1248,215.248980,923.248980,365.464286,92,2.464286,67.0435,G4,392.9810,0.162540,0.933202,0.849006,0.816601,0.580000,,0.506981,2216.117,6,5,0.050000,0.300000,0.580000,0.070000,0.000000,0.450000,0.250000,0.200000,NOTE_HYPOTHESIS,shared_audio_intelligence_v0_2;spectral_peak;owner_supplied_audio
BE-003:pitch:05717,BE-003:onset:1248,215.248980,923.248980,365.464286,92,2.464286,42.8047,G2,96.8994,1.532517,0.931033,0.849006,0.815516,0.760000,,0.506981,2216.117,6,6,0.760000,0.180000,0.010000,0.050000,0.480000,0.320000,0.000000,0.000000,NOTE_HYPOTHESIS,shared_audio_intelligence_v0_2;spectral_peak;owner_supplied_audio
BE-003:pitch:05718,BE-003:onset:1249,215.365079,923.365079,365.642857,92,2.642857,42.8047,G2,96.8994,0.301859,1.000000,0.765182,0.850000,0.760000,,0.650788,1764.852,3,1,0.760000,0.180000,0.010000,0.050000,0.480000,0.320000,0.000000,0.000000,NOTE_HYPOTHESIS,shared_audio_intelligence_v0_2;spectral_peak;owner_supplied_audio
BE-003:pitch:05719,BE-003:onset:1249,215.365079,923.365079,365.642857,92,2.642857,69.8808,A#4,462.9639,0.232200,1.000000,0.765182,0.850000,0.580000,,0.650788,1764.852,3,2,0.050000,0.300000,0.580000,0.070000,0.000000,0.450000,0.250000,0.200000,NOTE_HYPOTHESIS,shared_audio_intelligence_v0_2;spectral_peak;owner_supplied_audio
BE-003:pitch:05720,BE-003:onset:1249,215.365079,923.365079,365.642857,92,2.642857,81.8808,A#5,925.9277,0.162540,1.000000,0.765182,0.850000,0.840000,,0.650788,1764.852,3,3,0.010000,0.080000,0.840000,0.070000,0.000000,0.120000,0.580000,0.220000,NOTE_HYPOTHESIS,shared_audio_intelligence_v0_2;spectral_peak;owner_supplied_audio
BE-003:pitch:05721,BE-003:onset:1250,215.527619,923.527619,365.892857,92,2.892857,42.8047,G2,96.8994,0.162540,1.000000,0.633132,0.850000,0.760000,,0.553831,2425.710,5,1,0.760000,0.180000,0.010000,0.050000,0.480000,0.320000,0.000000,0.000000,NOTE_HYPOTHESIS,shared_audio_intelligence_v0_2;spectral_peak;owner_supplied_audio
BE-003:pitch:05722,BE-003:onset:1250,215.527619,923.527619,365.892857,92,2.892857,65.8151,F#4,366.0645,0.325079,1.000000,0.633132,0.850000,0.580000,,0.553831,2425.710,5,2,0.050000,0.300000,0.580000,0.070000,0.000000,0.450000,0.250000,0.200000,NOTE_HYPOTHESIS,shared_audio_intelligence_v0_2;spectral_peak;owner_supplied_audio
BE-003:pitch:05723,BE-003:onset:1250,215.527619,923.527619,365.892857,92,2.892857,77.9420,F#5,737.5122,0.232200,1.000000,0.633132,0.850000,0.840000,,0.553831,2425.710,5,3,0.010000,0.080000,0.840000,0.070000,0.000000,0.120000,0.580000,0.220000,NOTE_HYPOTHESIS,shared_audio_intelligence_v0_2;spectral_peak;owner_supplied_audio
BE-003:pitch:05724,BE-003:onset:1250,215.527619,923.527619,365.892857,92,2.892857,69.8808,A#4,462.9639,0.092880,1.000000,0.633132,0.850000,0.580000,,0.553831,2425.710,5,4,0.050000,0.300000,0.580000,0.070000,0.000000,0.450000,0.250000,0.200000,NOTE_HYPOTHESIS,shared_audio_intelligence_v0_2;spectral_peak;owner_supplied_audio
BE-003:pitch:05725,BE-003:onset:1250,215.527619,923.527619,365.892857,92,2.892857,54.8047,G3,193.7988,0.162540,0.939037,0.633132,0.819519,0.550000,,0.553831,2425.710,5,5,0.550000,0.350000,0.030000,0.070000,0.480000,0.320000,0.000000,0.000000,NOTE_HYPOTHESIS,shared_audio_intelligence_v0_2;spectral_peak;owner_supplied_audio
BE-003:pitch:05726,BE-003:onset:1251,215.620499,923.620499,366.038462,92,3.038462,45.4734,A2,113.0493,0.232200,1.000000,0.750438,0.850000,0.550000,,0.595238,2480.671,6,1,0.550000,0.350000,0.030000,0.070000,0.480000,0.320000,0.000000,0.000000,NOTE_HYPOTHESIS,shared_audio_intelligence_v0_2;spectral_peak;owner_supplied_audio
BE-003:pitch:05727,BE-003:onset:1251,215.620499,923.620499,366.038462,92,3.038462,43.7407,G#2,102.2827,0.116100,1.000000,0.750438,0.850000,0.760000,,0.595238,2480.671,6,2,0.760000,0.180000,0.010000,0.050000,0.480000,0.320000,0.000000,0.000000,NOTE_HYPOTHESIS,shared_audio_intelligence_v0_2;spectral_peak;owner_supplied_audio
BE-003:pitch:05728,BE-003:onset:1251,215.620499,923.620499,366.038462,92,3.038462,65.8151,F#4,366.0645,0.208980,1.000000,0.750438,0.850000,0.580000,,0.595238,2480.671,6,3,0.050000,0.300000,0.580000,0.070000,0.000000,0.450000,0.250000,0.200000,NOTE_HYPOTHESIS,shared_audio_intelligence_v0_2;spectral_peak;owner_supplied_audio
BE-003:pitch:05729,BE-003:onset:1251,215.620499,923.620499,366.038462,92,3.038462,67.0435,G4,392.9810,0.394739,1.000000,0.750438,0.850000,0.580000,,0.595238,2480.671,6,4,0.050000,0.300000,0.580000,0.070000,0.000000,0.450000,0.250000,0.200000,NOTE_HYPOTHESIS,shared_audio_intelligence_v0_2;spectral_peak;owner_supplied_audio
BE-003:pitch:05730,BE-003:onset:1251,215.620499,923.620499,366.038462,92,3.038462,77.9420,F#5,737.5122,0.139320,1.000000,0.750438,0.850000,0.840000,,0.595238,2480.671,6,5,0.010000,0.080000,0.840000,0.070000,0.000000,0.120000,0.580000,0.220000,NOTE_HYPOTHESIS,shared_audio_intelligence_v0_2;spectral_peak;owner_supplied_audio
BE-003:pitch:05731,BE-003:onset:1251,215.620499,923.620499,366.038462,92,3.038462,78.8047,G5,775.1953,0.208980,0.990304,0.750438,0.845152,0.840000,,0.595238,2480.671,6,6,0.010000,0.080000,0.840000,0.070000,0.000000,0.120000,0.580000,0.220000,NOTE_HYPOTHESIS,shared_audio_intelligence_v0_2;spectral_peak;owner_supplied_audio
BE-003:pitch:05732,BE-003:onset:1252,215.899138,923.899138,366.500000,92,3.500000,57.4734,A3,226.0986,0.603719,1.000000,1.000000,0.850000,0.520000,,0.877623,1295.688,2,1,0.250000,0.520000,0.150000,0.080000,0.000000,0.450000,0.250000,0.200000,NOTE_HYPOTHESIS,shared_audio_intelligence_v0_2;spectral_peak;owner_supplied_audio
BE-003:pitch:05733,BE-003:onset:1252,215.899138,923.899138,366.500000,92,3.500000,42.8047,G2,96.8994,0.441179,1.000000,1.000000,0.850000,0.760000,,0.877623,1295.688,2,2,0.760000,0.180000,0.010000,0.050000,0.480000,0.320000,0.000000,0.000000,NOTE_HYPOTHESIS,shared_audio_intelligence_v0_2;spectral_peak;owner_supplied_audio
BE-003:pitch:05734,BE-003:onset:1253,216.131338,924.131338,366.884615,92,3.884615,57.4734,A3,226.0986,0.417959,1.000000,0.619584,0.850000,0.520000,,0.649448,1501.813,6,1,0.250000,0.520000,0.150000,0.080000,0.000000,0.450000,0.250000,0.200000,NOTE_HYPOTHESIS,shared_audio_intelligence_v0_2;spectral_peak;owner_supplied_audio
BE-003:pitch:05735,BE-003:onset:1253,216.131338,924.131338,366.884615,92,3.884615,63.9344,E4,328.3813,0.069660,1.000000,0.619584,0.850000,0.520000,,0.649448,1501.813,6,2,0.250000,0.520000,0.150000,0.080000,0.000000,0.450000,0.250000,0.200000,NOTE_HYPOTHESIS,shared_audio_intelligence_v0_2;spectral_peak;owner_supplied_audio
BE-003:pitch:05736,BE-003:onset:1253,216.131338,924.131338,366.884615,92,3.884615,48.4919,C3,134.5825,0.626939,1.000000,0.619584,0.850000,0.550000,,0.649448,1501.813,6,3,0.550000,0.350000,0.030000,0.070000,0.480000,0.320000,0.000000,0.000000,NOTE_HYPOTHESIS,shared_audio_intelligence_v0_2;spectral_peak;owner_supplied_audio
BE-003:pitch:05737,BE-003:onset:1253,216.131338,924.131338,366.884615,92,3.884615,66.3170,F#4,376.8311,0.325079,1.000000,0.619584,0.850000,0.580000,,0.649448,1501.813,6,4,0.050000,0.300000,0.580000,0.070000,0.000000,0.450000,0.250000,0.200000,NOTE_HYPOTHESIS,shared_audio_intelligence_v0_2;spectral_peak;owner_supplied_audio
BE-003:pitch:05738,BE-003:onset:1253,216.131338,924.131338,366.884615,92,3.884615,56.1904,G#3,209.9487,0.371519,0.950115,0.619584,0.825058,0.520000,,0.649448,1501.813,6,5,0.250000,0.520000,0.150000,0.080000,0.000000,0.450000,0.250000,0.200000,NOTE_HYPOTHESIS,shared_audio_intelligence_v0_2;spectral_peak;owner_supplied_audio
BE-003:pitch:05739,BE-003:onset:1253,216.131338,924.131338,366.884615,92,3.884615,42.8047,G2,96.8994,1.300317,0.902902,0.619584,0.801451,0.760000,,0.649448,1501.813,6,6,0.760000,0.180000,0.010000,0.050000,0.480000,0.320000,0.000000,0.000000,NOTE_HYPOTHESIS,shared_audio_intelligence_v0_2;spectral_peak;owner_supplied_audio
BE-003:pitch:05740,BE-003:onset:1254,216.340317,924.340317,367.240000,92,4.240000,57.8808,A#3,231.4819,0.185760,1.000000,0.642260,0.850000,0.520000,,0.763266,1188.254,5,1,0.250000,0.520000,0.150000,0.080000,0.000000,0.450000,0.250000,0.200000,NOTE_HYPOTHESIS,shared_audio_intelligence_v0_2;spectral_peak;owner_supplied_audio
BE-003:pitch:05741,BE-003:onset:1254,216.340317,924.340317,367.240000,92,4.240000,56.6287,A3,215.3320,0.208980,1.000000,0.642260,0.850000,0.520000,,0.763266,1188.254,5,2,0.250000,0.520000,0.150000,0.080000,0.000000,0.450000,0.250000,0.200000,NOTE_HYPOTHESIS,shared_audio_intelligence_v0_2;spectral_peak;owner_supplied_audio
BE-003:pitch:05742,BE-003:onset:1254,216.340317,924.340317,367.240000,92,4.240000,73.0036,C#5,554.4800,0.301859,1.000000,0.642260,0.850000,0.580000,,0.763266,1188.254,5,3,0.050000,0.300000,0.580000,0.070000,0.000000,0.120000,0.580000,0.220000,NOTE_HYPOTHESIS,shared_audio_intelligence_v0_2;spectral_peak;owner_supplied_audio
BE-003:pitch:05743,BE-003:onset:1254,216.340317,924.340317,367.240000,92,4.240000,49.1709,C#3,139.9658,0.464399,1.000000,0.642260,0.850000,0.550000,,0.763266,1188.254,5,4,0.550000,0.350000,0.030000,0.070000,0.480000,0.320000,0.000000,0.000000,NOTE_HYPOTHESIS,shared_audio_intelligence_v0_2;spectral_peak;owner_supplied_audio
BE-003:pitch:05744,BE-003:onset:1254,216.340317,924.340317,367.240000,92,4.240000,61.1709,C#4,279.9316,0.301859,0.954713,0.642260,0.827356,0.520000,,0.763266,1188.254,5,5,0.250000,0.520000,0.150000,0.080000,0.000000,0.450000,0.250000,0.200000,NOTE_HYPOTHESIS,shared_audio_intelligence_v0_2;spectral_peak;owner_supplied_audio
BE-003:pitch:05745,BE-003:onset:1255,216.386757,924.386757,367.320000,92,4.320000,57.4734,A3,226.0986,0.139320,1.000000,0.704501,0.850000,0.520000,,0.865615,1342.977,4,1,0.250000,0.520000,0.150000,0.080000,0.000000,0.450000,0.250000,0.200000,NOTE_HYPOTHESIS,shared_audio_intelligence_v0_2;spectral_peak;owner_supplied_audio
BE-003:pitch:05746,BE-003:onset:1255,216.386757,924.386757,367.320000,92,4.320000,72.8347,C#5,549.0967,0.208980,1.000000,0.704501,0.850000,0.580000,,0.865615,1342.977,4,2,0.050000,0.300000,0.580000,0.070000,0.000000,0.120000,0.580000,0.220000,NOTE_HYPOTHESIS,shared_audio_intelligence_v0_2;spectral_peak;owner_supplied_audio
BE-003:pitch:05747,BE-003:onset:1255,216.386757,924.386757,367.320000,92,4.320000,60.8347,C#4,274.5483,0.208980,1.000000,0.704501,0.850000,0.520000,,0.865615,1342.977,4,3,0.250000,0.520000,0.150000,0.080000,0.000000,0.450000,0.250000,0.200000,NOTE_HYPOTHESIS,shared_audio_intelligence_v0_2;spectral_peak;owner_supplied_audio
BE-003:pitch:05748,BE-003:onset:1255,216.386757,924.386757,367.320000,92,4.320000,49.1709,C#3,139.9658,0.464399,0.961930,0.704501,0.830965,0.550000,,0.865615,1342.977,4,4,0.550000,0.350000,0.030000,0.070000,0.480000,0.320000,0.000000,0.000000,NOTE_HYPOTHESIS,shared_audio_intelligence_v0_2;spectral_peak;owner_supplied_audio
BE-003:pitch:05749,BE-003:onset:1256,216.526077,924.526077,367.560000,92,4.560000,73.0036,C#5,554.4800,0.092880,1.000000,0.698364,0.850000,0.580000,,0.656084,1907.414,6,1,0.050000,0.300000,0.580000,0.070000,0.000000,0.120000,0.580000,0.220000,NOTE_HYPOTHESIS,shared_audio_intelligence_v0_2;spectral_peak;owner_supplied_audio
BE-003:pitch:05750,BE-003:onset:1256,216.526077,924.526077,367.560000,92,4.560000,49.8242,D3,145.3491,0.255420,1.000000,0.698364,0.850000,0.550000,,0.656084,1907.414,6,2,0.550000,0.350000,0.030000,0.070000,0.480000,0.320000,0.000000,0.000000,NOTE_HYPOTHESIS,shared_audio_intelligence_v0_2;spectral_peak;owner_supplied_audio
BE-003:pitch:05751,BE-003:onset:1256,216.526077,924.526077,367.560000,92,4.560000,79.8542,G#5,823.6450,0.139320,1.000000,0.698364,0.850000,0.840000,,0.656084,1907.414,6,3,0.010000,0.080000,0.840000,0.070000,0.000000,0.120000,0.580000,0.220000,NOTE_HYPOTHESIS,shared_audio_intelligence_v0_2;spectral_peak;owner_supplied_audio
BE-003:pitch:05752,BE-003:onset:1256,216.526077,924.526077,367.560000,92,4.560000,42.8047,G2,96.8994,0.139320,1.000000,0.698364,0.850000,0.760000,,0.656084,1907.414,6,4,0.760000,0.180000,0.010000,0.050000,0.480000,0.320000,0.000000,0.000000,NOTE_HYPOTHESIS,shared_audio_intelligence_v0_2;spectral_peak;owner_supplied_audio
BE-003:pitch:05753,BE-003:onset:1256,216.526077,924.526077,367.560000,92,4.560000,60.8347,C#4,274.5483,0.092880,1.000000,0.698364,0.850000,0.520000,,0.656084,1907.414,6,5,0.250000,0.520000,0.150000,0.080000,0.000000,0.450000,0.250000,0.200000,NOTE_HYPOTHESIS,shared_audio_intelligence_v0_2;spectral_peak;owner_supplied_audio
BE-003:pitch:05754,BE-003:onset:1256,216.526077,924.526077,367.560000,92,4.560000,57.4734,A3,226.0986,0.092880,0.977052,0.698364,0.838526,0.520000,,0.656084,1907.414,6,6,0.250000,0.520000,0.150000,0.080000,0.000000,0.450000,0.250000,0.200000,NOTE_HYPOTHESIS,shared_audio_intelligence_v0_2;spectral_peak;owner_supplied_audio
BE-003:pitch:05755,BE-003:onset:1257,216.781497,924.781497,368.000000,93,1.000000,80.9503,A5,877.4780,0.162540,1.000000,1.000000,0.850000,0.840000,,1.000000,1769.056,3,1,0.010000,0.080000,0.840000,0.070000,0.000000,0.120000,0.580000,0.220000,NOTE_HYPOTHESIS,shared_audio_intelligence_v0_2;spectral_peak;owner_supplied_audio
BE-003:pitch:05756,BE-003:onset:1257,216.781497,924.781497,368.000000,93,1.000000,63.0613,D#4,312.2314,0.162540,1.000000,1.000000,0.850000,0.520000,,1.000000,1769.056,3,2,0.250000,0.520000,0.150000,0.080000,0.000000,0.450000,0.250000,0.200000,NOTE_HYPOTHESIS,shared_audio_intelligence_v0_2;spectral_peak;owner_supplied_audio
BE-003:pitch:05757,BE-003:onset:1257,216.781497,924.781497,368.000000,93,1.000000,93.0033,A6,1760.3394,0.162540,1.000000,1.000000,0.850000,0.840000,,1.000000,1769.056,3,3,0.010000,0.080000,0.840000,0.070000,0.000000,0.120000,0.580000,0.220000,NOTE_HYPOTHESIS,shared_audio_intelligence_v0_2;spectral_peak;owner_supplied_audio
BE-003:pitch:05758,BE-003:onset:1258,216.967256,924.967256,368.333333,93,1.333333,64.7656,F4,344.5312,0.255420,1.000000,1.000000,0.850000,0.580000,,1.000000,1374.289,4,1,0.050000,0.300000,0.580000,0.070000,0.000000,0.450000,0.250000,0.200000,NOTE_HYPOTHESIS,shared_audio_intelligence_v0_2;spectral_peak;owner_supplied_audio
BE-003:pitch:05759,BE-003:onset:1258,216.967256,924.967256,368.333333,93,1.333333,72.8347,C#5,549.0967,0.232200,1.000000,1.000000,0.850000,0.580000,,1.000000,1374.289,4,2,0.050000,0.300000,0.580000,0.070000,0.000000,0.120000,0.580000,0.220000,NOTE_HYPOTHESIS,shared_audio_intelligence_v0_2;spectral_peak;owner_supplied_audio
BE-003:pitch:05760,BE-003:onset:1258,216.967256,924.967256,368.333333,93,1.333333,78.9245,G5,780.5786,0.626939,0.889571,1.000000,0.794785,0.840000,,1.000000,1374.289,4,3,0.010000,0.080000,0.840000,0.070000,0.000000,0.120000,0.580000,0.220000,NOTE_HYPOTHESIS,shared_audio_intelligence_v0_2;spectral_peak;owner_supplied_audio
BE-003:pitch:05761,BE-003:onset:1258,216.967256,924.967256,368.333333,93,1.333333,51.0613,D#3,156.1157,0.162540,0.866131,1.000000,0.783066,0.550000,,1.000000,1374.289,4,4,0.550000,0.350000,0.030000,0.070000,0.480000,0.320000,0.000000,0.000000,NOTE_HYPOTHESIS,shared_audio_intelligence_v0_2;spectral_peak;owner_supplied_audio
BE-003:pitch:05762,BE-003:onset:1259,217.245896,925.245896,368.833333,93,1.833333,80.9503,A5,877.4780,0.116100,1.000000,0.812910,0.850000,0.840000,,0.666607,2061.312,4,1,0.010000,0.080000,0.840000,0.070000,0.000000,0.120000,0.580000,0.220000,NOTE_HYPOTHESIS,shared_audio_intelligence_v0_2;spectral_peak;owner_supplied_audio
BE-003:pitch:05763,BE-003:onset:1259,217.245896,925.245896,368.833333,93,1.833333,78.9245,G5,780.5786,0.255420,1.000000,0.812910,0.850000,0.840000,,0.666607,2061.312,4,2,0.010000,0.080000,0.840000,0.070000,0.000000,0.120000,0.580000,0.220000,NOTE_HYPOTHESIS,shared_audio_intelligence_v0_2;spectral_peak;owner_supplied_audio
BE-003:pitch:05764,BE-003:onset:1259,217.245896,925.245896,368.833333,93,1.833333,93.0033,A6,1760.3394,0.116100,0.919351,0.812910,0.809676,0.840000,,0.666607,2061.312,4,3,0.010000,0.080000,0.840000,0.070000,0.000000,0.120000,0.580000,0.220000,NOTE_HYPOTHESIS,shared_audio_intelligence_v0_2;spectral_peak;owner_supplied_audio
BE-003:pitch:05765,BE-003:onset:1259,217.245896,925.245896,368.833333,93,1.833333,68.8438,A4,436.0474,0.092880,0.889241,0.812910,0.794621,0.580000,,0.666607,2061.312,4,4,0.050000,0.300000,0.580000,0.070000,0.000000,0.450000,0.250000,0.200000,NOTE_HYPOTHESIS,shared_audio_intelligence_v0_2;spectral_peak;owner_supplied_audio
BE-003:pitch:05766,BE-003:onset:1260,217.338776,925.338776,369.000000,93,2.000000,65.0340,F4,349.9146,0.301859,1.000000,0.911656,0.850000,0.580000,,0.900985,2021.599,6,1,0.050000,0.300000,0.580000,0.070000,0.000000,0.450000,0.250000,0.200000,NOTE_HYPOTHESIS,shared_audio_intelligence_v0_2;spectral_peak;owner_supplied_audio
BE-003:pitch:05767,BE-003:onset:1260,217.338776,925.338776,369.000000,93,2.000000,78.9245,G5,780.5786,0.185760,1.000000,0.911656,0.850000,0.840000,,0.900985,2021.599,6,2,0.010000,0.080000,0.840000,0.070000,0.000000,0.120000,0.580000,0.220000,NOTE_HYPOTHESIS,shared_audio_intelligence_v0_2;spectral_peak;owner_supplied_audio
BE-003:pitch:05768,BE-003:onset:1260,217.338776,925.338776,369.000000,93,2.000000,80.9503,A5,877.4780,0.046440,1.000000,0.911656,0.850000,0.840000,,0.900985,2021.599,6,3,0.010000,0.080000,0.840000,0.070000,0.000000,0.120000,0.580000,0.220000,NOTE_HYPOTHESIS,shared_audio_intelligence_v0_2;spectral_peak;owner_supplied_audio
BE-003:pitch:05769,BE-003:onset:1260,217.338776,925.338776,369.000000,93,2.000000,72.8347,C#5,549.0967,0.278639,0.986759,0.911656,0.843380,0.580000,,0.900985,2021.599,6,4,0.050000,0.300000,0.580000,0.070000,0.000000,0.120000,0.580000,0.220000,NOTE_HYPOTHESIS,shared_audio_intelligence_v0_2;spectral_peak;owner_supplied_audio
BE-003:pitch:05770,BE-003:onset:1260,217.338776,925.338776,369.000000,93,2.000000,43.7407,G#2,102.2827,0.116100,0.904301,0.911656,0.802151,0.760000,,0.900985,2021.599,6,5,0.760000,0.180000,0.010000,0.050000,0.480000,0.320000,0.000000,0.000000,NOTE_HYPOTHESIS,shared_audio_intelligence_v0_2;spectral_peak;owner_supplied_audio
BE-003:pitch:05771,BE-003:onset:1260,217.338776,925.338776,369.000000,93,2.000000,73.8242,D5,581.3965,0.301859,0.849470,0.911656,0.774735,0.580000,,0.900985,2021.599,6,6,0.050000,0.300000,0.580000,0.070000,0.000000,0.120000,0.580000,0.220000,NOTE_HYPOTHESIS,shared_audio_intelligence_v0_2;spectral_peak;owner_supplied_audio
BE-003:pitch:05772,BE-003:onset:1261,217.385215,925.385215,369.090909,93,2.090909,64.7656,F4,344.5312,0.208980,1.000000,0.949956,0.850000,0.580000,,0.960415,1544.977,4,1,0.050000,0.300000,0.580000,0.070000,0.000000,0.450000,0.250000,0.200000,NOTE_HYPOTHESIS,shared_audio_intelligence_v0_2;spectral_peak;owner_supplied_audio
BE-003:pitch:05773,BE-003:onset:1261,217.385215,925.385215,369.090909,93,2.090909,72.8347,C#5,549.0967,0.185760,1.000000,0.949956,0.850000,0.580000,,0.960415,1544.977,4,2,0.050000,0.300000,0.580000,0.070000,0.000000,0.120000,0.580000,0.220000,NOTE_HYPOTHESIS,shared_audio_intelligence_v0_2;spectral_peak;owner_supplied_audio
BE-003:pitch:05774,BE-003:onset:1261,217.385215,925.385215,369.090909,93,2.090909,73.8242,D5,581.3965,0.232200,1.000000,0.949956,0.850000,0.580000,,0.960415,1544.977,4,3,0.050000,0.300000,0.580000,0.070000,0.000000,0.120000,0.580000,0.220000,NOTE_HYPOTHESIS,shared_audio_intelligence_v0_2;spectral_peak;owner_supplied_audio
BE-003:pitch:05775,BE-003:onset:1261,217.385215,925.385215,369.090909,93,2.090909,78.9245,G5,780.5786,0.162540,0.986374,0.949956,0.843187,0.840000,,0.960415,1544.977,4,4,0.010000,0.080000,0.840000,0.070000,0.000000,0.120000,0.580000,0.220000,NOTE_HYPOTHESIS,shared_audio_intelligence_v0_2;spectral_peak;owner_supplied_audio
BE-003:pitch:05776,BE-003:onset:1262,217.687075,925.687075,369.681818,93,2.681818,81.8808,A#5,925.9277,0.162540,1.000000,0.617306,0.850000,0.840000,,0.683184,2137.946,2,1,0.010000,0.080000,0.840000,0.070000,0.000000,0.120000,0.580000,0.220000,NOTE_HYPOTHESIS,shared_audio_intelligence_v0_2;spectral_peak;owner_supplied_audio
BE-003:pitch:05777,BE-003:onset:1262,217.687075,925.687075,369.681818,93,2.681818,53.8151,F#3,183.0322,0.557279,0.902832,0.617306,0.801416,0.550000,,0.683184,2137.946,2,2,0.550000,0.350000,0.030000,0.070000,0.480000,0.320000,0.000000,0.000000,NOTE_HYPOTHESIS,shared_audio_intelligence_v0_2;spectral_peak;owner_supplied_audio
BE-003:pitch:05778,BE-003:onset:1263,217.849615,925.849615,370.000000,93,3.000000,81.9811,A#5,931.3110,0.116100,0.945985,0.725304,0.822992,0.840000,,0.434336,2721.391,6,1,0.010000,0.080000,0.840000,0.070000,0.000000,0.120000,0.580000,0.220000,NOTE_HYPOTHESIS,shared_audio_intelligence_v0_2;spectral_peak;owner_supplied_audio
BE-003:pitch:05779,BE-003:onset:1263,217.849615,925.849615,370.000000,93,3.000000,54.3170,F#3,188.4155,0.417959,0.896460,0.725304,0.798230,0.501984,,0.434336,2721.391,6,2,0.501984,0.319444,0.029762,0.148810,0.480000,0.320000,0.000000,0.000000,NOTE_HYPOTHESIS,shared_audio_intelligence_v0_2;spectral_peak;owner_supplied_audio
BE-003:pitch:05780,BE-003:onset:1263,217.849615,925.849615,370.000000,93,3.000000,56.6287,A3,215.3320,0.534059,0.835522,0.725304,0.767761,0.469756,,0.434336,2721.391,6,3,0.225844,0.469756,0.147290,0.157109,0.000000,0.450000,0.250000,0.200000,NOTE_HYPOTHESIS,shared_audio_intelligence_v0_2;spectral_peak;owner_supplied_audio
BE-003:pitch:05781,BE-003:onset:1263,217.849615,925.849615,370.000000,93,3.000000,55.7407,G#3,204.5654,0.417959,0.832653,0.725304,0.766326,0.469756,,0.434336,2721.391,6,4,0.225844,0.469756,0.147290,0.157109,0.000000,0.450000,0.250000,0.200000,NOTE_HYPOTHESIS,shared_audio_intelligence_v0_2;spectral_peak;owner_supplied_audio
BE-003:pitch:05782,BE-003:onset:1263,217.849615,925.849615,370.000000,93,3.000000,93.9310,A#6,1857.2388,0.185760,0.773056,0.725304,0.736528,0.840000,,0.434336,2721.391,6,5,0.010000,0.080000,0.840000,0.070000,0.000000,0.120000,0.580000,0.220000,NOTE_HYPOTHESIS,shared_audio_intelligence_v0_2;spectral_peak;owner_supplied_audio
BE-003:pitch:05783,BE-003:onset:1263,217.849615,925.849615,370.000000,93,3.000000,52.2159,E3,166.8823,0.626939,0.749176,0.725304,0.724588,0.501984,,0.434336,2721.391,6,6,0.501984,0.319444,0.029762,0.148810,0.480000,0.320000,0.000000,0.000000,NOTE_HYPOTHESIS,shared_audio_intelligence_v0_2;spectral_peak;owner_supplied_audio
BE-003:pitch:05784,BE-003:onset:1264,217.942494,925.942494,370.160000,93,3.160000,37.1709,C#2,69.9829,0.975238,1.000000,0.898979,0.850000,0.760000,,0.629052,1569.114,6,1,0.760000,0.180000,0.010000,0.050000,0.480000,0.320000,0.000000,0.000000,NOTE_HYPOTHESIS,shared_audio_intelligence_v0_2;spectral_peak;owner_supplied_audio
BE-003:pitch:05785,BE-003:onset:1264,217.942494,925.942494,370.160000,93,3.160000,64.7656,F4,344.5312,0.162540,1.000000,0.898979,0.850000,0.580000,,0.629052,1569.114,6,2,0.050000,0.300000,0.580000,0.070000,0.000000,0.450000,0.250000,0.200000,NOTE_HYPOTHESIS,shared_audio_intelligence_v0_2;spectral_peak;owner_supplied_audio
BE-003:pitch:05786,BE-003:onset:1264,217.942494,925.942494,370.160000,93,3.160000,49.8242,D3,145.3491,1.114558,0.986900,0.898979,0.843450,0.550000,,0.629052,1569.114,6,3,0.550000,0.350000,0.030000,0.070000,0.480000,0.320000,0.000000,0.000000,NOTE_HYPOTHESIS,shared_audio_intelligence_v0_2;spectral_peak;owner_supplied_audio
BE-003:pitch:05787,BE-003:onset:1264,217.942494,925.942494,370.160000,93,3.160000,71.7851,C5,516.7969,0.139320,0.883919,0.898979,0.791959,0.580000,,0.629052,1569.114,6,4,0.050000,0.300000,0.580000,0.070000,0.000000,0.120000,0.580000,0.220000,NOTE_HYPOTHESIS,shared_audio_intelligence_v0_2;spectral_peak;owner_supplied_audio
BE-003:pitch:05788,BE-003:onset:1264,217.942494,925.942494,370.160000,93,3.160000,65.8151,F#4,366.0645,0.255420,0.810677,0.898979,0.755339,0.580000,,0.629052,1569.114,6,5,0.050000,0.300000,0.580000,0.070000,0.000000,0.450000,0.250000,0.200000,NOTE_HYPOTHESIS,shared_audio_intelligence_v0_2;spectral_peak;owner_supplied_audio
BE-003:pitch:05789,BE-003:onset:1264,217.942494,925.942494,370.160000,93,3.160000,76.9003,F5,694.4458,0.162540,0.803086,0.898979,0.751543,0.840000,,0.629052,1569.114,6,6,0.010000,0.080000,0.840000,0.070000,0.000000,0.120000,0.580000,0.220000,NOTE_HYPOTHESIS,shared_audio_intelligence_v0_2;spectral_peak;owner_supplied_audio
BE-003:pitch:05790,BE-003:onset:1265,218.105034,926.105034,370.440000,93,3.440000,37.1709,C#2,69.9829,0.835918,1.000000,0.776544,0.850000,0.760000,,0.525699,2327.402,6,1,0.760000,0.180000,0.010000,0.050000,0.480000,0.320000,0.000000,0.000000,NOTE_HYPOTHESIS,shared_audio_intelligence_v0_2;spectral_peak;owner_supplied_audio
BE-003:pitch:05791,BE-003:onset:1265,218.105034,926.105034,370.440000,93,3.440000,49.8242,D3,145.3491,0.928798,1.000000,0.776544,0.850000,0.550000,,0.525699,2327.402,6,2,0.550000,0.350000,0.030000,0.070000,0.480000,0.320000,0.000000,0.000000,NOTE_HYPOTHESIS,shared_audio_intelligence_v0_2;spectral_peak;owner_supplied_audio
BE-003:pitch:05792,BE-003:onset:1265,218.105034,926.105034,370.440000,93,3.440000,56.1904,G#3,209.9487,0.116100,1.000000,0.776544,0.850000,0.520000,,0.525699,2327.402,6,3,0.250000,0.520000,0.150000,0.080000,0.000000,0.450000,0.250000,0.200000,NOTE_HYPOTHESIS,shared_audio_intelligence_v0_2;spectral_peak;owner_supplied_audio
BE-003:pitch:05793,BE-003:onset:1265,218.105034,926.105034,370.440000,93,3.440000,54.3170,F#3,188.4155,0.208980,0.823432,0.776544,0.761716,0.550000,,0.525699,2327.402,6,4,0.550000,0.350000,0.030000,0.070000,0.480000,0.320000,0.000000,0.000000,NOTE_HYPOTHESIS,shared_audio_intelligence_v0_2;spectral_peak;owner_supplied_audio
BE-003:pitch:05794,BE-003:onset:1265,218.105034,926.105034,370.440000,93,3.440000,65.0340,F4,349.9146,0.232200,0.794440,0.776544,0.747220,0.580000,,0.525699,2327.402,6,5,0.050000,0.300000,0.580000,0.070000,0.000000,0.450000,0.250000,0.200000,NOTE_HYPOTHESIS,shared_audio_intelligence_v0_2;spectral_peak;owner_supplied_audio
BE-003:pitch:05795,BE-003:onset:1265,218.105034,926.105034,370.440000,93,3.440000,52.7656,F3,172.2656,0.348299,0.782228,0.776544,0.741114,0.550000,,0.525699,2327.402,6,6,0.550000,0.350000,0.030000,0.070000,0.480000,0.320000,0.000000,0.000000,NOTE_HYPOTHESIS,shared_audio_intelligence_v0_2;spectral_peak;owner_supplied_audio
BE-003:pitch:05796,BE-003:onset:1266,218.430113,926.430113,371.000000,93,4.000000,80.9503,A5,877.4780,0.185760,1.000000,0.949571,0.850000,0.840000,,1.000000,1819.070,6,1,0.010000,0.080000,0.840000,0.070000,0.000000,0.120000,0.580000,0.220000,NOTE_HYPOTHESIS,shared_audio_intelligence_v0_2;spectral_peak;owner_supplied_audio
BE-003:pitch:05797,BE-003:onset:1266,218.430113,926.430113,371.000000,93,4.000000,32.6287,A1,53.8330,0.278639,1.000000,0.949571,0.850000,0.760000,,1.000000,1819.070,6,2,0.760000,0.180000,0.010000,0.050000,0.480000,0.320000,0.000000,0.000000,NOTE_HYPOTHESIS,shared_audio_intelligence_v0_2;spectral_peak;owner_supplied_audio
BE-003:pitch:05798,BE-003:onset:1266,218.430113,926.430113,371.000000,93,4.000000,44.6287,A2,107.6660,0.116100,1.000000,0.949571,0.850000,0.760000,,1.000000,1819.070,6,3,0.760000,0.180000,0.010000,0.050000,0.480000,0.320000,0.000000,0.000000,NOTE_HYPOTHESIS,shared_audio_intelligence_v0_2;spectral_peak;owner_supplied_audio
BE-003:pitch:05799,BE-003:onset:1266,218.430113,926.430113,371.000000,93,4.000000,93.0033,A6,1760.3394,0.162540,1.000000,0.949571,0.850000,0.840000,,1.000000,1819.070,6,4,0.010000,0.080000,0.840000,0.070000,0.000000,0.120000,0.580000,0.220000,NOTE_HYPOTHESIS,shared_audio_intelligence_v0_2;spectral_peak;owner_supplied_audio
BE-003:pitch:05800,BE-003:onset:1266,218.430113,926.430113,371.000000,93,4.000000,64.7656,F4,344.5312,0.232200,1.000000,0.949571,0.850000,0.580000,,1.000000,1819.070,6,5,0.050000,0.300000,0.580000,0.070000,0.000000,0.450000,0.250000,0.200000,NOTE_HYPOTHESIS,shared_audio_intelligence_v0_2;spectral_peak;owner_supplied_audio
BE-003:pitch:05801,BE-003:onset:1266,218.430113,926.430113,371.000000,93,4.000000,37.1709,C#2,69.9829,0.557279,0.994381,0.949571,0.847190,0.760000,,1.000000,1819.070,6,6,0.760000,0.180000,0.010000,0.050000,0.480000,0.320000,0.000000,0.000000,NOTE_HYPOTHESIS,shared_audio_intelligence_v0_2;spectral_peak;owner_supplied_audio
BE-003:pitch:05802,BE-003:onset:1267,218.639093,926.639093,371.375000,93,4.375000,77.9420,F#5,737.5122,0.092880,1.000000,0.617767,0.850000,0.840000,,0.611356,1874.194,5,1,0.010000,0.080000,0.840000,0.070000,0.000000,0.120000,0.580000,0.220000,NOTE_HYPOTHESIS,shared_audio_intelligence_v0_2;spectral_peak;owner_supplied_audio
BE-003:pitch:05803,BE-003:onset:1267,218.639093,926.639093,371.375000,93,4.375000,49.8242,D3,145.3491,0.162540,1.000000,0.617767,0.850000,0.550000,,0.611356,1874.194,5,2,0.550000,0.350000,0.030000,0.070000,0.480000,0.320000,0.000000,0.000000,NOTE_HYPOTHESIS,shared_audio_intelligence_v0_2;spectral_peak;owner_supplied_audio
BE-003:pitch:05804,BE-003:onset:1267,218.639093,926.639093,371.375000,93,4.375000,38.4538,D2,75.3662,0.301859,1.000000,0.617767,0.850000,0.760000,,0.611356,1874.194,5,3,0.760000,0.180000,0.010000,0.050000,0.480000,0.320000,0.000000,0.000000,NOTE_HYPOTHESIS,shared_audio_intelligence_v0_2;spectral_peak;owner_supplied_audio
BE-003:pitch:05805,BE-003:onset:1267,218.639093,926.639093,371.375000,93,4.375000,74.9115,D#5,619.0796,0.162540,1.000000,0.617767,0.850000,0.580000,,0.611356,1874.194,5,4,0.050000,0.300000,0.580000,0.070000,0.000000,0.120000,0.580000,0.220000,NOTE_HYPOTHESIS,shared_audio_intelligence_v0_2;spectral_peak;owner_supplied_audio
BE-003:pitch:05806,BE-003:onset:1267,218.639093,926.639093,371.375000,93,4.375000,34.2788,A#1,59.2163,1.509297,0.926708,0.617767,0.813354,0.760000,,0.611356,1874.194,5,5,0.760000,0.180000,0.010000,0.050000,0.480000,0.320000,0.000000,0.000000,NOTE_HYPOTHESIS,shared_audio_intelligence_v0_2;spectral_peak;owner_supplied_audio
BE-003:pitch:05807,BE-003:onset:1268,218.708753,926.708753,371.500000,93,4.500000,37.1709,C#2,69.9829,0.232200,1.000000,0.717342,0.850000,0.760000,,0.559169,2315.066,6,1,0.760000,0.180000,0.010000,0.050000,0.480000,0.320000,0.000000,0.000000,NOTE_HYPOTHESIS,shared_audio_intelligence_v0_2;spectral_peak;owner_supplied_audio
BE-003:pitch:05808,BE-003:onset:1268,218.708753,926.708753,371.500000,93,4.500000,74.9115,D#5,619.0796,0.092880,1.000000,0.717342,0.850000,0.580000,,0.559169,2315.066,6,2,0.050000,0.300000,0.580000,0.070000,0.000000,0.120000,0.580000,0.220000,NOTE_HYPOTHESIS,shared_audio_intelligence_v0_2;spectral_peak;owner_supplied_audio
BE-003:pitch:05809,BE-003:onset:1268,218.708753,926.708753,371.500000,93,4.500000,49.8242,D3,145.3491,0.325079,1.000000,0.717342,0.850000,0.550000,,0.559169,2315.066,6,3,0.550000,0.350000,0.030000,0.070000,0.480000,0.320000,0.000000,0.000000,NOTE_HYPOTHESIS,shared_audio_intelligence_v0_2;spectral_peak;owner_supplied_audio
BE-003:pitch:05810,BE-003:onset:1268,218.708753,926.708753,371.500000,93,4.500000,68.8438,A4,436.0474,0.232200,0.956033,0.717342,0.828016,0.580000,,0.559169,2315.066,6,4,0.050000,0.300000,0.580000,0.070000,0.000000,0.450000,0.250000,0.200000,NOTE_HYPOTHESIS,shared_audio_intelligence_v0_2;spectral_peak;owner_supplied_audio
BE-003:pitch:05811,BE-003:onset:1268,218.708753,926.708753,371.500000,93,4.500000,77.9420,F#5,737.5122,0.069660,0.914024,0.717342,0.807012,0.840000,,0.559169,2315.066,6,5,0.010000,0.080000,0.840000,0.070000,0.000000,0.120000,0.580000,0.220000,NOTE_HYPOTHESIS,shared_audio_intelligence_v0_2;spectral_peak;owner_supplied_audio
BE-003:pitch:05812,BE-003:onset:1268,218.708753,926.708753,371.500000,93,4.500000,62.1419,D4,296.0815,0.255420,0.760310,0.717342,0.730155,0.520000,,0.559169,2315.066,6,6,0.250000,0.520000,0.150000,0.080000,0.000000,0.450000,0.250000,0.200000,NOTE_HYPOTHESIS,shared_audio_intelligence_v0_2;spectral_peak;owner_supplied_audio
BE-003:pitch:05813,BE-003:onset:1269,218.824853,926.824853,371.708333,93,4.708333,80.9503,A5,877.4780,0.139320,1.000000,0.925298,0.850000,0.840000,,0.930185,1683.704,3,1,0.010000,0.080000,0.840000,0.070000,0.000000,0.120000,0.580000,0.220000,NOTE_HYPOTHESIS,shared_audio_intelligence_v0_2;spectral_peak;owner_supplied_audio
BE-003:pitch:05814,BE-003:onset:1269,218.824853,926.824853,371.708333,93,4.708333,41.8151,F#2,91.5161,0.162540,1.000000,0.925298,0.850000,0.760000,,0.930185,1683.704,3,2,0.760000,0.180000,0.010000,0.050000,0.480000,0.320000,0.000000,0.000000,NOTE_HYPOTHESIS,shared_audio_intelligence_v0_2;spectral_peak;owner_supplied_audio
BE-003:pitch:05815,BE-003:onset:1269,218.824853,926.824853,371.708333,93,4.708333,93.0033,A6,1760.3394,0.162540,1.000000,0.925298,0.850000,0.840000,,0.930185,1683.704,3,3,0.010000,0.080000,0.840000,0.070000,0.000000,0.120000,0.580000,0.220000,NOTE_HYPOTHESIS,shared_audio_intelligence_v0_2;spectral_peak;owner_supplied_audio
BE-003:pitch:05816,BE-003:onset:1270,218.987392,926.987392,372.000000,94,1.000000,77.9420,F#5,737.5122,0.139320,1.000000,0.733757,0.850000,0.840000,,0.703383,2106.867,2,1,0.010000,0.080000,0.840000,0.070000,0.000000,0.120000,0.580000,0.220000,NOTE_HYPOTHESIS,shared_audio_intelligence_v0_2;spectral_peak;owner_supplied_audio
BE-003:pitch:05817,BE-003:onset:1270,218.987392,926.987392,372.000000,94,1.000000,52.7656,F3,172.2656,0.650159,0.910996,0.733757,0.805498,0.550000,,0.703383,2106.867,2,2,0.550000,0.350000,0.030000,0.070000,0.480000,0.320000,0.000000,0.000000,NOTE_HYPOTHESIS,shared_audio_intelligence_v0_2;spectral_peak;owner_supplied_audio
BE-003:pitch:05818,BE-003:onset:1271,219.126712,927.126712,372.214286,94,1.214286,78.9245,G5,780.5786,0.139320,1.000000,0.698748,0.850000,0.840000,,0.832043,1925.677,2,1,0.010000,0.080000,0.840000,0.070000,0.000000,0.120000,0.580000,0.220000,NOTE_HYPOTHESIS,shared_audio_intelligence_v0_2;spectral_peak;owner_supplied_audio
BE-003:pitch:05819,BE-003:onset:1271,219.126712,927.126712,372.214286,94,1.214286,34.2788,A#1,59.2163,0.650159,1.000000,0.698748,0.850000,0.760000,,0.832043,1925.677,2,2,0.760000,0.180000,0.010000,0.050000,0.480000,0.320000,0.000000,0.000000,NOTE_HYPOTHESIS,shared_audio_intelligence_v0_2;spectral_peak;owner_supplied_audio
BE-003:pitch:05820,BE-003:onset:1272,219.242812,927.242812,372.392857,94,1.392857,34.2788,A#1,59.2163,0.534059,1.000000,0.613018,0.850000,0.760000,,0.621469,1969.247,6,1,0.760000,0.180000,0.010000,0.050000,0.480000,0.320000,0.000000,0.000000,NOTE_HYPOTHESIS,shared_audio_intelligence_v0_2;spectral_peak;owner_supplied_audio
BE-003:pitch:05821,BE-003:onset:1272,219.242812,927.242812,372.392857,94,1.392857,78.9245,G5,780.5786,0.278639,1.000000,0.613018,0.850000,0.840000,,0.621469,1969.247,6,2,0.010000,0.080000,0.840000,0.070000,0.000000,0.120000,0.580000,0.220000,NOTE_HYPOTHESIS,shared_audio_intelligence_v0_2;spectral_peak;owner_supplied_audio
BE-003:pitch:05822,BE-003:onset:1272,219.242812,927.242812,372.392857,94,1.392857,73.8242,D5,581.3965,0.185760,1.000000,0.613018,0.850000,0.580000,,0.621469,1969.247,6,3,0.050000,0.300000,0.580000,0.070000,0.000000,0.120000,0.580000,0.220000,NOTE_HYPOTHESIS,shared_audio_intelligence_v0_2;spectral_peak;owner_supplied_audio
BE-003:pitch:05823,BE-003:onset:1272,219.242812,927.242812,372.392857,94,1.392857,85.9042,D6,1168.1763,0.278639,0.960786,0.613018,0.830393,0.840000,,0.621469,1969.247,6,4,0.010000,0.080000,0.840000,0.070000,0.000000,0.120000,0.580000,0.220000,NOTE_HYPOTHESIS,shared_audio_intelligence_v0_2;spectral_peak;owner_supplied_audio
BE-003:pitch:05824,BE-003:onset:1272,219.242812,927.242812,372.392857,94,1.392857,46.2788,A#2,118.4326,0.417959,0.937743,0.613018,0.818871,0.550000,,0.621469,1969.247,6,5,0.550000,0.350000,0.030000,0.070000,0.480000,0.320000,0.000000,0.000000,NOTE_HYPOTHESIS,shared_audio_intelligence_v0_2;spectral_peak;owner_supplied_audio
BE-003:pitch:05825,BE-003:onset:1272,219.242812,927.242812,372.392857,94,1.392857,53.2983,F3,177.6489,0.139320,0.886339,0.613018,0.793169,0.550000,,0.621469,1969.247,6,6,0.550000,0.350000,0.030000,0.070000,0.480000,0.320000,0.000000,0.000000,NOTE_HYPOTHESIS,shared_audio_intelligence_v0_2;spectral_peak;owner_supplied_audio
BE-003:pitch:05826,BE-003:onset:1273,219.312472,927.312472,372.500000,94,1.500000,73.8242,D5,581.3965,0.116100,1.000000,0.751427,0.850000,0.580000,,0.601943,2272.113,6,1,0.050000,0.300000,0.580000,0.070000,0.000000,0.120000,0.580000,0.220000,NOTE_HYPOTHESIS,shared_audio_intelligence_v0_2;spectral_peak;owner_supplied_audio
BE-003:pitch:05827,BE-003:onset:1273,219.312472,927.312472,372.500000,94,1.500000,34.2788,A#1,59.2163,0.719819,1.000000,0.751427,0.850000,0.760000,,0.601943,2272.113,6,2,0.760000,0.180000,0.010000,0.050000,0.480000,0.320000,0.000000,0.000000,NOTE_HYPOTHESIS,shared_audio_intelligence_v0_2;spectral_peak;owner_supplied_audio
BE-003:pitch:05828,BE-003:onset:1273,219.312472,927.312472,372.500000,94,1.500000,44.6287,A2,107.6660,0.510839,1.000000,0.751427,0.850000,0.760000,,0.601943,2272.113,6,3,0.760000,0.180000,0.010000,0.050000,0.480000,0.320000,0.000000,0.000000,NOTE_HYPOTHESIS,shared_audio_intelligence_v0_2;spectral_peak;owner_supplied_audio
BE-003:pitch:05829,BE-003:onset:1273,219.312472,927.312472,372.500000,94,1.500000,69.8808,A#4,462.9639,0.255420,0.950587,0.751427,0.825294,0.580000,,0.601943,2272.113,6,4,0.050000,0.300000,0.580000,0.070000,0.000000,0.450000,0.250000,0.200000,NOTE_HYPOTHESIS,shared_audio_intelligence_v0_2;spectral_peak;owner_supplied_audio
BE-003:pitch:05830,BE-003:onset:1273,219.312472,927.312472,372.500000,94,1.500000,85.9042,D6,1168.1763,0.208980,0.933261,0.751427,0.816630,0.840000,,0.601943,2272.113,6,5,0.010000,0.080000,0.840000,0.070000,0.000000,0.120000,0.580000,0.220000,NOTE_HYPOTHESIS,shared_audio_intelligence_v0_2;spectral_peak;owner_supplied_audio
BE-003:pitch:05831,BE-003:onset:1273,219.312472,927.312472,372.500000,94,1.500000,81.8808,A#5,925.9277,0.185760,0.921045,0.751427,0.810523,0.840000,,0.601943,2272.113,6,6,0.010000,0.080000,0.840000,0.070000,0.000000,0.120000,0.580000,0.220000,NOTE_HYPOTHESIS,shared_audio_intelligence_v0_2;spectral_peak;owner_supplied_audio
BE-003:pitch:05832,BE-003:onset:1274,219.382132,927.382132,372.607143,94,1.607143,44.6287,A2,107.6660,0.325079,1.000000,0.637070,0.850000,0.760000,,0.582356,1851.179,6,1,0.760000,0.180000,0.010000,0.050000,0.480000,0.320000,0.000000,0.000000,NOTE_HYPOTHESIS,shared_audio_intelligence_v0_2;spectral_peak;owner_supplied_audio
BE-003:pitch:05833,BE-003:onset:1274,219.382132,927.382132,372.607143,94,1.607143,66.8047,G4,387.5977,0.255420,1.000000,0.637070,0.850000,0.580000,,0.582356,1851.179,6,2,0.050000,0.300000,0.580000,0.070000,0.000000,0.450000,0.250000,0.200000,NOTE_HYPOTHESIS,shared_audio_intelligence_v0_2;spectral_peak;owner_supplied_audio
BE-003:pitch:05834,BE-003:onset:1274,219.382132,927.382132,372.607143,94,1.607143,32.6287,A1,53.8330,0.441179,1.000000,0.637070,0.850000,0.760000,,0.582356,1851.179,6,3,0.760000,0.180000,0.010000,0.050000,0.480000,0.320000,0.000000,0.000000,NOTE_HYPOTHESIS,shared_audio_intelligence_v0_2;spectral_peak;owner_supplied_audio
BE-003:pitch:05835,BE-003:onset:1274,219.382132,927.382132,372.607143,94,1.607143,78.9245,G5,780.5786,0.162540,1.000000,0.637070,0.850000,0.840000,,0.582356,1851.179,6,4,0.010000,0.080000,0.840000,0.070000,0.000000,0.120000,0.580000,0.220000,NOTE_HYPOTHESIS,shared_audio_intelligence_v0_2;spectral_peak;owner_supplied_audio
BE-003:pitch:05836,BE-003:onset:1274,219.382132,927.382132,372.607143,94,1.607143,81.8808,A#5,925.9277,0.092880,1.000000,0.637070,0.850000,0.840000,,0.582356,1851.179,6,5,0.010000,0.080000,0.840000,0.070000,0.000000,0.120000,0.580000,0.220000,NOTE_HYPOTHESIS,shared_audio_intelligence_v0_2;spectral_peak;owner_supplied_audio
BE-003:pitch:05837,BE-003:onset:1274,219.382132,927.382132,372.607143,94,1.607143,69.8808,A#4,462.9639,0.185760,0.976162,0.637070,0.838081,0.580000,,0.582356,1851.179,6,6,0.050000,0.300000,0.580000,0.070000,0.000000,0.450000,0.250000,0.200000,NOTE_HYPOTHESIS,shared_audio_intelligence_v0_2;spectral_peak;owner_supplied_audio
BE-003:pitch:05838,BE-003:onset:1275,219.567891,927.567891,372.892857,94,1.892857,32.6287,A1,53.8330,0.162540,1.000000,0.748378,0.850000,0.760000,,0.544620,2130.110,4,1,0.760000,0.180000,0.010000,0.050000,0.480000,0.320000,0.000000,0.000000,NOTE_HYPOTHESIS,shared_audio_intelligence_v0_2;spectral_peak;owner_supplied_audio
BE-003:pitch:05839,BE-003:onset:1275,219.567891,927.567891,372.892857,94,1.892857,44.6287,A2,107.6660,0.185760,1.000000,0.748378,0.850000,0.760000,,0.544620,2130.110,4,2,0.760000,0.180000,0.010000,0.050000,0.480000,0.320000,0.000000,0.000000,NOTE_HYPOTHESIS,shared_audio_intelligence_v0_2;spectral_peak;owner_supplied_audio
BE-003:pitch:05840,BE-003:onset:1275,219.567891,927.567891,372.892857,94,1.892857,68.8438,A4,436.0474,0.278639,1.000000,0.748378,0.850000,0.580000,,0.544620,2130.110,4,3,0.050000,0.300000,0.580000,0.070000,0.000000,0.450000,0.250000,0.200000,NOTE_HYPOTHESIS,shared_audio_intelligence_v0_2;spectral_peak;owner_supplied_audio
BE-003:pitch:05841,BE-003:onset:1275,219.567891,927.567891,372.892857,94,1.892857,67.0435,G4,392.9810,0.162540,1.000000,0.748378,0.850000,0.580000,,0.544620,2130.110,4,4,0.050000,0.300000,0.580000,0.070000,0.000000,0.450000,0.250000,0.200000,NOTE_HYPOTHESIS,shared_audio_intelligence_v0_2;spectral_peak;owner_supplied_audio
BE-003:pitch:05842,BE-003:onset:1276,219.660771,927.660771,373.040000,94,2.040000,37.1709,C#2,69.9829,0.325079,1.000000,1.000000,0.850000,0.760000,,0.651246,2087.690,6,1,0.760000,0.180000,0.010000,0.050000,0.480000,0.320000,0.000000,0.000000,NOTE_HYPOTHESIS,shared_audio_intelligence_v0_2;spectral_peak;owner_supplied_audio
BE-003:pitch:05843,BE-003:onset:1276,219.660771,927.660771,373.040000,94,2.040000,71.9645,C5,522.1802,0.162540,1.000000,1.000000,0.850000,0.580000,,0.651246,2087.690,6,2,0.050000,0.300000,0.580000,0.070000,0.000000,0.120000,0.580000,0.220000,NOTE_HYPOTHESIS,shared_audio_intelligence_v0_2;spectral_peak;owner_supplied_audio
BE-003:pitch:05844,BE-003:onset:1276,219.660771,927.660771,373.040000,94,2.040000,83.9645,C6,1044.3604,0.139320,1.000000,1.000000,0.850000,0.840000,,0.651246,2087.690,6,3,0.010000,0.080000,0.840000,0.070000,0.000000,0.120000,0.580000,0.220000,NOTE_HYPOTHESIS,shared_audio_intelligence_v0_2;spectral_peak;owner_supplied_audio
BE-003:pitch:05845,BE-003:onset:1276,219.660771,927.660771,373.040000,94,2.040000,68.8438,A4,436.0474,0.185760,1.000000,1.000000,0.850000,0.580000,,0.651246,2087.690,6,4,0.050000,0.300000,0.580000,0.070000,0.000000,0.450000,0.250000,0.200000,NOTE_HYPOTHESIS,shared_audio_intelligence_v0_2;spectral_peak;owner_supplied_audio
BE-003:pitch:05846,BE-003:onset:1276,219.660771,927.660771,373.040000,94,2.040000,90.9841,G6,1566.5405,0.116100,1.000000,1.000000,0.850000,0.840000,,0.651246,2087.690,6,5,0.010000,0.080000,0.840000,0.070000,0.000000,0.120000,0.580000,0.220000,NOTE_HYPOTHESIS,shared_audio_intelligence_v0_2;spectral_peak;owner_supplied_audio
BE-003:pitch:05847,BE-003:onset:1276,219.660771,927.660771,373.040000,94,2.040000,49.8242,D3,145.3491,0.301859,0.956005,1.000000,0.828002,0.550000,,0.651246,2087.690,6,6,0.550000,0.350000,0.030000,0.070000,0.480000,0.320000,0.000000,0.000000,NOTE_HYPOTHESIS,shared_audio_intelligence_v0_2;spectral_peak;owner_supplied_audio
BE-003:pitch:05848,BE-003:onset:1277,219.985850,927.985850,373.600000,94,2.600000,42.8047,G2,96.8994,0.348299,1.000000,0.825094,0.850000,0.760000,,0.811688,1683.043,4,1,0.760000,0.180000,0.010000,0.050000,0.480000,0.320000,0.000000,0.000000,NOTE_HYPOTHESIS,shared_audio_intelligence_v0_2;spectral_peak;owner_supplied_audio
BE-003:pitch:05849,BE-003:onset:1277,219.985850,927.985850,373.600000,94,2.600000,69.8808,A#4,462.9639,0.255420,1.000000,0.825094,0.850000,0.580000,,0.811688,1683.043,4,2,0.050000,0.300000,0.580000,0.070000,0.000000,0.450000,0.250000,0.200000,NOTE_HYPOTHESIS,shared_audio_intelligence_v0_2;spectral_peak;owner_supplied_audio
BE-003:pitch:05850,BE-003:onset:1277,219.985850,927.985850,373.600000,94,2.600000,81.8808,A#5,925.9277,0.162540,1.000000,0.825094,0.850000,0.840000,,0.811688,1683.043,4,3,0.010000,0.080000,0.840000,0.070000,0.000000,0.120000,0.580000,0.220000,NOTE_HYPOTHESIS,shared_audio_intelligence_v0_2;spectral_peak;owner_supplied_audio
BE-003:pitch:05851,BE-003:onset:1277,219.985850,927.985850,373.600000,94,2.600000,54.8047,G3,193.7988,0.232200,1.000000,0.825094,0.850000,0.550000,,0.811688,1683.043,4,4,0.550000,0.350000,0.030000,0.070000,0.480000,0.320000,0.000000,0.000000,NOTE_HYPOTHESIS,shared_audio_intelligence_v0_2;spectral_peak;owner_supplied_audio
BE-003:pitch:05852,BE-003:onset:1278,220.148390,928.148390,373.880000,94,2.880000,42.8047,G2,96.8994,0.232200,1.000000,0.656584,0.850000,0.760000,,0.545697,2308.348,4,1,0.760000,0.180000,0.010000,0.050000,0.480000,0.320000,0.000000,0.000000,NOTE_HYPOTHESIS,shared_audio_intelligence_v0_2;spectral_peak;owner_supplied_audio
BE-003:pitch:05853,BE-003:onset:1278,220.148390,928.148390,373.880000,94,2.880000,68.8438,A4,436.0474,0.580499,1.000000,0.656584,0.850000,0.580000,,0.545697,2308.348,4,2,0.050000,0.300000,0.580000,0.070000,0.000000,0.450000,0.250000,0.200000,NOTE_HYPOTHESIS,shared_audio_intelligence_v0_2;spectral_peak;owner_supplied_audio
BE-003:pitch:05854,BE-003:onset:1278,220.148390,928.148390,373.880000,94,2.880000,54.8047,G3,193.7988,0.069660,1.000000,0.656584,0.850000,0.550000,,0.545697,2308.348,4,3,0.550000,0.350000,0.030000,0.070000,0.480000,0.320000,0.000000,0.000000,NOTE_HYPOTHESIS,shared_audio_intelligence_v0_2;spectral_peak;owner_supplied_audio
BE-003:pitch:05855,BE-003:onset:1278,220.148390,928.148390,373.880000,94,2.880000,69.8808,A#4,462.9639,0.116100,1.000000,0.656584,0.850000,0.580000,,0.545697,2308.348,4,4,0.050000,0.300000,0.580000,0.070000,0.000000,0.450000,0.250000,0.200000,NOTE_HYPOTHESIS,shared_audio_intelligence_v0_2;spectral_peak;owner_supplied_audio
BE-003:pitch:05856,BE-003:onset:1279,220.241270,928.241270,374.038462,94,3.038462,40.7656,F2,86.1328,0.208980,1.000000,0.629752,0.850000,0.760000,,0.530891,2145.769,3,1,0.760000,0.180000,0.010000,0.050000,0.480000,0.320000,0.000000,0.000000,NOTE_HYPOTHESIS,shared_audio_intelligence_v0_2;spectral_peak;owner_supplied_audio
BE-003:pitch:05857,BE-003:onset:1279,220.241270,928.241270,374.038462,94,3.038462,68.8438,A4,436.0474,0.487619,1.000000,0.629752,0.850000,0.580000,,0.530891,2145.769,3,2,0.050000,0.300000,0.580000,0.070000,0.000000,0.450000,0.250000,0.200000,NOTE_HYPOTHESIS,shared_audio_intelligence_v0_2;spectral_peak;owner_supplied_audio
BE-003:pitch:05858,BE-003:onset:1279,220.241270,928.241270,374.038462,94,3.038462,66.8047,G4,387.5977,0.301859,1.000000,0.629752,0.850000,0.580000,,0.530891,2145.769,3,3,0.050000,0.300000,0.580000,0.070000,0.000000,0.450000,0.250000,0.200000,NOTE_HYPOTHESIS,shared_audio_intelligence_v0_2;spectral_peak;owner_supplied_audio
BE-003:pitch:05859,BE-003:onset:1280,220.427029,928.427029,374.346154,94,3.346154,68.8438,A4,436.0474,0.278639,1.000000,1.000000,0.850000,0.580000,,0.416073,2245.276,6,1,0.050000,0.300000,0.580000,0.070000,0.000000,0.450000,0.250000,0.200000,NOTE_HYPOTHESIS,shared_audio_intelligence_v0_2;spectral_peak;owner_supplied_audio
BE-003:pitch:05860,BE-003:onset:1280,220.427029,928.427029,374.346154,94,3.346154,87.9344,E6,1313.5254,0.162540,1.000000,1.000000,0.850000,0.840000,,0.416073,2245.276,6,2,0.010000,0.080000,0.840000,0.070000,0.000000,0.120000,0.580000,0.220000,NOTE_HYPOTHESIS,shared_audio_intelligence_v0_2;spectral_peak;owner_supplied_audio
BE-003:pitch:05861,BE-003:onset:1280,220.427029,928.427029,374.346154,94,3.346154,40.7656,F2,86.1328,0.975238,1.000000,1.000000,0.850000,0.760000,,0.416073,2245.276,6,3,0.760000,0.180000,0.010000,0.050000,0.480000,0.320000,0.000000,0.000000,NOTE_HYPOTHESIS,shared_audio_intelligence_v0_2;spectral_peak;owner_supplied_audio
BE-003:pitch:05862,BE-003:onset:1280,220.427029,928.427029,374.346154,94,3.346154,67.0435,G4,392.9810,0.162540,1.000000,1.000000,0.850000,0.580000,,0.416073,2245.276,6,4,0.050000,0.300000,0.580000,0.070000,0.000000,0.450000,0.250000,0.200000,NOTE_HYPOTHESIS,shared_audio_intelligence_v0_2;spectral_peak;owner_supplied_audio
BE-003:pitch:05863,BE-003:onset:1280,220.427029,928.427029,374.346154,94,3.346154,80.8438,A5,872.0947,0.232200,0.995439,1.000000,0.847720,0.840000,,0.416073,2245.276,6,5,0.010000,0.080000,0.840000,0.070000,0.000000,0.120000,0.580000,0.220000,NOTE_HYPOTHESIS,shared_audio_intelligence_v0_2;spectral_peak;owner_supplied_audio
BE-003:pitch:05864,BE-003:onset:1280,220.427029,928.427029,374.346154,94,3.346154,96.8771,C#7,2201.7700,0.208980,0.902641,1.000000,0.801321,0.840000,,0.416073,2245.276,6,6,0.010000,0.080000,0.840000,0.070000,0.000000,0.120000,0.580000,0.220000,NOTE_HYPOTHESIS,shared_audio_intelligence_v0_2;spectral_peak;owner_supplied_audio
BE-003:pitch:05865,BE-003:onset:1281,220.543129,928.543129,374.538462,94,3.538462,68.8438,A4,436.0474,0.162540,1.000000,1.000000,0.850000,0.580000,,0.508011,1856.546,6,1,0.050000,0.300000,0.580000,0.070000,0.000000,0.450000,0.250000,0.200000,NOTE_HYPOTHESIS,shared_audio_intelligence_v0_2;spectral_peak;owner_supplied_audio
BE-003:pitch:05866,BE-003:onset:1281,220.543129,928.543129,374.538462,94,3.538462,38.4538,D2,75.3662,1.021678,1.000000,1.000000,0.850000,0.760000,,0.508011,1856.546,6,2,0.760000,0.180000,0.010000,0.050000,0.480000,0.320000,0.000000,0.000000,NOTE_HYPOTHESIS,shared_audio_intelligence_v0_2;spectral_peak;owner_supplied_audio
BE-003:pitch:05867,BE-003:onset:1281,220.543129,928.543129,374.538462,94,3.538462,69.8808,A#4,462.9639,0.139320,1.000000,1.000000,0.850000,0.580000,,0.508011,1856.546,6,3,0.050000,0.300000,0.580000,0.070000,0.000000,0.450000,0.250000,0.200000,NOTE_HYPOTHESIS,shared_audio_intelligence_v0_2;spectral_peak;owner_supplied_audio
BE-003:pitch:05868,BE-003:onset:1281,220.543129,928.543129,374.538462,94,3.538462,81.8808,A#5,925.9277,0.139320,1.000000,1.000000,0.850000,0.840000,,0.508011,1856.546,6,4,0.010000,0.080000,0.840000,0.070000,0.000000,0.120000,0.580000,0.220000,NOTE_HYPOTHESIS,shared_audio_intelligence_v0_2;spectral_peak;owner_supplied_audio
BE-003:pitch:05869,BE-003:onset:1281,220.543129,928.543129,374.538462,94,3.538462,50.4538,D3,150.7324,0.626939,1.000000,1.000000,0.850000,0.550000,,0.508011,1856.546,6,5,0.550000,0.350000,0.030000,0.070000,0.480000,0.320000,0.000000,0.000000,NOTE_HYPOTHESIS,shared_audio_intelligence_v0_2;spectral_peak;owner_supplied_audio
BE-003:pitch:05870,BE-003:onset:1281,220.543129,928.543129,374.538462,94,3.538462,80.8438,A5,872.0947,0.116100,0.945927,1.000000,0.822964,0.840000,,0.508011,1856.546,6,6,0.010000,0.080000,0.840000,0.070000,0.000000,0.120000,0.580000,0.220000,NOTE_HYPOTHESIS,shared_audio_intelligence_v0_2;spectral_peak;owner_supplied_audio
BE-003:pitch:05871,BE-003:onset:1282,220.682449,928.682449,374.769231,94,3.769231,38.4538,D2,75.3662,0.975238,1.000000,0.644913,0.850000,0.760000,,0.726217,1479.362,6,1,0.760000,0.180000,0.010000,0.050000,0.480000,0.320000,0.000000,0.000000,NOTE_HYPOTHESIS,shared_audio_intelligence_v0_2;spectral_peak;owner_supplied_audio
BE-003:pitch:05872,BE-003:onset:1282,220.682449,928.682449,374.769231,94,3.769231,63.9344,E4,328.3813,0.255420,1.000000,0.644913,0.850000,0.520000,,0.726217,1479.362,6,2,0.250000,0.520000,0.150000,0.080000,0.000000,0.450000,0.250000,0.200000,NOTE_HYPOTHESIS,shared_audio_intelligence_v0_2;spectral_peak;owner_supplied_audio
BE-003:pitch:05873,BE-003:onset:1282,220.682449,928.682449,374.769231,94,3.769231,51.0613,D#3,156.1157,0.464399,0.989144,0.644913,0.844572,0.550000,,0.726217,1479.362,6,3,0.550000,0.350000,0.030000,0.070000,0.480000,0.320000,0.000000,0.000000,NOTE_HYPOTHESIS,shared_audio_intelligence_v0_2;spectral_peak;owner_supplied_audio
BE-003:pitch:05874,BE-003:onset:1282,220.682449,928.682449,374.769231,94,3.769231,83.8751,C6,1038.9771,0.278639,0.943542,0.644913,0.821771,0.840000,,0.726217,1479.362,6,4,0.010000,0.080000,0.840000,0.070000,0.000000,0.120000,0.580000,0.220000,NOTE_HYPOTHESIS,shared_audio_intelligence_v0_2;spectral_peak;owner_supplied_audio
BE-003:pitch:05875,BE-003:onset:1282,220.682449,928.682449,374.769231,94,3.769231,68.8438,A4,436.0474,0.069660,0.932638,0.644913,0.816319,0.580000,,0.726217,1479.362,6,5,0.050000,0.300000,0.580000,0.070000,0.000000,0.450000,0.250000,0.200000,NOTE_HYPOTHESIS,shared_audio_intelligence_v0_2;spectral_peak;owner_supplied_audio
BE-003:pitch:05876,BE-003:onset:1282,220.682449,928.682449,374.769231,94,3.769231,71.9645,C5,522.1802,0.325079,0.917495,0.644913,0.808748,0.580000,,0.726217,1479.362,6,6,0.050000,0.300000,0.580000,0.070000,0.000000,0.120000,0.580000,0.220000,NOTE_HYPOTHESIS,shared_audio_intelligence_v0_2;spectral_peak;owner_supplied_audio
BE-003:pitch:05877,BE-003:onset:1283,220.844989,928.844989,375.041667,94,4.041667,73.8242,D5,581.3965,0.208980,1.000000,1.000000,0.850000,0.580000,,0.789193,1880.442,6,1,0.050000,0.300000,0.580000,0.070000,0.000000,0.120000,0.580000,0.220000,NOTE_HYPOTHESIS,shared_audio_intelligence_v0_2;spectral_peak;owner_supplied_audio
BE-003:pitch:05878,BE-003:onset:1283,220.844989,928.844989,375.041667,94,4.041667,37.1709,C#2,69.9829,0.998458,1.000000,1.000000,0.850000,0.760000,,0.789193,1880.442,6,2,0.760000,0.180000,0.010000,0.050000,0.480000,0.320000,0.000000,0.000000,NOTE_HYPOTHESIS,shared_audio_intelligence_v0_2;spectral_peak;owner_supplied_audio
BE-003:pitch:05879,BE-003:onset:1283,220.844989,928.844989,375.041667,94,4.041667,49.8242,D3,145.3491,0.278639,1.000000,1.000000,0.850000,0.550000,,0.789193,1880.442,6,3,0.550000,0.350000,0.030000,0.070000,0.480000,0.320000,0.000000,0.000000,NOTE_HYPOTHESIS,shared_audio_intelligence_v0_2;spectral_peak;owner_supplied_audio
BE-003:pitch:05880,BE-003:onset:1283,220.844989,928.844989,375.041667,94,4.041667,85.9042,D6,1168.1763,0.185760,1.000000,1.000000,0.850000,0.840000,,0.789193,1880.442,6,4,0.010000,0.080000,0.840000,0.070000,0.000000,0.120000,0.580000,0.220000,NOTE_HYPOTHESIS,shared_audio_intelligence_v0_2;spectral_peak;owner_supplied_audio
BE-003:pitch:05881,BE-003:onset:1283,220.844989,928.844989,375.041667,94,4.041667,83.9645,C6,1044.3604,0.116100,0.979562,1.000000,0.839781,0.840000,,0.789193,1880.442,6,5,0.010000,0.080000,0.840000,0.070000,0.000000,0.120000,0.580000,0.220000,NOTE_HYPOTHESIS,shared_audio_intelligence_v0_2;spectral_peak;owner_supplied_audio
BE-003:pitch:05882,BE-003:onset:1283,220.844989,928.844989,375.041667,94,4.041667,71.9645,C5,522.1802,0.139320,0.975307,1.000000,0.837654,0.580000,,0.789193,1880.442,6,6,0.050000,0.300000,0.580000,0.070000,0.000000,0.120000,0.580000,0.220000,NOTE_HYPOTHESIS,shared_audio_intelligence_v0_2;spectral_peak;owner_supplied_audio
BE-003:pitch:05883,BE-003:onset:1284,220.984308,928.984308,375.291667,94,4.291667,74.9115,D#5,619.0796,0.139320,1.000000,0.833844,0.850000,0.580000,,0.694046,1669.433,6,1,0.050000,0.300000,0.580000,0.070000,0.000000,0.120000,0.580000,0.220000,NOTE_HYPOTHESIS,shared_audio_intelligence_v0_2;spectral_peak;owner_supplied_audio
BE-003:pitch:05884,BE-003:onset:1284,220.984308,928.984308,375.291667,94,4.291667,49.8242,D3,145.3491,0.139320,1.000000,0.833844,0.850000,0.550000,,0.694046,1669.433,6,2,0.550000,0.350000,0.030000,0.070000,0.480000,0.320000,0.000000,0.000000,NOTE_HYPOTHESIS,shared_audio_intelligence_v0_2;spectral_peak;owner_supplied_audio
BE-003:pitch:05885,BE-003:onset:1284,220.984308,928.984308,375.291667,94,4.291667,73.8242,D5,581.3965,0.092880,1.000000,0.833844,0.850000,0.580000,,0.694046,1669.433,6,3,0.050000,0.300000,0.580000,0.070000,0.000000,0.120000,0.580000,0.220000,NOTE_HYPOTHESIS,shared_audio_intelligence_v0_2;spectral_peak;owner_supplied_audio
BE-003:pitch:05886,BE-003:onset:1284,220.984308,928.984308,375.291667,94,4.291667,38.4538,D2,75.3662,0.580499,1.000000,0.833844,0.850000,0.760000,,0.694046,1669.433,6,4,0.760000,0.180000,0.010000,0.050000,0.480000,0.320000,0.000000,0.000000,NOTE_HYPOTHESIS,shared_audio_intelligence_v0_2;spectral_peak;owner_supplied_audio
BE-003:pitch:05887,BE-003:onset:1284,220.984308,928.984308,375.291667,94,4.291667,56.6287,A3,215.3320,0.185760,0.935932,0.833844,0.817966,0.520000,,0.694046,1669.433,6,5,0.250000,0.520000,0.150000,0.080000,0.000000,0.450000,0.250000,0.200000,NOTE_HYPOTHESIS,shared_audio_intelligence_v0_2;spectral_peak;owner_supplied_audio
BE-003:pitch:05888,BE-003:onset:1284,220.984308,928.984308,375.291667,94,4.291667,74.2986,D5,597.5464,0.139320,0.934530,0.833844,0.817265,0.580000,,0.694046,1669.433,6,6,0.050000,0.300000,0.580000,0.070000,0.000000,0.120000,0.580000,0.220000,NOTE_HYPOTHESIS,shared_audio_intelligence_v0_2;spectral_peak;owner_supplied_audio
BE-003:pitch:05889,BE-003:onset:1285,221.123628,929.123628,375.541667,94,4.541667,76.9003,F5,694.4458,0.301859,1.000000,0.931185,0.850000,0.840000,,0.879679,1964.310,3,1,0.010000,0.080000,0.840000,0.070000,0.000000,0.120000,0.580000,0.220000,NOTE_HYPOTHESIS,shared_audio_intelligence_v0_2;spectral_peak;owner_supplied_audio
BE-003:pitch:05890,BE-003:onset:1285,221.123628,929.123628,375.541667,94,4.541667,88.9673,F6,1394.2749,0.719819,1.000000,0.931185,0.850000,0.840000,,0.879679,1964.310,3,2,0.010000,0.080000,0.840000,0.070000,0.000000,0.120000,0.580000,0.220000,NOTE_HYPOTHESIS,shared_audio_intelligence_v0_2;spectral_peak;owner_supplied_audio
BE-003:pitch:05891,BE-003:onset:1285,221.123628,929.123628,375.541667,94,4.541667,35.7851,C2,64.5996,1.137778,1.000000,0.931185,0.850000,0.760000,,0.879679,1964.310,3,3,0.760000,0.180000,0.010000,0.050000,0.480000,0.320000,0.000000,0.000000,NOTE_HYPOTHESIS,shared_audio_intelligence_v0_2;spectral_peak;owner_supplied_audio
BE-003:pitch:05892,BE-003:onset:1286,221.379048,929.379048,376.000000,95,1.000000,76.9003,F5,694.4458,0.185760,1.000000,0.569779,0.850000,0.840000,,0.458838,2735.410,6,1,0.010000,0.080000,0.840000,0.070000,0.000000,0.120000,0.580000,0.220000,NOTE_HYPOTHESIS,shared_audio_intelligence_v0_2;spectral_peak;owner_supplied_audio
BE-003:pitch:05893,BE-003:onset:1286,221.379048,929.379048,376.000000,95,1.000000,34.2788,A#1,59.2163,1.532517,1.000000,0.569779,0.850000,0.695860,,0.458838,2735.410,6,2,0.695860,0.164809,0.009952,0.129379,0.480000,0.320000,0.000000,0.000000,NOTE_HYPOTHESIS,shared_audio_intelligence_v0_2;spectral_peak;owner_supplied_audio
BE-003:pitch:05894,BE-003:onset:1286,221.379048,929.379048,376.000000,95,1.000000,37.1709,C#2,69.9829,0.952018,1.000000,0.569779,0.850000,0.695860,,0.458838,2735.410,6,3,0.695860,0.164809,0.009952,0.129379,0.480000,0.320000,0.000000,0.000000,NOTE_HYPOTHESIS,shared_audio_intelligence_v0_2;spectral_peak;owner_supplied_audio
BE-003:pitch:05895,BE-003:onset:1286,221.379048,929.379048,376.000000,95,1.000000,88.9673,F6,1394.2749,0.534059,0.937328,0.569779,0.818664,0.840000,,0.458838,2735.410,6,4,0.010000,0.080000,0.840000,0.070000,0.000000,0.120000,0.580000,0.220000,NOTE_HYPOTHESIS,shared_audio_intelligence_v0_2;spectral_peak;owner_supplied_audio
BE-003:pitch:05896,BE-003:onset:1286,221.379048,929.379048,376.000000,95,1.000000,47.0483,B2,123.8159,1.532517,0.860008,0.569779,0.780004,0.501984,,0.458838,2735.410,6,5,0.501984,0.319444,0.029762,0.148810,0.480000,0.320000,0.000000,0.000000,NOTE_HYPOTHESIS,shared_audio_intelligence_v0_2;spectral_peak;owner_supplied_audio
BE-003:pitch:05897,BE-003:onset:1286,221.379048,929.379048,376.000000,95,1.000000,63.3573,D#4,317.6147,0.673379,0.831285,0.569779,0.765642,0.520000,,0.458838,2735.410,6,6,0.250000,0.520000,0.150000,0.080000,0.000000,0.450000,0.250000,0.200000,NOTE_HYPOTHESIS,shared_audio_intelligence_v0_2;spectral_peak;owner_supplied_audio
BE-003:pitch:05898,BE-003:onset:1287,221.588027,929.588027,376.360000,95,1.360000,63.0613,D#4,312.2314,0.278639,1.000000,1.000000,0.850000,0.520000,,0.939883,1476.259,6,1,0.250000,0.520000,0.150000,0.080000,0.000000,0.450000,0.250000,0.200000,NOTE_HYPOTHESIS,shared_audio_intelligence_v0_2;spectral_peak;owner_supplied_audio
BE-003:pitch:05899,BE-003:onset:1287,221.588027,929.588027,376.360000,95,1.360000,74.9115,D#5,619.0796,0.603719,1.000000,1.000000,0.850000,0.580000,,0.939883,1476.259,6,2,0.050000,0.300000,0.580000,0.070000,0.000000,0.120000,0.580000,0.220000,NOTE_HYPOTHESIS,shared_audio_intelligence_v0_2;spectral_peak;owner_supplied_audio
BE-003:pitch:05900,BE-003:onset:1287,221.588027,929.588027,376.360000,95,1.360000,66.8047,G4,387.5977,0.325079,1.000000,1.000000,0.850000,0.580000,,0.939883,1476.259,6,3,0.050000,0.300000,0.580000,0.070000,0.000000,0.450000,0.250000,0.200000,NOTE_HYPOTHESIS,shared_audio_intelligence_v0_2;spectral_peak;owner_supplied_audio
BE-003:pitch:05901,BE-003:onset:1287,221.588027,929.588027,376.360000,95,1.360000,61.8242,D4,290.6982,0.208980,1.000000,1.000000,0.850000,0.520000,,0.939883,1476.259,6,4,0.250000,0.520000,0.150000,0.080000,0.000000,0.450000,0.250000,0.200000,NOTE_HYPOTHESIS,shared_audio_intelligence_v0_2;spectral_peak;owner_supplied_audio
BE-003:pitch:05902,BE-003:onset:1287,221.588027,929.588027,376.360000,95,1.360000,73.8242,D5,581.3965,0.185760,1.000000,1.000000,0.850000,0.580000,,0.939883,1476.259,6,5,0.050000,0.300000,0.580000,0.070000,0.000000,0.120000,0.580000,0.220000,NOTE_HYPOTHESIS,shared_audio_intelligence_v0_2;spectral_peak;owner_supplied_audio
BE-003:pitch:05903,BE-003:onset:1287,221.588027,929.588027,376.360000,95,1.360000,35.7851,C2,64.5996,1.532517,1.000000,1.000000,0.850000,0.760000,,0.939883,1476.259,6,6,0.760000,0.180000,0.010000,0.050000,0.480000,0.320000,0.000000,0.000000,NOTE_HYPOTHESIS,shared_audio_intelligence_v0_2;spectral_peak;owner_supplied_audio
BE-003:pitch:05904,BE-003:onset:1288,221.866667,929.866667,376.840000,95,1.840000,74.9115,D#5,619.0796,0.255420,1.000000,0.978670,0.850000,0.580000,,0.726925,1902.915,4,1,0.050000,0.300000,0.580000,0.070000,0.000000,0.120000,0.580000,0.220000,NOTE_HYPOTHESIS,shared_audio_intelligence_v0_2;spectral_peak;owner_supplied_audio
BE-003:pitch:05905,BE-003:onset:1288,221.866667,929.866667,376.840000,95,1.840000,86.9115,D#6,1238.1592,0.162540,1.000000,0.978670,0.850000,0.840000,,0.726925,1902.915,4,2,0.010000,0.080000,0.840000,0.070000,0.000000,0.120000,0.580000,0.220000,NOTE_HYPOTHESIS,shared_audio_intelligence_v0_2;spectral_peak;owner_supplied_audio
BE-003:pitch:05906,BE-003:onset:1288,221.866667,929.866667,376.840000,95,1.840000,34.2788,A#1,59.2163,1.532517,1.000000,0.978670,0.850000,0.760000,,0.726925,1902.915,4,3,0.760000,0.180000,0.010000,0.050000,0.480000,0.320000,0.000000,0.000000,NOTE_HYPOTHESIS,shared_audio_intelligence_v0_2;spectral_peak;owner_supplied_audio
BE-003:pitch:05907,BE-003:onset:1288,221.866667,929.866667,376.840000,95,1.840000,45.4734,A2,113.0493,1.532517,1.000000,0.978670,0.850000,0.550000,,0.726925,1902.915,4,4,0.550000,0.350000,0.030000,0.070000,0.480000,0.320000,0.000000,0.000000,NOTE_HYPOTHESIS,shared_audio_intelligence_v0_2;spectral_peak;owner_supplied_audio
BE-003:pitch:05908,BE-003:onset:1289,221.982766,929.982766,377.040000,95,2.040000,74.9115,D#5,619.0796,0.208980,1.000000,0.660270,0.850000,0.580000,,0.626621,2178.099,6,1,0.050000,0.300000,0.580000,0.070000,0.000000,0.120000,0.580000,0.220000,NOTE_HYPOTHESIS,shared_audio_intelligence_v0_2;spectral_peak;owner_supplied_audio
BE-003:pitch:05909,BE-003:onset:1289,221.982766,929.982766,377.040000,95,2.040000,73.8242,D5,581.3965,0.255420,1.000000,0.660270,0.850000,0.580000,,0.626621,2178.099,6,2,0.050000,0.300000,0.580000,0.070000,0.000000,0.120000,0.580000,0.220000,NOTE_HYPOTHESIS,shared_audio_intelligence_v0_2;spectral_peak;owner_supplied_audio
BE-003:pitch:05910,BE-003:onset:1289,221.982766,929.982766,377.040000,95,2.040000,35.7851,C2,64.5996,1.532517,1.000000,0.660270,0.850000,0.760000,,0.626621,2178.099,6,3,0.760000,0.180000,0.010000,0.050000,0.480000,0.320000,0.000000,0.000000,NOTE_HYPOTHESIS,shared_audio_intelligence_v0_2;spectral_peak;owner_supplied_audio
BE-003:pitch:05911,BE-003:onset:1289,221.982766,929.982766,377.040000,95,2.040000,43.7407,G#2,102.2827,0.116100,1.000000,0.660270,0.850000,0.760000,,0.626621,2178.099,6,4,0.760000,0.180000,0.010000,0.050000,0.480000,0.320000,0.000000,0.000000,NOTE_HYPOTHESIS,shared_audio_intelligence_v0_2;spectral_peak;owner_supplied_audio
BE-003:pitch:05912,BE-003:onset:1289,221.982766,929.982766,377.040000,95,2.040000,86.9866,D#6,1243.5425,0.208980,0.925772,0.660270,0.812886,0.840000,,0.626621,2178.099,6,5,0.010000,0.080000,0.840000,0.070000,0.000000,0.120000,0.580000,0.220000,NOTE_HYPOTHESIS,shared_audio_intelligence_v0_2;spectral_peak;owner_supplied_audio
BE-003:pitch:05913,BE-003:onset:1289,221.982766,929.982766,377.040000,95,2.040000,85.9042,D6,1168.1763,0.232200,0.878010,0.660270,0.789005,0.840000,,0.626621,2178.099,6,6,0.010000,0.080000,0.840000,0.070000,0.000000,0.120000,0.580000,0.220000,NOTE_HYPOTHESIS,shared_audio_intelligence_v0_2;spectral_peak;owner_supplied_audio
BE-003:pitch:05914,BE-003:onset:1290,222.191746,930.191746,377.400000,95,2.400000,34.2788,A#1,59.2163,1.532517,1.000000,1.000000,0.850000,0.760000,,0.570762,2055.464,6,1,0.760000,0.180000,0.010000,0.050000,0.480000,0.320000,0.000000,0.000000,NOTE_HYPOTHESIS,shared_audio_intelligence_v0_2;spectral_peak;owner_supplied_audio
BE-003:pitch:05915,BE-003:onset:1290,222.191746,930.191746,377.400000,95,2.400000,83.9645,C6,1044.3604,0.092880,1.000000,1.000000,0.850000,0.840000,,0.570762,2055.464,6,2,0.010000,0.080000,0.840000,0.070000,0.000000,0.120000,0.580000,0.220000,NOTE_HYPOTHESIS,shared_audio_intelligence_v0_2;spectral_peak;owner_supplied_audio
BE-003:pitch:05916,BE-003:onset:1290,222.191746,930.191746,377.400000,95,2.400000,71.9645,C5,522.1802,0.232200,1.000000,1.000000,0.850000,0.580000,,0.570762,2055.464,6,3,0.050000,0.300000,0.580000,0.070000,0.000000,0.120000,0.580000,0.220000,NOTE_HYPOTHESIS,shared_audio_intelligence_v0_2;spectral_peak;owner_supplied_audio
BE-003:pitch:05917,BE-003:onset:1290,222.191746,930.191746,377.400000,95,2.400000,73.9838,D5,586.7798,0.092880,0.993540,1.000000,0.846770,0.580000,,0.570762,2055.464,6,4,0.050000,0.300000,0.580000,0.070000,0.000000,0.120000,0.580000,0.220000,NOTE_HYPOTHESIS,shared_audio_intelligence_v0_2;spectral_peak;owner_supplied_audio
BE-003:pitch:05918,BE-003:onset:1290,222.191746,930.191746,377.400000,95,2.400000,45.4734,A2,113.0493,1.532517,0.945434,1.000000,0.822717,0.550000,,0.570762,2055.464,6,5,0.550000,0.350000,0.030000,0.070000,0.480000,0.320000,0.000000,0.000000,NOTE_HYPOTHESIS,shared_audio_intelligence_v0_2;spectral_peak;owner_supplied_audio
BE-003:pitch:05919,BE-003:onset:1290,222.191746,930.191746,377.400000,95,2.400000,74.9115,D#5,619.0796,0.092880,0.939010,1.000000,0.819505,0.580000,,0.570762,2055.464,6,6,0.050000,0.300000,0.580000,0.070000,0.000000,0.120000,0.580000,0.220000,NOTE_HYPOTHESIS,shared_audio_intelligence_v0_2;spectral_peak;owner_supplied_audio
BE-003:pitch:05920,BE-003:onset:1291,222.284626,930.284626,377.560000,95,2.560000,76.9003,F5,694.4458,0.325079,1.000000,0.925655,0.850000,0.840000,,0.780953,1811.233,4,1,0.010000,0.080000,0.840000,0.070000,0.000000,0.120000,0.580000,0.220000,NOTE_HYPOTHESIS,shared_audio_intelligence_v0_2;spectral_peak;owner_supplied_audio
BE-003:pitch:05921,BE-003:onset:1291,222.284626,930.284626,377.560000,95,2.560000,88.9673,F6,1394.2749,0.696599,1.000000,0.925655,0.850000,0.840000,,0.780953,1811.233,4,2,0.010000,0.080000,0.840000,0.070000,0.000000,0.120000,0.580000,0.220000,NOTE_HYPOTHESIS,shared_audio_intelligence_v0_2;spectral_peak;owner_supplied_audio
BE-003:pitch:05922,BE-003:onset:1291,222.284626,930.284626,377.560000,95,2.560000,44.6287,A2,107.6660,0.650159,1.000000,0.925655,0.850000,0.760000,,0.780953,1811.233,4,3,0.760000,0.180000,0.010000,0.050000,0.480000,0.320000,0.000000,0.000000,NOTE_HYPOTHESIS,shared_audio_intelligence_v0_2;spectral_peak;owner_supplied_audio
BE-003:pitch:05923,BE-003:onset:1291,222.284626,930.284626,377.560000,95,2.560000,42.8047,G2,96.8994,0.116100,1.000000,0.925655,0.850000,0.760000,,0.780953,1811.233,4,4,0.760000,0.180000,0.010000,0.050000,0.480000,0.320000,0.000000,0.000000,NOTE_HYPOTHESIS,shared_audio_intelligence_v0_2;spectral_peak;owner_supplied_audio
BE-003:pitch:05924,BE-003:onset:1292,222.540045,930.540045,378.000000,95,3.000000,76.9003,F5,694.4458,0.162540,1.000000,0.718779,0.850000,0.840000,,0.437443,2593.870,5,1,0.010000,0.080000,0.840000,0.070000,0.000000,0.120000,0.580000,0.220000,NOTE_HYPOTHESIS,shared_audio_intelligence_v0_2;spectral_peak;owner_supplied_audio
BE-003:pitch:05925,BE-003:onset:1292,222.540045,930.540045,378.000000,95,3.000000,44.6287,A2,107.6660,1.114558,1.000000,0.718779,0.850000,0.760000,,0.437443,2593.870,5,2,0.760000,0.180000,0.010000,0.050000,0.480000,0.320000,0.000000,0.000000,NOTE_HYPOTHESIS,shared_audio_intelligence_v0_2;spectral_peak;owner_supplied_audio
BE-003:pitch:05926,BE-003:onset:1292,222.540045,930.540045,378.000000,95,3.000000,34.2788,A#1,59.2163,1.532517,1.000000,0.718779,0.850000,0.760000,,0.437443,2593.870,5,3,0.760000,0.180000,0.010000,0.050000,0.480000,0.320000,0.000000,0.000000,NOTE_HYPOTHESIS,shared_audio_intelligence_v0_2;spectral_peak;owner_supplied_audio
BE-003:pitch:05927,BE-003:onset:1292,222.540045,930.540045,378.000000,95,3.000000,88.9673,F6,1394.2749,0.534059,0.983406,0.718779,0.841703,0.840000,,0.437443,2593.870,5,4,0.010000,0.080000,0.840000,0.070000,0.000000,0.120000,0.580000,0.220000,NOTE_HYPOTHESIS,shared_audio_intelligence_v0_2;spectral_peak;owner_supplied_audio
BE-003:pitch:05928,BE-003:onset:1292,222.540045,930.540045,378.000000,95,3.000000,30.8047,G1,48.4497,1.323537,0.974320,0.718779,0.837160,0.760000,,0.437443,2593.870,5,5,0.760000,0.180000,0.010000,0.050000,0.480000,0.320000,0.000000,0.000000,NOTE_HYPOTHESIS,shared_audio_intelligence_v0_2;spectral_peak;owner_supplied_audio
BE-003:pitch:05929,BE-003:onset:1293,222.749025,930.749025,378.360000,95,3.360000,66.8047,G4,387.5977,0.278639,1.000000,1.000000,0.850000,0.580000,,0.782991,1701.438,6,1,0.050000,0.300000,0.580000,0.070000,0.000000,0.450000,0.250000,0.200000,NOTE_HYPOTHESIS,shared_audio_intelligence_v0_2;spectral_peak;owner_supplied_audio
BE-003:pitch:05930,BE-003:onset:1293,222.749025,930.749025,378.360000,95,3.360000,62.7603,D#4,306.8481,0.255420,1.000000,1.000000,0.850000,0.520000,,0.782991,1701.438,6,2,0.250000,0.520000,0.150000,0.080000,0.000000,0.450000,0.250000,0.200000,NOTE_HYPOTHESIS,shared_audio_intelligence_v0_2;spectral_peak;owner_supplied_audio
BE-003:pitch:05931,BE-003:onset:1293,222.749025,930.749025,378.360000,95,3.360000,32.6287,A1,53.8330,1.137778,1.000000,1.000000,0.850000,0.760000,,0.782991,1701.438,6,3,0.760000,0.180000,0.010000,0.050000,0.480000,0.320000,0.000000,0.000000,NOTE_HYPOTHESIS,shared_audio_intelligence_v0_2;spectral_peak;owner_supplied_audio
BE-003:pitch:05932,BE-003:onset:1293,222.749025,930.749025,378.360000,95,3.360000,45.4734,A2,113.0493,0.905578,1.000000,1.000000,0.850000,0.550000,,0.782991,1701.438,6,4,0.550000,0.350000,0.030000,0.070000,0.480000,0.320000,0.000000,0.000000,NOTE_HYPOTHESIS,shared_audio_intelligence_v0_2;spectral_peak;owner_supplied_audio
BE-003:pitch:05933,BE-003:onset:1293,222.749025,930.749025,378.360000,95,3.360000,88.9003,F6,1388.8916,0.301859,1.000000,1.000000,0.850000,0.840000,,0.782991,1701.438,6,5,0.010000,0.080000,0.840000,0.070000,0.000000,0.120000,0.580000,0.220000,NOTE_HYPOTHESIS,shared_audio_intelligence_v0_2;spectral_peak;owner_supplied_audio
BE-003:pitch:05934,BE-003:onset:1293,222.749025,930.749025,378.360000,95,3.360000,74.7603,D#5,613.6963,0.139320,1.000000,1.000000,0.850000,0.580000,,0.782991,1701.438,6,6,0.050000,0.300000,0.580000,0.070000,0.000000,0.120000,0.580000,0.220000,NOTE_HYPOTHESIS,shared_audio_intelligence_v0_2;spectral_peak;owner_supplied_audio
BE-003:pitch:05935,BE-003:onset:1294,223.027664,931.027664,378.840000,95,3.840000,73.8242,D5,581.3965,0.348299,1.000000,0.809768,0.850000,0.580000,,0.402059,1788.370,6,1,0.050000,0.300000,0.580000,0.070000,0.000000,0.120000,0.580000,0.220000,NOTE_HYPOTHESIS,shared_audio_intelligence_v0_2;spectral_peak;owner_supplied_audio
BE-003:pitch:05936,BE-003:onset:1294,223.027664,931.027664,378.840000,95,3.840000,47.7851,C3,129.1992,0.162540,1.000000,0.809768,0.850000,0.550000,,0.402059,1788.370,6,2,0.550000,0.350000,0.030000,0.070000,0.480000,0.320000,0.000000,0.000000,NOTE_HYPOTHESIS,shared_audio_intelligence_v0_2;spectral_peak;owner_supplied_audio
BE-003:pitch:05937,BE-003:onset:1294,223.027664,931.027664,378.840000,95,3.840000,34.2788,A#1,59.2163,1.184218,1.000000,0.809768,0.850000,0.760000,,0.402059,1788.370,6,3,0.760000,0.180000,0.010000,0.050000,0.480000,0.320000,0.000000,0.000000,NOTE_HYPOTHESIS,shared_audio_intelligence_v0_2;spectral_peak;owner_supplied_audio
BE-003:pitch:05938,BE-003:onset:1294,223.027664,931.027664,378.840000,95,3.840000,40.7656,F2,86.1328,0.208980,1.000000,0.809768,0.850000,0.760000,,0.402059,1788.370,6,4,0.760000,0.180000,0.010000,0.050000,0.480000,0.320000,0.000000,0.000000,NOTE_HYPOTHESIS,shared_audio_intelligence_v0_2;spectral_peak;owner_supplied_audio
BE-003:pitch:05939,BE-003:onset:1294,223.027664,931.027664,378.840000,95,3.840000,87.9344,E6,1313.5254,0.116100,0.998037,0.809768,0.849019,0.840000,,0.402059,1788.370,6,5,0.010000,0.080000,0.840000,0.070000,0.000000,0.120000,0.580000,0.220000,NOTE_HYPOTHESIS,shared_audio_intelligence_v0_2;spectral_peak;owner_supplied_audio
BE-003:pitch:05940,BE-003:onset:1294,223.027664,931.027664,378.840000,95,3.840000,67.0435,G4,392.9810,0.394739,0.969910,0.809768,0.834955,0.580000,,0.402059,1788.370,6,6,0.050000,0.300000,0.580000,0.070000,0.000000,0.450000,0.250000,0.200000,NOTE_HYPOTHESIS,shared_audio_intelligence_v0_2;spectral_peak;owner_supplied_audio
BE-003:pitch:05941,BE-003:onset:1295,223.143764,931.143764,379.045455,95,4.045455,44.6287,A2,107.6660,0.464399,1.000000,0.781163,0.850000,0.760000,,0.448652,2252.579,6,1,0.760000,0.180000,0.010000,0.050000,0.480000,0.320000,0.000000,0.000000,NOTE_HYPOTHESIS,shared_audio_intelligence_v0_2;spectral_peak;owner_supplied_audio
BE-003:pitch:05942,BE-003:onset:1295,223.143764,931.143764,379.045455,95,4.045455,73.8242,D5,581.3965,0.232200,1.000000,0.781163,0.850000,0.580000,,0.448652,2252.579,6,2,0.050000,0.300000,0.580000,0.070000,0.000000,0.120000,0.580000,0.220000,NOTE_HYPOTHESIS,shared_audio_intelligence_v0_2;spectral_peak;owner_supplied_audio
BE-003:pitch:05943,BE-003:onset:1295,223.143764,931.143764,379.045455,95,4.045455,34.2788,A#1,59.2163,1.068118,1.000000,0.781163,0.850000,0.760000,,0.448652,2252.579,6,3,0.760000,0.180000,0.010000,0.050000,0.480000,0.320000,0.000000,0.000000,NOTE_HYPOTHESIS,shared_audio_intelligence_v0_2;spectral_peak;owner_supplied_audio
BE-003:pitch:05944,BE-003:onset:1295,223.143764,931.143764,379.045455,95,4.045455,47.7851,C3,129.1992,0.092880,0.956653,0.781163,0.828327,0.550000,,0.448652,2252.579,6,4,0.550000,0.350000,0.030000,0.070000,0.480000,0.320000,0.000000,0.000000,NOTE_HYPOTHESIS,shared_audio_intelligence_v0_2;spectral_peak;owner_supplied_audio
BE-003:pitch:05945,BE-003:onset:1295,223.143764,931.143764,379.045455,95,4.045455,37.1709,C#2,69.9829,1.532517,0.937957,0.781163,0.818978,0.760000,,0.448652,2252.579,6,5,0.760000,0.180000,0.010000,0.050000,0.480000,0.320000,0.000000,0.000000,NOTE_HYPOTHESIS,shared_audio_intelligence_v0_2;spectral_peak;owner_supplied_audio
BE-003:pitch:05946,BE-003:onset:1295,223.143764,931.143764,379.045455,95,4.045455,85.9042,D6,1168.1763,0.116100,0.917952,0.781163,0.808976,0.840000,,0.448652,2252.579,6,6,0.010000,0.080000,0.840000,0.070000,0.000000,0.120000,0.580000,0.220000,NOTE_HYPOTHESIS,shared_audio_intelligence_v0_2;spectral_peak;owner_supplied_audio
BE-003:pitch:05947,BE-003:onset:1296,223.259864,931.259864,379.272727,95,4.272727,32.6287,A1,53.8330,0.603719,1.000000,0.726669,0.850000,0.760000,,0.477224,2006.186,6,1,0.760000,0.180000,0.010000,0.050000,0.480000,0.320000,0.000000,0.000000,NOTE_HYPOTHESIS,shared_audio_intelligence_v0_2;spectral_peak;owner_supplied_audio
BE-003:pitch:05948,BE-003:onset:1296,223.259864,931.259864,379.272727,95,4.272727,45.4734,A2,113.0493,0.348299,1.000000,0.726669,0.850000,0.550000,,0.477224,2006.186,6,2,0.550000,0.350000,0.030000,0.070000,0.480000,0.320000,0.000000,0.000000,NOTE_HYPOTHESIS,shared_audio_intelligence_v0_2;spectral_peak;owner_supplied_audio
BE-003:pitch:05949,BE-003:onset:1296,223.259864,931.259864,379.272727,95,4.272727,74.9115,D#5,619.0796,0.139320,1.000000,0.726669,0.850000,0.580000,,0.477224,2006.186,6,3,0.050000,0.300000,0.580000,0.070000,0.000000,0.120000,0.580000,0.220000,NOTE_HYPOTHESIS,shared_audio_intelligence_v0_2;spectral_peak;owner_supplied_audio
BE-003:pitch:05950,BE-003:onset:1296,223.259864,931.259864,379.272727,95,4.272727,73.8242,D5,581.3965,0.116100,1.000000,0.726669,0.850000,0.580000,,0.477224,2006.186,6,4,0.050000,0.300000,0.580000,0.070000,0.000000,0.120000,0.580000,0.220000,NOTE_HYPOTHESIS,shared_audio_intelligence_v0_2;spectral_peak;owner_supplied_audio
BE-003:pitch:05951,BE-003:onset:1296,223.259864,931.259864,379.272727,95,4.272727,52.2159,E3,166.8823,0.441179,0.917696,0.726669,0.808848,0.550000,,0.477224,2006.186,6,5,0.550000,0.350000,0.030000,0.070000,0.480000,0.320000,0.000000,0.000000,NOTE_HYPOTHESIS,shared_audio_intelligence_v0_2;spectral_peak;owner_supplied_audio
BE-003:pitch:05952,BE-003:onset:1296,223.259864,931.259864,379.272727,95,4.272727,63.9344,E4,328.3813,0.232200,0.912141,0.726669,0.806070,0.520000,,0.477224,2006.186,6,6,0.250000,0.520000,0.150000,0.080000,0.000000,0.450000,0.250000,0.200000,NOTE_HYPOTHESIS,shared_audio_intelligence_v0_2;spectral_peak;owner_supplied_audio
BE-003:pitch:05953,BE-003:onset:1297,223.352744,931.352744,379.454545,95,4.454545,83.8751,C6,1038.9771,0.162540,1.000000,1.000000,0.850000,0.840000,,0.560355,1982.023,6,1,0.010000,0.080000,0.840000,0.070000,0.000000,0.120000,0.580000,0.220000,NOTE_HYPOTHESIS,shared_audio_intelligence_v0_2;spectral_peak;owner_supplied_audio
BE-003:pitch:05954,BE-003:onset:1297,223.352744,931.352744,379.454545,95,4.454545,32.6287,A1,53.8330,0.510839,1.000000,1.000000,0.850000,0.760000,,0.560355,1982.023,6,2,0.760000,0.180000,0.010000,0.050000,0.480000,0.320000,0.000000,0.000000,NOTE_HYPOTHESIS,shared_audio_intelligence_v0_2;spectral_peak;owner_supplied_audio
BE-003:pitch:05955,BE-003:onset:1297,223.352744,931.352744,379.454545,95,4.454545,44.6287,A2,107.6660,0.278639,1.000000,1.000000,0.850000,0.760000,,0.560355,1982.023,6,3,0.760000,0.180000,0.010000,0.050000,0.480000,0.320000,0.000000,0.000000,NOTE_HYPOTHESIS,shared_audio_intelligence_v0_2;spectral_peak;owner_supplied_audio
BE-003:pitch:05956,BE-003:onset:1297,223.352744,931.352744,379.454545,95,4.454545,74.9115,D#5,619.0796,0.069660,1.000000,1.000000,0.850000,0.580000,,0.560355,1982.023,6,4,0.050000,0.300000,0.580000,0.070000,0.000000,0.120000,0.580000,0.220000,NOTE_HYPOTHESIS,shared_audio_intelligence_v0_2;spectral_peak;owner_supplied_audio
BE-003:pitch:05957,BE-003:onset:1297,223.352744,931.352744,379.454545,95,4.454545,71.9645,C5,522.1802,0.232200,1.000000,1.000000,0.850000,0.580000,,0.560355,1982.023,6,5,0.050000,0.300000,0.580000,0.070000,0.000000,0.120000,0.580000,0.220000,NOTE_HYPOTHESIS,shared_audio_intelligence_v0_2;spectral_peak;owner_supplied_audio
BE-003:pitch:05958,BE-003:onset:1297,223.352744,931.352744,379.454545,95,4.454545,73.9838,D5,586.7798,0.116100,0.955448,1.000000,0.827724,0.580000,,0.560355,1982.023,6,6,0.050000,0.300000,0.580000,0.070000,0.000000,0.120000,0.580000,0.220000,NOTE_HYPOTHESIS,shared_audio_intelligence_v0_2;spectral_peak;owner_supplied_audio
BE-003:pitch:05959,BE-003:onset:1298,223.468844,931.468844,379.681818,95,4.681818,76.9003,F5,694.4458,0.139320,1.000000,0.946660,0.850000,0.840000,,0.747046,1794.938,6,1,0.010000,0.080000,0.840000,0.070000,0.000000,0.120000,0.580000,0.220000,NOTE_HYPOTHESIS,shared_audio_intelligence_v0_2;spectral_peak;owner_supplied_audio
BE-003:pitch:05960,BE-003:onset:1298,223.468844,931.468844,379.681818,95,4.681818,34.2788,A#1,59.2163,0.394739,1.000000,0.946660,0.850000,0.760000,,0.747046,1794.938,6,2,0.760000,0.180000,0.010000,0.050000,0.480000,0.320000,0.000000,0.000000,NOTE_HYPOTHESIS,shared_audio_intelligence_v0_2;spectral_peak;owner_supplied_audio
BE-003:pitch:05961,BE-003:onset:1298,223.468844,931.468844,379.681818,95,4.681818,88.9673,F6,1394.2749,0.185760,1.000000,0.946660,0.850000,0.840000,,0.747046,1794.938,6,3,0.010000,0.080000,0.840000,0.070000,0.000000,0.120000,0.580000,0.220000,NOTE_HYPOTHESIS,shared_audio_intelligence_v0_2;spectral_peak;owner_supplied_audio
BE-003:pitch:05962,BE-003:onset:1298,223.468844,931.468844,379.681818,95,4.681818,46.2788,A#2,118.4326,0.208980,1.000000,0.946660,0.850000,0.550000,,0.747046,1794.938,6,4,0.550000,0.350000,0.030000,0.070000,0.480000,0.320000,0.000000,0.000000,NOTE_HYPOTHESIS,shared_audio_intelligence_v0_2;spectral_peak;owner_supplied_audio
BE-003:pitch:05963,BE-003:onset:1298,223.468844,931.468844,379.681818,95,4.681818,83.9645,C6,1044.3604,0.255420,1.000000,0.946660,0.850000,0.840000,,0.747046,1794.938,6,5,0.010000,0.080000,0.840000,0.070000,0.000000,0.120000,0.580000,0.220000,NOTE_HYPOTHESIS,shared_audio_intelligence_v0_2;spectral_peak;owner_supplied_audio
BE-003:pitch:05964,BE-003:onset:1298,223.468844,931.468844,379.681818,95,4.681818,43.7407,G#2,102.2827,0.092880,1.000000,0.946660,0.850000,0.760000,,0.747046,1794.938,6,6,0.760000,0.180000,0.010000,0.050000,0.480000,0.320000,0.000000,0.000000,NOTE_HYPOTHESIS,shared_audio_intelligence_v0_2;spectral_peak;owner_supplied_audio
BE-003:pitch:05965,BE-003:onset:1299,223.608163,931.608163,379.954545,95,4.954545,77.9420,F#5,737.5122,0.208980,1.000000,0.693944,0.850000,0.840000,,1.000000,1441.469,6,1,0.010000,0.080000,0.840000,0.070000,0.000000,0.120000,0.580000,0.220000,NOTE_HYPOTHESIS,shared_audio_intelligence_v0_2;spectral_peak;owner_supplied_audio
BE-003:pitch:05966,BE-003:onset:1299,223.608163,931.608163,379.954545,95,4.954545,34.2788,A#1,59.2163,0.255420,1.000000,0.693944,0.850000,0.760000,,1.000000,1441.469,6,2,0.760000,0.180000,0.010000,0.050000,0.480000,0.320000,0.000000,0.000000,NOTE_HYPOTHESIS,shared_audio_intelligence_v0_2;spectral_peak;owner_supplied_audio
BE-003:pitch:05967,BE-003:onset:1299,223.608163,931.608163,379.954545,95,4.954545,76.7656,F5,689.0625,0.789478,1.000000,0.693944,0.850000,0.840000,,1.000000,1441.469,6,3,0.010000,0.080000,0.840000,0.070000,0.000000,0.120000,0.580000,0.220000,NOTE_HYPOTHESIS,shared_audio_intelligence_v0_2;spectral_peak;owner_supplied_audio
BE-003:pitch:05968,BE-003:onset:1299,223.608163,931.608163,379.954545,95,4.954545,64.7656,F4,344.5312,0.232200,1.000000,0.693944,0.850000,0.580000,,1.000000,1441.469,6,4,0.050000,0.300000,0.580000,0.070000,0.000000,0.450000,0.250000,0.200000,NOTE_HYPOTHESIS,shared_audio_intelligence_v0_2;spectral_peak;owner_supplied_audio
BE-003:pitch:05969,BE-003:onset:1299,223.608163,931.608163,379.954545,95,4.954545,88.9673,F6,1394.2749,1.184218,1.000000,0.693944,0.850000,0.840000,,1.000000,1441.469,6,5,0.010000,0.080000,0.840000,0.070000,0.000000,0.120000,0.580000,0.220000,NOTE_HYPOTHESIS,shared_audio_intelligence_v0_2;spectral_peak;owner_supplied_audio
BE-003:pitch:05970,BE-003:onset:1299,223.608163,931.608163,379.954545,95,4.954545,73.8242,D5,581.3965,0.116100,1.000000,0.693944,0.850000,0.580000,,1.000000,1441.469,6,6,0.050000,0.300000,0.580000,0.070000,0.000000,0.120000,0.580000,0.220000,NOTE_HYPOTHESIS,shared_audio_intelligence_v0_2;spectral_peak;owner_supplied_audio
BE-003:pitch:05971,BE-003:onset:1300,223.770703,931.770703,380.240000,96,1.240000,76.9003,F5,694.4458,0.580499,1.000000,0.599840,0.850000,0.840000,,0.707023,1783.693,6,1,0.010000,0.080000,0.840000,0.070000,0.000000,0.120000,0.580000,0.220000,NOTE_HYPOTHESIS,shared_audio_intelligence_v0_2;spectral_peak;owner_supplied_audio
BE-003:pitch:05972,BE-003:onset:1300,223.770703,931.770703,380.240000,96,1.240000,37.1709,C#2,69.9829,0.905578,1.000000,0.599840,0.850000,0.760000,,0.707023,1783.693,6,2,0.760000,0.180000,0.010000,0.050000,0.480000,0.320000,0.000000,0.000000,NOTE_HYPOTHESIS,shared_audio_intelligence_v0_2;spectral_peak;owner_supplied_audio
BE-003:pitch:05973,BE-003:onset:1300,223.770703,931.770703,380.240000,96,1.240000,77.9420,F#5,737.5122,0.069660,1.000000,0.599840,0.850000,0.840000,,0.707023,1783.693,6,3,0.010000,0.080000,0.840000,0.070000,0.000000,0.120000,0.580000,0.220000,NOTE_HYPOTHESIS,shared_audio_intelligence_v0_2;spectral_peak;owner_supplied_audio
BE-003:pitch:05974,BE-003:onset:1300,223.770703,931.770703,380.240000,96,1.240000,49.8242,D3,145.3491,0.232200,1.000000,0.599840,0.850000,0.550000,,0.707023,1783.693,6,4,0.550000,0.350000,0.030000,0.070000,0.480000,0.320000,0.000000,0.000000,NOTE_HYPOTHESIS,shared_audio_intelligence_v0_2;spectral_peak;owner_supplied_audio
BE-003:pitch:05975,BE-003:onset:1300,223.770703,931.770703,380.240000,96,1.240000,34.2788,A#1,59.2163,0.441179,1.000000,0.599840,0.850000,0.760000,,0.707023,1783.693,6,5,0.760000,0.180000,0.010000,0.050000,0.480000,0.320000,0.000000,0.000000,NOTE_HYPOTHESIS,shared_audio_intelligence_v0_2;spectral_peak;owner_supplied_audio
BE-003:pitch:05976,BE-003:onset:1300,223.770703,931.770703,380.240000,96,1.240000,65.0340,F4,349.9146,0.208980,0.959663,0.599840,0.829832,0.580000,,0.707023,1783.693,6,6,0.050000,0.300000,0.580000,0.070000,0.000000,0.450000,0.250000,0.200000,NOTE_HYPOTHESIS,shared_audio_intelligence_v0_2;spectral_peak;owner_supplied_audio
BE-003:pitch:05977,BE-003:onset:1301,223.933243,931.933243,380.520000,96,1.520000,76.9003,F5,694.4458,0.417959,1.000000,0.945438,0.850000,0.840000,,0.608067,2225.944,4,1,0.010000,0.080000,0.840000,0.070000,0.000000,0.120000,0.580000,0.220000,NOTE_HYPOTHESIS,shared_audio_intelligence_v0_2;spectral_peak;owner_supplied_audio
BE-003:pitch:05978,BE-003:onset:1301,223.933243,931.933243,380.520000,96,1.520000,88.9673,F6,1394.2749,0.441179,1.000000,0.945438,0.850000,0.840000,,0.608067,2225.944,4,2,0.010000,0.080000,0.840000,0.070000,0.000000,0.120000,0.580000,0.220000,NOTE_HYPOTHESIS,shared_audio_intelligence_v0_2;spectral_peak;owner_supplied_audio
BE-003:pitch:05979,BE-003:onset:1301,223.933243,931.933243,380.520000,96,1.520000,37.1709,C#2,69.9829,0.766259,1.000000,0.945438,0.850000,0.760000,,0.608067,2225.944,4,3,0.760000,0.180000,0.010000,0.050000,0.480000,0.320000,0.000000,0.000000,NOTE_HYPOTHESIS,shared_audio_intelligence_v0_2;spectral_peak;owner_supplied_audio
BE-003:pitch:05980,BE-003:onset:1301,223.933243,931.933243,380.520000,96,1.520000,49.8242,D3,145.3491,0.092880,1.000000,0.945438,0.850000,0.550000,,0.608067,2225.944,4,4,0.550000,0.350000,0.030000,0.070000,0.480000,0.320000,0.000000,0.000000,NOTE_HYPOTHESIS,shared_audio_intelligence_v0_2;spectral_peak;owner_supplied_audio
BE-003:pitch:05981,BE-003:onset:1302,224.026122,932.026122,380.680000,96,1.680000,76.9003,F5,694.4458,0.301859,1.000000,0.794165,0.850000,0.840000,,0.613838,2138.874,4,1,0.010000,0.080000,0.840000,0.070000,0.000000,0.120000,0.580000,0.220000,NOTE_HYPOTHESIS,shared_audio_intelligence_v0_2;spectral_peak;owner_supplied_audio
BE-003:pitch:05982,BE-003:onset:1302,224.026122,932.026122,380.680000,96,1.680000,38.4538,D2,75.3662,0.882358,1.000000,0.794165,0.850000,0.760000,,0.613838,2138.874,4,2,0.760000,0.180000,0.010000,0.050000,0.480000,0.320000,0.000000,0.000000,NOTE_HYPOTHESIS,shared_audio_intelligence_v0_2;spectral_peak;owner_supplied_audio
BE-003:pitch:05983,BE-003:onset:1302,224.026122,932.026122,380.680000,96,1.680000,88.9673,F6,1394.2749,0.743039,1.000000,0.794165,0.850000,0.840000,,0.613838,2138.874,4,3,0.010000,0.080000,0.840000,0.070000,0.000000,0.120000,0.580000,0.220000,NOTE_HYPOTHESIS,shared_audio_intelligence_v0_2;spectral_peak;owner_supplied_audio
BE-003:pitch:05984,BE-003:onset:1302,224.026122,932.026122,380.680000,96,1.680000,56.1904,G#3,209.9487,0.278639,0.943803,0.794165,0.821902,0.520000,,0.613838,2138.874,4,4,0.250000,0.520000,0.150000,0.080000,0.000000,0.450000,0.250000,0.200000,NOTE_HYPOTHESIS,shared_audio_intelligence_v0_2;spectral_peak;owner_supplied_audio
BE-003:pitch:05985,BE-003:onset:1303,224.211882,932.211882,381.000000,96,2.000000,76.9003,F5,694.4458,0.139320,1.000000,0.784801,0.850000,0.840000,,0.557379,1730.092,6,1,0.010000,0.080000,0.840000,0.070000,0.000000,0.120000,0.580000,0.220000,NOTE_HYPOTHESIS,shared_audio_intelligence_v0_2;spectral_peak;owner_supplied_audio
BE-003:pitch:05986,BE-003:onset:1303,224.211882,932.211882,381.000000,96,2.000000,64.7656,F4,344.5312,0.208980,1.000000,0.784801,0.850000,0.580000,,0.557379,1730.092,6,2,0.050000,0.300000,0.580000,0.070000,0.000000,0.450000,0.250000,0.200000,NOTE_HYPOTHESIS,shared_audio_intelligence_v0_2;spectral_peak;owner_supplied_audio
BE-003:pitch:05987,BE-003:onset:1303,224.211882,932.211882,381.000000,96,2.000000,38.4538,D2,75.3662,0.696599,1.000000,0.784801,0.850000,0.760000,,0.557379,1730.092,6,3,0.760000,0.180000,0.010000,0.050000,0.480000,0.320000,0.000000,0.000000,NOTE_HYPOTHESIS,shared_audio_intelligence_v0_2;spectral_peak;owner_supplied_audio
BE-003:pitch:05988,BE-003:onset:1303,224.211882,932.211882,381.000000,96,2.000000,73.8242,D5,581.3965,0.394739,1.000000,0.784801,0.850000,0.580000,,0.557379,1730.092,6,4,0.050000,0.300000,0.580000,0.070000,0.000000,0.120000,0.580000,0.220000,NOTE_HYPOTHESIS,shared_audio_intelligence_v0_2;spectral_peak;owner_supplied_audio
BE-003:pitch:05989,BE-003:onset:1303,224.211882,932.211882,381.000000,96,2.000000,61.8242,D4,290.6982,0.162540,1.000000,0.784801,0.850000,0.520000,,0.557379,1730.092,6,5,0.250000,0.520000,0.150000,0.080000,0.000000,0.450000,0.250000,0.200000,NOTE_HYPOTHESIS,shared_audio_intelligence_v0_2;spectral_peak;owner_supplied_audio
BE-003:pitch:05990,BE-003:onset:1303,224.211882,932.211882,381.000000,96,2.000000,57.0562,A3,220.7153,0.116100,0.915183,0.784801,0.807592,0.520000,,0.557379,1730.092,6,6,0.250000,0.520000,0.150000,0.080000,0.000000,0.450000,0.250000,0.200000,NOTE_HYPOTHESIS,shared_audio_intelligence_v0_2;spectral_peak;owner_supplied_audio
BE-003:pitch:05991,BE-003:onset:1304,224.444082,932.444082,381.416667,96,2.416667,39.6483,E2,80.7495,0.441179,1.000000,0.696666,0.850000,0.760000,,0.545220,1913.649,6,1,0.760000,0.180000,0.010000,0.050000,0.480000,0.320000,0.000000,0.000000,NOTE_HYPOTHESIS,shared_audio_intelligence_v0_2;spectral_peak;owner_supplied_audio
BE-003:pitch:05992,BE-003:onset:1304,224.444082,932.444082,381.416667,96,2.416667,73.8242,D5,581.3965,0.139320,1.000000,0.696666,0.850000,0.580000,,0.545220,1913.649,6,2,0.050000,0.300000,0.580000,0.070000,0.000000,0.120000,0.580000,0.220000,NOTE_HYPOTHESIS,shared_audio_intelligence_v0_2;spectral_peak;owner_supplied_audio
BE-003:pitch:05993,BE-003:onset:1304,224.444082,932.444082,381.416667,96,2.416667,63.9344,E4,328.3813,0.185760,1.000000,0.696666,0.850000,0.520000,,0.545220,1913.649,6,3,0.250000,0.520000,0.150000,0.080000,0.000000,0.450000,0.250000,0.200000,NOTE_HYPOTHESIS,shared_audio_intelligence_v0_2;spectral_peak;owner_supplied_audio
BE-003:pitch:05994,BE-003:onset:1304,224.444082,932.444082,381.416667,96,2.416667,81.8808,A#5,925.9277,0.139320,1.000000,0.696666,0.850000,0.840000,,0.545220,1913.649,6,4,0.010000,0.080000,0.840000,0.070000,0.000000,0.120000,0.580000,0.220000,NOTE_HYPOTHESIS,shared_audio_intelligence_v0_2;spectral_peak;owner_supplied_audio
BE-003:pitch:05995,BE-003:onset:1304,224.444082,932.444082,381.416667,96,2.416667,69.8808,A#4,462.9639,0.232200,1.000000,0.696666,0.850000,0.580000,,0.545220,1913.649,6,5,0.050000,0.300000,0.580000,0.070000,0.000000,0.450000,0.250000,0.200000,NOTE_HYPOTHESIS,shared_audio_intelligence_v0_2;spectral_peak;owner_supplied_audio
BE-003:pitch:05996,BE-003:onset:1304,224.444082,932.444082,381.416667,96,2.416667,52.2159,E3,166.8823,0.278639,0.999331,0.696666,0.849666,0.550000,,0.545220,1913.649,6,6,0.550000,0.350000,0.030000,0.070000,0.480000,0.320000,0.000000,0.000000,NOTE_HYPOTHESIS,shared_audio_intelligence_v0_2;spectral_peak;owner_supplied_audio
BE-003:pitch:05997,BE-003:onset:1305,224.513741,932.513741,381.541667,96,2.541667,39.6483,E2,80.7495,0.394739,1.000000,0.825519,0.850000,0.760000,,0.567924,2054.983,6,1,0.760000,0.180000,0.010000,0.050000,0.480000,0.320000,0.000000,0.000000,NOTE_HYPOTHESIS,shared_audio_intelligence_v0_2;spectral_peak;owner_supplied_audio
BE-003:pitch:05998,BE-003:onset:1305,224.513741,932.513741,381.541667,96,2.541667,66.8047,G4,387.5977,0.208980,1.000000,0.825519,0.850000,0.580000,,0.567924,2054.983,6,2,0.050000,0.300000,0.580000,0.070000,0.000000,0.450000,0.250000,0.200000,NOTE_HYPOTHESIS,shared_audio_intelligence_v0_2;spectral_peak;owner_supplied_audio
BE-003:pitch:05999,BE-003:onset:1305,224.513741,932.513741,381.541667,96,2.541667,63.9344,E4,328.3813,0.139320,1.000000,0.825519,0.850000,0.520000,,0.567924,2054.983,6,3,0.250000,0.520000,0.150000,0.080000,0.000000,0.450000,0.250000,0.200000,NOTE_HYPOTHESIS,shared_audio_intelligence_v0_2;spectral_peak;owner_supplied_audio
BE-003:pitch:06000,BE-003:onset:1305,224.513741,932.513741,381.541667,96,2.541667,81.8808,A#5,925.9277,0.069660,1.000000,0.825519,0.850000,0.840000,,0.567924,2054.983,6,4,0.010000,0.080000,0.840000,0.070000,0.000000,0.120000,0.580000,0.220000,NOTE_HYPOTHESIS,shared_audio_intelligence_v0_2;spectral_peak;owner_supplied_audio