event_id,onset_group_id,relative_time_s,source_time_s,beat_position_est,bar_est,beat_in_bar_est,pitch_midi,note_name_nearest,frequency_hz,duration_s_est,spectral_confidence,onset_confidence,duration_confidence,instrument_confidence,alignment_confidence,dynamic_proxy,spectral_centroid_hz,polyphony_at_onset,peak_rank,bass_p,piano_lh_p,piano_rh_p,other_instrument_p,time_floor_role_p,harmonic_support_role_p,foreground_line_role_p,response_role_p,status,provenance
BE-003:pitch:00001,BE-003:onset:0001,1.416417,709.416417,-0.040000,1,1.000000,74.9115,D#5,619.0796,0.394739,1.000000,1.000000,0.850000,0.580000,,0.883484,1188.922,3,1,0.050000,0.300000,0.580000,0.070000,0.000000,0.120000,0.580000,0.220000,NOTE_HYPOTHESIS,shared_audio_intelligence_v0_2;spectral_peak;owner_supplied_audio
BE-003:pitch:00002,BE-003:onset:0001,1.416417,709.416417,-0.040000,1,1.000000,78.9245,G5,780.5786,0.278639,1.000000,1.000000,0.850000,0.840000,,0.883484,1188.922,3,2,0.010000,0.080000,0.840000,0.070000,0.000000,0.120000,0.580000,0.220000,NOTE_HYPOTHESIS,shared_audio_intelligence_v0_2;spectral_peak;owner_supplied_audio
BE-003:pitch:00003,BE-003:onset:0001,1.416417,709.416417,-0.040000,1,1.000000,74.1419,D5,592.1631,0.301859,1.000000,1.000000,0.850000,0.580000,,0.883484,1188.922,3,3,0.050000,0.300000,0.580000,0.070000,0.000000,0.120000,0.580000,0.220000,NOTE_HYPOTHESIS,shared_audio_intelligence_v0_2;spectral_peak;owner_supplied_audio
BE-003:pitch:00004,BE-003:onset:0002,1.671837,709.671837,0.312500,1,1.312500,35.7851,C2,64.5996,0.534059,1.000000,0.685252,0.850000,0.760000,,0.799829,940.770,5,1,0.760000,0.180000,0.010000,0.050000,0.480000,0.320000,0.000000,0.000000,NOTE_HYPOTHESIS,shared_audio_intelligence_v0_2;spectral_peak;owner_supplied_audio
BE-003:pitch:00005,BE-003:onset:0002,1.671837,709.671837,0.312500,1,1.312500,74.9115,D#5,619.0796,0.139320,1.000000,0.685252,0.850000,0.580000,,0.799829,940.770,5,2,0.050000,0.300000,0.580000,0.070000,0.000000,0.120000,0.580000,0.220000,NOTE_HYPOTHESIS,shared_audio_intelligence_v0_2;spectral_peak;owner_supplied_audio
BE-003:pitch:00006,BE-003:onset:0002,1.671837,709.671837,0.312500,1,1.312500,47.7851,C3,129.1992,0.464399,1.000000,0.685252,0.850000,0.550000,,0.799829,940.770,5,3,0.550000,0.350000,0.030000,0.070000,0.480000,0.320000,0.000000,0.000000,NOTE_HYPOTHESIS,shared_audio_intelligence_v0_2;spectral_peak;owner_supplied_audio
BE-003:pitch:00007,BE-003:onset:0002,1.671837,709.671837,0.312500,1,1.312500,74.6077,D#5,608.3130,0.162540,1.000000,0.685252,0.850000,0.580000,,0.799829,940.770,5,4,0.050000,0.300000,0.580000,0.070000,0.000000,0.120000,0.580000,0.220000,NOTE_HYPOTHESIS,shared_audio_intelligence_v0_2;spectral_peak;owner_supplied_audio
BE-003:pitch:00008,BE-003:onset:0002,1.671837,709.671837,0.312500,1,1.312500,55.2790,G3,199.1821,0.371519,1.000000,0.685252,0.850000,0.520000,,0.799829,940.770,5,5,0.250000,0.520000,0.150000,0.080000,0.000000,0.450000,0.250000,0.200000,NOTE_HYPOTHESIS,shared_audio_intelligence_v0_2;spectral_peak;owner_supplied_audio
BE-003:pitch:00009,BE-003:onset:0003,1.718277,709.718277,0.375000,1,1.375000,35.7851,C2,64.5996,0.348299,1.000000,0.909283,0.850000,0.760000,,0.784575,717.473,3,1,0.760000,0.180000,0.010000,0.050000,0.480000,0.320000,0.000000,0.000000,NOTE_HYPOTHESIS,shared_audio_intelligence_v0_2;spectral_peak;owner_supplied_audio
BE-003:pitch:00010,BE-003:onset:0003,1.718277,709.718277,0.375000,1,1.375000,47.7851,C3,129.1992,0.394739,1.000000,0.909283,0.850000,0.550000,,0.784575,717.473,3,2,0.550000,0.350000,0.030000,0.070000,0.480000,0.320000,0.000000,0.000000,NOTE_HYPOTHESIS,shared_audio_intelligence_v0_2;spectral_peak;owner_supplied_audio
BE-003:pitch:00011,BE-003:onset:0003,1.718277,709.718277,0.375000,1,1.375000,74.9115,D#5,619.0796,0.116100,1.000000,0.909283,0.850000,0.580000,,0.784575,717.473,3,3,0.050000,0.300000,0.580000,0.070000,0.000000,0.120000,0.580000,0.220000,NOTE_HYPOTHESIS,shared_audio_intelligence_v0_2;spectral_peak;owner_supplied_audio
BE-003:pitch:00012,BE-003:onset:0004,1.950476,709.950476,0.687500,1,1.687500,35.7851,C2,64.5996,0.301859,1.000000,1.000000,0.850000,0.760000,,0.469555,669.956,4,1,0.760000,0.180000,0.010000,0.050000,0.480000,0.320000,0.000000,0.000000,NOTE_HYPOTHESIS,shared_audio_intelligence_v0_2;spectral_peak;owner_supplied_audio
BE-003:pitch:00013,BE-003:onset:0004,1.950476,709.950476,0.687500,1,1.687500,74.9115,D#5,619.0796,0.139320,1.000000,1.000000,0.850000,0.580000,,0.469555,669.956,4,2,0.050000,0.300000,0.580000,0.070000,0.000000,0.120000,0.580000,0.220000,NOTE_HYPOTHESIS,shared_audio_intelligence_v0_2;spectral_peak;owner_supplied_audio
BE-003:pitch:00014,BE-003:onset:0004,1.950476,709.950476,0.687500,1,1.687500,47.7851,C3,129.1992,0.185760,1.000000,1.000000,0.850000,0.550000,,0.469555,669.956,4,3,0.550000,0.350000,0.030000,0.070000,0.480000,0.320000,0.000000,0.000000,NOTE_HYPOTHESIS,shared_audio_intelligence_v0_2;spectral_peak;owner_supplied_audio
BE-003:pitch:00015,BE-003:onset:0004,1.950476,709.950476,0.687500,1,1.687500,79.9670,G#5,829.0283,0.139320,1.000000,1.000000,0.850000,0.840000,,0.469555,669.956,4,4,0.010000,0.080000,0.840000,0.070000,0.000000,0.120000,0.580000,0.220000,NOTE_HYPOTHESIS,shared_audio_intelligence_v0_2;spectral_peak;owner_supplied_audio
BE-003:pitch:00016,BE-003:onset:0005,2.182676,710.182676,1.000000,1,2.000000,74.9115,D#5,619.0796,0.208980,1.000000,1.000000,0.850000,0.580000,,0.954313,1102.773,5,1,0.050000,0.300000,0.580000,0.070000,0.000000,0.120000,0.580000,0.220000,NOTE_HYPOTHESIS,shared_audio_intelligence_v0_2;spectral_peak;owner_supplied_audio
BE-003:pitch:00017,BE-003:onset:0005,2.182676,710.182676,1.000000,1,2.000000,77.9420,F#5,737.5122,0.208980,1.000000,1.000000,0.850000,0.840000,,0.954313,1102.773,5,2,0.010000,0.080000,0.840000,0.070000,0.000000,0.120000,0.580000,0.220000,NOTE_HYPOTHESIS,shared_audio_intelligence_v0_2;spectral_peak;owner_supplied_audio
BE-003:pitch:00018,BE-003:onset:0005,2.182676,710.182676,1.000000,1,2.000000,63.0613,D#4,312.2314,0.255420,1.000000,1.000000,0.850000,0.520000,,0.954313,1102.773,5,3,0.250000,0.520000,0.150000,0.080000,0.000000,0.450000,0.250000,0.200000,NOTE_HYPOTHESIS,shared_audio_intelligence_v0_2;spectral_peak;owner_supplied_audio
BE-003:pitch:00019,BE-003:onset:0005,2.182676,710.182676,1.000000,1,2.000000,35.7851,C2,64.5996,0.325079,1.000000,1.000000,0.850000,0.760000,,0.954313,1102.773,5,4,0.760000,0.180000,0.010000,0.050000,0.480000,0.320000,0.000000,0.000000,NOTE_HYPOTHESIS,shared_audio_intelligence_v0_2;spectral_peak;owner_supplied_audio
BE-003:pitch:00020,BE-003:onset:0005,2.182676,710.182676,1.000000,1,2.000000,86.9115,D#6,1238.1592,0.185760,1.000000,1.000000,0.850000,0.840000,,0.954313,1102.773,5,5,0.010000,0.080000,0.840000,0.070000,0.000000,0.120000,0.580000,0.220000,NOTE_HYPOTHESIS,shared_audio_intelligence_v0_2;spectral_peak;owner_supplied_audio
BE-003:pitch:00021,BE-003:onset:0006,2.438095,710.438095,1.392857,1,2.392857,40.7656,F2,86.1328,0.162540,1.000000,0.514747,0.850000,0.760000,,0.433368,739.169,3,1,0.760000,0.180000,0.010000,0.050000,0.480000,0.320000,0.000000,0.000000,NOTE_HYPOTHESIS,shared_audio_intelligence_v0_2;spectral_peak;owner_supplied_audio
BE-003:pitch:00022,BE-003:onset:0006,2.438095,710.438095,1.392857,1,2.392857,76.9003,F5,694.4458,0.441179,1.000000,0.514747,0.850000,0.840000,,0.433368,739.169,3,2,0.010000,0.080000,0.840000,0.070000,0.000000,0.120000,0.580000,0.220000,NOTE_HYPOTHESIS,shared_audio_intelligence_v0_2;spectral_peak;owner_supplied_audio
BE-003:pitch:00023,BE-003:onset:0006,2.438095,710.438095,1.392857,1,2.392857,74.7603,D#5,613.6963,0.232200,1.000000,0.514747,0.850000,0.580000,,0.433368,739.169,3,3,0.050000,0.300000,0.580000,0.070000,0.000000,0.120000,0.580000,0.220000,NOTE_HYPOTHESIS,shared_audio_intelligence_v0_2;spectral_peak;owner_supplied_audio
BE-003:pitch:00024,BE-003:onset:0007,2.507755,710.507755,1.500000,1,2.500000,40.7656,F2,86.1328,0.116100,1.000000,0.503188,0.850000,0.760000,,0.346679,751.044,3,1,0.760000,0.180000,0.010000,0.050000,0.480000,0.320000,0.000000,0.000000,NOTE_HYPOTHESIS,shared_audio_intelligence_v0_2;spectral_peak;owner_supplied_audio
BE-003:pitch:00025,BE-003:onset:0007,2.507755,710.507755,1.500000,1,2.500000,76.9003,F5,694.4458,0.394739,1.000000,0.503188,0.850000,0.840000,,0.346679,751.044,3,2,0.010000,0.080000,0.840000,0.070000,0.000000,0.120000,0.580000,0.220000,NOTE_HYPOTHESIS,shared_audio_intelligence_v0_2;spectral_peak;owner_supplied_audio
BE-003:pitch:00026,BE-003:onset:0007,2.507755,710.507755,1.500000,1,2.500000,74.9115,D#5,619.0796,0.116100,1.000000,0.503188,0.850000,0.580000,,0.346679,751.044,3,3,0.050000,0.300000,0.580000,0.070000,0.000000,0.120000,0.580000,0.220000,NOTE_HYPOTHESIS,shared_audio_intelligence_v0_2;spectral_peak;owner_supplied_audio
BE-003:pitch:00027,BE-003:onset:0008,2.647075,710.647075,1.714286,1,2.714286,76.9003,F5,694.4458,0.185760,1.000000,1.000000,0.850000,0.840000,,0.782658,1246.510,4,1,0.010000,0.080000,0.840000,0.070000,0.000000,0.120000,0.580000,0.220000,NOTE_HYPOTHESIS,shared_audio_intelligence_v0_2;spectral_peak;owner_supplied_audio
BE-003:pitch:00028,BE-003:onset:0008,2.647075,710.647075,1.714286,1,2.714286,73.9838,D5,586.7798,0.301859,1.000000,1.000000,0.850000,0.580000,,0.782658,1246.510,4,2,0.050000,0.300000,0.580000,0.070000,0.000000,0.120000,0.580000,0.220000,NOTE_HYPOTHESIS,shared_audio_intelligence_v0_2;spectral_peak;owner_supplied_audio
BE-003:pitch:00029,BE-003:onset:0008,2.647075,710.647075,1.714286,1,2.714286,88.9673,F6,1394.2749,0.185760,1.000000,1.000000,0.850000,0.840000,,0.782658,1246.510,4,3,0.010000,0.080000,0.840000,0.070000,0.000000,0.120000,0.580000,0.220000,NOTE_HYPOTHESIS,shared_audio_intelligence_v0_2;spectral_peak;owner_supplied_audio
BE-003:pitch:00030,BE-003:onset:0008,2.647075,710.647075,1.714286,1,2.714286,83.9645,C6,1044.3604,0.162540,1.000000,1.000000,0.850000,0.840000,,0.782658,1246.510,4,4,0.010000,0.080000,0.840000,0.070000,0.000000,0.120000,0.580000,0.220000,NOTE_HYPOTHESIS,shared_audio_intelligence_v0_2;spectral_peak;owner_supplied_audio
BE-003:pitch:00031,BE-003:onset:0009,2.856054,710.856054,2.045455,1,3.045455,45.4734,A2,113.0493,0.394739,1.000000,0.605640,0.850000,0.550000,,0.535768,964.871,4,1,0.550000,0.350000,0.030000,0.070000,0.480000,0.320000,0.000000,0.000000,NOTE_HYPOTHESIS,shared_audio_intelligence_v0_2;spectral_peak;owner_supplied_audio
BE-003:pitch:00032,BE-003:onset:0009,2.856054,710.856054,2.045455,1,3.045455,73.8242,D5,581.3965,0.952018,1.000000,0.605640,0.850000,0.580000,,0.535768,964.871,4,2,0.050000,0.300000,0.580000,0.070000,0.000000,0.120000,0.580000,0.220000,NOTE_HYPOTHESIS,shared_audio_intelligence_v0_2;spectral_peak;owner_supplied_audio
BE-003:pitch:00033,BE-003:onset:0009,2.856054,710.856054,2.045455,1,3.045455,34.2788,A#1,59.2163,0.766259,1.000000,0.605640,0.850000,0.760000,,0.535768,964.871,4,3,0.760000,0.180000,0.010000,0.050000,0.480000,0.320000,0.000000,0.000000,NOTE_HYPOTHESIS,shared_audio_intelligence_v0_2;spectral_peak;owner_supplied_audio
BE-003:pitch:00034,BE-003:onset:0009,2.856054,710.856054,2.045455,1,3.045455,76.9003,F5,694.4458,0.185760,1.000000,0.605640,0.850000,0.840000,,0.535768,964.871,4,4,0.010000,0.080000,0.840000,0.070000,0.000000,0.120000,0.580000,0.220000,NOTE_HYPOTHESIS,shared_audio_intelligence_v0_2;spectral_peak;owner_supplied_audio
BE-003:pitch:00035,BE-003:onset:0010,3.088254,711.088254,2.500000,1,3.500000,73.8242,D5,581.3965,0.417959,1.000000,1.000000,0.850000,0.580000,,0.820087,983.652,6,1,0.050000,0.300000,0.580000,0.070000,0.000000,0.120000,0.580000,0.220000,NOTE_HYPOTHESIS,shared_audio_intelligence_v0_2;spectral_peak;owner_supplied_audio
BE-003:pitch:00036,BE-003:onset:0010,3.088254,711.088254,2.500000,1,3.500000,74.9115,D#5,619.0796,0.208980,1.000000,1.000000,0.850000,0.580000,,0.820087,983.652,6,2,0.050000,0.300000,0.580000,0.070000,0.000000,0.120000,0.580000,0.220000,NOTE_HYPOTHESIS,shared_audio_intelligence_v0_2;spectral_peak;owner_supplied_audio
BE-003:pitch:00037,BE-003:onset:0010,3.088254,711.088254,2.500000,1,3.500000,34.2788,A#1,59.2163,0.394739,1.000000,1.000000,0.850000,0.760000,,0.820087,983.652,6,3,0.760000,0.180000,0.010000,0.050000,0.480000,0.320000,0.000000,0.000000,NOTE_HYPOTHESIS,shared_audio_intelligence_v0_2;spectral_peak;owner_supplied_audio
BE-003:pitch:00038,BE-003:onset:0010,3.088254,711.088254,2.500000,1,3.500000,78.9245,G5,780.5786,0.162540,1.000000,1.000000,0.850000,0.840000,,0.820087,983.652,6,4,0.010000,0.080000,0.840000,0.070000,0.000000,0.120000,0.580000,0.220000,NOTE_HYPOTHESIS,shared_audio_intelligence_v0_2;spectral_peak;owner_supplied_audio
BE-003:pitch:00039,BE-003:onset:0010,3.088254,711.088254,2.500000,1,3.500000,46.2788,A#2,118.4326,0.162540,1.000000,1.000000,0.850000,0.550000,,0.820087,983.652,6,5,0.550000,0.350000,0.030000,0.070000,0.480000,0.320000,0.000000,0.000000,NOTE_HYPOTHESIS,shared_audio_intelligence_v0_2;spectral_peak;owner_supplied_audio
BE-003:pitch:00040,BE-003:onset:0010,3.088254,711.088254,2.500000,1,3.500000,85.9042,D6,1168.1763,0.162540,1.000000,1.000000,0.850000,0.840000,,0.820087,983.652,6,6,0.010000,0.080000,0.840000,0.070000,0.000000,0.120000,0.580000,0.220000,NOTE_HYPOTHESIS,shared_audio_intelligence_v0_2;spectral_peak;owner_supplied_audio
BE-003:pitch:00041,BE-003:onset:0011,3.343673,711.343673,3.000000,1,4.000000,73.9838,D5,586.7798,0.185760,1.000000,1.000000,0.850000,0.580000,,0.803691,1015.039,6,1,0.050000,0.300000,0.580000,0.070000,0.000000,0.120000,0.580000,0.220000,NOTE_HYPOTHESIS,shared_audio_intelligence_v0_2;spectral_peak;owner_supplied_audio
BE-003:pitch:00042,BE-003:onset:0011,3.343673,711.343673,3.000000,1,4.000000,85.9042,D6,1168.1763,0.139320,1.000000,1.000000,0.850000,0.840000,,0.803691,1015.039,6,2,0.010000,0.080000,0.840000,0.070000,0.000000,0.120000,0.580000,0.220000,NOTE_HYPOTHESIS,shared_audio_intelligence_v0_2;spectral_peak;owner_supplied_audio
BE-003:pitch:00043,BE-003:onset:0011,3.343673,711.343673,3.000000,1,4.000000,83.9645,C6,1044.3604,0.255420,1.000000,1.000000,0.850000,0.840000,,0.803691,1015.039,6,3,0.010000,0.080000,0.840000,0.070000,0.000000,0.120000,0.580000,0.220000,NOTE_HYPOTHESIS,shared_audio_intelligence_v0_2;spectral_peak;owner_supplied_audio
BE-003:pitch:00044,BE-003:onset:0011,3.343673,711.343673,3.000000,1,4.000000,76.9003,F5,694.4458,0.208980,1.000000,1.000000,0.850000,0.840000,,0.803691,1015.039,6,4,0.010000,0.080000,0.840000,0.070000,0.000000,0.120000,0.580000,0.220000,NOTE_HYPOTHESIS,shared_audio_intelligence_v0_2;spectral_peak;owner_supplied_audio
BE-003:pitch:00045,BE-003:onset:0011,3.343673,711.343673,3.000000,1,4.000000,88.9673,F6,1394.2749,0.162540,1.000000,1.000000,0.850000,0.840000,,0.803691,1015.039,6,5,0.010000,0.080000,0.840000,0.070000,0.000000,0.120000,0.580000,0.220000,NOTE_HYPOTHESIS,shared_audio_intelligence_v0_2;spectral_peak;owner_supplied_audio
BE-003:pitch:00046,BE-003:onset:0011,3.343673,711.343673,3.000000,1,4.000000,74.4538,D5,602.9297,0.464399,1.000000,1.000000,0.850000,0.580000,,0.803691,1015.039,6,6,0.050000,0.300000,0.580000,0.070000,0.000000,0.120000,0.580000,0.220000,NOTE_HYPOTHESIS,shared_audio_intelligence_v0_2;spectral_peak;owner_supplied_audio
BE-003:pitch:00047,BE-003:onset:0012,3.552653,711.552653,3.321429,1,4.321429,74.9115,D#5,619.0796,0.417959,1.000000,0.639451,0.850000,0.580000,,0.563907,816.228,6,1,0.050000,0.300000,0.580000,0.070000,0.000000,0.120000,0.580000,0.220000,NOTE_HYPOTHESIS,shared_audio_intelligence_v0_2;spectral_peak;owner_supplied_audio
BE-003:pitch:00048,BE-003:onset:0012,3.552653,711.552653,3.321429,1,4.321429,38.4538,D2,75.3662,0.348299,1.000000,0.639451,0.850000,0.760000,,0.563907,816.228,6,2,0.760000,0.180000,0.010000,0.050000,0.480000,0.320000,0.000000,0.000000,NOTE_HYPOTHESIS,shared_audio_intelligence_v0_2;spectral_peak;owner_supplied_audio
BE-003:pitch:00049,BE-003:onset:0012,3.552653,711.552653,3.321429,1,4.321429,50.4538,D3,150.7324,0.441179,1.000000,0.639451,0.850000,0.550000,,0.563907,816.228,6,3,0.550000,0.350000,0.030000,0.070000,0.480000,0.320000,0.000000,0.000000,NOTE_HYPOTHESIS,shared_audio_intelligence_v0_2;spectral_peak;owner_supplied_audio
BE-003:pitch:00050,BE-003:onset:0012,3.552653,711.552653,3.321429,1,4.321429,86.9115,D#6,1238.1592,0.371519,1.000000,0.639451,0.850000,0.840000,,0.563907,816.228,6,4,0.010000,0.080000,0.840000,0.070000,0.000000,0.120000,0.580000,0.220000,NOTE_HYPOTHESIS,shared_audio_intelligence_v0_2;spectral_peak;owner_supplied_audio
BE-003:pitch:00051,BE-003:onset:0012,3.552653,711.552653,3.321429,1,4.321429,57.8808,A#3,231.4819,0.348299,1.000000,0.639451,0.850000,0.520000,,0.563907,816.228,6,5,0.250000,0.520000,0.150000,0.080000,0.000000,0.450000,0.250000,0.200000,NOTE_HYPOTHESIS,shared_audio_intelligence_v0_2;spectral_peak;owner_supplied_audio
BE-003:pitch:00052,BE-003:onset:0012,3.552653,711.552653,3.321429,1,4.321429,66.8047,G4,387.5977,0.301859,1.000000,0.639451,0.850000,0.580000,,0.563907,816.228,6,6,0.050000,0.300000,0.580000,0.070000,0.000000,0.450000,0.250000,0.200000,NOTE_HYPOTHESIS,shared_audio_intelligence_v0_2;spectral_peak;owner_supplied_audio
BE-003:pitch:00053,BE-003:onset:0013,3.761633,711.761633,3.642857,1,4.642857,74.9115,D#5,619.0796,0.208980,1.000000,1.000000,0.850000,0.580000,,0.767732,1108.890,6,1,0.050000,0.300000,0.580000,0.070000,0.000000,0.120000,0.580000,0.220000,NOTE_HYPOTHESIS,shared_audio_intelligence_v0_2;spectral_peak;owner_supplied_audio
BE-003:pitch:00054,BE-003:onset:0013,3.761633,711.761633,3.642857,1,4.642857,83.8751,C6,1038.9771,0.139320,1.000000,1.000000,0.850000,0.840000,,0.767732,1108.890,6,2,0.010000,0.080000,0.840000,0.070000,0.000000,0.120000,0.580000,0.220000,NOTE_HYPOTHESIS,shared_audio_intelligence_v0_2;spectral_peak;owner_supplied_audio
BE-003:pitch:00055,BE-003:onset:0013,3.761633,711.761633,3.642857,1,4.642857,38.4538,D2,75.3662,0.208980,1.000000,1.000000,0.850000,0.760000,,0.767732,1108.890,6,3,0.760000,0.180000,0.010000,0.050000,0.480000,0.320000,0.000000,0.000000,NOTE_HYPOTHESIS,shared_audio_intelligence_v0_2;spectral_peak;owner_supplied_audio
BE-003:pitch:00056,BE-003:onset:0013,3.761633,711.761633,3.642857,1,4.642857,71.9645,C5,522.1802,0.835918,1.000000,1.000000,0.850000,0.580000,,0.767732,1108.890,6,4,0.050000,0.300000,0.580000,0.070000,0.000000,0.120000,0.580000,0.220000,NOTE_HYPOTHESIS,shared_audio_intelligence_v0_2;spectral_peak;owner_supplied_audio
BE-003:pitch:00057,BE-003:onset:0013,3.761633,711.761633,3.642857,1,4.642857,81.8808,A#5,925.9277,0.185760,1.000000,1.000000,0.850000,0.840000,,0.767732,1108.890,6,5,0.010000,0.080000,0.840000,0.070000,0.000000,0.120000,0.580000,0.220000,NOTE_HYPOTHESIS,shared_audio_intelligence_v0_2;spectral_peak;owner_supplied_audio
BE-003:pitch:00058,BE-003:onset:0013,3.761633,711.761633,3.642857,1,4.642857,86.9115,D#6,1238.1592,0.162540,1.000000,1.000000,0.850000,0.840000,,0.767732,1108.890,6,6,0.010000,0.080000,0.840000,0.070000,0.000000,0.120000,0.580000,0.220000,NOTE_HYPOTHESIS,shared_audio_intelligence_v0_2;spectral_peak;owner_supplied_audio
BE-003:pitch:00059,BE-003:onset:0014,3.993832,711.993832,4.000000,2,1.000000,44.6287,A2,107.6660,0.348299,1.000000,0.952804,0.850000,0.760000,,0.520720,964.381,6,1,0.760000,0.180000,0.010000,0.050000,0.480000,0.320000,0.000000,0.000000,NOTE_HYPOTHESIS,shared_audio_intelligence_v0_2;spectral_peak;owner_supplied_audio
BE-003:pitch:00060,BE-003:onset:0014,3.993832,711.993832,4.000000,2,1.000000,71.9645,C5,522.1802,0.603719,1.000000,0.952804,0.850000,0.580000,,0.520720,964.381,6,2,0.050000,0.300000,0.580000,0.070000,0.000000,0.120000,0.580000,0.220000,NOTE_HYPOTHESIS,shared_audio_intelligence_v0_2;spectral_peak;owner_supplied_audio
BE-003:pitch:00061,BE-003:onset:0014,3.993832,711.993832,4.000000,2,1.000000,34.2788,A#1,59.2163,0.975238,1.000000,0.952804,0.850000,0.760000,,0.520720,964.381,6,3,0.760000,0.180000,0.010000,0.050000,0.480000,0.320000,0.000000,0.000000,NOTE_HYPOTHESIS,shared_audio_intelligence_v0_2;spectral_peak;owner_supplied_audio
BE-003:pitch:00062,BE-003:onset:0014,3.993832,711.993832,4.000000,2,1.000000,51.6483,E3,161.4990,0.348299,1.000000,0.952804,0.850000,0.550000,,0.520720,964.381,6,4,0.550000,0.350000,0.030000,0.070000,0.480000,0.320000,0.000000,0.000000,NOTE_HYPOTHESIS,shared_audio_intelligence_v0_2;spectral_peak;owner_supplied_audio
BE-003:pitch:00063,BE-003:onset:0014,3.993832,711.993832,4.000000,2,1.000000,63.9344,E4,328.3813,0.371519,1.000000,0.952804,0.850000,0.520000,,0.520720,964.381,6,5,0.250000,0.520000,0.150000,0.080000,0.000000,0.450000,0.250000,0.200000,NOTE_HYPOTHESIS,shared_audio_intelligence_v0_2;spectral_peak;owner_supplied_audio
BE-003:pitch:00064,BE-003:onset:0014,3.993832,711.993832,4.000000,2,1.000000,73.9838,D5,586.7798,0.185760,1.000000,0.952804,0.850000,0.580000,,0.520720,964.381,6,6,0.050000,0.300000,0.580000,0.070000,0.000000,0.120000,0.580000,0.220000,NOTE_HYPOTHESIS,shared_audio_intelligence_v0_2;spectral_peak;owner_supplied_audio
BE-003:pitch:00065,BE-003:onset:0015,4.202812,712.202812,4.450000,2,1.450000,83.8751,C6,1038.9771,0.162540,1.000000,1.000000,0.850000,0.840000,,0.639960,912.942,6,1,0.010000,0.080000,0.840000,0.070000,0.000000,0.120000,0.580000,0.220000,NOTE_HYPOTHESIS,shared_audio_intelligence_v0_2;spectral_peak;owner_supplied_audio
BE-003:pitch:00066,BE-003:onset:0015,4.202812,712.202812,4.450000,2,1.450000,44.6287,A2,107.6660,0.116100,1.000000,1.000000,0.850000,0.760000,,0.639960,912.942,6,2,0.760000,0.180000,0.010000,0.050000,0.480000,0.320000,0.000000,0.000000,NOTE_HYPOTHESIS,shared_audio_intelligence_v0_2;spectral_peak;owner_supplied_audio
BE-003:pitch:00067,BE-003:onset:0015,4.202812,712.202812,4.450000,2,1.450000,32.6287,A1,53.8330,0.185760,1.000000,1.000000,0.850000,0.760000,,0.639960,912.942,6,3,0.760000,0.180000,0.010000,0.050000,0.480000,0.320000,0.000000,0.000000,NOTE_HYPOTHESIS,shared_audio_intelligence_v0_2;spectral_peak;owner_supplied_audio
BE-003:pitch:00068,BE-003:onset:0015,4.202812,712.202812,4.450000,2,1.450000,76.9003,F5,694.4458,0.208980,1.000000,1.000000,0.850000,0.840000,,0.639960,912.942,6,4,0.010000,0.080000,0.840000,0.070000,0.000000,0.120000,0.580000,0.220000,NOTE_HYPOTHESIS,shared_audio_intelligence_v0_2;spectral_peak;owner_supplied_audio
BE-003:pitch:00069,BE-003:onset:0015,4.202812,712.202812,4.450000,2,1.450000,71.9645,C5,522.1802,0.394739,1.000000,1.000000,0.850000,0.580000,,0.639960,912.942,6,5,0.050000,0.300000,0.580000,0.070000,0.000000,0.120000,0.580000,0.220000,NOTE_HYPOTHESIS,shared_audio_intelligence_v0_2;spectral_peak;owner_supplied_audio
BE-003:pitch:00070,BE-003:onset:0015,4.202812,712.202812,4.450000,2,1.450000,81.8808,A#5,925.9277,0.185760,1.000000,1.000000,0.850000,0.840000,,0.639960,912.942,6,6,0.010000,0.080000,0.840000,0.070000,0.000000,0.120000,0.580000,0.220000,NOTE_HYPOTHESIS,shared_audio_intelligence_v0_2;spectral_peak;owner_supplied_audio
BE-003:pitch:00071,BE-003:onset:0016,4.458231,712.458231,5.000000,2,2.000000,74.9115,D#5,619.0796,0.232200,1.000000,1.000000,0.850000,0.580000,,0.661193,876.328,6,1,0.050000,0.300000,0.580000,0.070000,0.000000,0.120000,0.580000,0.220000,NOTE_HYPOTHESIS,shared_audio_intelligence_v0_2;spectral_peak;owner_supplied_audio
BE-003:pitch:00072,BE-003:onset:0016,4.458231,712.458231,5.000000,2,2.000000,81.8808,A#5,925.9277,0.208980,1.000000,1.000000,0.850000,0.840000,,0.661193,876.328,6,2,0.010000,0.080000,0.840000,0.070000,0.000000,0.120000,0.580000,0.220000,NOTE_HYPOTHESIS,shared_audio_intelligence_v0_2;spectral_peak;owner_supplied_audio
BE-003:pitch:00073,BE-003:onset:0016,4.458231,712.458231,5.000000,2,2.000000,71.7851,C5,516.7969,0.139320,1.000000,1.000000,0.850000,0.580000,,0.661193,876.328,6,3,0.050000,0.300000,0.580000,0.070000,0.000000,0.120000,0.580000,0.220000,NOTE_HYPOTHESIS,shared_audio_intelligence_v0_2;spectral_peak;owner_supplied_audio
BE-003:pitch:00074,BE-003:onset:0016,4.458231,712.458231,5.000000,2,2.000000,83.9645,C6,1044.3604,0.139320,1.000000,1.000000,0.850000,0.840000,,0.661193,876.328,6,4,0.010000,0.080000,0.840000,0.070000,0.000000,0.120000,0.580000,0.220000,NOTE_HYPOTHESIS,shared_audio_intelligence_v0_2;spectral_peak;owner_supplied_audio
BE-003:pitch:00075,BE-003:onset:0016,4.458231,712.458231,5.000000,2,2.000000,69.8808,A#4,462.9639,0.812698,1.000000,1.000000,0.850000,0.580000,,0.661193,876.328,6,5,0.050000,0.300000,0.580000,0.070000,0.000000,0.450000,0.250000,0.200000,NOTE_HYPOTHESIS,shared_audio_intelligence_v0_2;spectral_peak;owner_supplied_audio
BE-003:pitch:00076,BE-003:onset:0016,4.458231,712.458231,5.000000,2,2.000000,88.9673,F6,1394.2749,0.185760,1.000000,1.000000,0.850000,0.840000,,0.661193,876.328,6,6,0.010000,0.080000,0.840000,0.070000,0.000000,0.120000,0.580000,0.220000,NOTE_HYPOTHESIS,shared_audio_intelligence_v0_2;spectral_peak;owner_supplied_audio
BE-003:pitch:00077,BE-003:onset:0017,4.667211,712.667211,5.346154,2,2.346154,73.8242,D5,581.3965,0.417959,1.000000,0.723146,0.850000,0.580000,,0.663144,759.365,5,1,0.050000,0.300000,0.580000,0.070000,0.000000,0.120000,0.580000,0.220000,NOTE_HYPOTHESIS,shared_audio_intelligence_v0_2;spectral_peak;owner_supplied_audio
BE-003:pitch:00078,BE-003:onset:0017,4.667211,712.667211,5.346154,2,2.346154,49.8242,D3,145.3491,0.255420,1.000000,0.723146,0.850000,0.550000,,0.663144,759.365,5,2,0.550000,0.350000,0.030000,0.070000,0.480000,0.320000,0.000000,0.000000,NOTE_HYPOTHESIS,shared_audio_intelligence_v0_2;spectral_peak;owner_supplied_audio
BE-003:pitch:00079,BE-003:onset:0017,4.667211,712.667211,5.346154,2,2.346154,38.4538,D2,75.3662,0.232200,1.000000,0.723146,0.850000,0.760000,,0.663144,759.365,5,3,0.760000,0.180000,0.010000,0.050000,0.480000,0.320000,0.000000,0.000000,NOTE_HYPOTHESIS,shared_audio_intelligence_v0_2;spectral_peak;owner_supplied_audio
BE-003:pitch:00080,BE-003:onset:0017,4.667211,712.667211,5.346154,2,2.346154,85.9042,D6,1168.1763,0.441179,1.000000,0.723146,0.850000,0.840000,,0.663144,759.365,5,4,0.010000,0.080000,0.840000,0.070000,0.000000,0.120000,0.580000,0.220000,NOTE_HYPOTHESIS,shared_audio_intelligence_v0_2;spectral_peak;owner_supplied_audio
BE-003:pitch:00081,BE-003:onset:0017,4.667211,712.667211,5.346154,2,2.346154,69.8808,A#4,462.9639,0.603719,1.000000,0.723146,0.850000,0.580000,,0.663144,759.365,5,5,0.050000,0.300000,0.580000,0.070000,0.000000,0.450000,0.250000,0.200000,NOTE_HYPOTHESIS,shared_audio_intelligence_v0_2;spectral_peak;owner_supplied_audio
BE-003:pitch:00082,BE-003:onset:0018,4.852971,712.852971,5.653846,2,2.653846,73.9838,D5,586.7798,0.208980,1.000000,1.000000,0.850000,0.580000,,0.822744,1041.856,5,1,0.050000,0.300000,0.580000,0.070000,0.000000,0.120000,0.580000,0.220000,NOTE_HYPOTHESIS,shared_audio_intelligence_v0_2;spectral_peak;owner_supplied_audio
BE-003:pitch:00083,BE-003:onset:0018,4.852971,712.852971,5.653846,2,2.653846,49.8242,D3,145.3491,0.116100,1.000000,1.000000,0.850000,0.550000,,0.822744,1041.856,5,2,0.550000,0.350000,0.030000,0.070000,0.480000,0.320000,0.000000,0.000000,NOTE_HYPOTHESIS,shared_audio_intelligence_v0_2;spectral_peak;owner_supplied_audio
BE-003:pitch:00084,BE-003:onset:0018,4.852971,712.852971,5.653846,2,2.653846,85.9042,D6,1168.1763,0.208980,1.000000,1.000000,0.850000,0.840000,,0.822744,1041.856,5,3,0.010000,0.080000,0.840000,0.070000,0.000000,0.120000,0.580000,0.220000,NOTE_HYPOTHESIS,shared_audio_intelligence_v0_2;spectral_peak;owner_supplied_audio
BE-003:pitch:00085,BE-003:onset:0018,4.852971,712.852971,5.653846,2,2.653846,81.8808,A#5,925.9277,0.185760,1.000000,1.000000,0.850000,0.840000,,0.822744,1041.856,5,4,0.010000,0.080000,0.840000,0.070000,0.000000,0.120000,0.580000,0.220000,NOTE_HYPOTHESIS,shared_audio_intelligence_v0_2;spectral_peak;owner_supplied_audio
BE-003:pitch:00086,BE-003:onset:0018,4.852971,712.852971,5.653846,2,2.653846,38.4538,D2,75.3662,0.139320,1.000000,1.000000,0.850000,0.760000,,0.822744,1041.856,5,5,0.760000,0.180000,0.010000,0.050000,0.480000,0.320000,0.000000,0.000000,NOTE_HYPOTHESIS,shared_audio_intelligence_v0_2;spectral_peak;owner_supplied_audio
BE-003:pitch:00087,BE-003:onset:0019,5.061950,713.061950,6.000000,2,3.000000,73.8242,D5,581.3965,0.116100,1.000000,0.822250,0.850000,0.580000,,0.697890,904.235,6,1,0.050000,0.300000,0.580000,0.070000,0.000000,0.120000,0.580000,0.220000,NOTE_HYPOTHESIS,shared_audio_intelligence_v0_2;spectral_peak;owner_supplied_audio
BE-003:pitch:00088,BE-003:onset:0019,5.061950,713.061950,6.000000,2,3.000000,85.6632,D6,1152.0264,0.185760,1.000000,0.822250,0.850000,0.840000,,0.697890,904.235,6,2,0.010000,0.080000,0.840000,0.070000,0.000000,0.120000,0.580000,0.220000,NOTE_HYPOTHESIS,shared_audio_intelligence_v0_2;spectral_peak;owner_supplied_audio
BE-003:pitch:00089,BE-003:onset:0019,5.061950,713.061950,6.000000,2,3.000000,63.9344,E4,328.3813,0.232200,1.000000,0.822250,0.850000,0.520000,,0.697890,904.235,6,3,0.250000,0.520000,0.150000,0.080000,0.000000,0.450000,0.250000,0.200000,NOTE_HYPOTHESIS,shared_audio_intelligence_v0_2;spectral_peak;owner_supplied_audio
BE-003:pitch:00090,BE-003:onset:0019,5.061950,713.061950,6.000000,2,3.000000,49.1709,C#3,139.9658,0.510839,1.000000,0.822250,0.850000,0.550000,,0.697890,904.235,6,4,0.550000,0.350000,0.030000,0.070000,0.480000,0.320000,0.000000,0.000000,NOTE_HYPOTHESIS,shared_audio_intelligence_v0_2;spectral_peak;owner_supplied_audio
BE-003:pitch:00091,BE-003:onset:0019,5.061950,713.061950,6.000000,2,3.000000,42.8047,G2,96.8994,0.162540,1.000000,0.822250,0.850000,0.760000,,0.697890,904.235,6,5,0.760000,0.180000,0.010000,0.050000,0.480000,0.320000,0.000000,0.000000,NOTE_HYPOTHESIS,shared_audio_intelligence_v0_2;spectral_peak;owner_supplied_audio
BE-003:pitch:00092,BE-003:onset:0019,5.061950,713.061950,6.000000,2,3.000000,68.8438,A4,436.0474,0.603719,1.000000,0.822250,0.850000,0.580000,,0.697890,904.235,6,6,0.050000,0.300000,0.580000,0.070000,0.000000,0.450000,0.250000,0.200000,NOTE_HYPOTHESIS,shared_audio_intelligence_v0_2;spectral_peak;owner_supplied_audio
BE-003:pitch:00093,BE-003:onset:0020,5.340590,713.340590,6.521739,2,3.521739,49.8242,D3,145.3491,0.116100,1.000000,0.838221,0.850000,0.550000,,0.262199,863.785,6,1,0.550000,0.350000,0.030000,0.070000,0.480000,0.320000,0.000000,0.000000,NOTE_HYPOTHESIS,shared_audio_intelligence_v0_2;spectral_peak;owner_supplied_audio
BE-003:pitch:00094,BE-003:onset:0020,5.340590,713.340590,6.521739,2,3.521739,68.8438,A4,436.0474,0.255420,1.000000,0.838221,0.850000,0.580000,,0.262199,863.785,6,2,0.050000,0.300000,0.580000,0.070000,0.000000,0.450000,0.250000,0.200000,NOTE_HYPOTHESIS,shared_audio_intelligence_v0_2;spectral_peak;owner_supplied_audio
BE-003:pitch:00095,BE-003:onset:0020,5.340590,713.340590,6.521739,2,3.521739,67.0435,G4,392.9810,0.162540,1.000000,0.838221,0.850000,0.580000,,0.262199,863.785,6,3,0.050000,0.300000,0.580000,0.070000,0.000000,0.450000,0.250000,0.200000,NOTE_HYPOTHESIS,shared_audio_intelligence_v0_2;spectral_peak;owner_supplied_audio
BE-003:pitch:00096,BE-003:onset:0020,5.340590,713.340590,6.521739,2,3.521739,87.9344,E6,1313.5254,0.139320,1.000000,0.838221,0.850000,0.840000,,0.262199,863.785,6,4,0.010000,0.080000,0.840000,0.070000,0.000000,0.120000,0.580000,0.220000,NOTE_HYPOTHESIS,shared_audio_intelligence_v0_2;spectral_peak;owner_supplied_audio
BE-003:pitch:00097,BE-003:onset:0020,5.340590,713.340590,6.521739,2,3.521739,30.8047,G1,48.4497,0.185760,1.000000,0.838221,0.850000,0.760000,,0.262199,863.785,6,5,0.760000,0.180000,0.010000,0.050000,0.480000,0.320000,0.000000,0.000000,NOTE_HYPOTHESIS,shared_audio_intelligence_v0_2;spectral_peak;owner_supplied_audio
BE-003:pitch:00098,BE-003:onset:0020,5.340590,713.340590,6.521739,2,3.521739,41.8151,F#2,91.5161,0.394739,1.000000,0.838221,0.850000,0.760000,,0.262199,863.785,6,6,0.760000,0.180000,0.010000,0.050000,0.480000,0.320000,0.000000,0.000000,NOTE_HYPOTHESIS,shared_audio_intelligence_v0_2;spectral_peak;owner_supplied_audio
BE-003:pitch:00099,BE-003:onset:0021,5.433469,713.433469,6.695652,2,3.695652,81.8808,A#5,925.9277,0.139320,1.000000,0.639413,0.850000,0.840000,,0.245109,948.136,6,1,0.010000,0.080000,0.840000,0.070000,0.000000,0.120000,0.580000,0.220000,NOTE_HYPOTHESIS,shared_audio_intelligence_v0_2;spectral_peak;owner_supplied_audio
BE-003:pitch:00100,BE-003:onset:0021,5.433469,713.433469,6.695652,2,3.695652,68.8438,A4,436.0474,0.162540,1.000000,0.639413,0.850000,0.580000,,0.245109,948.136,6,2,0.050000,0.300000,0.580000,0.070000,0.000000,0.450000,0.250000,0.200000,NOTE_HYPOTHESIS,shared_audio_intelligence_v0_2;spectral_peak;owner_supplied_audio
BE-003:pitch:00101,BE-003:onset:0021,5.433469,713.433469,6.695652,2,3.695652,69.8808,A#4,462.9639,0.232200,1.000000,0.639413,0.850000,0.580000,,0.245109,948.136,6,3,0.050000,0.300000,0.580000,0.070000,0.000000,0.450000,0.250000,0.200000,NOTE_HYPOTHESIS,shared_audio_intelligence_v0_2;spectral_peak;owner_supplied_audio
BE-003:pitch:00102,BE-003:onset:0021,5.433469,713.433469,6.695652,2,3.695652,88.9003,F6,1388.8916,0.139320,1.000000,0.639413,0.850000,0.840000,,0.245109,948.136,6,4,0.010000,0.080000,0.840000,0.070000,0.000000,0.120000,0.580000,0.220000,NOTE_HYPOTHESIS,shared_audio_intelligence_v0_2;spectral_peak;owner_supplied_audio
BE-003:pitch:00103,BE-003:onset:0021,5.433469,713.433469,6.695652,2,3.695652,49.8242,D3,145.3491,0.278639,1.000000,0.639413,0.850000,0.550000,,0.245109,948.136,6,5,0.550000,0.350000,0.030000,0.070000,0.480000,0.320000,0.000000,0.000000,NOTE_HYPOTHESIS,shared_audio_intelligence_v0_2;spectral_peak;owner_supplied_audio
BE-003:pitch:00104,BE-003:onset:0021,5.433469,713.433469,6.695652,2,3.695652,34.2788,A#1,59.2163,1.532517,1.000000,0.639413,0.850000,0.760000,,0.245109,948.136,6,6,0.760000,0.180000,0.010000,0.050000,0.480000,0.320000,0.000000,0.000000,NOTE_HYPOTHESIS,shared_audio_intelligence_v0_2;spectral_peak;owner_supplied_audio
BE-003:pitch:00105,BE-003:onset:0022,5.596009,713.596009,7.000000,2,4.000000,83.8751,C6,1038.9771,0.185760,1.000000,1.000000,0.850000,0.840000,,0.491635,1251.495,3,1,0.010000,0.080000,0.840000,0.070000,0.000000,0.120000,0.580000,0.220000,NOTE_HYPOTHESIS,shared_audio_intelligence_v0_2;spectral_peak;owner_supplied_audio
BE-003:pitch:00106,BE-003:onset:0022,5.596009,713.596009,7.000000,2,4.000000,71.9645,C5,522.1802,0.301859,1.000000,1.000000,0.850000,0.580000,,0.491635,1251.495,3,2,0.050000,0.300000,0.580000,0.070000,0.000000,0.120000,0.580000,0.220000,NOTE_HYPOTHESIS,shared_audio_intelligence_v0_2;spectral_peak;owner_supplied_audio
BE-003:pitch:00107,BE-003:onset:0022,5.596009,713.596009,7.000000,2,4.000000,90.9841,G6,1566.5405,0.116100,1.000000,1.000000,0.850000,0.840000,,0.491635,1251.495,3,3,0.010000,0.080000,0.840000,0.070000,0.000000,0.120000,0.580000,0.220000,NOTE_HYPOTHESIS,shared_audio_intelligence_v0_2;spectral_peak;owner_supplied_audio
BE-003:pitch:00108,BE-003:onset:0023,5.735329,713.735329,7.240000,2,4.240000,73.8242,D5,581.3965,0.162540,1.000000,0.764224,0.850000,0.580000,,0.355227,1051.946,5,1,0.050000,0.300000,0.580000,0.070000,0.000000,0.120000,0.580000,0.220000,NOTE_HYPOTHESIS,shared_audio_intelligence_v0_2;spectral_peak;owner_supplied_audio
BE-003:pitch:00109,BE-003:onset:0023,5.735329,713.735329,7.240000,2,4.240000,71.9645,C5,522.1802,0.185760,1.000000,0.764224,0.850000,0.580000,,0.355227,1051.946,5,2,0.050000,0.300000,0.580000,0.070000,0.000000,0.120000,0.580000,0.220000,NOTE_HYPOTHESIS,shared_audio_intelligence_v0_2;spectral_peak;owner_supplied_audio
BE-003:pitch:00110,BE-003:onset:0023,5.735329,713.735329,7.240000,2,4.240000,83.9645,C6,1044.3604,0.069660,1.000000,0.764224,0.850000,0.840000,,0.355227,1051.946,5,3,0.010000,0.080000,0.840000,0.070000,0.000000,0.120000,0.580000,0.220000,NOTE_HYPOTHESIS,shared_audio_intelligence_v0_2;spectral_peak;owner_supplied_audio
BE-003:pitch:00111,BE-003:onset:0023,5.735329,713.735329,7.240000,2,4.240000,74.7603,D#5,613.6963,1.416417,1.000000,0.764224,0.850000,0.580000,,0.355227,1051.946,5,4,0.050000,0.300000,0.580000,0.070000,0.000000,0.120000,0.580000,0.220000,NOTE_HYPOTHESIS,shared_audio_intelligence_v0_2;spectral_peak;owner_supplied_audio
BE-003:pitch:00112,BE-003:onset:0023,5.735329,713.735329,7.240000,2,4.240000,74.4538,D5,602.9297,0.162540,1.000000,0.764224,0.850000,0.580000,,0.355227,1051.946,5,5,0.050000,0.300000,0.580000,0.070000,0.000000,0.120000,0.580000,0.220000,NOTE_HYPOTHESIS,shared_audio_intelligence_v0_2;spectral_peak;owner_supplied_audio
BE-003:pitch:00113,BE-003:onset:0024,5.804989,713.804989,7.360000,2,4.360000,74.9115,D#5,619.0796,0.278639,1.000000,0.708223,0.850000,0.580000,,0.267307,1004.716,3,1,0.050000,0.300000,0.580000,0.070000,0.000000,0.120000,0.580000,0.220000,NOTE_HYPOTHESIS,shared_audio_intelligence_v0_2;spectral_peak;owner_supplied_audio
BE-003:pitch:00114,BE-003:onset:0024,5.804989,713.804989,7.360000,2,4.360000,73.9838,D5,586.7798,0.116100,1.000000,0.708223,0.850000,0.580000,,0.267307,1004.716,3,2,0.050000,0.300000,0.580000,0.070000,0.000000,0.120000,0.580000,0.220000,NOTE_HYPOTHESIS,shared_audio_intelligence_v0_2;spectral_peak;owner_supplied_audio
BE-003:pitch:00115,BE-003:onset:0024,5.804989,713.804989,7.360000,2,4.360000,71.9645,C5,522.1802,0.139320,1.000000,0.708223,0.850000,0.580000,,0.267307,1004.716,3,3,0.050000,0.300000,0.580000,0.070000,0.000000,0.120000,0.580000,0.220000,NOTE_HYPOTHESIS,shared_audio_intelligence_v0_2;spectral_peak;owner_supplied_audio
BE-003:pitch:00116,BE-003:onset:0025,5.944308,713.944308,7.600000,2,4.600000,74.9115,D#5,619.0796,1.160998,1.000000,0.871636,0.850000,0.580000,,0.493310,1059.386,4,1,0.050000,0.300000,0.580000,0.070000,0.000000,0.120000,0.580000,0.220000,NOTE_HYPOTHESIS,shared_audio_intelligence_v0_2;spectral_peak;owner_supplied_audio
BE-003:pitch:00117,BE-003:onset:0025,5.944308,713.944308,7.600000,2,4.600000,78.9245,G5,780.5786,0.278639,1.000000,0.871636,0.850000,0.840000,,0.493310,1059.386,4,2,0.010000,0.080000,0.840000,0.070000,0.000000,0.120000,0.580000,0.220000,NOTE_HYPOTHESIS,shared_audio_intelligence_v0_2;spectral_peak;owner_supplied_audio
BE-003:pitch:00118,BE-003:onset:0025,5.944308,713.944308,7.600000,2,4.600000,76.9003,F5,694.4458,1.532517,1.000000,0.871636,0.850000,0.840000,,0.493310,1059.386,4,3,0.010000,0.080000,0.840000,0.070000,0.000000,0.120000,0.580000,0.220000,NOTE_HYPOTHESIS,shared_audio_intelligence_v0_2;spectral_peak;owner_supplied_audio
BE-003:pitch:00119,BE-003:onset:0025,5.944308,713.944308,7.600000,2,4.600000,73.9838,D5,586.7798,0.464399,1.000000,0.871636,0.850000,0.580000,,0.493310,1059.386,4,4,0.050000,0.300000,0.580000,0.070000,0.000000,0.120000,0.580000,0.220000,NOTE_HYPOTHESIS,shared_audio_intelligence_v0_2;spectral_peak;owner_supplied_audio
BE-003:pitch:00120,BE-003:onset:0026,6.013968,714.013968,7.720000,2,4.720000,78.9245,G5,780.5786,0.139320,1.000000,1.000000,0.850000,0.840000,,0.569087,1052.896,4,1,0.010000,0.080000,0.840000,0.070000,0.000000,0.120000,0.580000,0.220000,NOTE_HYPOTHESIS,shared_audio_intelligence_v0_2;spectral_peak;owner_supplied_audio
BE-003:pitch:00121,BE-003:onset:0026,6.013968,714.013968,7.720000,2,4.720000,73.8242,D5,581.3965,0.162540,1.000000,1.000000,0.850000,0.580000,,0.569087,1052.896,4,2,0.050000,0.300000,0.580000,0.070000,0.000000,0.120000,0.580000,0.220000,NOTE_HYPOTHESIS,shared_audio_intelligence_v0_2;spectral_peak;owner_supplied_audio
BE-003:pitch:00122,BE-003:onset:0026,6.013968,714.013968,7.720000,2,4.720000,74.9115,D#5,619.0796,1.114558,1.000000,1.000000,0.850000,0.580000,,0.569087,1052.896,4,3,0.050000,0.300000,0.580000,0.070000,0.000000,0.120000,0.580000,0.220000,NOTE_HYPOTHESIS,shared_audio_intelligence_v0_2;spectral_peak;owner_supplied_audio
BE-003:pitch:00123,BE-003:onset:0026,6.013968,714.013968,7.720000,2,4.720000,90.8647,G6,1555.7739,0.116100,1.000000,1.000000,0.850000,0.840000,,0.569087,1052.896,4,4,0.010000,0.080000,0.840000,0.070000,0.000000,0.120000,0.580000,0.220000,NOTE_HYPOTHESIS,shared_audio_intelligence_v0_2;spectral_peak;owner_supplied_audio
BE-003:pitch:00124,BE-003:onset:0027,6.199728,714.199728,8.052632,3,1.052632,74.9115,D#5,619.0796,0.580499,1.000000,1.000000,0.850000,0.580000,,1.000000,1240.767,4,1,0.050000,0.300000,0.580000,0.070000,0.000000,0.120000,0.580000,0.220000,NOTE_HYPOTHESIS,shared_audio_intelligence_v0_2;spectral_peak;owner_supplied_audio
BE-003:pitch:00125,BE-003:onset:0027,6.199728,714.199728,8.052632,3,1.052632,35.7851,C2,64.5996,0.534059,1.000000,1.000000,0.850000,0.760000,,1.000000,1240.767,4,2,0.760000,0.180000,0.010000,0.050000,0.480000,0.320000,0.000000,0.000000,NOTE_HYPOTHESIS,shared_audio_intelligence_v0_2;spectral_peak;owner_supplied_audio
BE-003:pitch:00126,BE-003:onset:0027,6.199728,714.199728,8.052632,3,1.052632,86.9115,D#6,1238.1592,0.580499,1.000000,1.000000,0.850000,0.840000,,1.000000,1240.767,4,3,0.010000,0.080000,0.840000,0.070000,0.000000,0.120000,0.580000,0.220000,NOTE_HYPOTHESIS,shared_audio_intelligence_v0_2;spectral_peak;owner_supplied_audio
BE-003:pitch:00127,BE-003:onset:0027,6.199728,714.199728,8.052632,3,1.052632,62.7603,D#4,306.8481,0.719819,1.000000,1.000000,0.850000,0.520000,,1.000000,1240.767,4,4,0.250000,0.520000,0.150000,0.080000,0.000000,0.450000,0.250000,0.200000,NOTE_HYPOTHESIS,shared_audio_intelligence_v0_2;spectral_peak;owner_supplied_audio
BE-003:pitch:00128,BE-003:onset:0028,6.431927,714.431927,8.578947,3,1.578947,77.9420,F#5,737.5122,0.162540,1.000000,1.000000,0.850000,0.840000,,0.925553,1001.868,6,1,0.010000,0.080000,0.840000,0.070000,0.000000,0.120000,0.580000,0.220000,NOTE_HYPOTHESIS,shared_audio_intelligence_v0_2;spectral_peak;owner_supplied_audio
BE-003:pitch:00129,BE-003:onset:0028,6.431927,714.431927,8.578947,3,1.578947,74.9115,D#5,619.0796,0.626939,1.000000,1.000000,0.850000,0.580000,,0.925553,1001.868,6,2,0.050000,0.300000,0.580000,0.070000,0.000000,0.120000,0.580000,0.220000,NOTE_HYPOTHESIS,shared_audio_intelligence_v0_2;spectral_peak;owner_supplied_audio
BE-003:pitch:00130,BE-003:onset:0028,6.431927,714.431927,8.578947,3,1.578947,35.7851,C2,64.5996,0.301859,1.000000,1.000000,0.850000,0.760000,,0.925553,1001.868,6,3,0.760000,0.180000,0.010000,0.050000,0.480000,0.320000,0.000000,0.000000,NOTE_HYPOTHESIS,shared_audio_intelligence_v0_2;spectral_peak;owner_supplied_audio
BE-003:pitch:00131,BE-003:onset:0028,6.431927,714.431927,8.578947,3,1.578947,72.8347,C#5,549.0967,0.232200,1.000000,1.000000,0.850000,0.580000,,0.925553,1001.868,6,4,0.050000,0.300000,0.580000,0.070000,0.000000,0.120000,0.580000,0.220000,NOTE_HYPOTHESIS,shared_audio_intelligence_v0_2;spectral_peak;owner_supplied_audio
BE-003:pitch:00132,BE-003:onset:0028,6.431927,714.431927,8.578947,3,1.578947,63.0613,D#4,312.2314,0.464399,1.000000,1.000000,0.850000,0.520000,,0.925553,1001.868,6,5,0.250000,0.520000,0.150000,0.080000,0.000000,0.450000,0.250000,0.200000,NOTE_HYPOTHESIS,shared_audio_intelligence_v0_2;spectral_peak;owner_supplied_audio
BE-003:pitch:00133,BE-003:onset:0028,6.431927,714.431927,8.578947,3,1.578947,84.9193,C#6,1103.5767,0.139320,1.000000,1.000000,0.850000,0.840000,,0.925553,1001.868,6,6,0.010000,0.080000,0.840000,0.070000,0.000000,0.120000,0.580000,0.220000,NOTE_HYPOTHESIS,shared_audio_intelligence_v0_2;spectral_peak;owner_supplied_audio
BE-003:pitch:00134,BE-003:onset:0029,6.617687,714.617687,9.000000,3,2.000000,73.9838,D5,586.7798,0.394739,1.000000,1.000000,0.850000,0.580000,,0.929941,1132.960,6,1,0.050000,0.300000,0.580000,0.070000,0.000000,0.120000,0.580000,0.220000,NOTE_HYPOTHESIS,shared_audio_intelligence_v0_2;spectral_peak;owner_supplied_audio
BE-003:pitch:00135,BE-003:onset:0029,6.617687,714.617687,9.000000,3,2.000000,74.9115,D#5,619.0796,0.441179,1.000000,1.000000,0.850000,0.580000,,0.929941,1132.960,6,2,0.050000,0.300000,0.580000,0.070000,0.000000,0.120000,0.580000,0.220000,NOTE_HYPOTHESIS,shared_audio_intelligence_v0_2;spectral_peak;owner_supplied_audio
BE-003:pitch:00136,BE-003:onset:0029,6.617687,714.617687,9.000000,3,2.000000,62.7603,D#4,306.8481,0.232200,1.000000,1.000000,0.850000,0.520000,,0.929941,1132.960,6,3,0.250000,0.520000,0.150000,0.080000,0.000000,0.450000,0.250000,0.200000,NOTE_HYPOTHESIS,shared_audio_intelligence_v0_2;spectral_peak;owner_supplied_audio
BE-003:pitch:00137,BE-003:onset:0029,6.617687,714.617687,9.000000,3,2.000000,76.9003,F5,694.4458,0.255420,1.000000,1.000000,0.850000,0.840000,,0.929941,1132.960,6,4,0.010000,0.080000,0.840000,0.070000,0.000000,0.120000,0.580000,0.220000,NOTE_HYPOTHESIS,shared_audio_intelligence_v0_2;spectral_peak;owner_supplied_audio
BE-003:pitch:00138,BE-003:onset:0029,6.617687,714.617687,9.000000,3,2.000000,83.8751,C6,1038.9771,0.394739,1.000000,1.000000,0.850000,0.840000,,0.929941,1132.960,6,5,0.010000,0.080000,0.840000,0.070000,0.000000,0.120000,0.580000,0.220000,NOTE_HYPOTHESIS,shared_audio_intelligence_v0_2;spectral_peak;owner_supplied_audio
BE-003:pitch:00139,BE-003:onset:0029,6.617687,714.617687,9.000000,3,2.000000,40.7656,F2,86.1328,0.417959,1.000000,1.000000,0.850000,0.760000,,0.929941,1132.960,6,6,0.760000,0.180000,0.010000,0.050000,0.480000,0.320000,0.000000,0.000000,NOTE_HYPOTHESIS,shared_audio_intelligence_v0_2;spectral_peak;owner_supplied_audio
BE-003:pitch:00140,BE-003:onset:0030,6.873107,714.873107,9.523810,3,2.523810,74.9115,D#5,619.0796,0.185760,1.000000,0.505852,0.850000,0.580000,,0.539073,849.026,6,1,0.050000,0.300000,0.580000,0.070000,0.000000,0.120000,0.580000,0.220000,NOTE_HYPOTHESIS,shared_audio_intelligence_v0_2;spectral_peak;owner_supplied_audio
BE-003:pitch:00141,BE-003:onset:0030,6.873107,714.873107,9.523810,3,2.523810,73.8242,D5,581.3965,0.139320,1.000000,0.505852,0.850000,0.580000,,0.539073,849.026,6,2,0.050000,0.300000,0.580000,0.070000,0.000000,0.120000,0.580000,0.220000,NOTE_HYPOTHESIS,shared_audio_intelligence_v0_2;spectral_peak;owner_supplied_audio
BE-003:pitch:00142,BE-003:onset:0030,6.873107,714.873107,9.523810,3,2.523810,40.7656,F2,86.1328,0.116100,1.000000,0.505852,0.850000,0.760000,,0.539073,849.026,6,3,0.760000,0.180000,0.010000,0.050000,0.480000,0.320000,0.000000,0.000000,NOTE_HYPOTHESIS,shared_audio_intelligence_v0_2;spectral_peak;owner_supplied_audio
BE-003:pitch:00143,BE-003:onset:0030,6.873107,714.873107,9.523810,3,2.523810,83.8751,C6,1038.9771,0.139320,1.000000,0.505852,0.850000,0.840000,,0.539073,849.026,6,4,0.010000,0.080000,0.840000,0.070000,0.000000,0.120000,0.580000,0.220000,NOTE_HYPOTHESIS,shared_audio_intelligence_v0_2;spectral_peak;owner_supplied_audio
BE-003:pitch:00144,BE-003:onset:0030,6.873107,714.873107,9.523810,3,2.523810,71.9645,C5,522.1802,0.441179,1.000000,0.505852,0.850000,0.580000,,0.539073,849.026,6,5,0.050000,0.300000,0.580000,0.070000,0.000000,0.120000,0.580000,0.220000,NOTE_HYPOTHESIS,shared_audio_intelligence_v0_2;spectral_peak;owner_supplied_audio
BE-003:pitch:00145,BE-003:onset:0030,6.873107,714.873107,9.523810,3,2.523810,86.9115,D#6,1238.1592,0.139320,1.000000,0.505852,0.850000,0.840000,,0.539073,849.026,6,6,0.010000,0.080000,0.840000,0.070000,0.000000,0.120000,0.580000,0.220000,NOTE_HYPOTHESIS,shared_audio_intelligence_v0_2;spectral_peak;owner_supplied_audio
BE-003:pitch:00146,BE-003:onset:0031,7.105306,715.105306,10.000000,3,3.000000,76.9003,F5,694.4458,0.185760,1.000000,1.000000,0.850000,0.840000,,0.467140,1041.698,5,1,0.010000,0.080000,0.840000,0.070000,0.000000,0.120000,0.580000,0.220000,NOTE_HYPOTHESIS,shared_audio_intelligence_v0_2;spectral_peak;owner_supplied_audio
BE-003:pitch:00147,BE-003:onset:0031,7.105306,715.105306,10.000000,3,3.000000,83.8751,C6,1038.9771,0.162540,1.000000,1.000000,0.850000,0.840000,,0.467140,1041.698,5,2,0.010000,0.080000,0.840000,0.070000,0.000000,0.120000,0.580000,0.220000,NOTE_HYPOTHESIS,shared_audio_intelligence_v0_2;spectral_peak;owner_supplied_audio
BE-003:pitch:00148,BE-003:onset:0031,7.105306,715.105306,10.000000,3,3.000000,73.8242,D5,581.3965,1.091338,1.000000,1.000000,0.850000,0.580000,,0.467140,1041.698,5,3,0.050000,0.300000,0.580000,0.070000,0.000000,0.120000,0.580000,0.220000,NOTE_HYPOTHESIS,shared_audio_intelligence_v0_2;spectral_peak;owner_supplied_audio
BE-003:pitch:00149,BE-003:onset:0031,7.105306,715.105306,10.000000,3,3.000000,71.9645,C5,522.1802,0.208980,1.000000,1.000000,0.850000,0.580000,,0.467140,1041.698,5,4,0.050000,0.300000,0.580000,0.070000,0.000000,0.120000,0.580000,0.220000,NOTE_HYPOTHESIS,shared_audio_intelligence_v0_2;spectral_peak;owner_supplied_audio
BE-003:pitch:00150,BE-003:onset:0031,7.105306,715.105306,10.000000,3,3.000000,88.9673,F6,1394.2749,0.162540,1.000000,1.000000,0.850000,0.840000,,0.467140,1041.698,5,5,0.010000,0.080000,0.840000,0.070000,0.000000,0.120000,0.580000,0.220000,NOTE_HYPOTHESIS,shared_audio_intelligence_v0_2;spectral_peak;owner_supplied_audio
BE-003:pitch:00151,BE-003:onset:0032,7.314286,715.314286,10.346154,3,3.346154,73.8242,D5,581.3965,0.835918,1.000000,1.000000,0.850000,0.580000,,0.980776,1085.357,4,1,0.050000,0.300000,0.580000,0.070000,0.000000,0.120000,0.580000,0.220000,NOTE_HYPOTHESIS,shared_audio_intelligence_v0_2;spectral_peak;owner_supplied_audio
BE-003:pitch:00152,BE-003:onset:0032,7.314286,715.314286,10.346154,3,3.346154,74.9115,D#5,619.0796,0.208980,1.000000,1.000000,0.850000,0.580000,,0.980776,1085.357,4,2,0.050000,0.300000,0.580000,0.070000,0.000000,0.120000,0.580000,0.220000,NOTE_HYPOTHESIS,shared_audio_intelligence_v0_2;spectral_peak;owner_supplied_audio
BE-003:pitch:00153,BE-003:onset:0032,7.314286,715.314286,10.346154,3,3.346154,85.9042,D6,1168.1763,0.394739,1.000000,1.000000,0.850000,0.840000,,0.980776,1085.357,4,3,0.010000,0.080000,0.840000,0.070000,0.000000,0.120000,0.580000,0.220000,NOTE_HYPOTHESIS,shared_audio_intelligence_v0_2;spectral_peak;owner_supplied_audio
BE-003:pitch:00154,BE-003:onset:0032,7.314286,715.314286,10.346154,3,3.346154,34.2788,A#1,59.2163,0.673379,1.000000,1.000000,0.850000,0.760000,,0.980776,1085.357,4,4,0.760000,0.180000,0.010000,0.050000,0.480000,0.320000,0.000000,0.000000,NOTE_HYPOTHESIS,shared_audio_intelligence_v0_2;spectral_peak;owner_supplied_audio
BE-003:pitch:00155,BE-003:onset:0033,7.523265,715.523265,10.692308,3,3.692308,73.8242,D5,581.3965,0.185760,1.000000,1.000000,0.850000,0.580000,,0.924658,1015.608,6,1,0.050000,0.300000,0.580000,0.070000,0.000000,0.120000,0.580000,0.220000,NOTE_HYPOTHESIS,shared_audio_intelligence_v0_2;spectral_peak;owner_supplied_audio
BE-003:pitch:00156,BE-003:onset:0033,7.523265,715.523265,10.692308,3,3.692308,76.9003,F5,694.4458,0.162540,1.000000,1.000000,0.850000,0.840000,,0.924658,1015.608,6,2,0.010000,0.080000,0.840000,0.070000,0.000000,0.120000,0.580000,0.220000,NOTE_HYPOTHESIS,shared_audio_intelligence_v0_2;spectral_peak;owner_supplied_audio
BE-003:pitch:00157,BE-003:onset:0033,7.523265,715.523265,10.692308,3,3.692308,34.2788,A#1,59.2163,0.092880,1.000000,1.000000,0.850000,0.760000,,0.924658,1015.608,6,3,0.760000,0.180000,0.010000,0.050000,0.480000,0.320000,0.000000,0.000000,NOTE_HYPOTHESIS,shared_audio_intelligence_v0_2;spectral_peak;owner_supplied_audio
BE-003:pitch:00158,BE-003:onset:0033,7.523265,715.523265,10.692308,3,3.692308,85.9042,D6,1168.1763,0.162540,1.000000,1.000000,0.850000,0.840000,,0.924658,1015.608,6,4,0.010000,0.080000,0.840000,0.070000,0.000000,0.120000,0.580000,0.220000,NOTE_HYPOTHESIS,shared_audio_intelligence_v0_2;spectral_peak;owner_supplied_audio
BE-003:pitch:00159,BE-003:onset:0033,7.523265,715.523265,10.692308,3,3.692308,83.8751,C6,1038.9771,0.534059,1.000000,1.000000,0.850000,0.840000,,0.924658,1015.608,6,5,0.010000,0.080000,0.840000,0.070000,0.000000,0.120000,0.580000,0.220000,NOTE_HYPOTHESIS,shared_audio_intelligence_v0_2;spectral_peak;owner_supplied_audio
BE-003:pitch:00160,BE-003:onset:0033,7.523265,715.523265,10.692308,3,3.692308,45.4734,A2,113.0493,0.116100,1.000000,1.000000,0.850000,0.550000,,0.924658,1015.608,6,6,0.550000,0.350000,0.030000,0.070000,0.480000,0.320000,0.000000,0.000000,NOTE_HYPOTHESIS,shared_audio_intelligence_v0_2;spectral_peak;owner_supplied_audio
BE-003:pitch:00161,BE-003:onset:0034,7.709025,715.709025,11.000000,3,4.000000,74.9115,D#5,619.0796,0.255420,1.000000,0.807222,0.850000,0.580000,,0.842673,1176.224,6,1,0.050000,0.300000,0.580000,0.070000,0.000000,0.120000,0.580000,0.220000,NOTE_HYPOTHESIS,shared_audio_intelligence_v0_2;spectral_peak;owner_supplied_audio
BE-003:pitch:00162,BE-003:onset:0034,7.709025,715.709025,11.000000,3,4.000000,83.8751,C6,1038.9771,0.325079,1.000000,0.807222,0.850000,0.840000,,0.842673,1176.224,6,2,0.010000,0.080000,0.840000,0.070000,0.000000,0.120000,0.580000,0.220000,NOTE_HYPOTHESIS,shared_audio_intelligence_v0_2;spectral_peak;owner_supplied_audio
BE-003:pitch:00163,BE-003:onset:0034,7.709025,715.709025,11.000000,3,4.000000,61.8242,D4,290.6982,0.185760,1.000000,0.807222,0.850000,0.520000,,0.842673,1176.224,6,3,0.250000,0.520000,0.150000,0.080000,0.000000,0.450000,0.250000,0.200000,NOTE_HYPOTHESIS,shared_audio_intelligence_v0_2;spectral_peak;owner_supplied_audio
BE-003:pitch:00164,BE-003:onset:0034,7.709025,715.709025,11.000000,3,4.000000,73.9838,D5,586.7798,0.487619,1.000000,0.807222,0.850000,0.580000,,0.842673,1176.224,6,4,0.050000,0.300000,0.580000,0.070000,0.000000,0.120000,0.580000,0.220000,NOTE_HYPOTHESIS,shared_audio_intelligence_v0_2;spectral_peak;owner_supplied_audio
BE-003:pitch:00165,BE-003:onset:0034,7.709025,715.709025,11.000000,3,4.000000,71.9645,C5,522.1802,1.532517,1.000000,0.807222,0.850000,0.580000,,0.842673,1176.224,6,5,0.050000,0.300000,0.580000,0.070000,0.000000,0.120000,0.580000,0.220000,NOTE_HYPOTHESIS,shared_audio_intelligence_v0_2;spectral_peak;owner_supplied_audio
BE-003:pitch:00166,BE-003:onset:0034,7.709025,715.709025,11.000000,3,4.000000,73.6632,D5,576.0132,0.487619,1.000000,0.807222,0.850000,0.580000,,0.842673,1176.224,6,6,0.050000,0.300000,0.580000,0.070000,0.000000,0.120000,0.580000,0.220000,NOTE_HYPOTHESIS,shared_audio_intelligence_v0_2;spectral_peak;owner_supplied_audio
BE-003:pitch:00167,BE-003:onset:0035,7.964444,715.964444,11.550000,3,4.550000,73.9838,D5,586.7798,0.185760,1.000000,0.406783,0.850000,0.580000,,0.546796,741.908,6,1,0.050000,0.300000,0.580000,0.070000,0.000000,0.120000,0.580000,0.220000,NOTE_HYPOTHESIS,shared_audio_intelligence_v0_2;spectral_peak;owner_supplied_audio
BE-003:pitch:00168,BE-003:onset:0035,7.964444,715.964444,11.550000,3,4.550000,38.4538,D2,75.3662,0.208980,1.000000,0.406783,0.850000,0.760000,,0.546796,741.908,6,2,0.760000,0.180000,0.010000,0.050000,0.480000,0.320000,0.000000,0.000000,NOTE_HYPOTHESIS,shared_audio_intelligence_v0_2;spectral_peak;owner_supplied_audio
BE-003:pitch:00169,BE-003:onset:0035,7.964444,715.964444,11.550000,3,4.550000,51.0613,D#3,156.1157,0.139320,1.000000,0.406783,0.850000,0.550000,,0.546796,741.908,6,3,0.550000,0.350000,0.030000,0.070000,0.480000,0.320000,0.000000,0.000000,NOTE_HYPOTHESIS,shared_audio_intelligence_v0_2;spectral_peak;owner_supplied_audio
BE-003:pitch:00170,BE-003:onset:0035,7.964444,715.964444,11.550000,3,4.550000,71.9645,C5,522.1802,1.277098,1.000000,0.406783,0.850000,0.580000,,0.546796,741.908,6,4,0.050000,0.300000,0.580000,0.070000,0.000000,0.120000,0.580000,0.220000,NOTE_HYPOTHESIS,shared_audio_intelligence_v0_2;spectral_peak;owner_supplied_audio
BE-003:pitch:00171,BE-003:onset:0035,7.964444,715.964444,11.550000,3,4.550000,66.8047,G4,387.5977,0.139320,1.000000,0.406783,0.850000,0.580000,,0.546796,741.908,6,5,0.050000,0.300000,0.580000,0.070000,0.000000,0.450000,0.250000,0.200000,NOTE_HYPOTHESIS,shared_audio_intelligence_v0_2;spectral_peak;owner_supplied_audio
BE-003:pitch:00172,BE-003:onset:0035,7.964444,715.964444,11.550000,3,4.550000,83.9645,C6,1044.3604,1.230658,1.000000,0.406783,0.850000,0.840000,,0.546796,741.908,6,6,0.010000,0.080000,0.840000,0.070000,0.000000,0.120000,0.580000,0.220000,NOTE_HYPOTHESIS,shared_audio_intelligence_v0_2;spectral_peak;owner_supplied_audio
BE-003:pitch:00173,BE-003:onset:0036,8.150204,716.150204,11.950000,3,4.950000,74.9115,D#5,619.0796,0.348299,1.000000,0.874531,0.850000,0.580000,,0.598463,1100.469,6,1,0.050000,0.300000,0.580000,0.070000,0.000000,0.120000,0.580000,0.220000,NOTE_HYPOTHESIS,shared_audio_intelligence_v0_2;spectral_peak;owner_supplied_audio
BE-003:pitch:00174,BE-003:onset:0036,8.150204,716.150204,11.950000,3,4.950000,83.8751,C6,1038.9771,0.534059,1.000000,0.874531,0.850000,0.840000,,0.598463,1100.469,6,2,0.010000,0.080000,0.840000,0.070000,0.000000,0.120000,0.580000,0.220000,NOTE_HYPOTHESIS,shared_audio_intelligence_v0_2;spectral_peak;owner_supplied_audio
BE-003:pitch:00175,BE-003:onset:0036,8.150204,716.150204,11.950000,3,4.950000,81.8808,A#5,925.9277,0.232200,1.000000,0.874531,0.850000,0.840000,,0.598463,1100.469,6,3,0.010000,0.080000,0.840000,0.070000,0.000000,0.120000,0.580000,0.220000,NOTE_HYPOTHESIS,shared_audio_intelligence_v0_2;spectral_peak;owner_supplied_audio
BE-003:pitch:00176,BE-003:onset:0036,8.150204,716.150204,11.950000,3,4.950000,69.8808,A#4,462.9639,0.278639,1.000000,0.874531,0.850000,0.580000,,0.598463,1100.469,6,4,0.050000,0.300000,0.580000,0.070000,0.000000,0.450000,0.250000,0.200000,NOTE_HYPOTHESIS,shared_audio_intelligence_v0_2;spectral_peak;owner_supplied_audio
BE-003:pitch:00177,BE-003:onset:0036,8.150204,716.150204,11.950000,3,4.950000,71.7851,C5,516.7969,1.091338,1.000000,0.874531,0.850000,0.580000,,0.598463,1100.469,6,5,0.050000,0.300000,0.580000,0.070000,0.000000,0.120000,0.580000,0.220000,NOTE_HYPOTHESIS,shared_audio_intelligence_v0_2;spectral_peak;owner_supplied_audio
BE-003:pitch:00178,BE-003:onset:0036,8.150204,716.150204,11.950000,3,4.950000,86.9115,D#6,1238.1592,0.185760,1.000000,0.874531,0.850000,0.840000,,0.598463,1100.469,6,6,0.010000,0.080000,0.840000,0.070000,0.000000,0.120000,0.580000,0.220000,NOTE_HYPOTHESIS,shared_audio_intelligence_v0_2;spectral_peak;owner_supplied_audio
BE-003:pitch:00179,BE-003:onset:0037,8.382404,716.382404,12.333333,4,1.333333,73.9838,D5,586.7798,0.278639,1.000000,0.720652,0.850000,0.580000,,0.957184,969.218,6,1,0.050000,0.300000,0.580000,0.070000,0.000000,0.120000,0.580000,0.220000,NOTE_HYPOTHESIS,shared_audio_intelligence_v0_2;spectral_peak;owner_supplied_audio
BE-003:pitch:00180,BE-003:onset:0037,8.382404,716.382404,12.333333,4,1.333333,74.9115,D#5,619.0796,0.417959,1.000000,0.720652,0.850000,0.580000,,0.957184,969.218,6,2,0.050000,0.300000,0.580000,0.070000,0.000000,0.120000,0.580000,0.220000,NOTE_HYPOTHESIS,shared_audio_intelligence_v0_2;spectral_peak;owner_supplied_audio
BE-003:pitch:00181,BE-003:onset:0037,8.382404,716.382404,12.333333,4,1.333333,83.8751,C6,1038.9771,0.325079,1.000000,0.720652,0.850000,0.840000,,0.957184,969.218,6,3,0.010000,0.080000,0.840000,0.070000,0.000000,0.120000,0.580000,0.220000,NOTE_HYPOTHESIS,shared_audio_intelligence_v0_2;spectral_peak;owner_supplied_audio
BE-003:pitch:00182,BE-003:onset:0037,8.382404,716.382404,12.333333,4,1.333333,71.7851,C5,516.7969,0.835918,1.000000,0.720652,0.850000,0.580000,,0.957184,969.218,6,4,0.050000,0.300000,0.580000,0.070000,0.000000,0.120000,0.580000,0.220000,NOTE_HYPOTHESIS,shared_audio_intelligence_v0_2;spectral_peak;owner_supplied_audio
BE-003:pitch:00183,BE-003:onset:0037,8.382404,716.382404,12.333333,4,1.333333,44.6287,A2,107.6660,0.441179,1.000000,0.720652,0.850000,0.760000,,0.957184,969.218,6,5,0.760000,0.180000,0.010000,0.050000,0.480000,0.320000,0.000000,0.000000,NOTE_HYPOTHESIS,shared_audio_intelligence_v0_2;spectral_peak;owner_supplied_audio
BE-003:pitch:00184,BE-003:onset:0037,8.382404,716.382404,12.333333,4,1.333333,59.7851,C4,258.3984,0.789478,1.000000,0.720652,0.850000,0.520000,,0.957184,969.218,6,6,0.250000,0.520000,0.150000,0.080000,0.000000,0.450000,0.250000,0.200000,NOTE_HYPOTHESIS,shared_audio_intelligence_v0_2;spectral_peak;owner_supplied_audio
BE-003:pitch:00185,BE-003:onset:0038,8.614603,716.614603,12.703704,4,1.703704,74.9115,D#5,619.0796,0.162540,1.000000,0.682682,0.850000,0.580000,,0.718822,833.135,6,1,0.050000,0.300000,0.580000,0.070000,0.000000,0.120000,0.580000,0.220000,NOTE_HYPOTHESIS,shared_audio_intelligence_v0_2;spectral_peak;owner_supplied_audio
BE-003:pitch:00186,BE-003:onset:0038,8.614603,716.614603,12.703704,4,1.703704,32.6287,A1,53.8330,0.116100,1.000000,0.682682,0.850000,0.760000,,0.718822,833.135,6,2,0.760000,0.180000,0.010000,0.050000,0.480000,0.320000,0.000000,0.000000,NOTE_HYPOTHESIS,shared_audio_intelligence_v0_2;spectral_peak;owner_supplied_audio
BE-003:pitch:00187,BE-003:onset:0038,8.614603,716.614603,12.703704,4,1.703704,81.8808,A#5,925.9277,0.510839,1.000000,0.682682,0.850000,0.840000,,0.718822,833.135,6,3,0.010000,0.080000,0.840000,0.070000,0.000000,0.120000,0.580000,0.220000,NOTE_HYPOTHESIS,shared_audio_intelligence_v0_2;spectral_peak;owner_supplied_audio
BE-003:pitch:00188,BE-003:onset:0038,8.614603,716.614603,12.703704,4,1.703704,73.9838,D5,586.7798,0.928798,1.000000,0.682682,0.850000,0.580000,,0.718822,833.135,6,4,0.050000,0.300000,0.580000,0.070000,0.000000,0.120000,0.580000,0.220000,NOTE_HYPOTHESIS,shared_audio_intelligence_v0_2;spectral_peak;owner_supplied_audio
BE-003:pitch:00189,BE-003:onset:0038,8.614603,716.614603,12.703704,4,1.703704,83.8751,C6,1038.9771,0.092880,1.000000,0.682682,0.850000,0.840000,,0.718822,833.135,6,5,0.010000,0.080000,0.840000,0.070000,0.000000,0.120000,0.580000,0.220000,NOTE_HYPOTHESIS,shared_audio_intelligence_v0_2;spectral_peak;owner_supplied_audio
BE-003:pitch:00190,BE-003:onset:0038,8.614603,716.614603,12.703704,4,1.703704,57.0562,A3,220.7153,0.162540,1.000000,0.682682,0.850000,0.520000,,0.718822,833.135,6,6,0.250000,0.520000,0.150000,0.080000,0.000000,0.450000,0.250000,0.200000,NOTE_HYPOTHESIS,shared_audio_intelligence_v0_2;spectral_peak;owner_supplied_audio
BE-003:pitch:00191,BE-003:onset:0039,8.800363,716.800363,13.000000,4,2.000000,73.8242,D5,581.3965,0.325079,1.000000,1.000000,0.850000,0.580000,,0.778082,1064.895,5,1,0.050000,0.300000,0.580000,0.070000,0.000000,0.120000,0.580000,0.220000,NOTE_HYPOTHESIS,shared_audio_intelligence_v0_2;spectral_peak;owner_supplied_audio
BE-003:pitch:00192,BE-003:onset:0039,8.800363,716.800363,13.000000,4,2.000000,59.7851,C4,258.3984,0.162540,1.000000,1.000000,0.850000,0.520000,,0.778082,1064.895,5,2,0.250000,0.520000,0.150000,0.080000,0.000000,0.450000,0.250000,0.200000,NOTE_HYPOTHESIS,shared_audio_intelligence_v0_2;spectral_peak;owner_supplied_audio
BE-003:pitch:00193,BE-003:onset:0039,8.800363,716.800363,13.000000,4,2.000000,71.7851,C5,516.7969,0.394739,1.000000,1.000000,0.850000,0.580000,,0.778082,1064.895,5,3,0.050000,0.300000,0.580000,0.070000,0.000000,0.120000,0.580000,0.220000,NOTE_HYPOTHESIS,shared_audio_intelligence_v0_2;spectral_peak;owner_supplied_audio
BE-003:pitch:00194,BE-003:onset:0039,8.800363,716.800363,13.000000,4,2.000000,81.8808,A#5,925.9277,0.325079,1.000000,1.000000,0.850000,0.840000,,0.778082,1064.895,5,4,0.010000,0.080000,0.840000,0.070000,0.000000,0.120000,0.580000,0.220000,NOTE_HYPOTHESIS,shared_audio_intelligence_v0_2;spectral_peak;owner_supplied_audio
BE-003:pitch:00195,BE-003:onset:0039,8.800363,716.800363,13.000000,4,2.000000,85.9042,D6,1168.1763,0.301859,1.000000,1.000000,0.850000,0.840000,,0.778082,1064.895,5,5,0.010000,0.080000,0.840000,0.070000,0.000000,0.120000,0.580000,0.220000,NOTE_HYPOTHESIS,shared_audio_intelligence_v0_2;spectral_peak;owner_supplied_audio
BE-003:pitch:00196,BE-003:onset:0040,9.032562,717.032562,13.526316,4,2.526316,73.8242,D5,581.3965,0.116100,1.000000,0.870895,0.850000,0.580000,,0.570969,798.561,6,1,0.050000,0.300000,0.580000,0.070000,0.000000,0.120000,0.580000,0.220000,NOTE_HYPOTHESIS,shared_audio_intelligence_v0_2;spectral_peak;owner_supplied_audio
BE-003:pitch:00197,BE-003:onset:0040,9.032562,717.032562,13.526316,4,2.526316,49.8242,D3,145.3491,0.394739,1.000000,0.870895,0.850000,0.550000,,0.570969,798.561,6,2,0.550000,0.350000,0.030000,0.070000,0.480000,0.320000,0.000000,0.000000,NOTE_HYPOTHESIS,shared_audio_intelligence_v0_2;spectral_peak;owner_supplied_audio
BE-003:pitch:00198,BE-003:onset:0040,9.032562,717.032562,13.526316,4,2.526316,83.8751,C6,1038.9771,0.139320,1.000000,0.870895,0.850000,0.840000,,0.570969,798.561,6,3,0.010000,0.080000,0.840000,0.070000,0.000000,0.120000,0.580000,0.220000,NOTE_HYPOTHESIS,shared_audio_intelligence_v0_2;spectral_peak;owner_supplied_audio
BE-003:pitch:00199,BE-003:onset:0040,9.032562,717.032562,13.526316,4,2.526316,38.4538,D2,75.3662,0.139320,1.000000,0.870895,0.850000,0.760000,,0.570969,798.561,6,4,0.760000,0.180000,0.010000,0.050000,0.480000,0.320000,0.000000,0.000000,NOTE_HYPOTHESIS,shared_audio_intelligence_v0_2;spectral_peak;owner_supplied_audio
BE-003:pitch:00200,BE-003:onset:0040,9.032562,717.032562,13.526316,4,2.526316,71.9645,C5,522.1802,0.185760,1.000000,0.870895,0.850000,0.580000,,0.570969,798.561,6,5,0.050000,0.300000,0.580000,0.070000,0.000000,0.120000,0.580000,0.220000,NOTE_HYPOTHESIS,shared_audio_intelligence_v0_2;spectral_peak;owner_supplied_audio
BE-003:pitch:00201,BE-003:onset:0040,9.032562,717.032562,13.526316,4,2.526316,81.8808,A#5,925.9277,0.116100,1.000000,0.870895,0.850000,0.840000,,0.570969,798.561,6,6,0.010000,0.080000,0.840000,0.070000,0.000000,0.120000,0.580000,0.220000,NOTE_HYPOTHESIS,shared_audio_intelligence_v0_2;spectral_peak;owner_supplied_audio
BE-003:pitch:00202,BE-003:onset:0041,9.241542,717.241542,14.000000,4,3.000000,73.8242,D5,581.3965,0.232200,1.000000,1.000000,0.850000,0.580000,,0.969873,1108.050,6,1,0.050000,0.300000,0.580000,0.070000,0.000000,0.120000,0.580000,0.220000,NOTE_HYPOTHESIS,shared_audio_intelligence_v0_2;spectral_peak;owner_supplied_audio
BE-003:pitch:00203,BE-003:onset:0041,9.241542,717.241542,14.000000,4,3.000000,66.8047,G4,387.5977,0.789478,1.000000,1.000000,0.850000,0.580000,,0.969873,1108.050,6,2,0.050000,0.300000,0.580000,0.070000,0.000000,0.450000,0.250000,0.200000,NOTE_HYPOTHESIS,shared_audio_intelligence_v0_2;spectral_peak;owner_supplied_audio
BE-003:pitch:00204,BE-003:onset:0041,9.241542,717.241542,14.000000,4,3.000000,81.8808,A#5,925.9277,0.232200,1.000000,1.000000,0.850000,0.840000,,0.969873,1108.050,6,3,0.010000,0.080000,0.840000,0.070000,0.000000,0.120000,0.580000,0.220000,NOTE_HYPOTHESIS,shared_audio_intelligence_v0_2;spectral_peak;owner_supplied_audio
BE-003:pitch:00205,BE-003:onset:0041,9.241542,717.241542,14.000000,4,3.000000,49.8242,D3,145.3491,0.301859,1.000000,1.000000,0.850000,0.550000,,0.969873,1108.050,6,4,0.550000,0.350000,0.030000,0.070000,0.480000,0.320000,0.000000,0.000000,NOTE_HYPOTHESIS,shared_audio_intelligence_v0_2;spectral_peak;owner_supplied_audio
BE-003:pitch:00206,BE-003:onset:0041,9.241542,717.241542,14.000000,4,3.000000,78.9245,G5,780.5786,0.441179,1.000000,1.000000,0.850000,0.840000,,0.969873,1108.050,6,5,0.010000,0.080000,0.840000,0.070000,0.000000,0.120000,0.580000,0.220000,NOTE_HYPOTHESIS,shared_audio_intelligence_v0_2;spectral_peak;owner_supplied_audio
BE-003:pitch:00207,BE-003:onset:0041,9.241542,717.241542,14.000000,4,3.000000,85.9042,D6,1168.1763,0.371519,1.000000,1.000000,0.850000,0.840000,,0.969873,1108.050,6,6,0.010000,0.080000,0.840000,0.070000,0.000000,0.120000,0.580000,0.220000,NOTE_HYPOTHESIS,shared_audio_intelligence_v0_2;spectral_peak;owner_supplied_audio
BE-003:pitch:00208,BE-003:onset:0042,9.566621,717.566621,14.560000,4,3.560000,66.8047,G4,387.5977,0.464399,1.000000,0.413190,0.850000,0.580000,,0.302077,840.086,2,1,0.050000,0.300000,0.580000,0.070000,0.000000,0.450000,0.250000,0.200000,NOTE_HYPOTHESIS,shared_audio_intelligence_v0_2;spectral_peak;owner_supplied_audio
BE-003:pitch:00209,BE-003:onset:0042,9.566621,717.566621,14.560000,4,3.560000,78.9245,G5,780.5786,0.139320,1.000000,0.413190,0.850000,0.840000,,0.302077,840.086,2,2,0.010000,0.080000,0.840000,0.070000,0.000000,0.120000,0.580000,0.220000,NOTE_HYPOTHESIS,shared_audio_intelligence_v0_2;spectral_peak;owner_supplied_audio
BE-003:pitch:00210,BE-003:onset:0043,9.822041,717.822041,15.000000,4,4.000000,66.8047,G4,387.5977,0.185760,1.000000,1.000000,0.850000,0.580000,,0.324809,920.241,2,1,0.050000,0.300000,0.580000,0.070000,0.000000,0.450000,0.250000,0.200000,NOTE_HYPOTHESIS,shared_audio_intelligence_v0_2;spectral_peak;owner_supplied_audio
BE-003:pitch:00211,BE-003:onset:0043,9.822041,717.822041,15.000000,4,4.000000,78.9245,G5,780.5786,0.162540,1.000000,1.000000,0.850000,0.840000,,0.324809,920.241,2,2,0.010000,0.080000,0.840000,0.070000,0.000000,0.120000,0.580000,0.220000,NOTE_HYPOTHESIS,shared_audio_intelligence_v0_2;spectral_peak;owner_supplied_audio
BE-003:pitch:00212,BE-003:onset:0044,9.961361,717.961361,15.272727,4,4.272727,66.8047,G4,387.5977,0.185760,1.000000,0.702318,0.850000,0.580000,,0.209475,965.479,3,1,0.050000,0.300000,0.580000,0.070000,0.000000,0.450000,0.250000,0.200000,NOTE_HYPOTHESIS,shared_audio_intelligence_v0_2;spectral_peak;owner_supplied_audio
BE-003:pitch:00213,BE-003:onset:0044,9.961361,717.961361,15.272727,4,4.272727,68.8438,A4,436.0474,0.371519,1.000000,0.702318,0.850000,0.580000,,0.209475,965.479,3,2,0.050000,0.300000,0.580000,0.070000,0.000000,0.450000,0.250000,0.200000,NOTE_HYPOTHESIS,shared_audio_intelligence_v0_2;spectral_peak;owner_supplied_audio
BE-003:pitch:00214,BE-003:onset:0044,9.961361,717.961361,15.272727,4,4.272727,78.9245,G5,780.5786,0.116100,1.000000,0.702318,0.850000,0.840000,,0.209475,965.479,3,3,0.010000,0.080000,0.840000,0.070000,0.000000,0.120000,0.580000,0.220000,NOTE_HYPOTHESIS,shared_audio_intelligence_v0_2;spectral_peak;owner_supplied_audio
BE-003:pitch:00215,BE-003:onset:0045,10.123900,718.123900,15.590909,4,4.590909,68.8438,A4,436.0474,0.325079,1.000000,0.453427,0.850000,0.580000,,0.101619,1058.861,6,1,0.050000,0.300000,0.580000,0.070000,0.000000,0.450000,0.250000,0.200000,NOTE_HYPOTHESIS,shared_audio_intelligence_v0_2;spectral_peak;owner_supplied_audio
BE-003:pitch:00216,BE-003:onset:0045,10.123900,718.123900,15.590909,4,4.590909,66.8047,G4,387.5977,0.116100,1.000000,0.453427,0.850000,0.580000,,0.101619,1058.861,6,2,0.050000,0.300000,0.580000,0.070000,0.000000,0.450000,0.250000,0.200000,NOTE_HYPOTHESIS,shared_audio_intelligence_v0_2;spectral_peak;owner_supplied_audio
BE-003:pitch:00217,BE-003:onset:0045,10.123900,718.123900,15.590909,4,4.590909,68.1904,G#4,419.8975,0.162540,1.000000,0.453427,0.850000,0.580000,,0.101619,1058.861,6,3,0.050000,0.300000,0.580000,0.070000,0.000000,0.450000,0.250000,0.200000,NOTE_HYPOTHESIS,shared_audio_intelligence_v0_2;spectral_peak;owner_supplied_audio
BE-003:pitch:00218,BE-003:onset:0045,10.123900,718.123900,15.590909,4,4.590909,87.9344,E6,1313.5254,0.116100,1.000000,0.453427,0.850000,0.840000,,0.101619,1058.861,6,4,0.010000,0.080000,0.840000,0.070000,0.000000,0.120000,0.580000,0.220000,NOTE_HYPOTHESIS,shared_audio_intelligence_v0_2;spectral_peak;owner_supplied_audio
BE-003:pitch:00219,BE-003:onset:0045,10.123900,718.123900,15.590909,4,4.590909,80.8438,A5,872.0947,0.185760,1.000000,0.453427,0.850000,0.840000,,0.101619,1058.861,6,5,0.010000,0.080000,0.840000,0.070000,0.000000,0.120000,0.580000,0.220000,NOTE_HYPOTHESIS,shared_audio_intelligence_v0_2;spectral_peak;owner_supplied_audio
BE-003:pitch:00220,BE-003:onset:0045,10.123900,718.123900,15.590909,4,4.590909,34.2788,A#1,59.2163,1.532517,1.000000,0.453427,0.850000,0.760000,,0.101619,1058.861,6,6,0.760000,0.180000,0.010000,0.050000,0.480000,0.320000,0.000000,0.000000,NOTE_HYPOTHESIS,shared_audio_intelligence_v0_2;spectral_peak;owner_supplied_audio
BE-003:pitch:00221,BE-003:onset:0046,10.240000,718.240000,15.818182,4,4.818182,81.8808,A#5,925.9277,0.185760,1.000000,0.894147,0.850000,0.840000,,0.155366,1055.504,5,1,0.010000,0.080000,0.840000,0.070000,0.000000,0.120000,0.580000,0.220000,NOTE_HYPOTHESIS,shared_audio_intelligence_v0_2;spectral_peak;owner_supplied_audio
BE-003:pitch:00222,BE-003:onset:0046,10.240000,718.240000,15.818182,4,4.818182,69.8808,A#4,462.9639,0.232200,1.000000,0.894147,0.850000,0.580000,,0.155366,1055.504,5,2,0.050000,0.300000,0.580000,0.070000,0.000000,0.450000,0.250000,0.200000,NOTE_HYPOTHESIS,shared_audio_intelligence_v0_2;spectral_peak;owner_supplied_audio
BE-003:pitch:00223,BE-003:onset:0046,10.240000,718.240000,15.818182,4,4.818182,88.9673,F6,1394.2749,0.139320,1.000000,0.894147,0.850000,0.840000,,0.155366,1055.504,5,3,0.010000,0.080000,0.840000,0.070000,0.000000,0.120000,0.580000,0.220000,NOTE_HYPOTHESIS,shared_audio_intelligence_v0_2;spectral_peak;owner_supplied_audio
BE-003:pitch:00224,BE-003:onset:0046,10.240000,718.240000,15.818182,4,4.818182,68.8438,A4,436.0474,0.208980,1.000000,0.894147,0.850000,0.580000,,0.155366,1055.504,5,4,0.050000,0.300000,0.580000,0.070000,0.000000,0.450000,0.250000,0.200000,NOTE_HYPOTHESIS,shared_audio_intelligence_v0_2;spectral_peak;owner_supplied_audio
BE-003:pitch:00225,BE-003:onset:0046,10.240000,718.240000,15.818182,4,4.818182,34.2788,A#1,59.2163,1.532517,1.000000,0.894147,0.850000,0.760000,,0.155366,1055.504,5,5,0.760000,0.180000,0.010000,0.050000,0.480000,0.320000,0.000000,0.000000,NOTE_HYPOTHESIS,shared_audio_intelligence_v0_2;spectral_peak;owner_supplied_audio
BE-003:pitch:00226,BE-003:onset:0047,10.518639,718.518639,16.363636,5,1.363636,74.9115,D#5,619.0796,0.417959,1.000000,1.000000,0.850000,0.580000,,0.917830,1306.544,3,1,0.050000,0.300000,0.580000,0.070000,0.000000,0.120000,0.580000,0.220000,NOTE_HYPOTHESIS,shared_audio_intelligence_v0_2;spectral_peak;owner_supplied_audio
BE-003:pitch:00227,BE-003:onset:0047,10.518639,718.518639,16.363636,5,1.363636,86.9115,D#6,1238.1592,0.580499,1.000000,1.000000,0.850000,0.840000,,0.917830,1306.544,3,2,0.010000,0.080000,0.840000,0.070000,0.000000,0.120000,0.580000,0.220000,NOTE_HYPOTHESIS,shared_audio_intelligence_v0_2;spectral_peak;owner_supplied_audio
BE-003:pitch:00228,BE-003:onset:0047,10.518639,718.518639,16.363636,5,1.363636,35.7851,C2,64.5996,1.532517,1.000000,1.000000,0.850000,0.760000,,0.917830,1306.544,3,3,0.760000,0.180000,0.010000,0.050000,0.480000,0.320000,0.000000,0.000000,NOTE_HYPOTHESIS,shared_audio_intelligence_v0_2;spectral_peak;owner_supplied_audio
BE-003:pitch:00229,BE-003:onset:0048,11.075918,719.075918,17.400000,5,2.400000,35.7851,C2,64.5996,1.230658,1.000000,0.687342,0.850000,0.760000,,0.319083,1869.300,5,1,0.760000,0.180000,0.010000,0.050000,0.480000,0.320000,0.000000,0.000000,NOTE_HYPOTHESIS,shared_audio_intelligence_v0_2;spectral_peak;owner_supplied_audio
BE-003:pitch:00230,BE-003:onset:0048,11.075918,719.075918,17.400000,5,2.400000,54.8047,G3,193.7988,0.301859,1.000000,0.687342,0.850000,0.550000,,0.319083,1869.300,5,2,0.550000,0.350000,0.030000,0.070000,0.480000,0.320000,0.000000,0.000000,NOTE_HYPOTHESIS,shared_audio_intelligence_v0_2;spectral_peak;owner_supplied_audio
BE-003:pitch:00231,BE-003:onset:0048,11.075918,719.075918,17.400000,5,2.400000,47.7851,C3,129.1992,0.325079,1.000000,0.687342,0.850000,0.550000,,0.319083,1869.300,5,3,0.550000,0.350000,0.030000,0.070000,0.480000,0.320000,0.000000,0.000000,NOTE_HYPOTHESIS,shared_audio_intelligence_v0_2;spectral_peak;owner_supplied_audio
BE-003:pitch:00232,BE-003:onset:0048,11.075918,719.075918,17.400000,5,2.400000,86.9115,D#6,1238.1592,0.232200,1.000000,0.687342,0.850000,0.840000,,0.319083,1869.300,5,4,0.010000,0.080000,0.840000,0.070000,0.000000,0.120000,0.580000,0.220000,NOTE_HYPOTHESIS,shared_audio_intelligence_v0_2;spectral_peak;owner_supplied_audio
BE-003:pitch:00233,BE-003:onset:0048,11.075918,719.075918,17.400000,5,2.400000,74.9115,D#5,619.0796,1.369977,1.000000,0.687342,0.850000,0.580000,,0.319083,1869.300,5,5,0.050000,0.300000,0.580000,0.070000,0.000000,0.120000,0.580000,0.220000,NOTE_HYPOTHESIS,shared_audio_intelligence_v0_2;spectral_peak;owner_supplied_audio
BE-003:pitch:00234,BE-003:onset:0049,11.192018,719.192018,17.600000,5,2.600000,35.7851,C2,64.5996,0.952018,1.000000,1.000000,0.850000,0.760000,,0.466581,886.742,6,1,0.760000,0.180000,0.010000,0.050000,0.480000,0.320000,0.000000,0.000000,NOTE_HYPOTHESIS,shared_audio_intelligence_v0_2;spectral_peak;owner_supplied_audio
BE-003:pitch:00235,BE-003:onset:0049,11.192018,719.192018,17.600000,5,2.600000,62.7603,D#4,306.8481,0.185760,1.000000,1.000000,0.850000,0.520000,,0.466581,886.742,6,2,0.250000,0.520000,0.150000,0.080000,0.000000,0.450000,0.250000,0.200000,NOTE_HYPOTHESIS,shared_audio_intelligence_v0_2;spectral_peak;owner_supplied_audio
BE-003:pitch:00236,BE-003:onset:0049,11.192018,719.192018,17.600000,5,2.600000,61.8242,D4,290.6982,0.116100,1.000000,1.000000,0.850000,0.520000,,0.466581,886.742,6,3,0.250000,0.520000,0.150000,0.080000,0.000000,0.450000,0.250000,0.200000,NOTE_HYPOTHESIS,shared_audio_intelligence_v0_2;spectral_peak;owner_supplied_audio
BE-003:pitch:00237,BE-003:onset:0049,11.192018,719.192018,17.600000,5,2.600000,74.7603,D#5,613.6963,0.092880,1.000000,1.000000,0.850000,0.580000,,0.466581,886.742,6,4,0.050000,0.300000,0.580000,0.070000,0.000000,0.120000,0.580000,0.220000,NOTE_HYPOTHESIS,shared_audio_intelligence_v0_2;spectral_peak;owner_supplied_audio
BE-003:pitch:00238,BE-003:onset:0049,11.192018,719.192018,17.600000,5,2.600000,66.8047,G4,387.5977,0.185760,1.000000,1.000000,0.850000,0.580000,,0.466581,886.742,6,5,0.050000,0.300000,0.580000,0.070000,0.000000,0.450000,0.250000,0.200000,NOTE_HYPOTHESIS,shared_audio_intelligence_v0_2;spectral_peak;owner_supplied_audio
BE-003:pitch:00239,BE-003:onset:0049,11.192018,719.192018,17.600000,5,2.600000,54.8047,G3,193.7988,0.185760,1.000000,1.000000,0.850000,0.550000,,0.466581,886.742,6,6,0.550000,0.350000,0.030000,0.070000,0.480000,0.320000,0.000000,0.000000,NOTE_HYPOTHESIS,shared_audio_intelligence_v0_2;spectral_peak;owner_supplied_audio
BE-003:pitch:00240,BE-003:onset:0050,11.400998,719.400998,17.960000,5,2.960000,37.1709,C#2,69.9829,0.952018,1.000000,0.811579,0.850000,0.760000,,0.396662,1609.139,2,1,0.760000,0.180000,0.010000,0.050000,0.480000,0.320000,0.000000,0.000000,NOTE_HYPOTHESIS,shared_audio_intelligence_v0_2;spectral_peak;owner_supplied_audio
BE-003:pitch:00241,BE-003:onset:0050,11.400998,719.400998,17.960000,5,2.960000,49.8242,D3,145.3491,0.905578,1.000000,0.811579,0.850000,0.550000,,0.396662,1609.139,2,2,0.550000,0.350000,0.030000,0.070000,0.480000,0.320000,0.000000,0.000000,NOTE_HYPOTHESIS,shared_audio_intelligence_v0_2;spectral_peak;owner_supplied_audio
BE-003:pitch:00242,BE-003:onset:0051,11.517098,719.517098,18.173913,5,3.173913,37.1709,C#2,69.9829,0.905578,1.000000,0.506789,0.850000,0.760000,,0.449013,945.476,3,1,0.760000,0.180000,0.010000,0.050000,0.480000,0.320000,0.000000,0.000000,NOTE_HYPOTHESIS,shared_audio_intelligence_v0_2;spectral_peak;owner_supplied_audio
BE-003:pitch:00243,BE-003:onset:0051,11.517098,719.517098,18.173913,5,3.173913,49.8242,D3,145.3491,0.766259,1.000000,0.506789,0.850000,0.550000,,0.449013,945.476,3,2,0.550000,0.350000,0.030000,0.070000,0.480000,0.320000,0.000000,0.000000,NOTE_HYPOTHESIS,shared_audio_intelligence_v0_2;spectral_peak;owner_supplied_audio
BE-003:pitch:00244,BE-003:onset:0051,11.517098,719.517098,18.173913,5,3.173913,61.8242,D4,290.6982,0.464399,1.000000,0.506789,0.850000,0.520000,,0.449013,945.476,3,3,0.250000,0.520000,0.150000,0.080000,0.000000,0.450000,0.250000,0.200000,NOTE_HYPOTHESIS,shared_audio_intelligence_v0_2;spectral_peak;owner_supplied_audio
BE-003:pitch:00245,BE-003:onset:0052,11.656417,719.656417,18.434783,5,3.434783,49.8242,D3,145.3491,0.371519,1.000000,1.000000,0.850000,0.550000,,0.708432,876.109,6,1,0.550000,0.350000,0.030000,0.070000,0.480000,0.320000,0.000000,0.000000,NOTE_HYPOTHESIS,shared_audio_intelligence_v0_2;spectral_peak;owner_supplied_audio
BE-003:pitch:00246,BE-003:onset:0052,11.656417,719.656417,18.434783,5,3.434783,62.7603,D#4,306.8481,0.208980,1.000000,1.000000,0.850000,0.520000,,0.708432,876.109,6,2,0.250000,0.520000,0.150000,0.080000,0.000000,0.450000,0.250000,0.200000,NOTE_HYPOTHESIS,shared_audio_intelligence_v0_2;spectral_peak;owner_supplied_audio
BE-003:pitch:00247,BE-003:onset:0052,11.656417,719.656417,18.434783,5,3.434783,38.4538,D2,75.3662,1.021678,1.000000,1.000000,0.850000,0.760000,,0.708432,876.109,6,3,0.760000,0.180000,0.010000,0.050000,0.480000,0.320000,0.000000,0.000000,NOTE_HYPOTHESIS,shared_audio_intelligence_v0_2;spectral_peak;owner_supplied_audio
BE-003:pitch:00248,BE-003:onset:0052,11.656417,719.656417,18.434783,5,3.434783,74.7603,D#5,613.6963,0.162540,1.000000,1.000000,0.850000,0.580000,,0.708432,876.109,6,4,0.050000,0.300000,0.580000,0.070000,0.000000,0.120000,0.580000,0.220000,NOTE_HYPOTHESIS,shared_audio_intelligence_v0_2;spectral_peak;owner_supplied_audio
BE-003:pitch:00249,BE-003:onset:0052,11.656417,719.656417,18.434783,5,3.434783,61.8242,D4,290.6982,0.208980,1.000000,1.000000,0.850000,0.520000,,0.708432,876.109,6,5,0.250000,0.520000,0.150000,0.080000,0.000000,0.450000,0.250000,0.200000,NOTE_HYPOTHESIS,shared_audio_intelligence_v0_2;spectral_peak;owner_supplied_audio
BE-003:pitch:00250,BE-003:onset:0052,11.656417,719.656417,18.434783,5,3.434783,73.8242,D5,581.3965,0.139320,1.000000,1.000000,0.850000,0.580000,,0.708432,876.109,6,6,0.050000,0.300000,0.580000,0.070000,0.000000,0.120000,0.580000,0.220000,NOTE_HYPOTHESIS,shared_audio_intelligence_v0_2;spectral_peak;owner_supplied_audio
BE-003:pitch:00251,BE-003:onset:0053,11.935057,719.935057,18.956522,5,3.956522,74.9115,D#5,619.0796,0.185760,1.000000,1.000000,0.850000,0.580000,,0.600494,1385.761,6,1,0.050000,0.300000,0.580000,0.070000,0.000000,0.120000,0.580000,0.220000,NOTE_HYPOTHESIS,shared_audio_intelligence_v0_2;spectral_peak;owner_supplied_audio
BE-003:pitch:00252,BE-003:onset:0053,11.935057,719.935057,18.956522,5,3.956522,50.4538,D3,150.7324,0.371519,1.000000,1.000000,0.850000,0.550000,,0.600494,1385.761,6,2,0.550000,0.350000,0.030000,0.070000,0.480000,0.320000,0.000000,0.000000,NOTE_HYPOTHESIS,shared_audio_intelligence_v0_2;spectral_peak;owner_supplied_audio
BE-003:pitch:00253,BE-003:onset:0053,11.935057,719.935057,18.956522,5,3.956522,37.1709,C#2,69.9829,0.534059,1.000000,1.000000,0.850000,0.760000,,0.600494,1385.761,6,3,0.760000,0.180000,0.010000,0.050000,0.480000,0.320000,0.000000,0.000000,NOTE_HYPOTHESIS,shared_audio_intelligence_v0_2;spectral_peak;owner_supplied_audio
BE-003:pitch:00254,BE-003:onset:0053,11.935057,719.935057,18.956522,5,3.956522,86.9115,D#6,1238.1592,0.139320,1.000000,1.000000,0.850000,0.840000,,0.600494,1385.761,6,4,0.010000,0.080000,0.840000,0.070000,0.000000,0.120000,0.580000,0.220000,NOTE_HYPOTHESIS,shared_audio_intelligence_v0_2;spectral_peak;owner_supplied_audio
BE-003:pitch:00255,BE-003:onset:0053,11.935057,719.935057,18.956522,5,3.956522,83.8751,C6,1038.9771,0.278639,1.000000,1.000000,0.850000,0.840000,,0.600494,1385.761,6,5,0.010000,0.080000,0.840000,0.070000,0.000000,0.120000,0.580000,0.220000,NOTE_HYPOTHESIS,shared_audio_intelligence_v0_2;spectral_peak;owner_supplied_audio
BE-003:pitch:00256,BE-003:onset:0053,11.935057,719.935057,18.956522,5,3.956522,34.2788,A#1,59.2163,0.255420,1.000000,1.000000,0.850000,0.760000,,0.600494,1385.761,6,6,0.760000,0.180000,0.010000,0.050000,0.480000,0.320000,0.000000,0.000000,NOTE_HYPOTHESIS,shared_audio_intelligence_v0_2;spectral_peak;owner_supplied_audio
BE-003:pitch:00257,BE-003:onset:0054,12.097596,720.097596,19.206897,5,4.206897,64.7656,F4,344.5312,0.162540,1.000000,0.763214,0.850000,0.580000,,0.620885,1170.754,6,1,0.050000,0.300000,0.580000,0.070000,0.000000,0.450000,0.250000,0.200000,NOTE_HYPOTHESIS,shared_audio_intelligence_v0_2;spectral_peak;owner_supplied_audio
BE-003:pitch:00258,BE-003:onset:0054,12.097596,720.097596,19.206897,5,4.206897,38.4538,D2,75.3662,0.557279,1.000000,0.763214,0.850000,0.760000,,0.620885,1170.754,6,2,0.760000,0.180000,0.010000,0.050000,0.480000,0.320000,0.000000,0.000000,NOTE_HYPOTHESIS,shared_audio_intelligence_v0_2;spectral_peak;owner_supplied_audio
BE-003:pitch:00259,BE-003:onset:0054,12.097596,720.097596,19.206897,5,4.206897,51.0613,D#3,156.1157,0.232200,1.000000,0.763214,0.850000,0.550000,,0.620885,1170.754,6,3,0.550000,0.350000,0.030000,0.070000,0.480000,0.320000,0.000000,0.000000,NOTE_HYPOTHESIS,shared_audio_intelligence_v0_2;spectral_peak;owner_supplied_audio
BE-003:pitch:00260,BE-003:onset:0054,12.097596,720.097596,19.206897,5,4.206897,74.9115,D#5,619.0796,0.069660,1.000000,0.763214,0.850000,0.580000,,0.620885,1170.754,6,4,0.050000,0.300000,0.580000,0.070000,0.000000,0.120000,0.580000,0.220000,NOTE_HYPOTHESIS,shared_audio_intelligence_v0_2;spectral_peak;owner_supplied_audio
BE-003:pitch:00261,BE-003:onset:0054,12.097596,720.097596,19.206897,5,4.206897,83.9645,C6,1044.3604,0.116100,1.000000,0.763214,0.850000,0.840000,,0.620885,1170.754,6,5,0.010000,0.080000,0.840000,0.070000,0.000000,0.120000,0.580000,0.220000,NOTE_HYPOTHESIS,shared_audio_intelligence_v0_2;spectral_peak;owner_supplied_audio
BE-003:pitch:00262,BE-003:onset:0054,12.097596,720.097596,19.206897,5,4.206897,68.8438,A4,436.0474,0.185760,1.000000,0.763214,0.850000,0.580000,,0.620885,1170.754,6,6,0.050000,0.300000,0.580000,0.070000,0.000000,0.450000,0.250000,0.200000,NOTE_HYPOTHESIS,shared_audio_intelligence_v0_2;spectral_peak;owner_supplied_audio
BE-003:pitch:00263,BE-003:onset:0055,12.260136,720.260136,19.448276,5,4.448276,38.4538,D2,75.3662,0.417959,1.000000,1.000000,0.850000,0.760000,,0.495338,1023.802,6,1,0.760000,0.180000,0.010000,0.050000,0.480000,0.320000,0.000000,0.000000,NOTE_HYPOTHESIS,shared_audio_intelligence_v0_2;spectral_peak;owner_supplied_audio
BE-003:pitch:00264,BE-003:onset:0055,12.260136,720.260136,19.448276,5,4.448276,66.8047,G4,387.5977,0.185760,1.000000,1.000000,0.850000,0.580000,,0.495338,1023.802,6,2,0.050000,0.300000,0.580000,0.070000,0.000000,0.450000,0.250000,0.200000,NOTE_HYPOTHESIS,shared_audio_intelligence_v0_2;spectral_peak;owner_supplied_audio
BE-003:pitch:00265,BE-003:onset:0055,12.260136,720.260136,19.448276,5,4.448276,74.7603,D#5,613.6963,0.139320,1.000000,1.000000,0.850000,0.580000,,0.495338,1023.802,6,3,0.050000,0.300000,0.580000,0.070000,0.000000,0.120000,0.580000,0.220000,NOTE_HYPOTHESIS,shared_audio_intelligence_v0_2;spectral_peak;owner_supplied_audio
BE-003:pitch:00266,BE-003:onset:0055,12.260136,720.260136,19.448276,5,4.448276,62.7603,D#4,306.8481,0.185760,1.000000,1.000000,0.850000,0.520000,,0.495338,1023.802,6,4,0.250000,0.520000,0.150000,0.080000,0.000000,0.450000,0.250000,0.200000,NOTE_HYPOTHESIS,shared_audio_intelligence_v0_2;spectral_peak;owner_supplied_audio
BE-003:pitch:00267,BE-003:onset:0055,12.260136,720.260136,19.448276,5,4.448276,51.0613,D#3,156.1157,0.139320,1.000000,1.000000,0.850000,0.550000,,0.495338,1023.802,6,5,0.550000,0.350000,0.030000,0.070000,0.480000,0.320000,0.000000,0.000000,NOTE_HYPOTHESIS,shared_audio_intelligence_v0_2;spectral_peak;owner_supplied_audio
BE-003:pitch:00268,BE-003:onset:0055,12.260136,720.260136,19.448276,5,4.448276,61.8242,D4,290.6982,0.116100,1.000000,1.000000,0.850000,0.520000,,0.495338,1023.802,6,6,0.250000,0.520000,0.150000,0.080000,0.000000,0.450000,0.250000,0.200000,NOTE_HYPOTHESIS,shared_audio_intelligence_v0_2;spectral_peak;owner_supplied_audio
BE-003:pitch:00269,BE-003:onset:0056,12.399456,720.399456,19.655172,5,4.655172,40.7656,F2,86.1328,0.743039,1.000000,0.568152,0.850000,0.760000,,0.285289,870.328,4,1,0.760000,0.180000,0.010000,0.050000,0.480000,0.320000,0.000000,0.000000,NOTE_HYPOTHESIS,shared_audio_intelligence_v0_2;spectral_peak;owner_supplied_audio
BE-003:pitch:00270,BE-003:onset:0056,12.399456,720.399456,19.655172,5,4.655172,68.8438,A4,436.0474,0.185760,1.000000,0.568152,0.850000,0.580000,,0.285289,870.328,4,2,0.050000,0.300000,0.580000,0.070000,0.000000,0.450000,0.250000,0.200000,NOTE_HYPOTHESIS,shared_audio_intelligence_v0_2;spectral_peak;owner_supplied_audio
BE-003:pitch:00271,BE-003:onset:0056,12.399456,720.399456,19.655172,5,4.655172,35.7851,C2,64.5996,0.441179,1.000000,0.568152,0.850000,0.760000,,0.285289,870.328,4,3,0.760000,0.180000,0.010000,0.050000,0.480000,0.320000,0.000000,0.000000,NOTE_HYPOTHESIS,shared_audio_intelligence_v0_2;spectral_peak;owner_supplied_audio
BE-003:pitch:00272,BE-003:onset:0056,12.399456,720.399456,19.655172,5,4.655172,67.0435,G4,392.9810,0.185760,1.000000,0.568152,0.850000,0.580000,,0.285289,870.328,4,4,0.050000,0.300000,0.580000,0.070000,0.000000,0.450000,0.250000,0.200000,NOTE_HYPOTHESIS,shared_audio_intelligence_v0_2;spectral_peak;owner_supplied_audio
BE-003:pitch:00273,BE-003:onset:0057,12.538776,720.538776,19.862069,5,4.862069,40.7656,F2,86.1328,0.626939,1.000000,0.959944,0.850000,0.760000,,0.243685,1430.227,5,1,0.760000,0.180000,0.010000,0.050000,0.480000,0.320000,0.000000,0.000000,NOTE_HYPOTHESIS,shared_audio_intelligence_v0_2;spectral_peak;owner_supplied_audio
BE-003:pitch:00274,BE-003:onset:0057,12.538776,720.538776,19.862069,5,4.862069,81.8808,A#5,925.9277,0.116100,1.000000,0.959944,0.850000,0.840000,,0.243685,1430.227,5,2,0.010000,0.080000,0.840000,0.070000,0.000000,0.120000,0.580000,0.220000,NOTE_HYPOTHESIS,shared_audio_intelligence_v0_2;spectral_peak;owner_supplied_audio
BE-003:pitch:00275,BE-003:onset:0057,12.538776,720.538776,19.862069,5,4.862069,69.8808,A#4,462.9639,0.208980,1.000000,0.959944,0.850000,0.580000,,0.243685,1430.227,5,3,0.050000,0.300000,0.580000,0.070000,0.000000,0.450000,0.250000,0.200000,NOTE_HYPOTHESIS,shared_audio_intelligence_v0_2;spectral_peak;owner_supplied_audio
BE-003:pitch:00276,BE-003:onset:0057,12.538776,720.538776,19.862069,5,4.862069,69.0562,A4,441.4307,0.139320,1.000000,0.959944,0.850000,0.580000,,0.243685,1430.227,5,4,0.050000,0.300000,0.580000,0.070000,0.000000,0.450000,0.250000,0.200000,NOTE_HYPOTHESIS,shared_audio_intelligence_v0_2;spectral_peak;owner_supplied_audio
BE-003:pitch:00277,BE-003:onset:0057,12.538776,720.538776,19.862069,5,4.862069,88.9673,F6,1394.2749,0.092880,0.972881,0.959944,0.836441,0.840000,,0.243685,1430.227,5,5,0.010000,0.080000,0.840000,0.070000,0.000000,0.120000,0.580000,0.220000,NOTE_HYPOTHESIS,shared_audio_intelligence_v0_2;spectral_peak;owner_supplied_audio
BE-003:pitch:00278,BE-003:onset:0058,12.654875,720.654875,20.038462,6,1.038462,42.8047,G2,96.8994,0.719819,1.000000,0.874698,0.850000,0.760000,,0.566053,1520.959,4,1,0.760000,0.180000,0.010000,0.050000,0.480000,0.320000,0.000000,0.000000,NOTE_HYPOTHESIS,shared_audio_intelligence_v0_2;spectral_peak;owner_supplied_audio
BE-003:pitch:00279,BE-003:onset:0058,12.654875,720.654875,20.038462,6,1.038462,83.8751,C6,1038.9771,0.185760,1.000000,0.874698,0.850000,0.840000,,0.566053,1520.959,4,2,0.010000,0.080000,0.840000,0.070000,0.000000,0.120000,0.580000,0.220000,NOTE_HYPOTHESIS,shared_audio_intelligence_v0_2;spectral_peak;owner_supplied_audio
BE-003:pitch:00280,BE-003:onset:0058,12.654875,720.654875,20.038462,6,1.038462,71.9645,C5,522.1802,0.255420,1.000000,0.874698,0.850000,0.580000,,0.566053,1520.959,4,3,0.050000,0.300000,0.580000,0.070000,0.000000,0.120000,0.580000,0.220000,NOTE_HYPOTHESIS,shared_audio_intelligence_v0_2;spectral_peak;owner_supplied_audio
BE-003:pitch:00281,BE-003:onset:0058,12.654875,720.654875,20.038462,6,1.038462,54.8047,G3,193.7988,0.394739,1.000000,0.874698,0.850000,0.550000,,0.566053,1520.959,4,4,0.550000,0.350000,0.030000,0.070000,0.480000,0.320000,0.000000,0.000000,NOTE_HYPOTHESIS,shared_audio_intelligence_v0_2;spectral_peak;owner_supplied_audio
BE-003:pitch:00282,BE-003:onset:0059,12.863855,720.863855,20.384615,6,1.384615,42.8047,G2,96.8994,0.534059,1.000000,0.734760,0.850000,0.760000,,0.513679,1381.038,2,1,0.760000,0.180000,0.010000,0.050000,0.480000,0.320000,0.000000,0.000000,NOTE_HYPOTHESIS,shared_audio_intelligence_v0_2;spectral_peak;owner_supplied_audio
BE-003:pitch:00283,BE-003:onset:0059,12.863855,720.863855,20.384615,6,1.384615,54.8047,G3,193.7988,0.185760,1.000000,0.734760,0.850000,0.550000,,0.513679,1381.038,2,2,0.550000,0.350000,0.030000,0.070000,0.480000,0.320000,0.000000,0.000000,NOTE_HYPOTHESIS,shared_audio_intelligence_v0_2;spectral_peak;owner_supplied_audio
BE-003:pitch:00284,BE-003:onset:0060,12.956735,720.956735,20.538462,6,1.538462,73.8242,D5,581.3965,0.510839,1.000000,1.000000,0.850000,0.580000,,0.759037,1304.185,3,1,0.050000,0.300000,0.580000,0.070000,0.000000,0.120000,0.580000,0.220000,NOTE_HYPOTHESIS,shared_audio_intelligence_v0_2;spectral_peak;owner_supplied_audio
BE-003:pitch:00285,BE-003:onset:0060,12.956735,720.956735,20.538462,6,1.538462,85.9042,D6,1168.1763,0.301859,1.000000,1.000000,0.850000,0.840000,,0.759037,1304.185,3,2,0.010000,0.080000,0.840000,0.070000,0.000000,0.120000,0.580000,0.220000,NOTE_HYPOTHESIS,shared_audio_intelligence_v0_2;spectral_peak;owner_supplied_audio
BE-003:pitch:00286,BE-003:onset:0060,12.956735,720.956735,20.538462,6,1.538462,42.8047,G2,96.8994,0.673379,1.000000,1.000000,0.850000,0.760000,,0.759037,1304.185,3,3,0.760000,0.180000,0.010000,0.050000,0.480000,0.320000,0.000000,0.000000,NOTE_HYPOTHESIS,shared_audio_intelligence_v0_2;spectral_peak;owner_supplied_audio
BE-003:pitch:00287,BE-003:onset:0061,13.096054,721.096054,20.769231,6,1.769231,44.6287,A2,107.6660,0.743039,1.000000,0.733479,0.850000,0.760000,,0.858955,962.888,3,1,0.760000,0.180000,0.010000,0.050000,0.480000,0.320000,0.000000,0.000000,NOTE_HYPOTHESIS,shared_audio_intelligence_v0_2;spectral_peak;owner_supplied_audio
BE-003:pitch:00288,BE-003:onset:0061,13.096054,721.096054,20.769231,6,1.769231,73.8242,D5,581.3965,0.417959,1.000000,0.733479,0.850000,0.580000,,0.858955,962.888,3,2,0.050000,0.300000,0.580000,0.070000,0.000000,0.120000,0.580000,0.220000,NOTE_HYPOTHESIS,shared_audio_intelligence_v0_2;spectral_peak;owner_supplied_audio
BE-003:pitch:00289,BE-003:onset:0061,13.096054,721.096054,20.769231,6,1.769231,85.9042,D6,1168.1763,0.301859,1.000000,0.733479,0.850000,0.840000,,0.858955,962.888,3,3,0.010000,0.080000,0.840000,0.070000,0.000000,0.120000,0.580000,0.220000,NOTE_HYPOTHESIS,shared_audio_intelligence_v0_2;spectral_peak;owner_supplied_audio
BE-003:pitch:00290,BE-003:onset:0062,13.142494,721.142494,20.846154,6,1.846154,44.6287,A2,107.6660,0.696599,1.000000,0.659771,0.850000,0.760000,,0.833901,1246.246,4,1,0.760000,0.180000,0.010000,0.050000,0.480000,0.320000,0.000000,0.000000,NOTE_HYPOTHESIS,shared_audio_intelligence_v0_2;spectral_peak;owner_supplied_audio
BE-003:pitch:00291,BE-003:onset:0062,13.142494,721.142494,20.846154,6,1.846154,73.8242,D5,581.3965,0.371519,1.000000,0.659771,0.850000,0.580000,,0.833901,1246.246,4,2,0.050000,0.300000,0.580000,0.070000,0.000000,0.120000,0.580000,0.220000,NOTE_HYPOTHESIS,shared_audio_intelligence_v0_2;spectral_peak;owner_supplied_audio
BE-003:pitch:00292,BE-003:onset:0062,13.142494,721.142494,20.846154,6,1.846154,85.9042,D6,1168.1763,0.325079,1.000000,0.659771,0.850000,0.840000,,0.833901,1246.246,4,3,0.010000,0.080000,0.840000,0.070000,0.000000,0.120000,0.580000,0.220000,NOTE_HYPOTHESIS,shared_audio_intelligence_v0_2;spectral_peak;owner_supplied_audio
BE-003:pitch:00293,BE-003:onset:0062,13.142494,721.142494,20.846154,6,1.846154,42.8047,G2,96.8994,0.487619,1.000000,0.659771,0.850000,0.760000,,0.833901,1246.246,4,4,0.760000,0.180000,0.010000,0.050000,0.480000,0.320000,0.000000,0.000000,NOTE_HYPOTHESIS,shared_audio_intelligence_v0_2;spectral_peak;owner_supplied_audio
BE-003:pitch:00294,BE-003:onset:0063,13.560454,721.560454,21.560000,6,2.560000,45.4734,A2,113.0493,0.325079,1.000000,0.652453,0.850000,0.550000,,0.413915,1129.839,3,1,0.550000,0.350000,0.030000,0.070000,0.480000,0.320000,0.000000,0.000000,NOTE_HYPOTHESIS,shared_audio_intelligence_v0_2;spectral_peak;owner_supplied_audio
BE-003:pitch:00295,BE-003:onset:0063,13.560454,721.560454,21.560000,6,2.560000,73.8242,D5,581.3965,0.255420,1.000000,0.652453,0.850000,0.580000,,0.413915,1129.839,3,2,0.050000,0.300000,0.580000,0.070000,0.000000,0.120000,0.580000,0.220000,NOTE_HYPOTHESIS,shared_audio_intelligence_v0_2;spectral_peak;owner_supplied_audio
BE-003:pitch:00296,BE-003:onset:0063,13.560454,721.560454,21.560000,6,2.560000,35.7851,C2,64.5996,0.255420,1.000000,0.652453,0.850000,0.760000,,0.413915,1129.839,3,3,0.760000,0.180000,0.010000,0.050000,0.480000,0.320000,0.000000,0.000000,NOTE_HYPOTHESIS,shared_audio_intelligence_v0_2;spectral_peak;owner_supplied_audio
BE-003:pitch:00297,BE-003:onset:0064,13.839093,721.839093,22.045455,6,3.045455,44.6287,A2,107.6660,0.092880,1.000000,0.846614,0.850000,0.760000,,0.312299,1971.885,2,1,0.760000,0.180000,0.010000,0.050000,0.480000,0.320000,0.000000,0.000000,NOTE_HYPOTHESIS,shared_audio_intelligence_v0_2;spectral_peak;owner_supplied_audio
BE-003:pitch:00298,BE-003:onset:0064,13.839093,721.839093,22.045455,6,3.045455,47.0483,B2,123.8159,0.487619,1.000000,0.846614,0.850000,0.550000,,0.312299,1971.885,2,2,0.550000,0.350000,0.030000,0.070000,0.480000,0.320000,0.000000,0.000000,NOTE_HYPOTHESIS,shared_audio_intelligence_v0_2;spectral_peak;owner_supplied_audio
BE-003:pitch:00299,BE-003:onset:0065,14.024853,722.024853,22.409091,6,3.409091,47.7851,C3,129.1992,0.278639,1.000000,0.993256,0.850000,0.550000,,0.487311,1288.783,4,1,0.550000,0.350000,0.030000,0.070000,0.480000,0.320000,0.000000,0.000000,NOTE_HYPOTHESIS,shared_audio_intelligence_v0_2;spectral_peak;owner_supplied_audio
BE-003:pitch:00300,BE-003:onset:0065,14.024853,722.024853,22.409091,6,3.409091,62.7603,D#4,306.8481,0.580499,1.000000,0.993256,0.850000,0.520000,,0.487311,1288.783,4,2,0.250000,0.520000,0.150000,0.080000,0.000000,0.450000,0.250000,0.200000,NOTE_HYPOTHESIS,shared_audio_intelligence_v0_2;spectral_peak;owner_supplied_audio
BE-003:pitch:00301,BE-003:onset:0065,14.024853,722.024853,22.409091,6,3.409091,74.7603,D#5,613.6963,0.162540,1.000000,0.993256,0.850000,0.580000,,0.487311,1288.783,4,3,0.050000,0.300000,0.580000,0.070000,0.000000,0.120000,0.580000,0.220000,NOTE_HYPOTHESIS,shared_audio_intelligence_v0_2;spectral_peak;owner_supplied_audio
BE-003:pitch:00302,BE-003:onset:0065,14.024853,722.024853,22.409091,6,3.409091,73.9838,D5,586.7798,1.021678,1.000000,0.993256,0.850000,0.580000,,0.487311,1288.783,4,4,0.050000,0.300000,0.580000,0.070000,0.000000,0.120000,0.580000,0.220000,NOTE_HYPOTHESIS,shared_audio_intelligence_v0_2;spectral_peak;owner_supplied_audio
BE-003:pitch:00303,BE-003:onset:0066,14.326712,722.326712,23.000000,6,4.000000,62.7603,D#4,306.8481,0.208980,1.000000,1.000000,0.850000,0.520000,,0.524544,1221.337,6,1,0.250000,0.520000,0.150000,0.080000,0.000000,0.450000,0.250000,0.200000,NOTE_HYPOTHESIS,shared_audio_intelligence_v0_2;spectral_peak;owner_supplied_audio
BE-003:pitch:00304,BE-003:onset:0066,14.326712,722.326712,23.000000,6,4.000000,74.7603,D#5,613.6963,0.162540,1.000000,1.000000,0.850000,0.580000,,0.524544,1221.337,6,2,0.050000,0.300000,0.580000,0.070000,0.000000,0.120000,0.580000,0.220000,NOTE_HYPOTHESIS,shared_audio_intelligence_v0_2;spectral_peak;owner_supplied_audio
BE-003:pitch:00305,BE-003:onset:0066,14.326712,722.326712,23.000000,6,4.000000,49.8242,D3,145.3491,0.301859,1.000000,1.000000,0.850000,0.550000,,0.524544,1221.337,6,3,0.550000,0.350000,0.030000,0.070000,0.480000,0.320000,0.000000,0.000000,NOTE_HYPOTHESIS,shared_audio_intelligence_v0_2;spectral_peak;owner_supplied_audio
BE-003:pitch:00306,BE-003:onset:0066,14.326712,722.326712,23.000000,6,4.000000,81.8808,A#5,925.9277,0.139320,1.000000,1.000000,0.850000,0.840000,,0.524544,1221.337,6,4,0.010000,0.080000,0.840000,0.070000,0.000000,0.120000,0.580000,0.220000,NOTE_HYPOTHESIS,shared_audio_intelligence_v0_2;spectral_peak;owner_supplied_audio
BE-003:pitch:00307,BE-003:onset:0066,14.326712,722.326712,23.000000,6,4.000000,73.8242,D5,581.3965,0.719819,1.000000,1.000000,0.850000,0.580000,,0.524544,1221.337,6,5,0.050000,0.300000,0.580000,0.070000,0.000000,0.120000,0.580000,0.220000,NOTE_HYPOTHESIS,shared_audio_intelligence_v0_2;spectral_peak;owner_supplied_audio
BE-003:pitch:00308,BE-003:onset:0066,14.326712,722.326712,23.000000,6,4.000000,86.9115,D#6,1238.1592,0.162540,1.000000,1.000000,0.850000,0.840000,,0.524544,1221.337,6,6,0.010000,0.080000,0.840000,0.070000,0.000000,0.120000,0.580000,0.220000,NOTE_HYPOTHESIS,shared_audio_intelligence_v0_2;spectral_peak;owner_supplied_audio
BE-003:pitch:00309,BE-003:onset:0067,14.721451,722.721451,23.680000,6,4.680000,62.7603,D#4,306.8481,0.394739,1.000000,0.740232,0.850000,0.520000,,0.232932,1206.703,6,1,0.250000,0.520000,0.150000,0.080000,0.000000,0.450000,0.250000,0.200000,NOTE_HYPOTHESIS,shared_audio_intelligence_v0_2;spectral_peak;owner_supplied_audio
BE-003:pitch:00310,BE-003:onset:0067,14.721451,722.721451,23.680000,6,4.680000,50.4538,D3,150.7324,0.255420,1.000000,0.740232,0.850000,0.550000,,0.232932,1206.703,6,2,0.550000,0.350000,0.030000,0.070000,0.480000,0.320000,0.000000,0.000000,NOTE_HYPOTHESIS,shared_audio_intelligence_v0_2;spectral_peak;owner_supplied_audio
BE-003:pitch:00311,BE-003:onset:0067,14.721451,722.721451,23.680000,6,4.680000,73.8242,D5,581.3965,0.348299,0.973459,0.740232,0.836730,0.580000,,0.232932,1206.703,6,3,0.050000,0.300000,0.580000,0.070000,0.000000,0.120000,0.580000,0.220000,NOTE_HYPOTHESIS,shared_audio_intelligence_v0_2;spectral_peak;owner_supplied_audio
BE-003:pitch:00312,BE-003:onset:0067,14.721451,722.721451,23.680000,6,4.680000,47.7851,C3,129.1992,0.116100,0.961908,0.740232,0.830954,0.550000,,0.232932,1206.703,6,4,0.550000,0.350000,0.030000,0.070000,0.480000,0.320000,0.000000,0.000000,NOTE_HYPOTHESIS,shared_audio_intelligence_v0_2;spectral_peak;owner_supplied_audio
BE-003:pitch:00313,BE-003:onset:0067,14.721451,722.721451,23.680000,6,4.680000,43.7407,G#2,102.2827,0.928798,0.951343,0.740232,0.825672,0.760000,,0.232932,1206.703,6,5,0.760000,0.180000,0.010000,0.050000,0.480000,0.320000,0.000000,0.000000,NOTE_HYPOTHESIS,shared_audio_intelligence_v0_2;spectral_peak;owner_supplied_audio
BE-003:pitch:00314,BE-003:onset:0067,14.721451,722.721451,23.680000,6,4.680000,63.9344,E4,328.3813,0.882358,0.929429,0.740232,0.814714,0.520000,,0.232932,1206.703,6,6,0.250000,0.520000,0.150000,0.080000,0.000000,0.450000,0.250000,0.200000,NOTE_HYPOTHESIS,shared_audio_intelligence_v0_2;spectral_peak;owner_supplied_audio
BE-003:pitch:00315,BE-003:onset:0068,14.883991,722.883991,23.960000,6,4.960000,73.8242,D5,581.3965,0.116100,1.000000,0.639515,0.850000,0.580000,,0.391579,1551.978,6,1,0.050000,0.300000,0.580000,0.070000,0.000000,0.120000,0.580000,0.220000,NOTE_HYPOTHESIS,shared_audio_intelligence_v0_2;spectral_peak;owner_supplied_audio
BE-003:pitch:00316,BE-003:onset:0068,14.883991,722.883991,23.960000,6,4.960000,63.0613,D#4,312.2314,0.232200,1.000000,0.639515,0.850000,0.520000,,0.391579,1551.978,6,2,0.250000,0.520000,0.150000,0.080000,0.000000,0.450000,0.250000,0.200000,NOTE_HYPOTHESIS,shared_audio_intelligence_v0_2;spectral_peak;owner_supplied_audio
BE-003:pitch:00317,BE-003:onset:0068,14.883991,722.883991,23.960000,6,4.960000,74.7603,D#5,613.6963,0.162540,1.000000,0.639515,0.850000,0.580000,,0.391579,1551.978,6,3,0.050000,0.300000,0.580000,0.070000,0.000000,0.120000,0.580000,0.220000,NOTE_HYPOTHESIS,shared_audio_intelligence_v0_2;spectral_peak;owner_supplied_audio
BE-003:pitch:00318,BE-003:onset:0068,14.883991,722.883991,23.960000,6,4.960000,51.0613,D#3,156.1157,0.116100,1.000000,0.639515,0.850000,0.550000,,0.391579,1551.978,6,4,0.550000,0.350000,0.030000,0.070000,0.480000,0.320000,0.000000,0.000000,NOTE_HYPOTHESIS,shared_audio_intelligence_v0_2;spectral_peak;owner_supplied_audio
BE-003:pitch:00319,BE-003:onset:0068,14.883991,722.883991,23.960000,6,4.960000,81.8808,A#5,925.9277,0.139320,1.000000,0.639515,0.850000,0.840000,,0.391579,1551.978,6,5,0.010000,0.080000,0.840000,0.070000,0.000000,0.120000,0.580000,0.220000,NOTE_HYPOTHESIS,shared_audio_intelligence_v0_2;spectral_peak;owner_supplied_audio
BE-003:pitch:00320,BE-003:onset:0068,14.883991,722.883991,23.960000,6,4.960000,61.8242,D4,290.6982,0.162540,1.000000,0.639515,0.850000,0.520000,,0.391579,1551.978,6,6,0.250000,0.520000,0.150000,0.080000,0.000000,0.450000,0.250000,0.200000,NOTE_HYPOTHESIS,shared_audio_intelligence_v0_2;spectral_peak;owner_supplied_audio
BE-003:pitch:00321,BE-003:onset:0069,15.046531,723.046531,24.230769,7,1.230769,67.0435,G4,392.9810,0.185760,1.000000,0.645783,0.850000,0.580000,,0.267528,1803.598,6,1,0.050000,0.300000,0.580000,0.070000,0.000000,0.450000,0.250000,0.200000,NOTE_HYPOTHESIS,shared_audio_intelligence_v0_2;spectral_peak;owner_supplied_audio
BE-003:pitch:00322,BE-003:onset:0069,15.046531,723.046531,24.230769,7,1.230769,78.9245,G5,780.5786,0.116100,1.000000,0.645783,0.850000,0.840000,,0.267528,1803.598,6,2,0.010000,0.080000,0.840000,0.070000,0.000000,0.120000,0.580000,0.220000,NOTE_HYPOTHESIS,shared_audio_intelligence_v0_2;spectral_peak;owner_supplied_audio
BE-003:pitch:00323,BE-003:onset:0069,15.046531,723.046531,24.230769,7,1.230769,63.0613,D#4,312.2314,0.116100,1.000000,0.645783,0.850000,0.520000,,0.267528,1803.598,6,3,0.250000,0.520000,0.150000,0.080000,0.000000,0.450000,0.250000,0.200000,NOTE_HYPOTHESIS,shared_audio_intelligence_v0_2;spectral_peak;owner_supplied_audio
BE-003:pitch:00324,BE-003:onset:0069,15.046531,723.046531,24.230769,7,1.230769,42.8047,G2,96.8994,0.139320,1.000000,0.645783,0.850000,0.760000,,0.267528,1803.598,6,4,0.760000,0.180000,0.010000,0.050000,0.480000,0.320000,0.000000,0.000000,NOTE_HYPOTHESIS,shared_audio_intelligence_v0_2;spectral_peak;owner_supplied_audio
BE-003:pitch:00325,BE-003:onset:0069,15.046531,723.046531,24.230769,7,1.230769,52.7656,F3,172.2656,0.371519,0.986661,0.645783,0.843330,0.550000,,0.267528,1803.598,6,5,0.550000,0.350000,0.030000,0.070000,0.480000,0.320000,0.000000,0.000000,NOTE_HYPOTHESIS,shared_audio_intelligence_v0_2;spectral_peak;owner_supplied_audio
BE-003:pitch:00326,BE-003:onset:0069,15.046531,723.046531,24.230769,7,1.230769,64.4929,E4,339.1479,0.325079,0.958644,0.645783,0.829322,0.580000,,0.267528,1803.598,6,6,0.050000,0.300000,0.580000,0.070000,0.000000,0.450000,0.250000,0.200000,NOTE_HYPOTHESIS,shared_audio_intelligence_v0_2;spectral_peak;owner_supplied_audio
BE-003:pitch:00327,BE-003:onset:0070,15.139410,723.139410,24.384615,7,1.384615,66.8047,G4,387.5977,0.139320,1.000000,0.705655,0.850000,0.580000,,0.312697,1623.191,6,1,0.050000,0.300000,0.580000,0.070000,0.000000,0.450000,0.250000,0.200000,NOTE_HYPOTHESIS,shared_audio_intelligence_v0_2;spectral_peak;owner_supplied_audio
BE-003:pitch:00328,BE-003:onset:0070,15.139410,723.139410,24.384615,7,1.384615,69.8808,A#4,462.9639,0.162540,1.000000,0.705655,0.850000,0.580000,,0.312697,1623.191,6,2,0.050000,0.300000,0.580000,0.070000,0.000000,0.450000,0.250000,0.200000,NOTE_HYPOTHESIS,shared_audio_intelligence_v0_2;spectral_peak;owner_supplied_audio
BE-003:pitch:00329,BE-003:onset:0070,15.139410,723.139410,24.384615,7,1.384615,73.9838,D5,586.7798,0.348299,1.000000,0.705655,0.850000,0.580000,,0.312697,1623.191,6,3,0.050000,0.300000,0.580000,0.070000,0.000000,0.120000,0.580000,0.220000,NOTE_HYPOTHESIS,shared_audio_intelligence_v0_2;spectral_peak;owner_supplied_audio
BE-003:pitch:00330,BE-003:onset:0070,15.139410,723.139410,24.384615,7,1.384615,81.8808,A#5,925.9277,0.139320,1.000000,0.705655,0.850000,0.840000,,0.312697,1623.191,6,4,0.010000,0.080000,0.840000,0.070000,0.000000,0.120000,0.580000,0.220000,NOTE_HYPOTHESIS,shared_audio_intelligence_v0_2;spectral_peak;owner_supplied_audio
BE-003:pitch:00331,BE-003:onset:0070,15.139410,723.139410,24.384615,7,1.384615,52.7656,F3,172.2656,0.232200,0.980379,0.705655,0.840190,0.550000,,0.312697,1623.191,6,5,0.550000,0.350000,0.030000,0.070000,0.480000,0.320000,0.000000,0.000000,NOTE_HYPOTHESIS,shared_audio_intelligence_v0_2;spectral_peak;owner_supplied_audio
BE-003:pitch:00332,BE-003:onset:0070,15.139410,723.139410,24.384615,7,1.384615,78.9245,G5,780.5786,0.069660,0.845491,0.705655,0.772745,0.840000,,0.312697,1623.191,6,6,0.010000,0.080000,0.840000,0.070000,0.000000,0.120000,0.580000,0.220000,NOTE_HYPOTHESIS,shared_audio_intelligence_v0_2;spectral_peak;owner_supplied_audio
BE-003:pitch:00333,BE-003:onset:0071,15.209070,723.209070,24.500000,7,1.500000,73.8242,D5,581.3965,0.185760,1.000000,0.951858,0.850000,0.580000,,0.445998,1783.581,2,1,0.050000,0.300000,0.580000,0.070000,0.000000,0.120000,0.580000,0.220000,NOTE_HYPOTHESIS,shared_audio_intelligence_v0_2;spectral_peak;owner_supplied_audio
BE-003:pitch:00334,BE-003:onset:0071,15.209070,723.209070,24.500000,7,1.500000,85.9042,D6,1168.1763,0.185760,1.000000,0.951858,0.850000,0.840000,,0.445998,1783.581,2,2,0.010000,0.080000,0.840000,0.070000,0.000000,0.120000,0.580000,0.220000,NOTE_HYPOTHESIS,shared_audio_intelligence_v0_2;spectral_peak;owner_supplied_audio
BE-003:pitch:00335,BE-003:onset:0072,15.301950,723.301950,24.653846,7,1.653846,83.8751,C6,1038.9771,0.487619,1.000000,0.820555,0.850000,0.840000,,0.680326,1557.582,4,1,0.010000,0.080000,0.840000,0.070000,0.000000,0.120000,0.580000,0.220000,NOTE_HYPOTHESIS,shared_audio_intelligence_v0_2;spectral_peak;owner_supplied_audio
BE-003:pitch:00336,BE-003:onset:0072,15.301950,723.301950,24.653846,7,1.653846,71.9645,C5,522.1802,0.859138,1.000000,0.820555,0.850000,0.580000,,0.680326,1557.582,4,2,0.050000,0.300000,0.580000,0.070000,0.000000,0.120000,0.580000,0.220000,NOTE_HYPOTHESIS,shared_audio_intelligence_v0_2;spectral_peak;owner_supplied_audio
BE-003:pitch:00337,BE-003:onset:0072,15.301950,723.301950,24.653846,7,1.653846,73.8242,D5,581.3965,0.116100,1.000000,0.820555,0.850000,0.580000,,0.680326,1557.582,4,3,0.050000,0.300000,0.580000,0.070000,0.000000,0.120000,0.580000,0.220000,NOTE_HYPOTHESIS,shared_audio_intelligence_v0_2;spectral_peak;owner_supplied_audio
BE-003:pitch:00338,BE-003:onset:0072,15.301950,723.301950,24.653846,7,1.653846,90.9841,G6,1566.5405,0.394739,1.000000,0.820555,0.850000,0.840000,,0.680326,1557.582,4,4,0.010000,0.080000,0.840000,0.070000,0.000000,0.120000,0.580000,0.220000,NOTE_HYPOTHESIS,shared_audio_intelligence_v0_2;spectral_peak;owner_supplied_audio
BE-003:pitch:00339,BE-003:onset:0073,15.510930,723.510930,25.000000,7,2.000000,83.8751,C6,1038.9771,0.278639,1.000000,1.000000,0.850000,0.840000,,0.648687,1199.757,5,1,0.010000,0.080000,0.840000,0.070000,0.000000,0.120000,0.580000,0.220000,NOTE_HYPOTHESIS,shared_audio_intelligence_v0_2;spectral_peak;owner_supplied_audio
BE-003:pitch:00340,BE-003:onset:0073,15.510930,723.510930,25.000000,7,2.000000,71.9645,C5,522.1802,0.417959,1.000000,1.000000,0.850000,0.580000,,0.648687,1199.757,5,2,0.050000,0.300000,0.580000,0.070000,0.000000,0.120000,0.580000,0.220000,NOTE_HYPOTHESIS,shared_audio_intelligence_v0_2;spectral_peak;owner_supplied_audio
BE-003:pitch:00341,BE-003:onset:0073,15.510930,723.510930,25.000000,7,2.000000,90.9841,G6,1566.5405,0.208980,1.000000,1.000000,0.850000,0.840000,,0.648687,1199.757,5,3,0.010000,0.080000,0.840000,0.070000,0.000000,0.120000,0.580000,0.220000,NOTE_HYPOTHESIS,shared_audio_intelligence_v0_2;spectral_peak;owner_supplied_audio
BE-003:pitch:00342,BE-003:onset:0073,15.510930,723.510930,25.000000,7,2.000000,63.0613,D#4,312.2314,0.348299,1.000000,1.000000,0.850000,0.520000,,0.648687,1199.757,5,4,0.250000,0.520000,0.150000,0.080000,0.000000,0.450000,0.250000,0.200000,NOTE_HYPOTHESIS,shared_audio_intelligence_v0_2;spectral_peak;owner_supplied_audio
BE-003:pitch:00343,BE-003:onset:0073,15.510930,723.510930,25.000000,7,2.000000,51.0613,D#3,156.1157,0.719819,1.000000,1.000000,0.850000,0.550000,,0.648687,1199.757,5,5,0.550000,0.350000,0.030000,0.070000,0.480000,0.320000,0.000000,0.000000,NOTE_HYPOTHESIS,shared_audio_intelligence_v0_2;spectral_peak;owner_supplied_audio
BE-003:pitch:00344,BE-003:onset:0074,15.836009,723.836009,25.560000,7,2.560000,71.9645,C5,522.1802,0.487619,1.000000,0.499847,0.850000,0.580000,,0.245092,2104.174,6,1,0.050000,0.300000,0.580000,0.070000,0.000000,0.120000,0.580000,0.220000,NOTE_HYPOTHESIS,shared_audio_intelligence_v0_2;spectral_peak;owner_supplied_audio
BE-003:pitch:00345,BE-003:onset:0074,15.836009,723.836009,25.560000,7,2.560000,50.4538,D3,150.7324,0.394739,1.000000,0.499847,0.850000,0.550000,,0.245092,2104.174,6,2,0.550000,0.350000,0.030000,0.070000,0.480000,0.320000,0.000000,0.000000,NOTE_HYPOTHESIS,shared_audio_intelligence_v0_2;spectral_peak;owner_supplied_audio
BE-003:pitch:00346,BE-003:onset:0074,15.836009,723.836009,25.560000,7,2.560000,83.8751,C6,1038.9771,0.882358,1.000000,0.499847,0.850000,0.840000,,0.245092,2104.174,6,3,0.010000,0.080000,0.840000,0.070000,0.000000,0.120000,0.580000,0.220000,NOTE_HYPOTHESIS,shared_audio_intelligence_v0_2;spectral_peak;owner_supplied_audio
BE-003:pitch:00347,BE-003:onset:0074,15.836009,723.836009,25.560000,7,2.560000,39.6483,E2,80.7495,0.139320,1.000000,0.499847,0.850000,0.760000,,0.245092,2104.174,6,4,0.760000,0.180000,0.010000,0.050000,0.480000,0.320000,0.000000,0.000000,NOTE_HYPOTHESIS,shared_audio_intelligence_v0_2;spectral_peak;owner_supplied_audio
BE-003:pitch:00348,BE-003:onset:0074,15.836009,723.836009,25.560000,7,2.560000,63.0613,D#4,312.2314,0.905578,0.913317,0.499847,0.806659,0.520000,,0.245092,2104.174,6,5,0.250000,0.520000,0.150000,0.080000,0.000000,0.450000,0.250000,0.200000,NOTE_HYPOTHESIS,shared_audio_intelligence_v0_2;spectral_peak;owner_supplied_audio
BE-003:pitch:00349,BE-003:onset:0074,15.836009,723.836009,25.560000,7,2.560000,44.6287,A2,107.6660,1.532517,0.872257,0.499847,0.786129,0.760000,,0.245092,2104.174,6,6,0.760000,0.180000,0.010000,0.050000,0.480000,0.320000,0.000000,0.000000,NOTE_HYPOTHESIS,shared_audio_intelligence_v0_2;spectral_peak;owner_supplied_audio
BE-003:pitch:00350,BE-003:onset:0075,15.928889,723.928889,25.720000,7,2.720000,49.8242,D3,145.3491,0.278639,1.000000,0.668383,0.850000,0.550000,,0.242435,1482.297,4,1,0.550000,0.350000,0.030000,0.070000,0.480000,0.320000,0.000000,0.000000,NOTE_HYPOTHESIS,shared_audio_intelligence_v0_2;spectral_peak;owner_supplied_audio
BE-003:pitch:00351,BE-003:onset:0075,15.928889,723.928889,25.720000,7,2.720000,71.9645,C5,522.1802,0.394739,1.000000,0.668383,0.850000,0.580000,,0.242435,1482.297,4,2,0.050000,0.300000,0.580000,0.070000,0.000000,0.120000,0.580000,0.220000,NOTE_HYPOTHESIS,shared_audio_intelligence_v0_2;spectral_peak;owner_supplied_audio
BE-003:pitch:00352,BE-003:onset:0075,15.928889,723.928889,25.720000,7,2.720000,83.8751,C6,1038.9771,0.835918,1.000000,0.668383,0.850000,0.840000,,0.242435,1482.297,4,3,0.010000,0.080000,0.840000,0.070000,0.000000,0.120000,0.580000,0.220000,NOTE_HYPOTHESIS,shared_audio_intelligence_v0_2;spectral_peak;owner_supplied_audio
BE-003:pitch:00353,BE-003:onset:0075,15.928889,723.928889,25.720000,7,2.720000,42.8047,G2,96.8994,0.116100,1.000000,0.668383,0.850000,0.760000,,0.242435,1482.297,4,4,0.760000,0.180000,0.010000,0.050000,0.480000,0.320000,0.000000,0.000000,NOTE_HYPOTHESIS,shared_audio_intelligence_v0_2;spectral_peak;owner_supplied_audio
BE-003:pitch:00354,BE-003:onset:0076,16.091429,724.091429,26.000000,7,3.000000,49.8242,D3,145.3491,0.139320,1.000000,0.945251,0.850000,0.550000,,0.353226,1176.839,6,1,0.550000,0.350000,0.030000,0.070000,0.480000,0.320000,0.000000,0.000000,NOTE_HYPOTHESIS,shared_audio_intelligence_v0_2;spectral_peak;owner_supplied_audio
BE-003:pitch:00355,BE-003:onset:0076,16.091429,724.091429,26.000000,7,3.000000,62.7603,D#4,306.8481,0.534059,1.000000,0.945251,0.850000,0.520000,,0.353226,1176.839,6,2,0.250000,0.520000,0.150000,0.080000,0.000000,0.450000,0.250000,0.200000,NOTE_HYPOTHESIS,shared_audio_intelligence_v0_2;spectral_peak;owner_supplied_audio
BE-003:pitch:00356,BE-003:onset:0076,16.091429,724.091429,26.000000,7,3.000000,74.7603,D#5,613.6963,0.162540,1.000000,0.945251,0.850000,0.580000,,0.353226,1176.839,6,3,0.050000,0.300000,0.580000,0.070000,0.000000,0.120000,0.580000,0.220000,NOTE_HYPOTHESIS,shared_audio_intelligence_v0_2;spectral_peak;owner_supplied_audio
BE-003:pitch:00357,BE-003:onset:0076,16.091429,724.091429,26.000000,7,3.000000,83.8751,C6,1038.9771,0.650159,1.000000,0.945251,0.850000,0.840000,,0.353226,1176.839,6,4,0.010000,0.080000,0.840000,0.070000,0.000000,0.120000,0.580000,0.220000,NOTE_HYPOTHESIS,shared_audio_intelligence_v0_2;spectral_peak;owner_supplied_audio
BE-003:pitch:00358,BE-003:onset:0076,16.091429,724.091429,26.000000,7,3.000000,71.9645,C5,522.1802,0.743039,1.000000,0.945251,0.850000,0.580000,,0.353226,1176.839,6,5,0.050000,0.300000,0.580000,0.070000,0.000000,0.120000,0.580000,0.220000,NOTE_HYPOTHESIS,shared_audio_intelligence_v0_2;spectral_peak;owner_supplied_audio
BE-003:pitch:00359,BE-003:onset:0076,16.091429,724.091429,26.000000,7,3.000000,59.7851,C4,258.3984,0.557279,1.000000,0.945251,0.850000,0.520000,,0.353226,1176.839,6,6,0.250000,0.520000,0.150000,0.080000,0.000000,0.450000,0.250000,0.200000,NOTE_HYPOTHESIS,shared_audio_intelligence_v0_2;spectral_peak;owner_supplied_audio
BE-003:pitch:00360,BE-003:onset:0077,16.393288,724.393288,26.500000,7,3.500000,47.7851,C3,129.1992,0.116100,1.000000,1.000000,0.850000,0.550000,,0.509790,977.062,6,1,0.550000,0.350000,0.030000,0.070000,0.480000,0.320000,0.000000,0.000000,NOTE_HYPOTHESIS,shared_audio_intelligence_v0_2;spectral_peak;owner_supplied_audio
BE-003:pitch:00361,BE-003:onset:0077,16.393288,724.393288,26.500000,7,3.500000,62.7603,D#4,306.8481,0.208980,1.000000,1.000000,0.850000,0.520000,,0.509790,977.062,6,2,0.250000,0.520000,0.150000,0.080000,0.000000,0.450000,0.250000,0.200000,NOTE_HYPOTHESIS,shared_audio_intelligence_v0_2;spectral_peak;owner_supplied_audio
BE-003:pitch:00362,BE-003:onset:0077,16.393288,724.393288,26.500000,7,3.500000,74.7603,D#5,613.6963,0.139320,1.000000,1.000000,0.850000,0.580000,,0.509790,977.062,6,3,0.050000,0.300000,0.580000,0.070000,0.000000,0.120000,0.580000,0.220000,NOTE_HYPOTHESIS,shared_audio_intelligence_v0_2;spectral_peak;owner_supplied_audio
BE-003:pitch:00363,BE-003:onset:0077,16.393288,724.393288,26.500000,7,3.500000,59.7851,C4,258.3984,0.208980,1.000000,1.000000,0.850000,0.520000,,0.509790,977.062,6,4,0.250000,0.520000,0.150000,0.080000,0.000000,0.450000,0.250000,0.200000,NOTE_HYPOTHESIS,shared_audio_intelligence_v0_2;spectral_peak;owner_supplied_audio
BE-003:pitch:00364,BE-003:onset:0077,16.393288,724.393288,26.500000,7,3.500000,81.8808,A#5,925.9277,0.139320,1.000000,1.000000,0.850000,0.840000,,0.509790,977.062,6,5,0.010000,0.080000,0.840000,0.070000,0.000000,0.120000,0.580000,0.220000,NOTE_HYPOTHESIS,shared_audio_intelligence_v0_2;spectral_peak;owner_supplied_audio
BE-003:pitch:00365,BE-003:onset:0077,16.393288,724.393288,26.500000,7,3.500000,83.8751,C6,1038.9771,0.348299,1.000000,1.000000,0.850000,0.840000,,0.509790,977.062,6,6,0.010000,0.080000,0.840000,0.070000,0.000000,0.120000,0.580000,0.220000,NOTE_HYPOTHESIS,shared_audio_intelligence_v0_2;spectral_peak;owner_supplied_audio
BE-003:pitch:00366,BE-003:onset:0078,16.695147,724.695147,27.000000,7,4.000000,45.4734,A2,113.0493,0.673379,1.000000,1.000000,0.850000,0.550000,,0.516565,955.203,3,1,0.550000,0.350000,0.030000,0.070000,0.480000,0.320000,0.000000,0.000000,NOTE_HYPOTHESIS,shared_audio_intelligence_v0_2;spectral_peak;owner_supplied_audio
BE-003:pitch:00367,BE-003:onset:0078,16.695147,724.695147,27.000000,7,4.000000,65.8151,F#4,366.0645,0.232200,1.000000,1.000000,0.850000,0.580000,,0.516565,955.203,3,2,0.050000,0.300000,0.580000,0.070000,0.000000,0.450000,0.250000,0.200000,NOTE_HYPOTHESIS,shared_audio_intelligence_v0_2;spectral_peak;owner_supplied_audio
BE-003:pitch:00368,BE-003:onset:0078,16.695147,724.695147,27.000000,7,4.000000,77.9420,F#5,737.5122,0.162540,1.000000,1.000000,0.850000,0.840000,,0.516565,955.203,3,3,0.010000,0.080000,0.840000,0.070000,0.000000,0.120000,0.580000,0.220000,NOTE_HYPOTHESIS,shared_audio_intelligence_v0_2;spectral_peak;owner_supplied_audio
BE-003:pitch:00369,BE-003:onset:0079,16.997007,724.997007,27.541667,7,4.541667,45.4734,A2,113.0493,0.394739,1.000000,0.901076,0.850000,0.550000,,0.325382,1653.757,4,1,0.550000,0.350000,0.030000,0.070000,0.480000,0.320000,0.000000,0.000000,NOTE_HYPOTHESIS,shared_audio_intelligence_v0_2;spectral_peak;owner_supplied_audio
BE-003:pitch:00370,BE-003:onset:0079,16.997007,724.997007,27.541667,7,4.541667,83.8751,C6,1038.9771,0.185760,1.000000,0.901076,0.850000,0.840000,,0.325382,1653.757,4,2,0.010000,0.080000,0.840000,0.070000,0.000000,0.120000,0.580000,0.220000,NOTE_HYPOTHESIS,shared_audio_intelligence_v0_2;spectral_peak;owner_supplied_audio
BE-003:pitch:00371,BE-003:onset:0079,16.997007,724.997007,27.541667,7,4.541667,71.9645,C5,522.1802,0.417959,1.000000,0.901076,0.850000,0.580000,,0.325382,1653.757,4,3,0.050000,0.300000,0.580000,0.070000,0.000000,0.120000,0.580000,0.220000,NOTE_HYPOTHESIS,shared_audio_intelligence_v0_2;spectral_peak;owner_supplied_audio
BE-003:pitch:00372,BE-003:onset:0079,16.997007,724.997007,27.541667,7,4.541667,39.6483,E2,80.7495,1.486077,1.000000,0.901076,0.850000,0.760000,,0.325382,1653.757,4,4,0.760000,0.180000,0.010000,0.050000,0.480000,0.320000,0.000000,0.000000,NOTE_HYPOTHESIS,shared_audio_intelligence_v0_2;spectral_peak;owner_supplied_audio
BE-003:pitch:00373,BE-003:onset:0080,17.089887,725.089887,27.708333,7,4.708333,74.9115,D#5,619.0796,0.580499,1.000000,1.000000,0.850000,0.580000,,0.543591,1195.980,3,1,0.050000,0.300000,0.580000,0.070000,0.000000,0.120000,0.580000,0.220000,NOTE_HYPOTHESIS,shared_audio_intelligence_v0_2;spectral_peak;owner_supplied_audio
BE-003:pitch:00374,BE-003:onset:0080,17.089887,725.089887,27.708333,7,4.708333,44.6287,A2,107.6660,0.301859,1.000000,1.000000,0.850000,0.760000,,0.543591,1195.980,3,2,0.760000,0.180000,0.010000,0.050000,0.480000,0.320000,0.000000,0.000000,NOTE_HYPOTHESIS,shared_audio_intelligence_v0_2;spectral_peak;owner_supplied_audio
BE-003:pitch:00375,BE-003:onset:0080,17.089887,725.089887,27.708333,7,4.708333,86.9115,D#6,1238.1592,0.162540,1.000000,1.000000,0.850000,0.840000,,0.543591,1195.980,3,3,0.010000,0.080000,0.840000,0.070000,0.000000,0.120000,0.580000,0.220000,NOTE_HYPOTHESIS,shared_audio_intelligence_v0_2;spectral_peak;owner_supplied_audio
BE-003:pitch:00376,BE-003:onset:0081,17.275646,725.275646,28.038462,8,1.038462,76.9003,F5,694.4458,0.232200,1.000000,1.000000,0.850000,0.840000,,0.884809,1484.099,4,1,0.010000,0.080000,0.840000,0.070000,0.000000,0.120000,0.580000,0.220000,NOTE_HYPOTHESIS,shared_audio_intelligence_v0_2;spectral_peak;owner_supplied_audio
BE-003:pitch:00377,BE-003:onset:0081,17.275646,725.275646,28.038462,8,1.038462,88.9673,F6,1394.2749,0.232200,1.000000,1.000000,0.850000,0.840000,,0.884809,1484.099,4,2,0.010000,0.080000,0.840000,0.070000,0.000000,0.120000,0.580000,0.220000,NOTE_HYPOTHESIS,shared_audio_intelligence_v0_2;spectral_peak;owner_supplied_audio
BE-003:pitch:00378,BE-003:onset:0081,17.275646,725.275646,28.038462,8,1.038462,44.6287,A2,107.6660,0.116100,1.000000,1.000000,0.850000,0.760000,,0.884809,1484.099,4,3,0.760000,0.180000,0.010000,0.050000,0.480000,0.320000,0.000000,0.000000,NOTE_HYPOTHESIS,shared_audio_intelligence_v0_2;spectral_peak;owner_supplied_audio
BE-003:pitch:00379,BE-003:onset:0081,17.275646,725.275646,28.038462,8,1.038462,74.7603,D#5,613.6963,0.417959,1.000000,1.000000,0.850000,0.580000,,0.884809,1484.099,4,4,0.050000,0.300000,0.580000,0.070000,0.000000,0.120000,0.580000,0.220000,NOTE_HYPOTHESIS,shared_audio_intelligence_v0_2;spectral_peak;owner_supplied_audio
BE-003:pitch:00380,BE-003:onset:0082,17.322086,725.322086,28.115385,8,1.115385,76.9003,F5,694.4458,0.185760,1.000000,0.901946,0.850000,0.840000,,0.948184,1612.322,5,1,0.010000,0.080000,0.840000,0.070000,0.000000,0.120000,0.580000,0.220000,NOTE_HYPOTHESIS,shared_audio_intelligence_v0_2;spectral_peak;owner_supplied_audio
BE-003:pitch:00381,BE-003:onset:0082,17.322086,725.322086,28.115385,8,1.115385,88.9673,F6,1394.2749,0.185760,1.000000,0.901946,0.850000,0.840000,,0.948184,1612.322,5,2,0.010000,0.080000,0.840000,0.070000,0.000000,0.120000,0.580000,0.220000,NOTE_HYPOTHESIS,shared_audio_intelligence_v0_2;spectral_peak;owner_supplied_audio
BE-003:pitch:00382,BE-003:onset:0082,17.322086,725.322086,28.115385,8,1.115385,44.6287,A2,107.6660,0.092880,1.000000,0.901946,0.850000,0.760000,,0.948184,1612.322,5,3,0.760000,0.180000,0.010000,0.050000,0.480000,0.320000,0.000000,0.000000,NOTE_HYPOTHESIS,shared_audio_intelligence_v0_2;spectral_peak;owner_supplied_audio
BE-003:pitch:00383,BE-003:onset:0082,17.322086,725.322086,28.115385,8,1.115385,62.7603,D#4,306.8481,0.255420,1.000000,0.901946,0.850000,0.520000,,0.948184,1612.322,5,4,0.250000,0.520000,0.150000,0.080000,0.000000,0.450000,0.250000,0.200000,NOTE_HYPOTHESIS,shared_audio_intelligence_v0_2;spectral_peak;owner_supplied_audio
BE-003:pitch:00384,BE-003:onset:0082,17.322086,725.322086,28.115385,8,1.115385,74.9115,D#5,619.0796,0.394739,1.000000,0.901946,0.850000,0.580000,,0.948184,1612.322,5,5,0.050000,0.300000,0.580000,0.070000,0.000000,0.120000,0.580000,0.220000,NOTE_HYPOTHESIS,shared_audio_intelligence_v0_2;spectral_peak;owner_supplied_audio
BE-003:pitch:00385,BE-003:onset:0083,17.577506,725.577506,28.538462,8,1.538462,74.9115,D#5,619.0796,0.116100,1.000000,0.846541,0.850000,0.580000,,0.497043,1121.127,6,1,0.050000,0.300000,0.580000,0.070000,0.000000,0.120000,0.580000,0.220000,NOTE_HYPOTHESIS,shared_audio_intelligence_v0_2;spectral_peak;owner_supplied_audio
BE-003:pitch:00386,BE-003:onset:0083,17.577506,725.577506,28.538462,8,1.538462,38.4538,D2,75.3662,0.301859,1.000000,0.846541,0.850000,0.760000,,0.497043,1121.127,6,2,0.760000,0.180000,0.010000,0.050000,0.480000,0.320000,0.000000,0.000000,NOTE_HYPOTHESIS,shared_audio_intelligence_v0_2;spectral_peak;owner_supplied_audio
BE-003:pitch:00387,BE-003:onset:0083,17.577506,725.577506,28.538462,8,1.538462,83.8751,C6,1038.9771,0.116100,1.000000,0.846541,0.850000,0.840000,,0.497043,1121.127,6,3,0.010000,0.080000,0.840000,0.070000,0.000000,0.120000,0.580000,0.220000,NOTE_HYPOTHESIS,shared_audio_intelligence_v0_2;spectral_peak;owner_supplied_audio
BE-003:pitch:00388,BE-003:onset:0083,17.577506,725.577506,28.538462,8,1.538462,61.8242,D4,290.6982,0.162540,1.000000,0.846541,0.850000,0.520000,,0.497043,1121.127,6,4,0.250000,0.520000,0.150000,0.080000,0.000000,0.450000,0.250000,0.200000,NOTE_HYPOTHESIS,shared_audio_intelligence_v0_2;spectral_peak;owner_supplied_audio
BE-003:pitch:00389,BE-003:onset:0083,17.577506,725.577506,28.538462,8,1.538462,73.8242,D5,581.3965,0.162540,1.000000,0.846541,0.850000,0.580000,,0.497043,1121.127,6,5,0.050000,0.300000,0.580000,0.070000,0.000000,0.120000,0.580000,0.220000,NOTE_HYPOTHESIS,shared_audio_intelligence_v0_2;spectral_peak;owner_supplied_audio
BE-003:pitch:00390,BE-003:onset:0083,17.577506,725.577506,28.538462,8,1.538462,57.4734,A3,226.0986,0.255420,1.000000,0.846541,0.850000,0.520000,,0.497043,1121.127,6,6,0.250000,0.520000,0.150000,0.080000,0.000000,0.450000,0.250000,0.200000,NOTE_HYPOTHESIS,shared_audio_intelligence_v0_2;spectral_peak;owner_supplied_audio
BE-003:pitch:00391,BE-003:onset:0084,17.856145,725.856145,29.000000,8,2.000000,42.8047,G2,96.8994,0.464399,1.000000,0.995646,0.850000,0.760000,,0.914037,941.341,3,1,0.760000,0.180000,0.010000,0.050000,0.480000,0.320000,0.000000,0.000000,NOTE_HYPOTHESIS,shared_audio_intelligence_v0_2;spectral_peak;owner_supplied_audio
BE-003:pitch:00392,BE-003:onset:0084,17.856145,725.856145,29.000000,8,2.000000,73.8242,D5,581.3965,0.278639,1.000000,0.995646,0.850000,0.580000,,0.914037,941.341,3,2,0.050000,0.300000,0.580000,0.070000,0.000000,0.120000,0.580000,0.220000,NOTE_HYPOTHESIS,shared_audio_intelligence_v0_2;spectral_peak;owner_supplied_audio
BE-003:pitch:00393,BE-003:onset:0084,17.856145,725.856145,29.000000,8,2.000000,85.9042,D6,1168.1763,0.301859,1.000000,0.995646,0.850000,0.840000,,0.914037,941.341,3,3,0.010000,0.080000,0.840000,0.070000,0.000000,0.120000,0.580000,0.220000,NOTE_HYPOTHESIS,shared_audio_intelligence_v0_2;spectral_peak;owner_supplied_audio
BE-003:pitch:00394,BE-003:onset:0085,18.204444,726.204444,29.576923,8,2.576923,42.8047,G2,96.8994,0.139320,1.000000,0.973278,0.850000,0.760000,,0.475312,1532.338,6,1,0.760000,0.180000,0.010000,0.050000,0.480000,0.320000,0.000000,0.000000,NOTE_HYPOTHESIS,shared_audio_intelligence_v0_2;spectral_peak;owner_supplied_audio
BE-003:pitch:00395,BE-003:onset:0085,18.204444,726.204444,29.576923,8,2.576923,66.8047,G4,387.5977,0.139320,1.000000,0.973278,0.850000,0.580000,,0.475312,1532.338,6,2,0.050000,0.300000,0.580000,0.070000,0.000000,0.450000,0.250000,0.200000,NOTE_HYPOTHESIS,shared_audio_intelligence_v0_2;spectral_peak;owner_supplied_audio
BE-003:pitch:00396,BE-003:onset:0085,18.204444,726.204444,29.576923,8,2.576923,44.6287,A2,107.6660,0.905578,1.000000,0.973278,0.850000,0.760000,,0.475312,1532.338,6,3,0.760000,0.180000,0.010000,0.050000,0.480000,0.320000,0.000000,0.000000,NOTE_HYPOTHESIS,shared_audio_intelligence_v0_2;spectral_peak;owner_supplied_audio
BE-003:pitch:00397,BE-003:onset:0085,18.204444,726.204444,29.576923,8,2.576923,55.2790,G3,199.1821,0.139320,1.000000,0.973278,0.850000,0.520000,,0.475312,1532.338,6,4,0.250000,0.520000,0.150000,0.080000,0.000000,0.450000,0.250000,0.200000,NOTE_HYPOTHESIS,shared_audio_intelligence_v0_2;spectral_peak;owner_supplied_audio
BE-003:pitch:00398,BE-003:onset:0085,18.204444,726.204444,29.576923,8,2.576923,54.3170,F#3,188.4155,0.069660,1.000000,0.973278,0.850000,0.550000,,0.475312,1532.338,6,5,0.550000,0.350000,0.030000,0.070000,0.480000,0.320000,0.000000,0.000000,NOTE_HYPOTHESIS,shared_audio_intelligence_v0_2;spectral_peak;owner_supplied_audio
BE-003:pitch:00399,BE-003:onset:0085,18.204444,726.204444,29.576923,8,2.576923,78.9245,G5,780.5786,0.092880,0.998240,0.973278,0.849120,0.840000,,0.475312,1532.338,6,6,0.010000,0.080000,0.840000,0.070000,0.000000,0.120000,0.580000,0.220000,NOTE_HYPOTHESIS,shared_audio_intelligence_v0_2;spectral_peak;owner_supplied_audio
BE-003:pitch:00400,BE-003:onset:0086,18.297324,726.297324,29.730769,8,2.730769,44.6287,A2,107.6660,0.580499,1.000000,1.000000,0.850000,0.760000,,0.554321,1252.797,3,1,0.760000,0.180000,0.010000,0.050000,0.480000,0.320000,0.000000,0.000000,NOTE_HYPOTHESIS,shared_audio_intelligence_v0_2;spectral_peak;owner_supplied_audio
BE-003:pitch:00401,BE-003:onset:0086,18.297324,726.297324,29.730769,8,2.730769,71.9645,C5,522.1802,0.325079,1.000000,1.000000,0.850000,0.580000,,0.554321,1252.797,3,2,0.050000,0.300000,0.580000,0.070000,0.000000,0.120000,0.580000,0.220000,NOTE_HYPOTHESIS,shared_audio_intelligence_v0_2;spectral_peak;owner_supplied_audio
BE-003:pitch:00402,BE-003:onset:0086,18.297324,726.297324,29.730769,8,2.730769,83.8751,C6,1038.9771,0.232200,1.000000,1.000000,0.850000,0.840000,,0.554321,1252.797,3,3,0.010000,0.080000,0.840000,0.070000,0.000000,0.120000,0.580000,0.220000,NOTE_HYPOTHESIS,shared_audio_intelligence_v0_2;spectral_peak;owner_supplied_audio
BE-003:pitch:00403,BE-003:onset:0087,18.483084,726.483084,30.038462,8,3.038462,45.4734,A2,113.0493,0.441179,1.000000,0.674857,0.850000,0.550000,,0.443096,1666.801,4,1,0.550000,0.350000,0.030000,0.070000,0.480000,0.320000,0.000000,0.000000,NOTE_HYPOTHESIS,shared_audio_intelligence_v0_2;spectral_peak;owner_supplied_audio
BE-003:pitch:00404,BE-003:onset:0087,18.483084,726.483084,30.038462,8,3.038462,68.8438,A4,436.0474,0.417959,1.000000,0.674857,0.850000,0.580000,,0.443096,1666.801,4,2,0.050000,0.300000,0.580000,0.070000,0.000000,0.450000,0.250000,0.200000,NOTE_HYPOTHESIS,shared_audio_intelligence_v0_2;spectral_peak;owner_supplied_audio
BE-003:pitch:00405,BE-003:onset:0087,18.483084,726.483084,30.038462,8,3.038462,71.9645,C5,522.1802,0.162540,1.000000,0.674857,0.850000,0.580000,,0.443096,1666.801,4,3,0.050000,0.300000,0.580000,0.070000,0.000000,0.120000,0.580000,0.220000,NOTE_HYPOTHESIS,shared_audio_intelligence_v0_2;spectral_peak;owner_supplied_audio
BE-003:pitch:00406,BE-003:onset:0087,18.483084,726.483084,30.038462,8,3.038462,83.9645,C6,1044.3604,0.069660,1.000000,0.674857,0.850000,0.840000,,0.443096,1666.801,4,4,0.010000,0.080000,0.840000,0.070000,0.000000,0.120000,0.580000,0.220000,NOTE_HYPOTHESIS,shared_audio_intelligence_v0_2;spectral_peak;owner_supplied_audio
BE-003:pitch:00407,BE-003:onset:0088,18.529524,726.529524,30.115385,8,3.115385,45.4734,A2,113.0493,0.557279,1.000000,0.755449,0.850000,0.550000,,0.422644,2047.460,6,1,0.550000,0.350000,0.030000,0.070000,0.480000,0.320000,0.000000,0.000000,NOTE_HYPOTHESIS,shared_audio_intelligence_v0_2;spectral_peak;owner_supplied_audio
BE-003:pitch:00408,BE-003:onset:0088,18.529524,726.529524,30.115385,8,3.115385,43.7407,G#2,102.2827,0.139320,1.000000,0.755449,0.850000,0.760000,,0.422644,2047.460,6,2,0.760000,0.180000,0.010000,0.050000,0.480000,0.320000,0.000000,0.000000,NOTE_HYPOTHESIS,shared_audio_intelligence_v0_2;spectral_peak;owner_supplied_audio
BE-003:pitch:00409,BE-003:onset:0088,18.529524,726.529524,30.115385,8,3.115385,68.8438,A4,436.0474,0.371519,1.000000,0.755449,0.850000,0.580000,,0.422644,2047.460,6,3,0.050000,0.300000,0.580000,0.070000,0.000000,0.450000,0.250000,0.200000,NOTE_HYPOTHESIS,shared_audio_intelligence_v0_2;spectral_peak;owner_supplied_audio
BE-003:pitch:00410,BE-003:onset:0088,18.529524,726.529524,30.115385,8,3.115385,71.9645,C5,522.1802,0.139320,1.000000,0.755449,0.850000,0.580000,,0.422644,2047.460,6,4,0.050000,0.300000,0.580000,0.070000,0.000000,0.120000,0.580000,0.220000,NOTE_HYPOTHESIS,shared_audio_intelligence_v0_2;spectral_peak;owner_supplied_audio
BE-003:pitch:00411,BE-003:onset:0088,18.529524,726.529524,30.115385,8,3.115385,57.8808,A#3,231.4819,0.301859,0.983363,0.755449,0.841681,0.520000,,0.422644,2047.460,6,5,0.250000,0.520000,0.150000,0.080000,0.000000,0.450000,0.250000,0.200000,NOTE_HYPOTHESIS,shared_audio_intelligence_v0_2;spectral_peak;owner_supplied_audio
BE-003:pitch:00412,BE-003:onset:0088,18.529524,726.529524,30.115385,8,3.115385,73.0036,C#5,554.4800,0.116100,0.944844,0.755449,0.822422,0.580000,,0.422644,2047.460,6,6,0.050000,0.300000,0.580000,0.070000,0.000000,0.120000,0.580000,0.220000,NOTE_HYPOTHESIS,shared_audio_intelligence_v0_2;spectral_peak;owner_supplied_audio
BE-003:pitch:00413,BE-003:onset:0089,18.622404,726.622404,30.269231,8,3.269231,45.4734,A2,113.0493,0.325079,1.000000,0.623407,0.850000,0.550000,,0.363716,1655.858,4,1,0.550000,0.350000,0.030000,0.070000,0.480000,0.320000,0.000000,0.000000,NOTE_HYPOTHESIS,shared_audio_intelligence_v0_2;spectral_peak;owner_supplied_audio
BE-003:pitch:00414,BE-003:onset:0089,18.622404,726.622404,30.269231,8,3.269231,65.8151,F#4,366.0645,0.232200,1.000000,0.623407,0.850000,0.580000,,0.363716,1655.858,4,2,0.050000,0.300000,0.580000,0.070000,0.000000,0.450000,0.250000,0.200000,NOTE_HYPOTHESIS,shared_audio_intelligence_v0_2;spectral_peak;owner_supplied_audio
BE-003:pitch:00415,BE-003:onset:0089,18.622404,726.622404,30.269231,8,3.269231,68.8438,A4,436.0474,0.301859,1.000000,0.623407,0.850000,0.580000,,0.363716,1655.858,4,3,0.050000,0.300000,0.580000,0.070000,0.000000,0.450000,0.250000,0.200000,NOTE_HYPOTHESIS,shared_audio_intelligence_v0_2;spectral_peak;owner_supplied_audio
BE-003:pitch:00416,BE-003:onset:0089,18.622404,726.622404,30.269231,8,3.269231,77.9420,F#5,737.5122,0.116100,1.000000,0.623407,0.850000,0.840000,,0.363716,1655.858,4,4,0.010000,0.080000,0.840000,0.070000,0.000000,0.120000,0.580000,0.220000,NOTE_HYPOTHESIS,shared_audio_intelligence_v0_2;spectral_peak;owner_supplied_audio
BE-003:pitch:00417,BE-003:onset:0090,18.784943,726.784943,30.538462,8,3.538462,45.4734,A2,113.0493,0.301859,1.000000,0.703329,0.850000,0.550000,,0.240478,2205.259,4,1,0.550000,0.350000,0.030000,0.070000,0.480000,0.320000,0.000000,0.000000,NOTE_HYPOTHESIS,shared_audio_intelligence_v0_2;spectral_peak;owner_supplied_audio
BE-003:pitch:00418,BE-003:onset:0090,18.784943,726.784943,30.538462,8,3.538462,68.8438,A4,436.0474,0.139320,1.000000,0.703329,0.850000,0.580000,,0.240478,2205.259,4,2,0.050000,0.300000,0.580000,0.070000,0.000000,0.450000,0.250000,0.200000,NOTE_HYPOTHESIS,shared_audio_intelligence_v0_2;spectral_peak;owner_supplied_audio
BE-003:pitch:00419,BE-003:onset:0090,18.784943,726.784943,30.538462,8,3.538462,66.0679,F#4,371.4478,0.116100,1.000000,0.703329,0.850000,0.580000,,0.240478,2205.259,4,3,0.050000,0.300000,0.580000,0.070000,0.000000,0.450000,0.250000,0.200000,NOTE_HYPOTHESIS,shared_audio_intelligence_v0_2;spectral_peak;owner_supplied_audio
BE-003:pitch:00420,BE-003:onset:0090,18.784943,726.784943,30.538462,8,3.538462,34.2788,A#1,59.2163,1.532517,0.931530,0.703329,0.815765,0.760000,,0.240478,2205.259,4,4,0.760000,0.180000,0.010000,0.050000,0.480000,0.320000,0.000000,0.000000,NOTE_HYPOTHESIS,shared_audio_intelligence_v0_2;spectral_peak;owner_supplied_audio
BE-003:pitch:00421,BE-003:onset:0091,18.877823,726.877823,30.692308,8,3.692308,81.8808,A#5,925.9277,0.185760,1.000000,1.000000,0.850000,0.840000,,0.286462,1759.647,6,1,0.010000,0.080000,0.840000,0.070000,0.000000,0.120000,0.580000,0.220000,NOTE_HYPOTHESIS,shared_audio_intelligence_v0_2;spectral_peak;owner_supplied_audio
BE-003:pitch:00422,BE-003:onset:0091,18.877823,726.877823,30.692308,8,3.692308,69.8808,A#4,462.9639,0.255420,1.000000,1.000000,0.850000,0.580000,,0.286462,1759.647,6,2,0.050000,0.300000,0.580000,0.070000,0.000000,0.450000,0.250000,0.200000,NOTE_HYPOTHESIS,shared_audio_intelligence_v0_2;spectral_peak;owner_supplied_audio
BE-003:pitch:00423,BE-003:onset:0091,18.877823,726.877823,30.692308,8,3.692308,45.4734,A2,113.0493,0.232200,1.000000,1.000000,0.850000,0.550000,,0.286462,1759.647,6,3,0.550000,0.350000,0.030000,0.070000,0.480000,0.320000,0.000000,0.000000,NOTE_HYPOTHESIS,shared_audio_intelligence_v0_2;spectral_peak;owner_supplied_audio
BE-003:pitch:00424,BE-003:onset:0091,18.877823,726.877823,30.692308,8,3.692308,88.9673,F6,1394.2749,0.162540,1.000000,1.000000,0.850000,0.840000,,0.286462,1759.647,6,4,0.010000,0.080000,0.840000,0.070000,0.000000,0.120000,0.580000,0.220000,NOTE_HYPOTHESIS,shared_audio_intelligence_v0_2;spectral_peak;owner_supplied_audio
BE-003:pitch:00425,BE-003:onset:0091,18.877823,726.877823,30.692308,8,3.692308,69.0562,A4,441.4307,0.092880,0.964649,1.000000,0.832325,0.580000,,0.286462,1759.647,6,5,0.050000,0.300000,0.580000,0.070000,0.000000,0.450000,0.250000,0.200000,NOTE_HYPOTHESIS,shared_audio_intelligence_v0_2;spectral_peak;owner_supplied_audio
BE-003:pitch:00426,BE-003:onset:0091,18.877823,726.877823,30.692308,8,3.692308,93.9811,A#6,1862.6221,0.162540,0.918876,1.000000,0.809438,0.840000,,0.286462,1759.647,6,6,0.010000,0.080000,0.840000,0.070000,0.000000,0.120000,0.580000,0.220000,NOTE_HYPOTHESIS,shared_audio_intelligence_v0_2;spectral_peak;owner_supplied_audio
BE-003:pitch:00427,BE-003:onset:0092,19.063583,727.063583,31.000000,8,4.000000,47.7851,C3,129.1992,0.394739,1.000000,0.928975,0.850000,0.550000,,0.487681,920.833,4,1,0.550000,0.350000,0.030000,0.070000,0.480000,0.320000,0.000000,0.000000,NOTE_HYPOTHESIS,shared_audio_intelligence_v0_2;spectral_peak;owner_supplied_audio
BE-003:pitch:00428,BE-003:onset:0092,19.063583,727.063583,31.000000,8,4.000000,65.8151,F#4,366.0645,0.278639,1.000000,0.928975,0.850000,0.580000,,0.487681,920.833,4,2,0.050000,0.300000,0.580000,0.070000,0.000000,0.450000,0.250000,0.200000,NOTE_HYPOTHESIS,shared_audio_intelligence_v0_2;spectral_peak;owner_supplied_audio
BE-003:pitch:00429,BE-003:onset:0092,19.063583,727.063583,31.000000,8,4.000000,67.0435,G4,392.9810,0.557279,1.000000,0.928975,0.850000,0.580000,,0.487681,920.833,4,3,0.050000,0.300000,0.580000,0.070000,0.000000,0.450000,0.250000,0.200000,NOTE_HYPOTHESIS,shared_audio_intelligence_v0_2;spectral_peak;owner_supplied_audio
BE-003:pitch:00430,BE-003:onset:0092,19.063583,727.063583,31.000000,8,4.000000,43.7407,G#2,102.2827,0.092880,1.000000,0.928975,0.850000,0.760000,,0.487681,920.833,4,4,0.760000,0.180000,0.010000,0.050000,0.480000,0.320000,0.000000,0.000000,NOTE_HYPOTHESIS,shared_audio_intelligence_v0_2;spectral_peak;owner_supplied_audio
BE-003:pitch:00431,BE-003:onset:0093,19.504762,727.504762,31.730769,8,4.730769,49.8242,D3,145.3491,0.185760,1.000000,0.691256,0.850000,0.550000,,0.300483,1222.630,3,1,0.550000,0.350000,0.030000,0.070000,0.480000,0.320000,0.000000,0.000000,NOTE_HYPOTHESIS,shared_audio_intelligence_v0_2;spectral_peak;owner_supplied_audio
BE-003:pitch:00432,BE-003:onset:0093,19.504762,727.504762,31.730769,8,4.730769,68.8438,A4,436.0474,0.278639,1.000000,0.691256,0.850000,0.580000,,0.300483,1222.630,3,2,0.050000,0.300000,0.580000,0.070000,0.000000,0.450000,0.250000,0.200000,NOTE_HYPOTHESIS,shared_audio_intelligence_v0_2;spectral_peak;owner_supplied_audio
BE-003:pitch:00433,BE-003:onset:0093,19.504762,727.504762,31.730769,8,4.730769,47.7851,C3,129.1992,0.116100,1.000000,0.691256,0.850000,0.550000,,0.300483,1222.630,3,3,0.550000,0.350000,0.030000,0.070000,0.480000,0.320000,0.000000,0.000000,NOTE_HYPOTHESIS,shared_audio_intelligence_v0_2;spectral_peak;owner_supplied_audio
BE-003:pitch:00434,BE-003:onset:0094,19.690522,727.690522,32.035714,9,1.035714,49.8242,D3,145.3491,0.464399,1.000000,0.686146,0.850000,0.501984,,0.215782,2638.883,6,1,0.501984,0.319444,0.029762,0.148810,0.480000,0.320000,0.000000,0.000000,NOTE_HYPOTHESIS,shared_audio_intelligence_v0_2;spectral_peak;owner_supplied_audio
BE-003:pitch:00435,BE-003:onset:0094,19.690522,727.690522,32.035714,9,1.035714,68.8438,A4,436.0474,0.092880,1.000000,0.686146,0.850000,0.580000,,0.215782,2638.883,6,2,0.050000,0.300000,0.580000,0.070000,0.000000,0.450000,0.250000,0.200000,NOTE_HYPOTHESIS,shared_audio_intelligence_v0_2;spectral_peak;owner_supplied_audio
BE-003:pitch:00436,BE-003:onset:0094,19.690522,727.690522,32.035714,9,1.035714,48.4919,C3,134.5825,0.208980,1.000000,0.686146,0.850000,0.501984,,0.215782,2638.883,6,3,0.501984,0.319444,0.029762,0.148810,0.480000,0.320000,0.000000,0.000000,NOTE_HYPOTHESIS,shared_audio_intelligence_v0_2;spectral_peak;owner_supplied_audio
BE-003:pitch:00437,BE-003:onset:0094,19.690522,727.690522,32.035714,9,1.035714,51.0613,D#3,156.1157,0.487619,1.000000,0.686146,0.850000,0.501984,,0.215782,2638.883,6,4,0.501984,0.319444,0.029762,0.148810,0.480000,0.320000,0.000000,0.000000,NOTE_HYPOTHESIS,shared_audio_intelligence_v0_2;spectral_peak;owner_supplied_audio
BE-003:pitch:00438,BE-003:onset:0094,19.690522,727.690522,32.035714,9,1.035714,35.7851,C2,64.5996,1.532517,0.900133,0.686146,0.800066,0.695860,,0.215782,2638.883,6,5,0.695860,0.164809,0.009952,0.129379,0.480000,0.320000,0.000000,0.000000,NOTE_HYPOTHESIS,shared_audio_intelligence_v0_2;spectral_peak;owner_supplied_audio
BE-003:pitch:00439,BE-003:onset:0094,19.690522,727.690522,32.035714,9,1.035714,39.6483,E2,80.7495,0.116100,0.779694,0.686146,0.739847,0.695860,,0.215782,2638.883,6,6,0.695860,0.164809,0.009952,0.129379,0.480000,0.320000,0.000000,0.000000,NOTE_HYPOTHESIS,shared_audio_intelligence_v0_2;spectral_peak;owner_supplied_audio
BE-003:pitch:00440,BE-003:onset:0095,19.783401,727.783401,32.178571,9,1.178571,51.0613,D#3,156.1157,0.301859,1.000000,0.855851,0.850000,0.550000,,0.264402,1942.208,6,1,0.550000,0.350000,0.030000,0.070000,0.480000,0.320000,0.000000,0.000000,NOTE_HYPOTHESIS,shared_audio_intelligence_v0_2;spectral_peak;owner_supplied_audio
BE-003:pitch:00441,BE-003:onset:0095,19.783401,727.783401,32.178571,9,1.178571,69.8808,A#4,462.9639,0.278639,1.000000,0.855851,0.850000,0.580000,,0.264402,1942.208,6,2,0.050000,0.300000,0.580000,0.070000,0.000000,0.450000,0.250000,0.200000,NOTE_HYPOTHESIS,shared_audio_intelligence_v0_2;spectral_peak;owner_supplied_audio
BE-003:pitch:00442,BE-003:onset:0095,19.783401,727.783401,32.178571,9,1.178571,62.7603,D#4,306.8481,0.301859,1.000000,0.855851,0.850000,0.520000,,0.264402,1942.208,6,3,0.250000,0.520000,0.150000,0.080000,0.000000,0.450000,0.250000,0.200000,NOTE_HYPOTHESIS,shared_audio_intelligence_v0_2;spectral_peak;owner_supplied_audio
BE-003:pitch:00443,BE-003:onset:0095,19.783401,727.783401,32.178571,9,1.178571,81.8808,A#5,925.9277,0.232200,1.000000,0.855851,0.850000,0.840000,,0.264402,1942.208,6,4,0.010000,0.080000,0.840000,0.070000,0.000000,0.120000,0.580000,0.220000,NOTE_HYPOTHESIS,shared_audio_intelligence_v0_2;spectral_peak;owner_supplied_audio
BE-003:pitch:00444,BE-003:onset:0095,19.783401,727.783401,32.178571,9,1.178571,35.7851,C2,64.5996,1.532517,0.922647,0.855851,0.811324,0.760000,,0.264402,1942.208,6,5,0.760000,0.180000,0.010000,0.050000,0.480000,0.320000,0.000000,0.000000,NOTE_HYPOTHESIS,shared_audio_intelligence_v0_2;spectral_peak;owner_supplied_audio
BE-003:pitch:00445,BE-003:onset:0095,19.783401,727.783401,32.178571,9,1.178571,88.9673,F6,1394.2749,0.185760,0.903798,0.855851,0.801899,0.840000,,0.264402,1942.208,6,6,0.010000,0.080000,0.840000,0.070000,0.000000,0.120000,0.580000,0.220000,NOTE_HYPOTHESIS,shared_audio_intelligence_v0_2;spectral_peak;owner_supplied_audio
BE-003:pitch:00446,BE-003:onset:0096,19.969161,727.969161,32.464286,9,1.464286,51.0613,D#3,156.1157,0.162540,1.000000,0.517125,0.850000,0.501984,,0.147776,2605.936,6,1,0.501984,0.319444,0.029762,0.148810,0.480000,0.320000,0.000000,0.000000,NOTE_HYPOTHESIS,shared_audio_intelligence_v0_2;spectral_peak;owner_supplied_audio
BE-003:pitch:00447,BE-003:onset:0096,19.969161,727.969161,32.464286,9,1.464286,69.8808,A#4,462.9639,0.116100,1.000000,0.517125,0.850000,0.580000,,0.147776,2605.936,6,2,0.050000,0.300000,0.580000,0.070000,0.000000,0.450000,0.250000,0.200000,NOTE_HYPOTHESIS,shared_audio_intelligence_v0_2;spectral_peak;owner_supplied_audio
BE-003:pitch:00448,BE-003:onset:0096,19.969161,727.969161,32.464286,9,1.464286,63.0613,D#4,312.2314,0.092880,1.000000,0.517125,0.850000,0.520000,,0.147776,2605.936,6,3,0.250000,0.520000,0.150000,0.080000,0.000000,0.450000,0.250000,0.200000,NOTE_HYPOTHESIS,shared_audio_intelligence_v0_2;spectral_peak;owner_supplied_audio
BE-003:pitch:00449,BE-003:onset:0096,19.969161,727.969161,32.464286,9,1.464286,81.8808,A#5,925.9277,0.069660,0.907431,0.517125,0.803715,0.840000,,0.147776,2605.936,6,4,0.010000,0.080000,0.840000,0.070000,0.000000,0.120000,0.580000,0.220000,NOTE_HYPOTHESIS,shared_audio_intelligence_v0_2;spectral_peak;owner_supplied_audio
BE-003:pitch:00450,BE-003:onset:0096,19.969161,727.969161,32.464286,9,1.464286,35.7851,C2,64.5996,1.532517,0.879045,0.517125,0.789523,0.695860,,0.147776,2605.936,6,5,0.695860,0.164809,0.009952,0.129379,0.480000,0.320000,0.000000,0.000000,NOTE_HYPOTHESIS,shared_audio_intelligence_v0_2;spectral_peak;owner_supplied_audio
BE-003:pitch:00451,BE-003:onset:0096,19.969161,727.969161,32.464286,9,1.464286,78.8047,G5,775.1953,0.092880,0.802667,0.517125,0.751334,0.840000,,0.147776,2605.936,6,6,0.010000,0.080000,0.840000,0.070000,0.000000,0.120000,0.580000,0.220000,NOTE_HYPOTHESIS,shared_audio_intelligence_v0_2;spectral_peak;owner_supplied_audio
BE-003:pitch:00452,BE-003:onset:0097,20.085261,728.085261,32.642857,9,1.642857,74.9115,D#5,619.0796,0.394739,1.000000,1.000000,0.850000,0.580000,,0.637916,1481.979,2,1,0.050000,0.300000,0.580000,0.070000,0.000000,0.120000,0.580000,0.220000,NOTE_HYPOTHESIS,shared_audio_intelligence_v0_2;spectral_peak;owner_supplied_audio
BE-003:pitch:00453,BE-003:onset:0097,20.085261,728.085261,32.642857,9,1.642857,86.9115,D#6,1238.1592,0.348299,1.000000,1.000000,0.850000,0.840000,,0.637916,1481.979,2,2,0.010000,0.080000,0.840000,0.070000,0.000000,0.120000,0.580000,0.220000,NOTE_HYPOTHESIS,shared_audio_intelligence_v0_2;spectral_peak;owner_supplied_audio
BE-003:pitch:00454,BE-003:onset:0098,20.317460,728.317460,33.000000,9,2.000000,74.9115,D#5,619.0796,0.232200,1.000000,1.000000,0.850000,0.580000,,0.399359,1768.384,2,1,0.050000,0.300000,0.580000,0.070000,0.000000,0.120000,0.580000,0.220000,NOTE_HYPOTHESIS,shared_audio_intelligence_v0_2;spectral_peak;owner_supplied_audio
BE-003:pitch:00455,BE-003:onset:0098,20.317460,728.317460,33.000000,9,2.000000,86.9866,D#6,1243.5425,0.394739,1.000000,1.000000,0.850000,0.840000,,0.399359,1768.384,2,2,0.010000,0.080000,0.840000,0.070000,0.000000,0.120000,0.580000,0.220000,NOTE_HYPOTHESIS,shared_audio_intelligence_v0_2;spectral_peak;owner_supplied_audio
BE-003:pitch:00456,BE-003:onset:0099,20.619320,728.619320,33.481481,9,2.481481,52.7656,F3,172.2656,0.069660,1.000000,0.586258,0.850000,0.501984,,0.235212,3312.945,6,1,0.501984,0.319444,0.029762,0.148810,0.480000,0.320000,0.000000,0.000000,NOTE_HYPOTHESIS,shared_audio_intelligence_v0_2;spectral_peak;owner_supplied_audio
BE-003:pitch:00457,BE-003:onset:0099,20.619320,728.619320,33.481481,9,2.481481,71.9645,C5,522.1802,0.092880,1.000000,0.586258,0.850000,0.580000,,0.235212,3312.945,6,2,0.050000,0.300000,0.580000,0.070000,0.000000,0.120000,0.580000,0.220000,NOTE_HYPOTHESIS,shared_audio_intelligence_v0_2;spectral_peak;owner_supplied_audio
BE-003:pitch:00458,BE-003:onset:0099,20.619320,728.619320,33.481481,9,2.481481,74.9115,D#5,619.0796,0.743039,1.000000,0.586258,0.850000,0.580000,,0.235212,3312.945,6,3,0.050000,0.300000,0.580000,0.070000,0.000000,0.120000,0.580000,0.220000,NOTE_HYPOTHESIS,shared_audio_intelligence_v0_2;spectral_peak;owner_supplied_audio
BE-003:pitch:00459,BE-003:onset:0099,20.619320,728.619320,33.481481,9,2.481481,86.9115,D#6,1238.1592,0.116100,1.000000,0.586258,0.850000,0.840000,,0.235212,3312.945,6,4,0.010000,0.080000,0.840000,0.070000,0.000000,0.120000,0.580000,0.220000,NOTE_HYPOTHESIS,shared_audio_intelligence_v0_2;spectral_peak;owner_supplied_audio
BE-003:pitch:00460,BE-003:onset:0099,20.619320,728.619320,33.481481,9,2.481481,65.0340,F4,349.9146,0.116100,0.878469,0.586258,0.789234,0.580000,,0.235212,3312.945,6,5,0.050000,0.300000,0.580000,0.070000,0.000000,0.450000,0.250000,0.200000,NOTE_HYPOTHESIS,shared_audio_intelligence_v0_2;spectral_peak;owner_supplied_audio
BE-003:pitch:00461,BE-003:onset:0099,20.619320,728.619320,33.481481,9,2.481481,34.2788,A#1,59.2163,1.532517,0.876736,0.586258,0.788368,0.695860,,0.235212,3312.945,6,6,0.695860,0.164809,0.009952,0.129379,0.480000,0.320000,0.000000,0.000000,NOTE_HYPOTHESIS,shared_audio_intelligence_v0_2;spectral_peak;owner_supplied_audio
BE-003:pitch:00462,BE-003:onset:0100,20.735420,728.735420,33.666667,9,2.666667,51.0613,D#3,156.1157,0.510839,1.000000,0.954170,0.850000,0.550000,,0.393416,1186.722,6,1,0.550000,0.350000,0.030000,0.070000,0.480000,0.320000,0.000000,0.000000,NOTE_HYPOTHESIS,shared_audio_intelligence_v0_2;spectral_peak;owner_supplied_audio
BE-003:pitch:00463,BE-003:onset:0100,20.735420,728.735420,33.666667,9,2.666667,62.7603,D#4,306.8481,0.185760,1.000000,0.954170,0.850000,0.520000,,0.393416,1186.722,6,2,0.250000,0.520000,0.150000,0.080000,0.000000,0.450000,0.250000,0.200000,NOTE_HYPOTHESIS,shared_audio_intelligence_v0_2;spectral_peak;owner_supplied_audio
BE-003:pitch:00464,BE-003:onset:0100,20.735420,728.735420,33.666667,9,2.666667,74.7603,D#5,613.6963,0.603719,1.000000,0.954170,0.850000,0.580000,,0.393416,1186.722,6,3,0.050000,0.300000,0.580000,0.070000,0.000000,0.120000,0.580000,0.220000,NOTE_HYPOTHESIS,shared_audio_intelligence_v0_2;spectral_peak;owner_supplied_audio
BE-003:pitch:00465,BE-003:onset:0100,20.735420,728.735420,33.666667,9,2.666667,61.8242,D4,290.6982,0.139320,1.000000,0.954170,0.850000,0.520000,,0.393416,1186.722,6,4,0.250000,0.520000,0.150000,0.080000,0.000000,0.450000,0.250000,0.200000,NOTE_HYPOTHESIS,shared_audio_intelligence_v0_2;spectral_peak;owner_supplied_audio
BE-003:pitch:00466,BE-003:onset:0100,20.735420,728.735420,33.666667,9,2.666667,66.8047,G4,387.5977,0.278639,1.000000,0.954170,0.850000,0.580000,,0.393416,1186.722,6,5,0.050000,0.300000,0.580000,0.070000,0.000000,0.450000,0.250000,0.200000,NOTE_HYPOTHESIS,shared_audio_intelligence_v0_2;spectral_peak;owner_supplied_audio
BE-003:pitch:00467,BE-003:onset:0100,20.735420,728.735420,33.666667,9,2.666667,73.9838,D5,586.7798,0.116100,1.000000,0.954170,0.850000,0.580000,,0.393416,1186.722,6,6,0.050000,0.300000,0.580000,0.070000,0.000000,0.120000,0.580000,0.220000,NOTE_HYPOTHESIS,shared_audio_intelligence_v0_2;spectral_peak;owner_supplied_audio
BE-003:pitch:00468,BE-003:onset:0101,20.921179,728.921179,33.962963,9,2.962963,50.4538,D3,150.7324,0.394739,1.000000,0.696294,0.850000,0.501984,,0.140022,2779.709,6,1,0.501984,0.319444,0.029762,0.148810,0.480000,0.320000,0.000000,0.000000,NOTE_HYPOTHESIS,shared_audio_intelligence_v0_2;spectral_peak;owner_supplied_audio
BE-003:pitch:00469,BE-003:onset:0101,20.921179,728.921179,33.962963,9,2.962963,74.9115,D#5,619.0796,0.441179,0.955820,0.696294,0.827910,0.580000,,0.140022,2779.709,6,2,0.050000,0.300000,0.580000,0.070000,0.000000,0.120000,0.580000,0.220000,NOTE_HYPOTHESIS,shared_audio_intelligence_v0_2;spectral_peak;owner_supplied_audio
BE-003:pitch:00470,BE-003:onset:0101,20.921179,728.921179,33.962963,9,2.962963,63.0613,D#4,312.2314,1.323537,0.832164,0.696294,0.766082,0.520000,,0.140022,2779.709,6,3,0.250000,0.520000,0.150000,0.080000,0.000000,0.450000,0.250000,0.200000,NOTE_HYPOTHESIS,shared_audio_intelligence_v0_2;spectral_peak;owner_supplied_audio
BE-003:pitch:00471,BE-003:onset:0101,20.921179,728.921179,33.962963,9,2.962963,34.2788,A#1,59.2163,1.532517,0.807199,0.696294,0.753599,0.695860,,0.140022,2779.709,6,4,0.695860,0.164809,0.009952,0.129379,0.480000,0.320000,0.000000,0.000000,NOTE_HYPOTHESIS,shared_audio_intelligence_v0_2;spectral_peak;owner_supplied_audio
BE-003:pitch:00472,BE-003:onset:0101,20.921179,728.921179,33.962963,9,2.962963,67.0435,G4,392.9810,0.719819,0.740233,0.696294,0.720116,0.580000,,0.140022,2779.709,6,5,0.050000,0.300000,0.580000,0.070000,0.000000,0.450000,0.250000,0.200000,NOTE_HYPOTHESIS,shared_audio_intelligence_v0_2;spectral_peak;owner_supplied_audio
BE-003:pitch:00473,BE-003:onset:0101,20.921179,728.921179,33.962963,9,2.962963,48.4919,C3,134.5825,1.532517,0.719436,0.696294,0.709718,0.501984,,0.140022,2779.709,6,6,0.501984,0.319444,0.029762,0.148810,0.480000,0.320000,0.000000,0.000000,NOTE_HYPOTHESIS,shared_audio_intelligence_v0_2;spectral_peak;owner_supplied_audio
BE-003:pitch:00474,BE-003:onset:0102,20.990839,728.990839,34.086957,9,3.086957,49.1709,C#3,139.9658,0.301859,1.000000,0.823944,0.850000,0.550000,,0.172761,2250.054,6,1,0.550000,0.350000,0.030000,0.070000,0.480000,0.320000,0.000000,0.000000,NOTE_HYPOTHESIS,shared_audio_intelligence_v0_2;spectral_peak;owner_supplied_audio
BE-003:pitch:00475,BE-003:onset:0102,20.990839,728.990839,34.086957,9,3.086957,74.9115,D#5,619.0796,0.371519,0.989690,0.823944,0.844845,0.580000,,0.172761,2250.054,6,2,0.050000,0.300000,0.580000,0.070000,0.000000,0.120000,0.580000,0.220000,NOTE_HYPOTHESIS,shared_audio_intelligence_v0_2;spectral_peak;owner_supplied_audio
BE-003:pitch:00476,BE-003:onset:0102,20.990839,728.990839,34.086957,9,3.086957,43.7407,G#2,102.2827,0.139320,0.942277,0.823944,0.821139,0.760000,,0.172761,2250.054,6,3,0.760000,0.180000,0.010000,0.050000,0.480000,0.320000,0.000000,0.000000,NOTE_HYPOTHESIS,shared_audio_intelligence_v0_2;spectral_peak;owner_supplied_audio
BE-003:pitch:00477,BE-003:onset:0102,20.990839,728.990839,34.086957,9,3.086957,34.2788,A#1,59.2163,1.532517,0.882782,0.823944,0.791391,0.760000,,0.172761,2250.054,6,4,0.760000,0.180000,0.010000,0.050000,0.480000,0.320000,0.000000,0.000000,NOTE_HYPOTHESIS,shared_audio_intelligence_v0_2;spectral_peak;owner_supplied_audio
BE-003:pitch:00478,BE-003:onset:0102,20.990839,728.990839,34.086957,9,3.086957,39.6483,E2,80.7495,1.207438,0.823198,0.823944,0.761599,0.760000,,0.172761,2250.054,6,5,0.760000,0.180000,0.010000,0.050000,0.480000,0.320000,0.000000,0.000000,NOTE_HYPOTHESIS,shared_audio_intelligence_v0_2;spectral_peak;owner_supplied_audio
BE-003:pitch:00479,BE-003:onset:0102,20.990839,728.990839,34.086957,9,3.086957,62.1419,D4,296.0815,1.277098,0.809908,0.823944,0.754954,0.520000,,0.172761,2250.054,6,6,0.250000,0.520000,0.150000,0.080000,0.000000,0.450000,0.250000,0.200000,NOTE_HYPOTHESIS,shared_audio_intelligence_v0_2;spectral_peak;owner_supplied_audio
BE-003:pitch:00480,BE-003:onset:0103,21.199819,729.199819,34.478261,9,3.478261,63.0613,D#4,312.2314,0.812698,1.000000,0.885994,0.850000,0.520000,,0.350889,1716.402,6,1,0.250000,0.520000,0.150000,0.080000,0.000000,0.450000,0.250000,0.200000,NOTE_HYPOTHESIS,shared_audio_intelligence_v0_2;spectral_peak;owner_supplied_audio
BE-003:pitch:00481,BE-003:onset:0103,21.199819,729.199819,34.478261,9,3.478261,66.8047,G4,387.5977,0.232200,1.000000,0.885994,0.850000,0.580000,,0.350889,1716.402,6,2,0.050000,0.300000,0.580000,0.070000,0.000000,0.450000,0.250000,0.200000,NOTE_HYPOTHESIS,shared_audio_intelligence_v0_2;spectral_peak;owner_supplied_audio
BE-003:pitch:00482,BE-003:onset:0103,21.199819,729.199819,34.478261,9,3.478261,74.7603,D#5,613.6963,0.139320,1.000000,0.885994,0.850000,0.580000,,0.350889,1716.402,6,3,0.050000,0.300000,0.580000,0.070000,0.000000,0.120000,0.580000,0.220000,NOTE_HYPOTHESIS,shared_audio_intelligence_v0_2;spectral_peak;owner_supplied_audio
BE-003:pitch:00483,BE-003:onset:0103,21.199819,729.199819,34.478261,9,3.478261,78.9245,G5,780.5786,0.162540,1.000000,0.885994,0.850000,0.840000,,0.350889,1716.402,6,4,0.010000,0.080000,0.840000,0.070000,0.000000,0.120000,0.580000,0.220000,NOTE_HYPOTHESIS,shared_audio_intelligence_v0_2;spectral_peak;owner_supplied_audio
BE-003:pitch:00484,BE-003:onset:0103,21.199819,729.199819,34.478261,9,3.478261,50.4538,D3,150.7324,0.139320,0.983149,0.885994,0.841574,0.550000,,0.350889,1716.402,6,5,0.550000,0.350000,0.030000,0.070000,0.480000,0.320000,0.000000,0.000000,NOTE_HYPOTHESIS,shared_audio_intelligence_v0_2;spectral_peak;owner_supplied_audio
BE-003:pitch:00485,BE-003:onset:0103,21.199819,729.199819,34.478261,9,3.478261,81.8808,A#5,925.9277,0.139320,0.946081,0.885994,0.823041,0.840000,,0.350889,1716.402,6,6,0.010000,0.080000,0.840000,0.070000,0.000000,0.120000,0.580000,0.220000,NOTE_HYPOTHESIS,shared_audio_intelligence_v0_2;spectral_peak;owner_supplied_audio
BE-003:pitch:00486,BE-003:onset:0104,21.269478,729.269478,34.608696,9,3.608696,63.0613,D#4,312.2314,0.743039,1.000000,0.709443,0.850000,0.520000,,0.313743,1993.485,6,1,0.250000,0.520000,0.150000,0.080000,0.000000,0.450000,0.250000,0.200000,NOTE_HYPOTHESIS,shared_audio_intelligence_v0_2;spectral_peak;owner_supplied_audio
BE-003:pitch:00487,BE-003:onset:0104,21.269478,729.269478,34.608696,9,3.608696,66.8047,G4,387.5977,0.139320,1.000000,0.709443,0.850000,0.580000,,0.313743,1993.485,6,2,0.050000,0.300000,0.580000,0.070000,0.000000,0.450000,0.250000,0.200000,NOTE_HYPOTHESIS,shared_audio_intelligence_v0_2;spectral_peak;owner_supplied_audio
BE-003:pitch:00488,BE-003:onset:0104,21.269478,729.269478,34.608696,9,3.608696,74.7603,D#5,613.6963,0.092880,1.000000,0.709443,0.850000,0.580000,,0.313743,1993.485,6,3,0.050000,0.300000,0.580000,0.070000,0.000000,0.120000,0.580000,0.220000,NOTE_HYPOTHESIS,shared_audio_intelligence_v0_2;spectral_peak;owner_supplied_audio
BE-003:pitch:00489,BE-003:onset:0104,21.269478,729.269478,34.608696,9,3.608696,78.9245,G5,780.5786,0.092880,1.000000,0.709443,0.850000,0.840000,,0.313743,1993.485,6,4,0.010000,0.080000,0.840000,0.070000,0.000000,0.120000,0.580000,0.220000,NOTE_HYPOTHESIS,shared_audio_intelligence_v0_2;spectral_peak;owner_supplied_audio
BE-003:pitch:00490,BE-003:onset:0104,21.269478,729.269478,34.608696,9,3.608696,49.8242,D3,145.3491,1.068118,0.936542,0.709443,0.818271,0.550000,,0.313743,1993.485,6,5,0.550000,0.350000,0.030000,0.070000,0.480000,0.320000,0.000000,0.000000,NOTE_HYPOTHESIS,shared_audio_intelligence_v0_2;spectral_peak;owner_supplied_audio
BE-003:pitch:00491,BE-003:onset:0104,21.269478,729.269478,34.608696,9,3.608696,62.1419,D4,296.0815,0.975238,0.933062,0.709443,0.816531,0.520000,,0.313743,1993.485,6,6,0.250000,0.520000,0.150000,0.080000,0.000000,0.450000,0.250000,0.200000,NOTE_HYPOTHESIS,shared_audio_intelligence_v0_2;spectral_peak;owner_supplied_audio
BE-003:pitch:00492,BE-003:onset:0105,21.455238,729.455238,34.956522,9,3.956522,76.9003,F5,694.4458,0.417959,1.000000,1.000000,0.850000,0.840000,,0.633975,1397.163,4,1,0.010000,0.080000,0.840000,0.070000,0.000000,0.120000,0.580000,0.220000,NOTE_HYPOTHESIS,shared_audio_intelligence_v0_2;spectral_peak;owner_supplied_audio
BE-003:pitch:00493,BE-003:onset:0105,21.455238,729.455238,34.956522,9,3.956522,88.9673,F6,1394.2749,0.835918,1.000000,1.000000,0.850000,0.840000,,0.633975,1397.163,4,2,0.010000,0.080000,0.840000,0.070000,0.000000,0.120000,0.580000,0.220000,NOTE_HYPOTHESIS,shared_audio_intelligence_v0_2;spectral_peak;owner_supplied_audio
BE-003:pitch:00494,BE-003:onset:0105,21.455238,729.455238,34.956522,9,3.956522,62.7603,D#4,306.8481,0.557279,1.000000,1.000000,0.850000,0.520000,,0.633975,1397.163,4,3,0.250000,0.520000,0.150000,0.080000,0.000000,0.450000,0.250000,0.200000,NOTE_HYPOTHESIS,shared_audio_intelligence_v0_2;spectral_peak;owner_supplied_audio
BE-003:pitch:00495,BE-003:onset:0105,21.455238,729.455238,34.956522,9,3.956522,51.0613,D#3,156.1157,0.743039,1.000000,1.000000,0.850000,0.550000,,0.633975,1397.163,4,4,0.550000,0.350000,0.030000,0.070000,0.480000,0.320000,0.000000,0.000000,NOTE_HYPOTHESIS,shared_audio_intelligence_v0_2;spectral_peak;owner_supplied_audio
BE-003:pitch:00496,BE-003:onset:0106,21.501678,729.501678,35.038462,9,4.038462,76.9003,F5,694.4458,0.255420,1.000000,1.000000,0.850000,0.840000,,0.707553,1672.802,3,1,0.010000,0.080000,0.840000,0.070000,0.000000,0.120000,0.580000,0.220000,NOTE_HYPOTHESIS,shared_audio_intelligence_v0_2;spectral_peak;owner_supplied_audio
BE-003:pitch:00497,BE-003:onset:0106,21.501678,729.501678,35.038462,9,4.038462,88.9673,F6,1394.2749,0.232200,1.000000,1.000000,0.850000,0.840000,,0.707553,1672.802,3,2,0.010000,0.080000,0.840000,0.070000,0.000000,0.120000,0.580000,0.220000,NOTE_HYPOTHESIS,shared_audio_intelligence_v0_2;spectral_peak;owner_supplied_audio
BE-003:pitch:00498,BE-003:onset:0106,21.501678,729.501678,35.038462,9,4.038462,62.7603,D#4,306.8481,0.510839,1.000000,1.000000,0.850000,0.520000,,0.707553,1672.802,3,3,0.250000,0.520000,0.150000,0.080000,0.000000,0.450000,0.250000,0.200000,NOTE_HYPOTHESIS,shared_audio_intelligence_v0_2;spectral_peak;owner_supplied_audio
BE-003:pitch:00499,BE-003:onset:0107,21.757098,729.757098,35.461538,9,4.461538,62.7603,D#4,306.8481,0.208980,1.000000,0.991695,0.850000,0.520000,,0.535400,1074.426,6,1,0.250000,0.520000,0.150000,0.080000,0.000000,0.450000,0.250000,0.200000,NOTE_HYPOTHESIS,shared_audio_intelligence_v0_2;spectral_peak;owner_supplied_audio
BE-003:pitch:00500,BE-003:onset:0107,21.757098,729.757098,35.461538,9,4.461538,76.9003,F5,694.4458,0.185760,1.000000,0.991695,0.850000,0.840000,,0.535400,1074.426,6,2,0.010000,0.080000,0.840000,0.070000,0.000000,0.120000,0.580000,0.220000,NOTE_HYPOTHESIS,shared_audio_intelligence_v0_2;spectral_peak;owner_supplied_audio
BE-003:pitch:00501,BE-003:onset:0107,21.757098,729.757098,35.461538,9,4.461538,66.8047,G4,387.5977,0.255420,1.000000,0.991695,0.850000,0.580000,,0.535400,1074.426,6,3,0.050000,0.300000,0.580000,0.070000,0.000000,0.450000,0.250000,0.200000,NOTE_HYPOTHESIS,shared_audio_intelligence_v0_2;spectral_peak;owner_supplied_audio
BE-003:pitch:00502,BE-003:onset:0107,21.757098,729.757098,35.461538,9,4.461538,61.8242,D4,290.6982,0.139320,1.000000,0.991695,0.850000,0.520000,,0.535400,1074.426,6,4,0.250000,0.520000,0.150000,0.080000,0.000000,0.450000,0.250000,0.200000,NOTE_HYPOTHESIS,shared_audio_intelligence_v0_2;spectral_peak;owner_supplied_audio
BE-003:pitch:00503,BE-003:onset:0107,21.757098,729.757098,35.461538,9,4.461538,51.0613,D#3,156.1157,0.441179,1.000000,0.991695,0.850000,0.550000,,0.535400,1074.426,6,5,0.550000,0.350000,0.030000,0.070000,0.480000,0.320000,0.000000,0.000000,NOTE_HYPOTHESIS,shared_audio_intelligence_v0_2;spectral_peak;owner_supplied_audio
BE-003:pitch:00504,BE-003:onset:0107,21.757098,729.757098,35.461538,9,4.461538,74.7603,D#5,613.6963,0.185760,1.000000,0.991695,0.850000,0.580000,,0.535400,1074.426,6,6,0.050000,0.300000,0.580000,0.070000,0.000000,0.120000,0.580000,0.220000,NOTE_HYPOTHESIS,shared_audio_intelligence_v0_2;spectral_peak;owner_supplied_audio
BE-003:pitch:00505,BE-003:onset:0108,21.896417,729.896417,35.692308,9,4.692308,77.9420,F#5,737.5122,0.162540,1.000000,0.714948,0.850000,0.840000,,1.000000,1330.107,2,1,0.010000,0.080000,0.840000,0.070000,0.000000,0.120000,0.580000,0.220000,NOTE_HYPOTHESIS,shared_audio_intelligence_v0_2;spectral_peak;owner_supplied_audio
BE-003:pitch:00506,BE-003:onset:0108,21.896417,729.896417,35.692308,9,4.692308,49.8242,D3,145.3491,0.255420,1.000000,0.714948,0.850000,0.550000,,1.000000,1330.107,2,2,0.550000,0.350000,0.030000,0.070000,0.480000,0.320000,0.000000,0.000000,NOTE_HYPOTHESIS,shared_audio_intelligence_v0_2;spectral_peak;owner_supplied_audio
BE-003:pitch:00507,BE-003:onset:0109,22.082177,730.082177,36.000000,10,1.000000,76.9003,F5,694.4458,0.185760,1.000000,1.000000,0.850000,0.840000,,0.618252,1745.478,2,1,0.010000,0.080000,0.840000,0.070000,0.000000,0.120000,0.580000,0.220000,NOTE_HYPOTHESIS,shared_audio_intelligence_v0_2;spectral_peak;owner_supplied_audio
BE-003:pitch:00508,BE-003:onset:0109,22.082177,730.082177,36.000000,10,1.000000,88.9673,F6,1394.2749,0.208980,1.000000,1.000000,0.850000,0.840000,,0.618252,1745.478,2,2,0.010000,0.080000,0.840000,0.070000,0.000000,0.120000,0.580000,0.220000,NOTE_HYPOTHESIS,shared_audio_intelligence_v0_2;spectral_peak;owner_supplied_audio
BE-003:pitch:00509,BE-003:onset:0110,22.198277,730.198277,36.200000,10,1.200000,76.9003,F5,694.4458,0.116100,1.000000,0.668785,0.850000,0.840000,,0.476901,1572.966,5,1,0.010000,0.080000,0.840000,0.070000,0.000000,0.120000,0.580000,0.220000,NOTE_HYPOTHESIS,shared_audio_intelligence_v0_2;spectral_peak;owner_supplied_audio
BE-003:pitch:00510,BE-003:onset:0110,22.198277,730.198277,36.200000,10,1.200000,88.9673,F6,1394.2749,0.092880,1.000000,0.668785,0.850000,0.840000,,0.476901,1572.966,5,2,0.010000,0.080000,0.840000,0.070000,0.000000,0.120000,0.580000,0.220000,NOTE_HYPOTHESIS,shared_audio_intelligence_v0_2;spectral_peak;owner_supplied_audio
BE-003:pitch:00511,BE-003:onset:0110,22.198277,730.198277,36.200000,10,1.200000,47.7851,C3,129.1992,0.185760,1.000000,0.668785,0.850000,0.550000,,0.476901,1572.966,5,3,0.550000,0.350000,0.030000,0.070000,0.480000,0.320000,0.000000,0.000000,NOTE_HYPOTHESIS,shared_audio_intelligence_v0_2;spectral_peak;owner_supplied_audio
BE-003:pitch:00512,BE-003:onset:0110,22.198277,730.198277,36.200000,10,1.200000,84.9193,C#6,1103.5767,0.162540,1.000000,0.668785,0.850000,0.840000,,0.476901,1572.966,5,4,0.010000,0.080000,0.840000,0.070000,0.000000,0.120000,0.580000,0.220000,NOTE_HYPOTHESIS,shared_audio_intelligence_v0_2;spectral_peak;owner_supplied_audio
BE-003:pitch:00513,BE-003:onset:0110,22.198277,730.198277,36.200000,10,1.200000,73.0036,C#5,554.4800,0.278639,1.000000,0.668785,0.850000,0.580000,,0.476901,1572.966,5,5,0.050000,0.300000,0.580000,0.070000,0.000000,0.120000,0.580000,0.220000,NOTE_HYPOTHESIS,shared_audio_intelligence_v0_2;spectral_peak;owner_supplied_audio
BE-003:pitch:00514,BE-003:onset:0111,22.360816,730.360816,36.480000,10,1.480000,61.8242,D4,290.6982,0.139320,1.000000,0.585924,0.850000,0.520000,,0.313958,1590.406,6,1,0.250000,0.520000,0.150000,0.080000,0.000000,0.450000,0.250000,0.200000,NOTE_HYPOTHESIS,shared_audio_intelligence_v0_2;spectral_peak;owner_supplied_audio
BE-003:pitch:00515,BE-003:onset:0111,22.360816,730.360816,36.480000,10,1.480000,73.8242,D5,581.3965,0.116100,1.000000,0.585924,0.850000,0.580000,,0.313958,1590.406,6,2,0.050000,0.300000,0.580000,0.070000,0.000000,0.120000,0.580000,0.220000,NOTE_HYPOTHESIS,shared_audio_intelligence_v0_2;spectral_peak;owner_supplied_audio
BE-003:pitch:00516,BE-003:onset:0111,22.360816,730.360816,36.480000,10,1.480000,47.0483,B2,123.8159,0.417959,0.988630,0.585924,0.844315,0.550000,,0.313958,1590.406,6,3,0.550000,0.350000,0.030000,0.070000,0.480000,0.320000,0.000000,0.000000,NOTE_HYPOTHESIS,shared_audio_intelligence_v0_2;spectral_peak;owner_supplied_audio
BE-003:pitch:00517,BE-003:onset:0111,22.360816,730.360816,36.480000,10,1.480000,72.8347,C#5,549.0967,0.139320,0.983161,0.585924,0.841580,0.580000,,0.313958,1590.406,6,4,0.050000,0.300000,0.580000,0.070000,0.000000,0.120000,0.580000,0.220000,NOTE_HYPOTHESIS,shared_audio_intelligence_v0_2;spectral_peak;owner_supplied_audio
BE-003:pitch:00518,BE-003:onset:0111,22.360816,730.360816,36.480000,10,1.480000,57.4734,A3,226.0986,0.232200,0.922846,0.585924,0.811423,0.520000,,0.313958,1590.406,6,5,0.250000,0.520000,0.150000,0.080000,0.000000,0.450000,0.250000,0.200000,NOTE_HYPOTHESIS,shared_audio_intelligence_v0_2;spectral_peak;owner_supplied_audio
BE-003:pitch:00519,BE-003:onset:0111,22.360816,730.360816,36.480000,10,1.480000,76.9003,F5,694.4458,0.208980,0.894201,0.585924,0.797100,0.840000,,0.313958,1590.406,6,6,0.010000,0.080000,0.840000,0.070000,0.000000,0.120000,0.580000,0.220000,NOTE_HYPOTHESIS,shared_audio_intelligence_v0_2;spectral_peak;owner_supplied_audio
BE-003:pitch:00520,BE-003:onset:0112,22.476916,730.476916,36.680000,10,1.680000,83.8751,C6,1038.9771,0.208980,1.000000,0.879244,0.850000,0.840000,,0.415732,1615.619,3,1,0.010000,0.080000,0.840000,0.070000,0.000000,0.120000,0.580000,0.220000,NOTE_HYPOTHESIS,shared_audio_intelligence_v0_2;spectral_peak;owner_supplied_audio
BE-003:pitch:00521,BE-003:onset:0112,22.476916,730.476916,36.680000,10,1.680000,71.9645,C5,522.1802,0.301859,1.000000,0.879244,0.850000,0.580000,,0.415732,1615.619,3,2,0.050000,0.300000,0.580000,0.070000,0.000000,0.120000,0.580000,0.220000,NOTE_HYPOTHESIS,shared_audio_intelligence_v0_2;spectral_peak;owner_supplied_audio
BE-003:pitch:00522,BE-003:onset:0112,22.476916,730.476916,36.680000,10,1.680000,90.9841,G6,1566.5405,0.208980,1.000000,0.879244,0.850000,0.840000,,0.415732,1615.619,3,3,0.010000,0.080000,0.840000,0.070000,0.000000,0.120000,0.580000,0.220000,NOTE_HYPOTHESIS,shared_audio_intelligence_v0_2;spectral_peak;owner_supplied_audio
BE-003:pitch:00523,BE-003:onset:0113,22.662676,730.662676,37.000000,10,2.000000,49.8242,D3,145.3491,0.185760,1.000000,0.925422,0.850000,0.550000,,0.385558,1369.665,6,1,0.550000,0.350000,0.030000,0.070000,0.480000,0.320000,0.000000,0.000000,NOTE_HYPOTHESIS,shared_audio_intelligence_v0_2;spectral_peak;owner_supplied_audio
BE-003:pitch:00524,BE-003:onset:0113,22.662676,730.662676,37.000000,10,2.000000,71.9645,C5,522.1802,0.162540,1.000000,0.925422,0.850000,0.580000,,0.385558,1369.665,6,2,0.050000,0.300000,0.580000,0.070000,0.000000,0.120000,0.580000,0.220000,NOTE_HYPOTHESIS,shared_audio_intelligence_v0_2;spectral_peak;owner_supplied_audio
BE-003:pitch:00525,BE-003:onset:0113,22.662676,730.662676,37.000000,10,2.000000,83.9645,C6,1044.3604,0.069660,1.000000,0.925422,0.850000,0.840000,,0.385558,1369.665,6,3,0.010000,0.080000,0.840000,0.070000,0.000000,0.120000,0.580000,0.220000,NOTE_HYPOTHESIS,shared_audio_intelligence_v0_2;spectral_peak;owner_supplied_audio
BE-003:pitch:00526,BE-003:onset:0113,22.662676,730.662676,37.000000,10,2.000000,68.8438,A4,436.0474,0.185760,1.000000,0.925422,0.850000,0.580000,,0.385558,1369.665,6,4,0.050000,0.300000,0.580000,0.070000,0.000000,0.450000,0.250000,0.200000,NOTE_HYPOTHESIS,shared_audio_intelligence_v0_2;spectral_peak;owner_supplied_audio
BE-003:pitch:00527,BE-003:onset:0113,22.662676,730.662676,37.000000,10,2.000000,43.7407,G#2,102.2827,0.162540,1.000000,0.925422,0.850000,0.760000,,0.385558,1369.665,6,5,0.760000,0.180000,0.010000,0.050000,0.480000,0.320000,0.000000,0.000000,NOTE_HYPOTHESIS,shared_audio_intelligence_v0_2;spectral_peak;owner_supplied_audio
BE-003:pitch:00528,BE-003:onset:0113,22.662676,730.662676,37.000000,10,2.000000,35.7851,C2,64.5996,1.462857,0.940670,0.925422,0.820335,0.760000,,0.385558,1369.665,6,6,0.760000,0.180000,0.010000,0.050000,0.480000,0.320000,0.000000,0.000000,NOTE_HYPOTHESIS,shared_audio_intelligence_v0_2;spectral_peak;owner_supplied_audio
BE-003:pitch:00529,BE-003:onset:0114,22.778776,730.778776,37.192308,10,2.192308,82.8591,B5,979.7607,0.185760,1.000000,0.729208,0.850000,0.840000,,0.396058,1976.491,3,1,0.010000,0.080000,0.840000,0.070000,0.000000,0.120000,0.580000,0.220000,NOTE_HYPOTHESIS,shared_audio_intelligence_v0_2;spectral_peak;owner_supplied_audio
BE-003:pitch:00530,BE-003:onset:0114,22.778776,730.778776,37.192308,10,2.192308,49.8242,D3,145.3491,0.092880,1.000000,0.729208,0.850000,0.550000,,0.396058,1976.491,3,2,0.550000,0.350000,0.030000,0.070000,0.480000,0.320000,0.000000,0.000000,NOTE_HYPOTHESIS,shared_audio_intelligence_v0_2;spectral_peak;owner_supplied_audio
BE-003:pitch:00531,BE-003:onset:0114,22.778776,730.778776,37.192308,10,2.192308,70.8591,B4,489.8804,0.441179,1.000000,0.729208,0.850000,0.580000,,0.396058,1976.491,3,3,0.050000,0.300000,0.580000,0.070000,0.000000,0.120000,0.580000,0.220000,NOTE_HYPOTHESIS,shared_audio_intelligence_v0_2;spectral_peak;owner_supplied_audio
BE-003:pitch:00532,BE-003:onset:0115,22.964535,730.964535,37.500000,10,2.500000,61.8242,D4,290.6982,0.092880,1.000000,0.800537,0.850000,0.520000,,0.280085,1552.599,6,1,0.250000,0.520000,0.150000,0.080000,0.000000,0.450000,0.250000,0.200000,NOTE_HYPOTHESIS,shared_audio_intelligence_v0_2;spectral_peak;owner_supplied_audio
BE-003:pitch:00533,BE-003:onset:0115,22.964535,730.964535,37.500000,10,2.500000,73.8242,D5,581.3965,0.092880,1.000000,0.800537,0.850000,0.580000,,0.280085,1552.599,6,2,0.050000,0.300000,0.580000,0.070000,0.000000,0.120000,0.580000,0.220000,NOTE_HYPOTHESIS,shared_audio_intelligence_v0_2;spectral_peak;owner_supplied_audio
BE-003:pitch:00534,BE-003:onset:0115,22.964535,730.964535,37.500000,10,2.500000,82.8591,B5,979.7607,0.092880,1.000000,0.800537,0.850000,0.840000,,0.280085,1552.599,6,3,0.010000,0.080000,0.840000,0.070000,0.000000,0.120000,0.580000,0.220000,NOTE_HYPOTHESIS,shared_audio_intelligence_v0_2;spectral_peak;owner_supplied_audio
BE-003:pitch:00535,BE-003:onset:0115,22.964535,730.964535,37.500000,10,2.500000,57.8808,A#3,231.4819,0.139320,1.000000,0.800537,0.850000,0.520000,,0.280085,1552.599,6,4,0.250000,0.520000,0.150000,0.080000,0.000000,0.450000,0.250000,0.200000,NOTE_HYPOTHESIS,shared_audio_intelligence_v0_2;spectral_peak;owner_supplied_audio
BE-003:pitch:00536,BE-003:onset:0115,22.964535,730.964535,37.500000,10,2.500000,71.0483,B4,495.2637,0.301859,0.987691,0.800537,0.843846,0.580000,,0.280085,1552.599,6,5,0.050000,0.300000,0.580000,0.070000,0.000000,0.120000,0.580000,0.220000,NOTE_HYPOTHESIS,shared_audio_intelligence_v0_2;spectral_peak;owner_supplied_audio
BE-003:pitch:00537,BE-003:onset:0115,22.964535,730.964535,37.500000,10,2.500000,39.6483,E2,80.7495,0.534059,0.936018,0.800537,0.818009,0.760000,,0.280085,1552.599,6,6,0.760000,0.180000,0.010000,0.050000,0.480000,0.320000,0.000000,0.000000,NOTE_HYPOTHESIS,shared_audio_intelligence_v0_2;spectral_peak;owner_supplied_audio
BE-003:pitch:00538,BE-003:onset:0116,23.103855,731.103855,37.730769,10,2.730769,47.7851,C3,129.1992,0.255420,1.000000,0.758280,0.850000,0.550000,,0.497836,1063.101,4,1,0.550000,0.350000,0.030000,0.070000,0.480000,0.320000,0.000000,0.000000,NOTE_HYPOTHESIS,shared_audio_intelligence_v0_2;spectral_peak;owner_supplied_audio
BE-003:pitch:00539,BE-003:onset:0116,23.103855,731.103855,37.730769,10,2.730769,81.8808,A#5,925.9277,0.162540,1.000000,0.758280,0.850000,0.840000,,0.497836,1063.101,4,2,0.010000,0.080000,0.840000,0.070000,0.000000,0.120000,0.580000,0.220000,NOTE_HYPOTHESIS,shared_audio_intelligence_v0_2;spectral_peak;owner_supplied_audio
BE-003:pitch:00540,BE-003:onset:0116,23.103855,731.103855,37.730769,10,2.730769,69.8808,A#4,462.9639,0.255420,1.000000,0.758280,0.850000,0.580000,,0.497836,1063.101,4,3,0.050000,0.300000,0.580000,0.070000,0.000000,0.450000,0.250000,0.200000,NOTE_HYPOTHESIS,shared_audio_intelligence_v0_2;spectral_peak;owner_supplied_audio
BE-003:pitch:00541,BE-003:onset:0116,23.103855,731.103855,37.730769,10,2.730769,88.9673,F6,1394.2749,0.139320,1.000000,0.758280,0.850000,0.840000,,0.497836,1063.101,4,4,0.010000,0.080000,0.840000,0.070000,0.000000,0.120000,0.580000,0.220000,NOTE_HYPOTHESIS,shared_audio_intelligence_v0_2;spectral_peak;owner_supplied_audio
BE-003:pitch:00542,BE-003:onset:0117,23.266395,731.266395,38.000000,10,3.000000,47.7851,C3,129.1992,0.162540,1.000000,0.683499,0.850000,0.550000,,0.496409,1424.333,4,1,0.550000,0.350000,0.030000,0.070000,0.480000,0.320000,0.000000,0.000000,NOTE_HYPOTHESIS,shared_audio_intelligence_v0_2;spectral_peak;owner_supplied_audio
BE-003:pitch:00543,BE-003:onset:0117,23.266395,731.266395,38.000000,10,3.000000,64.7656,F4,344.5312,0.301859,1.000000,0.683499,0.850000,0.580000,,0.496409,1424.333,4,2,0.050000,0.300000,0.580000,0.070000,0.000000,0.450000,0.250000,0.200000,NOTE_HYPOTHESIS,shared_audio_intelligence_v0_2;spectral_peak;owner_supplied_audio
BE-003:pitch:00544,BE-003:onset:0117,23.266395,731.266395,38.000000,10,3.000000,76.9003,F5,694.4458,0.255420,1.000000,0.683499,0.850000,0.840000,,0.496409,1424.333,4,3,0.010000,0.080000,0.840000,0.070000,0.000000,0.120000,0.580000,0.220000,NOTE_HYPOTHESIS,shared_audio_intelligence_v0_2;spectral_peak;owner_supplied_audio
BE-003:pitch:00545,BE-003:onset:0117,23.266395,731.266395,38.000000,10,3.000000,69.8808,A#4,462.9639,0.232200,1.000000,0.683499,0.850000,0.580000,,0.496409,1424.333,4,4,0.050000,0.300000,0.580000,0.070000,0.000000,0.450000,0.250000,0.200000,NOTE_HYPOTHESIS,shared_audio_intelligence_v0_2;spectral_peak;owner_supplied_audio
BE-003:pitch:00546,BE-003:onset:0118,23.545034,731.545034,38.480000,10,3.480000,45.4734,A2,113.0493,0.069660,1.000000,0.530552,0.850000,0.550000,,0.206231,2565.184,3,1,0.550000,0.350000,0.030000,0.070000,0.480000,0.320000,0.000000,0.000000,NOTE_HYPOTHESIS,shared_audio_intelligence_v0_2;spectral_peak;owner_supplied_audio
BE-003:pitch:00547,BE-003:onset:0118,23.545034,731.545034,38.480000,10,3.480000,65.0340,F4,349.9146,0.116100,1.000000,0.530552,0.850000,0.580000,,0.206231,2565.184,3,2,0.050000,0.300000,0.580000,0.070000,0.000000,0.450000,0.250000,0.200000,NOTE_HYPOTHESIS,shared_audio_intelligence_v0_2;spectral_peak;owner_supplied_audio
BE-003:pitch:00548,BE-003:onset:0118,23.545034,731.545034,38.480000,10,3.480000,35.7851,C2,64.5996,1.532517,0.955600,0.530552,0.827800,0.760000,,0.206231,2565.184,3,3,0.760000,0.180000,0.010000,0.050000,0.480000,0.320000,0.000000,0.000000,NOTE_HYPOTHESIS,shared_audio_intelligence_v0_2;spectral_peak;owner_supplied_audio
BE-003:pitch:00549,BE-003:onset:0119,23.637914,731.637914,38.640000,10,3.640000,45.4734,A2,113.0493,1.532517,0.867633,0.516832,0.783816,0.501984,,0.064362,3226.817,6,1,0.501984,0.319444,0.029762,0.148810,0.480000,0.320000,0.000000,0.000000,NOTE_HYPOTHESIS,shared_audio_intelligence_v0_2;spectral_peak;owner_supplied_audio
BE-003:pitch:00550,BE-003:onset:0119,23.637914,731.637914,38.640000,10,3.640000,47.7851,C3,129.1992,1.532517,0.858869,0.516832,0.779434,0.501984,,0.064362,3226.817,6,2,0.501984,0.319444,0.029762,0.148810,0.480000,0.320000,0.000000,0.000000,NOTE_HYPOTHESIS,shared_audio_intelligence_v0_2;spectral_peak;owner_supplied_audio
BE-003:pitch:00551,BE-003:onset:0119,23.637914,731.637914,38.640000,10,3.640000,34.2788,A#1,59.2163,1.532517,0.850865,0.516832,0.775433,0.695860,,0.064362,3226.817,6,3,0.695860,0.164809,0.009952,0.129379,0.480000,0.320000,0.000000,0.000000,NOTE_HYPOTHESIS,shared_audio_intelligence_v0_2;spectral_peak;owner_supplied_audio
BE-003:pitch:00552,BE-003:onset:0119,23.637914,731.637914,38.640000,10,3.640000,65.0340,F4,349.9146,0.092880,0.845874,0.516832,0.772937,0.580000,,0.064362,3226.817,6,4,0.050000,0.300000,0.580000,0.070000,0.000000,0.450000,0.250000,0.200000,NOTE_HYPOTHESIS,shared_audio_intelligence_v0_2;spectral_peak;owner_supplied_audio
BE-003:pitch:00553,BE-003:onset:0119,23.637914,731.637914,38.640000,10,3.640000,43.7407,G#2,102.2827,1.532517,0.803157,0.516832,0.751579,0.695860,,0.064362,3226.817,6,5,0.695860,0.164809,0.009952,0.129379,0.480000,0.320000,0.000000,0.000000,NOTE_HYPOTHESIS,shared_audio_intelligence_v0_2;spectral_peak;owner_supplied_audio
BE-003:pitch:00554,BE-003:onset:0119,23.637914,731.637914,38.640000,10,3.640000,40.7656,F2,86.1328,1.532517,0.703879,0.516832,0.701939,0.695860,,0.064362,3226.817,6,6,0.695860,0.164809,0.009952,0.129379,0.480000,0.320000,0.000000,0.000000,NOTE_HYPOTHESIS,shared_audio_intelligence_v0_2;spectral_peak;owner_supplied_audio
BE-003:pitch:00555,BE-003:onset:0120,23.823673,731.823673,38.960000,10,3.960000,47.7851,C3,129.1992,0.417959,1.000000,0.880383,0.850000,0.550000,,0.462449,928.552,2,1,0.550000,0.350000,0.030000,0.070000,0.480000,0.320000,0.000000,0.000000,NOTE_HYPOTHESIS,shared_audio_intelligence_v0_2;spectral_peak;owner_supplied_audio
BE-003:pitch:00556,BE-003:onset:0120,23.823673,731.823673,38.960000,10,3.960000,45.4734,A2,113.0493,0.092880,1.000000,0.880383,0.850000,0.550000,,0.462449,928.552,2,2,0.550000,0.350000,0.030000,0.070000,0.480000,0.320000,0.000000,0.000000,NOTE_HYPOTHESIS,shared_audio_intelligence_v0_2;spectral_peak;owner_supplied_audio
BE-003:pitch:00557,BE-003:onset:0121,24.148753,732.148753,39.520000,10,4.520000,64.7656,F4,344.5312,0.208980,1.000000,1.000000,0.850000,0.580000,,0.649425,1857.042,3,1,0.050000,0.300000,0.580000,0.070000,0.000000,0.450000,0.250000,0.200000,NOTE_HYPOTHESIS,shared_audio_intelligence_v0_2;spectral_peak;owner_supplied_audio
BE-003:pitch:00558,BE-003:onset:0121,24.148753,732.148753,39.520000,10,4.520000,47.7851,C3,129.1992,0.185760,1.000000,1.000000,0.850000,0.550000,,0.649425,1857.042,3,2,0.550000,0.350000,0.030000,0.070000,0.480000,0.320000,0.000000,0.000000,NOTE_HYPOTHESIS,shared_audio_intelligence_v0_2;spectral_peak;owner_supplied_audio
BE-003:pitch:00559,BE-003:onset:0121,24.148753,732.148753,39.520000,10,4.520000,76.9003,F5,694.4458,0.162540,1.000000,1.000000,0.850000,0.840000,,0.649425,1857.042,3,3,0.010000,0.080000,0.840000,0.070000,0.000000,0.120000,0.580000,0.220000,NOTE_HYPOTHESIS,shared_audio_intelligence_v0_2;spectral_peak;owner_supplied_audio
BE-003:pitch:00560,BE-003:onset:0122,24.264853,732.264853,39.720000,10,4.720000,45.4734,A2,113.0493,0.510839,1.000000,0.722547,0.850000,0.550000,,0.606592,1202.500,6,1,0.550000,0.350000,0.030000,0.070000,0.480000,0.320000,0.000000,0.000000,NOTE_HYPOTHESIS,shared_audio_intelligence_v0_2;spectral_peak;owner_supplied_audio
BE-003:pitch:00561,BE-003:onset:0122,24.264853,732.264853,39.720000,10,4.720000,64.7656,F4,344.5312,0.116100,1.000000,0.722547,0.850000,0.580000,,0.606592,1202.500,6,2,0.050000,0.300000,0.580000,0.070000,0.000000,0.450000,0.250000,0.200000,NOTE_HYPOTHESIS,shared_audio_intelligence_v0_2;spectral_peak;owner_supplied_audio
BE-003:pitch:00562,BE-003:onset:0122,24.264853,732.264853,39.720000,10,4.720000,61.8242,D4,290.6982,0.185760,1.000000,0.722547,0.850000,0.520000,,0.606592,1202.500,6,3,0.250000,0.520000,0.150000,0.080000,0.000000,0.450000,0.250000,0.200000,NOTE_HYPOTHESIS,shared_audio_intelligence_v0_2;spectral_peak;owner_supplied_audio
BE-003:pitch:00563,BE-003:onset:0122,24.264853,732.264853,39.720000,10,4.720000,76.9003,F5,694.4458,0.046440,1.000000,0.722547,0.850000,0.840000,,0.606592,1202.500,6,4,0.010000,0.080000,0.840000,0.070000,0.000000,0.120000,0.580000,0.220000,NOTE_HYPOTHESIS,shared_audio_intelligence_v0_2;spectral_peak;owner_supplied_audio
BE-003:pitch:00564,BE-003:onset:0122,24.264853,732.264853,39.720000,10,4.720000,73.8242,D5,581.3965,0.139320,1.000000,0.722547,0.850000,0.580000,,0.606592,1202.500,6,5,0.050000,0.300000,0.580000,0.070000,0.000000,0.120000,0.580000,0.220000,NOTE_HYPOTHESIS,shared_audio_intelligence_v0_2;spectral_peak;owner_supplied_audio
BE-003:pitch:00565,BE-003:onset:0122,24.264853,732.264853,39.720000,10,4.720000,47.7851,C3,129.1992,0.371519,1.000000,0.722547,0.850000,0.550000,,0.606592,1202.500,6,6,0.550000,0.350000,0.030000,0.070000,0.480000,0.320000,0.000000,0.000000,NOTE_HYPOTHESIS,shared_audio_intelligence_v0_2;spectral_peak;owner_supplied_audio
BE-003:pitch:00566,BE-003:onset:0123,24.427392,732.427392,40.000000,11,1.000000,62.7603,D#4,306.8481,0.185760,1.000000,1.000000,0.850000,0.520000,,0.604945,1247.338,5,1,0.250000,0.520000,0.150000,0.080000,0.000000,0.450000,0.250000,0.200000,NOTE_HYPOTHESIS,shared_audio_intelligence_v0_2;spectral_peak;owner_supplied_audio
BE-003:pitch:00567,BE-003:onset:0123,24.427392,732.427392,40.000000,11,1.000000,45.4734,A2,113.0493,0.371519,1.000000,1.000000,0.850000,0.550000,,0.604945,1247.338,5,2,0.550000,0.350000,0.030000,0.070000,0.480000,0.320000,0.000000,0.000000,NOTE_HYPOTHESIS,shared_audio_intelligence_v0_2;spectral_peak;owner_supplied_audio
BE-003:pitch:00568,BE-003:onset:0123,24.427392,732.427392,40.000000,11,1.000000,74.7603,D#5,613.6963,0.162540,1.000000,1.000000,0.850000,0.580000,,0.604945,1247.338,5,3,0.050000,0.300000,0.580000,0.070000,0.000000,0.120000,0.580000,0.220000,NOTE_HYPOTHESIS,shared_audio_intelligence_v0_2;spectral_peak;owner_supplied_audio
BE-003:pitch:00569,BE-003:onset:0123,24.427392,732.427392,40.000000,11,1.000000,81.8808,A#5,925.9277,0.139320,1.000000,1.000000,0.850000,0.840000,,0.604945,1247.338,5,4,0.010000,0.080000,0.840000,0.070000,0.000000,0.120000,0.580000,0.220000,NOTE_HYPOTHESIS,shared_audio_intelligence_v0_2;spectral_peak;owner_supplied_audio
BE-003:pitch:00570,BE-003:onset:0123,24.427392,732.427392,40.000000,11,1.000000,86.9115,D#6,1238.1592,0.116100,1.000000,1.000000,0.850000,0.840000,,0.604945,1247.338,5,5,0.010000,0.080000,0.840000,0.070000,0.000000,0.120000,0.580000,0.220000,NOTE_HYPOTHESIS,shared_audio_intelligence_v0_2;spectral_peak;owner_supplied_audio
BE-003:pitch:00571,BE-003:onset:0124,24.566712,732.566712,40.240000,11,1.240000,44.6287,A2,107.6660,0.208980,1.000000,0.667430,0.850000,0.760000,,0.615698,1148.694,3,1,0.760000,0.180000,0.010000,0.050000,0.480000,0.320000,0.000000,0.000000,NOTE_HYPOTHESIS,shared_audio_intelligence_v0_2;spectral_peak;owner_supplied_audio
BE-003:pitch:00572,BE-003:onset:0124,24.566712,732.566712,40.240000,11,1.240000,66.8047,G4,387.5977,0.208980,1.000000,0.667430,0.850000,0.580000,,0.615698,1148.694,3,2,0.050000,0.300000,0.580000,0.070000,0.000000,0.450000,0.250000,0.200000,NOTE_HYPOTHESIS,shared_audio_intelligence_v0_2;spectral_peak;owner_supplied_audio
BE-003:pitch:00573,BE-003:onset:0124,24.566712,732.566712,40.240000,11,1.240000,63.0613,D#4,312.2314,0.116100,1.000000,0.667430,0.850000,0.520000,,0.615698,1148.694,3,3,0.250000,0.520000,0.150000,0.080000,0.000000,0.450000,0.250000,0.200000,NOTE_HYPOTHESIS,shared_audio_intelligence_v0_2;spectral_peak;owner_supplied_audio
BE-003:pitch:00574,BE-003:onset:0125,24.729252,732.729252,40.520000,11,1.520000,44.6287,A2,107.6660,0.069660,1.000000,0.729320,0.850000,0.760000,,0.496572,1566.163,4,1,0.760000,0.180000,0.010000,0.050000,0.480000,0.320000,0.000000,0.000000,NOTE_HYPOTHESIS,shared_audio_intelligence_v0_2;spectral_peak;owner_supplied_audio
BE-003:pitch:00575,BE-003:onset:0125,24.729252,732.729252,40.520000,11,1.520000,57.8808,A#3,231.4819,0.534059,1.000000,0.729320,0.850000,0.520000,,0.496572,1566.163,4,2,0.250000,0.520000,0.150000,0.080000,0.000000,0.450000,0.250000,0.200000,NOTE_HYPOTHESIS,shared_audio_intelligence_v0_2;spectral_peak;owner_supplied_audio
BE-003:pitch:00576,BE-003:onset:0125,24.729252,732.729252,40.520000,11,1.520000,67.0435,G4,392.9810,0.162540,1.000000,0.729320,0.850000,0.580000,,0.496572,1566.163,4,3,0.050000,0.300000,0.580000,0.070000,0.000000,0.450000,0.250000,0.200000,NOTE_HYPOTHESIS,shared_audio_intelligence_v0_2;spectral_peak;owner_supplied_audio
BE-003:pitch:00577,BE-003:onset:0125,24.729252,732.729252,40.520000,11,1.520000,69.8808,A#4,462.9639,0.208980,1.000000,0.729320,0.850000,0.580000,,0.496572,1566.163,4,4,0.050000,0.300000,0.580000,0.070000,0.000000,0.450000,0.250000,0.200000,NOTE_HYPOTHESIS,shared_audio_intelligence_v0_2;spectral_peak;owner_supplied_audio
BE-003:pitch:00578,BE-003:onset:0126,24.822132,732.822132,40.680000,11,1.680000,73.8242,D5,581.3965,0.185760,1.000000,1.000000,0.850000,0.580000,,0.636576,1307.471,4,1,0.050000,0.300000,0.580000,0.070000,0.000000,0.120000,0.580000,0.220000,NOTE_HYPOTHESIS,shared_audio_intelligence_v0_2;spectral_peak;owner_supplied_audio
BE-003:pitch:00579,BE-003:onset:0126,24.822132,732.822132,40.680000,11,1.680000,85.9042,D6,1168.1763,0.162540,1.000000,1.000000,0.850000,0.840000,,0.636576,1307.471,4,2,0.010000,0.080000,0.840000,0.070000,0.000000,0.120000,0.580000,0.220000,NOTE_HYPOTHESIS,shared_audio_intelligence_v0_2;spectral_peak;owner_supplied_audio
BE-003:pitch:00580,BE-003:onset:0126,24.822132,732.822132,40.680000,11,1.680000,74.4538,D5,602.9297,0.510839,1.000000,1.000000,0.850000,0.580000,,0.636576,1307.471,4,3,0.050000,0.300000,0.580000,0.070000,0.000000,0.120000,0.580000,0.220000,NOTE_HYPOTHESIS,shared_audio_intelligence_v0_2;spectral_peak;owner_supplied_audio
BE-003:pitch:00581,BE-003:onset:0126,24.822132,732.822132,40.680000,11,1.680000,57.8808,A#3,231.4819,0.441179,1.000000,1.000000,0.850000,0.520000,,0.636576,1307.471,4,4,0.250000,0.520000,0.150000,0.080000,0.000000,0.450000,0.250000,0.200000,NOTE_HYPOTHESIS,shared_audio_intelligence_v0_2;spectral_peak;owner_supplied_audio
BE-003:pitch:00582,BE-003:onset:0127,25.007891,733.007891,41.000000,11,2.000000,74.9115,D#5,619.0796,0.208980,1.000000,1.000000,0.850000,0.580000,,0.878151,1368.001,3,1,0.050000,0.300000,0.580000,0.070000,0.000000,0.120000,0.580000,0.220000,NOTE_HYPOTHESIS,shared_audio_intelligence_v0_2;spectral_peak;owner_supplied_audio
BE-003:pitch:00583,BE-003:onset:0127,25.007891,733.007891,41.000000,11,2.000000,45.4734,A2,113.0493,0.650159,1.000000,1.000000,0.850000,0.550000,,0.878151,1368.001,3,2,0.550000,0.350000,0.030000,0.070000,0.480000,0.320000,0.000000,0.000000,NOTE_HYPOTHESIS,shared_audio_intelligence_v0_2;spectral_peak;owner_supplied_audio
BE-003:pitch:00584,BE-003:onset:0127,25.007891,733.007891,41.000000,11,2.000000,86.9115,D#6,1238.1592,0.185760,1.000000,1.000000,0.850000,0.840000,,0.878151,1368.001,3,3,0.010000,0.080000,0.840000,0.070000,0.000000,0.120000,0.580000,0.220000,NOTE_HYPOTHESIS,shared_audio_intelligence_v0_2;spectral_peak;owner_supplied_audio
BE-003:pitch:00585,BE-003:onset:0128,25.123991,733.123991,41.178571,11,2.178571,74.9115,D#5,619.0796,0.116100,1.000000,0.683384,0.850000,0.580000,,0.755300,1508.950,4,1,0.050000,0.300000,0.580000,0.070000,0.000000,0.120000,0.580000,0.220000,NOTE_HYPOTHESIS,shared_audio_intelligence_v0_2;spectral_peak;owner_supplied_audio
BE-003:pitch:00586,BE-003:onset:0128,25.123991,733.123991,41.178571,11,2.178571,45.4734,A2,113.0493,0.534059,1.000000,0.683384,0.850000,0.550000,,0.755300,1508.950,4,2,0.550000,0.350000,0.030000,0.070000,0.480000,0.320000,0.000000,0.000000,NOTE_HYPOTHESIS,shared_audio_intelligence_v0_2;spectral_peak;owner_supplied_audio
BE-003:pitch:00587,BE-003:onset:0128,25.123991,733.123991,41.178571,11,2.178571,82.8591,B5,979.7607,0.139320,1.000000,0.683384,0.850000,0.840000,,0.755300,1508.950,4,3,0.010000,0.080000,0.840000,0.070000,0.000000,0.120000,0.580000,0.220000,NOTE_HYPOTHESIS,shared_audio_intelligence_v0_2;spectral_peak;owner_supplied_audio
BE-003:pitch:00588,BE-003:onset:0128,25.123991,733.123991,41.178571,11,2.178571,86.9115,D#6,1238.1592,0.069660,1.000000,0.683384,0.850000,0.840000,,0.755300,1508.950,4,4,0.010000,0.080000,0.840000,0.070000,0.000000,0.120000,0.580000,0.220000,NOTE_HYPOTHESIS,shared_audio_intelligence_v0_2;spectral_peak;owner_supplied_audio
BE-003:pitch:00589,BE-003:onset:0129,25.286531,733.286531,41.428571,11,2.428571,73.8242,D5,581.3965,0.208980,1.000000,1.000000,0.850000,0.580000,,0.746190,1305.079,3,1,0.050000,0.300000,0.580000,0.070000,0.000000,0.120000,0.580000,0.220000,NOTE_HYPOTHESIS,shared_audio_intelligence_v0_2;spectral_peak;owner_supplied_audio
BE-003:pitch:00590,BE-003:onset:0129,25.286531,733.286531,41.428571,11,2.428571,45.4734,A2,113.0493,0.371519,1.000000,1.000000,0.850000,0.550000,,0.746190,1305.079,3,2,0.550000,0.350000,0.030000,0.070000,0.480000,0.320000,0.000000,0.000000,NOTE_HYPOTHESIS,shared_audio_intelligence_v0_2;spectral_peak;owner_supplied_audio
BE-003:pitch:00591,BE-003:onset:0129,25.286531,733.286531,41.428571,11,2.428571,85.9042,D6,1168.1763,0.208980,1.000000,1.000000,0.850000,0.840000,,0.746190,1305.079,3,3,0.010000,0.080000,0.840000,0.070000,0.000000,0.120000,0.580000,0.220000,NOTE_HYPOTHESIS,shared_audio_intelligence_v0_2;spectral_peak;owner_supplied_audio
BE-003:pitch:00592,BE-003:onset:0130,25.402630,733.402630,41.607143,11,2.607143,73.8242,D5,581.3965,0.116100,1.000000,0.948973,0.850000,0.580000,,0.762615,1330.270,5,1,0.050000,0.300000,0.580000,0.070000,0.000000,0.120000,0.580000,0.220000,NOTE_HYPOTHESIS,shared_audio_intelligence_v0_2;spectral_peak;owner_supplied_audio
BE-003:pitch:00593,BE-003:onset:0130,25.402630,733.402630,41.607143,11,2.607143,44.6287,A2,107.6660,0.626939,1.000000,0.948973,0.850000,0.760000,,0.762615,1330.270,5,2,0.760000,0.180000,0.010000,0.050000,0.480000,0.320000,0.000000,0.000000,NOTE_HYPOTHESIS,shared_audio_intelligence_v0_2;spectral_peak;owner_supplied_audio
BE-003:pitch:00594,BE-003:onset:0130,25.402630,733.402630,41.607143,11,2.607143,83.8751,C6,1038.9771,0.162540,1.000000,0.948973,0.850000,0.840000,,0.762615,1330.270,5,3,0.010000,0.080000,0.840000,0.070000,0.000000,0.120000,0.580000,0.220000,NOTE_HYPOTHESIS,shared_audio_intelligence_v0_2;spectral_peak;owner_supplied_audio
BE-003:pitch:00595,BE-003:onset:0130,25.402630,733.402630,41.607143,11,2.607143,85.9042,D6,1168.1763,0.116100,1.000000,0.948973,0.850000,0.840000,,0.762615,1330.270,5,4,0.010000,0.080000,0.840000,0.070000,0.000000,0.120000,0.580000,0.220000,NOTE_HYPOTHESIS,shared_audio_intelligence_v0_2;spectral_peak;owner_supplied_audio
BE-003:pitch:00596,BE-003:onset:0130,25.402630,733.402630,41.607143,11,2.607143,71.9645,C5,522.1802,0.208980,1.000000,0.948973,0.850000,0.580000,,0.762615,1330.270,5,5,0.050000,0.300000,0.580000,0.070000,0.000000,0.120000,0.580000,0.220000,NOTE_HYPOTHESIS,shared_audio_intelligence_v0_2;spectral_peak;owner_supplied_audio
BE-003:pitch:00597,BE-003:onset:0131,25.565170,733.565170,41.857143,11,2.857143,44.6287,A2,107.6660,0.487619,1.000000,0.563698,0.850000,0.760000,,0.398874,1278.798,1,1,0.760000,0.180000,0.010000,0.050000,0.480000,0.320000,0.000000,0.000000,NOTE_HYPOTHESIS,shared_audio_intelligence_v0_2;spectral_peak;owner_supplied_audio
BE-003:pitch:00598,BE-003:onset:0132,25.704490,733.704490,42.086957,11,3.086957,42.8047,G2,96.8994,0.394739,1.000000,0.556014,0.850000,0.760000,,0.524149,2009.168,1,1,0.760000,0.180000,0.010000,0.050000,0.480000,0.320000,0.000000,0.000000,NOTE_HYPOTHESIS,shared_audio_intelligence_v0_2;spectral_peak;owner_supplied_audio
BE-003:pitch:00599,BE-003:onset:0133,25.867029,733.867029,42.391304,11,3.391304,42.8047,G2,96.8994,0.232200,1.000000,1.000000,0.850000,0.760000,,0.591795,1074.818,3,1,0.760000,0.180000,0.010000,0.050000,0.480000,0.320000,0.000000,0.000000,NOTE_HYPOTHESIS,shared_audio_intelligence_v0_2;spectral_peak;owner_supplied_audio
BE-003:pitch:00600,BE-003:onset:0133,25.867029,733.867029,42.391304,11,3.391304,64.7656,F4,344.5312,0.696599,1.000000,1.000000,0.850000,0.580000,,0.591795,1074.818,3,2,0.050000,0.300000,0.580000,0.070000,0.000000,0.450000,0.250000,0.200000,NOTE_HYPOTHESIS,shared_audio_intelligence_v0_2;spectral_peak;owner_supplied_audio
BE-003:pitch:00601,BE-003:onset:0133,25.867029,733.867029,42.391304,11,3.391304,76.9003,F5,694.4458,0.417959,1.000000,1.000000,0.850000,0.840000,,0.591795,1074.818,3,3,0.010000,0.080000,0.840000,0.070000,0.000000,0.120000,0.580000,0.220000,NOTE_HYPOTHESIS,shared_audio_intelligence_v0_2;spectral_peak;owner_supplied_audio
BE-003:pitch:00602,BE-003:onset:0134,26.168889,734.168889,42.956522,11,3.956522,44.6287,A2,107.6660,0.464399,1.000000,0.727460,0.850000,0.760000,,0.558564,884.401,6,1,0.760000,0.180000,0.010000,0.050000,0.480000,0.320000,0.000000,0.000000,NOTE_HYPOTHESIS,shared_audio_intelligence_v0_2;spectral_peak;owner_supplied_audio
BE-003:pitch:00603,BE-003:onset:0134,26.168889,734.168889,42.956522,11,3.956522,64.7656,F4,344.5312,0.417959,1.000000,0.727460,0.850000,0.580000,,0.558564,884.401,6,2,0.050000,0.300000,0.580000,0.070000,0.000000,0.450000,0.250000,0.200000,NOTE_HYPOTHESIS,shared_audio_intelligence_v0_2;spectral_peak;owner_supplied_audio
BE-003:pitch:00604,BE-003:onset:0134,26.168889,734.168889,42.956522,11,3.956522,34.2788,A#1,59.2163,0.487619,1.000000,0.727460,0.850000,0.760000,,0.558564,884.401,6,3,0.760000,0.180000,0.010000,0.050000,0.480000,0.320000,0.000000,0.000000,NOTE_HYPOTHESIS,shared_audio_intelligence_v0_2;spectral_peak;owner_supplied_audio
BE-003:pitch:00605,BE-003:onset:0134,26.168889,734.168889,42.956522,11,3.956522,65.8151,F#4,366.0645,0.255420,1.000000,0.727460,0.850000,0.580000,,0.558564,884.401,6,4,0.050000,0.300000,0.580000,0.070000,0.000000,0.450000,0.250000,0.200000,NOTE_HYPOTHESIS,shared_audio_intelligence_v0_2;spectral_peak;owner_supplied_audio
BE-003:pitch:00606,BE-003:onset:0134,26.168889,734.168889,42.956522,11,3.956522,76.9003,F5,694.4458,0.139320,1.000000,0.727460,0.850000,0.840000,,0.558564,884.401,6,5,0.010000,0.080000,0.840000,0.070000,0.000000,0.120000,0.580000,0.220000,NOTE_HYPOTHESIS,shared_audio_intelligence_v0_2;spectral_peak;owner_supplied_audio
BE-003:pitch:00607,BE-003:onset:0134,26.168889,734.168889,42.956522,11,3.956522,83.8751,C6,1038.9771,0.139320,1.000000,0.727460,0.850000,0.840000,,0.558564,884.401,6,6,0.010000,0.080000,0.840000,0.070000,0.000000,0.120000,0.580000,0.220000,NOTE_HYPOTHESIS,shared_audio_intelligence_v0_2;spectral_peak;owner_supplied_audio
BE-003:pitch:00608,BE-003:onset:0135,26.493968,734.493968,43.541667,11,4.541667,32.6287,A1,53.8330,0.139320,1.000000,0.834205,0.850000,0.760000,,0.550861,1458.072,6,1,0.760000,0.180000,0.010000,0.050000,0.480000,0.320000,0.000000,0.000000,NOTE_HYPOTHESIS,shared_audio_intelligence_v0_2;spectral_peak;owner_supplied_audio
BE-003:pitch:00609,BE-003:onset:0135,26.493968,734.493968,43.541667,11,4.541667,62.7603,D#4,306.8481,0.487619,1.000000,0.834205,0.850000,0.520000,,0.550861,1458.072,6,2,0.250000,0.520000,0.150000,0.080000,0.000000,0.450000,0.250000,0.200000,NOTE_HYPOTHESIS,shared_audio_intelligence_v0_2;spectral_peak;owner_supplied_audio
BE-003:pitch:00610,BE-003:onset:0135,26.493968,734.493968,43.541667,11,4.541667,65.0340,F4,349.9146,0.116100,1.000000,0.834205,0.850000,0.580000,,0.550861,1458.072,6,3,0.050000,0.300000,0.580000,0.070000,0.000000,0.450000,0.250000,0.200000,NOTE_HYPOTHESIS,shared_audio_intelligence_v0_2;spectral_peak;owner_supplied_audio
BE-003:pitch:00611,BE-003:onset:0135,26.493968,734.493968,43.541667,11,4.541667,44.6287,A2,107.6660,0.139320,1.000000,0.834205,0.850000,0.760000,,0.550861,1458.072,6,4,0.760000,0.180000,0.010000,0.050000,0.480000,0.320000,0.000000,0.000000,NOTE_HYPOTHESIS,shared_audio_intelligence_v0_2;spectral_peak;owner_supplied_audio
BE-003:pitch:00612,BE-003:onset:0135,26.493968,734.493968,43.541667,11,4.541667,74.7603,D#5,613.6963,0.162540,1.000000,0.834205,0.850000,0.580000,,0.550861,1458.072,6,5,0.050000,0.300000,0.580000,0.070000,0.000000,0.120000,0.580000,0.220000,NOTE_HYPOTHESIS,shared_audio_intelligence_v0_2;spectral_peak;owner_supplied_audio
BE-003:pitch:00613,BE-003:onset:0135,26.493968,734.493968,43.541667,11,4.541667,81.8808,A#5,925.9277,0.139320,1.000000,0.834205,0.850000,0.840000,,0.550861,1458.072,6,6,0.010000,0.080000,0.840000,0.070000,0.000000,0.120000,0.580000,0.220000,NOTE_HYPOTHESIS,shared_audio_intelligence_v0_2;spectral_peak;owner_supplied_audio
BE-003:pitch:00614,BE-003:onset:0136,26.749388,734.749388,44.000000,12,1.000000,62.7603,D#4,306.8481,0.208980,1.000000,1.000000,0.850000,0.520000,,0.660497,1049.985,6,1,0.250000,0.520000,0.150000,0.080000,0.000000,0.450000,0.250000,0.200000,NOTE_HYPOTHESIS,shared_audio_intelligence_v0_2;spectral_peak;owner_supplied_audio
BE-003:pitch:00615,BE-003:onset:0136,26.749388,734.749388,44.000000,12,1.000000,74.7603,D#5,613.6963,0.185760,1.000000,1.000000,0.850000,0.580000,,0.660497,1049.985,6,2,0.050000,0.300000,0.580000,0.070000,0.000000,0.120000,0.580000,0.220000,NOTE_HYPOTHESIS,shared_audio_intelligence_v0_2;spectral_peak;owner_supplied_audio
BE-003:pitch:00616,BE-003:onset:0136,26.749388,734.749388,44.000000,12,1.000000,44.6287,A2,107.6660,0.464399,1.000000,1.000000,0.850000,0.760000,,0.660497,1049.985,6,3,0.760000,0.180000,0.010000,0.050000,0.480000,0.320000,0.000000,0.000000,NOTE_HYPOTHESIS,shared_audio_intelligence_v0_2;spectral_peak;owner_supplied_audio
BE-003:pitch:00617,BE-003:onset:0136,26.749388,734.749388,44.000000,12,1.000000,81.8808,A#5,925.9277,0.162540,1.000000,1.000000,0.850000,0.840000,,0.660497,1049.985,6,4,0.010000,0.080000,0.840000,0.070000,0.000000,0.120000,0.580000,0.220000,NOTE_HYPOTHESIS,shared_audio_intelligence_v0_2;spectral_peak;owner_supplied_audio
BE-003:pitch:00618,BE-003:onset:0136,26.749388,734.749388,44.000000,12,1.000000,32.6287,A1,53.8330,1.532517,1.000000,1.000000,0.850000,0.760000,,0.660497,1049.985,6,5,0.760000,0.180000,0.010000,0.050000,0.480000,0.320000,0.000000,0.000000,NOTE_HYPOTHESIS,shared_audio_intelligence_v0_2;spectral_peak;owner_supplied_audio
BE-003:pitch:00619,BE-003:onset:0136,26.749388,734.749388,44.000000,12,1.000000,86.9115,D#6,1238.1592,0.162540,1.000000,1.000000,0.850000,0.840000,,0.660497,1049.985,6,6,0.010000,0.080000,0.840000,0.070000,0.000000,0.120000,0.580000,0.220000,NOTE_HYPOTHESIS,shared_audio_intelligence_v0_2;spectral_peak;owner_supplied_audio
BE-003:pitch:00620,BE-003:onset:0137,27.028027,735.028027,44.500000,12,1.500000,32.6287,A1,53.8330,0.278639,1.000000,0.588784,0.850000,0.760000,,0.569753,1162.170,4,1,0.760000,0.180000,0.010000,0.050000,0.480000,0.320000,0.000000,0.000000,NOTE_HYPOTHESIS,shared_audio_intelligence_v0_2;spectral_peak;owner_supplied_audio
BE-003:pitch:00621,BE-003:onset:0137,27.028027,735.028027,44.500000,12,1.500000,45.4734,A2,113.0493,0.139320,1.000000,0.588784,0.850000,0.550000,,0.569753,1162.170,4,2,0.550000,0.350000,0.030000,0.070000,0.480000,0.320000,0.000000,0.000000,NOTE_HYPOTHESIS,shared_audio_intelligence_v0_2;spectral_peak;owner_supplied_audio
BE-003:pitch:00622,BE-003:onset:0137,27.028027,735.028027,44.500000,12,1.500000,66.0679,F#4,371.4478,0.092880,1.000000,0.588784,0.850000,0.580000,,0.569753,1162.170,4,3,0.050000,0.300000,0.580000,0.070000,0.000000,0.450000,0.250000,0.200000,NOTE_HYPOTHESIS,shared_audio_intelligence_v0_2;spectral_peak;owner_supplied_audio
BE-003:pitch:00623,BE-003:onset:0137,27.028027,735.028027,44.500000,12,1.500000,68.8438,A4,436.0474,0.278639,1.000000,0.588784,0.850000,0.580000,,0.569753,1162.170,4,4,0.050000,0.300000,0.580000,0.070000,0.000000,0.450000,0.250000,0.200000,NOTE_HYPOTHESIS,shared_audio_intelligence_v0_2;spectral_peak;owner_supplied_audio
BE-003:pitch:00624,BE-003:onset:0138,27.144127,735.144127,44.708333,12,1.708333,83.8751,C6,1038.9771,0.139320,1.000000,1.000000,0.850000,0.840000,,0.723025,1343.706,6,1,0.010000,0.080000,0.840000,0.070000,0.000000,0.120000,0.580000,0.220000,NOTE_HYPOTHESIS,shared_audio_intelligence_v0_2;spectral_peak;owner_supplied_audio
BE-003:pitch:00625,BE-003:onset:0138,27.144127,735.144127,44.708333,12,1.708333,34.2788,A#1,59.2163,0.905578,1.000000,1.000000,0.850000,0.760000,,0.723025,1343.706,6,2,0.760000,0.180000,0.010000,0.050000,0.480000,0.320000,0.000000,0.000000,NOTE_HYPOTHESIS,shared_audio_intelligence_v0_2;spectral_peak;owner_supplied_audio
BE-003:pitch:00626,BE-003:onset:0138,27.144127,735.144127,44.708333,12,1.708333,71.9645,C5,522.1802,0.162540,1.000000,1.000000,0.850000,0.580000,,0.723025,1343.706,6,3,0.050000,0.300000,0.580000,0.070000,0.000000,0.120000,0.580000,0.220000,NOTE_HYPOTHESIS,shared_audio_intelligence_v0_2;spectral_peak;owner_supplied_audio
BE-003:pitch:00627,BE-003:onset:0138,27.144127,735.144127,44.708333,12,1.708333,42.8047,G2,96.8994,0.185760,1.000000,1.000000,0.850000,0.760000,,0.723025,1343.706,6,4,0.760000,0.180000,0.010000,0.050000,0.480000,0.320000,0.000000,0.000000,NOTE_HYPOTHESIS,shared_audio_intelligence_v0_2;spectral_peak;owner_supplied_audio
BE-003:pitch:00628,BE-003:onset:0138,27.144127,735.144127,44.708333,12,1.708333,90.9245,G6,1561.1572,0.116100,1.000000,1.000000,0.850000,0.840000,,0.723025,1343.706,6,5,0.010000,0.080000,0.840000,0.070000,0.000000,0.120000,0.580000,0.220000,NOTE_HYPOTHESIS,shared_audio_intelligence_v0_2;spectral_peak;owner_supplied_audio
BE-003:pitch:00629,BE-003:onset:0138,27.144127,735.144127,44.708333,12,1.708333,68.8438,A4,436.0474,0.162540,1.000000,1.000000,0.850000,0.580000,,0.723025,1343.706,6,6,0.050000,0.300000,0.580000,0.070000,0.000000,0.450000,0.250000,0.200000,NOTE_HYPOTHESIS,shared_audio_intelligence_v0_2;spectral_peak;owner_supplied_audio
BE-003:pitch:00630,BE-003:onset:0139,27.306667,735.306667,45.000000,12,2.000000,73.0036,C#5,554.4800,0.325079,1.000000,0.994167,0.850000,0.580000,,0.603153,1271.302,6,1,0.050000,0.300000,0.580000,0.070000,0.000000,0.120000,0.580000,0.220000,NOTE_HYPOTHESIS,shared_audio_intelligence_v0_2;spectral_peak;owner_supplied_audio
BE-003:pitch:00631,BE-003:onset:0139,27.306667,735.306667,45.000000,12,2.000000,84.9193,C#6,1103.5767,0.139320,1.000000,0.994167,0.850000,0.840000,,0.603153,1271.302,6,2,0.010000,0.080000,0.840000,0.070000,0.000000,0.120000,0.580000,0.220000,NOTE_HYPOTHESIS,shared_audio_intelligence_v0_2;spectral_peak;owner_supplied_audio
BE-003:pitch:00632,BE-003:onset:0139,27.306667,735.306667,45.000000,12,2.000000,34.2788,A#1,59.2163,0.998458,1.000000,0.994167,0.850000,0.760000,,0.603153,1271.302,6,3,0.760000,0.180000,0.010000,0.050000,0.480000,0.320000,0.000000,0.000000,NOTE_HYPOTHESIS,shared_audio_intelligence_v0_2;spectral_peak;owner_supplied_audio
BE-003:pitch:00633,BE-003:onset:0139,27.306667,735.306667,45.000000,12,2.000000,63.9344,E4,328.3813,0.255420,1.000000,0.994167,0.850000,0.520000,,0.603153,1271.302,6,4,0.250000,0.520000,0.150000,0.080000,0.000000,0.450000,0.250000,0.200000,NOTE_HYPOTHESIS,shared_audio_intelligence_v0_2;spectral_peak;owner_supplied_audio
BE-003:pitch:00634,BE-003:onset:0139,27.306667,735.306667,45.000000,12,2.000000,30.8047,G1,48.4497,0.928798,1.000000,0.994167,0.850000,0.760000,,0.603153,1271.302,6,5,0.760000,0.180000,0.010000,0.050000,0.480000,0.320000,0.000000,0.000000,NOTE_HYPOTHESIS,shared_audio_intelligence_v0_2;spectral_peak;owner_supplied_audio
BE-003:pitch:00635,BE-003:onset:0139,27.306667,735.306667,45.000000,12,2.000000,97.0036,C#7,2217.9199,0.116100,1.000000,0.994167,0.850000,0.840000,,0.603153,1271.302,6,6,0.010000,0.080000,0.840000,0.070000,0.000000,0.120000,0.580000,0.220000,NOTE_HYPOTHESIS,shared_audio_intelligence_v0_2;spectral_peak;owner_supplied_audio
BE-003:pitch:00636,BE-003:onset:0140,27.445986,735.445986,45.214286,12,2.214286,73.8242,D5,581.3965,0.185760,1.000000,0.754137,0.850000,0.580000,,0.709085,1513.175,5,1,0.050000,0.300000,0.580000,0.070000,0.000000,0.120000,0.580000,0.220000,NOTE_HYPOTHESIS,shared_audio_intelligence_v0_2;spectral_peak;owner_supplied_audio
BE-003:pitch:00637,BE-003:onset:0140,27.445986,735.445986,45.214286,12,2.214286,34.2788,A#1,59.2163,0.603719,1.000000,0.754137,0.850000,0.760000,,0.709085,1513.175,5,2,0.760000,0.180000,0.010000,0.050000,0.480000,0.320000,0.000000,0.000000,NOTE_HYPOTHESIS,shared_audio_intelligence_v0_2;spectral_peak;owner_supplied_audio
BE-003:pitch:00638,BE-003:onset:0140,27.445986,735.445986,45.214286,12,2.214286,72.8347,C#5,549.0967,0.208980,1.000000,0.754137,0.850000,0.580000,,0.709085,1513.175,5,3,0.050000,0.300000,0.580000,0.070000,0.000000,0.120000,0.580000,0.220000,NOTE_HYPOTHESIS,shared_audio_intelligence_v0_2;spectral_peak;owner_supplied_audio
BE-003:pitch:00639,BE-003:onset:0140,27.445986,735.445986,45.214286,12,2.214286,85.9042,D6,1168.1763,0.162540,1.000000,0.754137,0.850000,0.840000,,0.709085,1513.175,5,4,0.010000,0.080000,0.840000,0.070000,0.000000,0.120000,0.580000,0.220000,NOTE_HYPOTHESIS,shared_audio_intelligence_v0_2;spectral_peak;owner_supplied_audio
BE-003:pitch:00640,BE-003:onset:0140,27.445986,735.445986,45.214286,12,2.214286,63.9344,E4,328.3813,0.116100,1.000000,0.754137,0.850000,0.520000,,0.709085,1513.175,5,5,0.250000,0.520000,0.150000,0.080000,0.000000,0.450000,0.250000,0.200000,NOTE_HYPOTHESIS,shared_audio_intelligence_v0_2;spectral_peak;owner_supplied_audio
BE-003:pitch:00641,BE-003:onset:0141,27.608526,735.608526,45.464286,12,2.464286,34.2788,A#1,59.2163,0.441179,1.000000,0.823613,0.850000,0.760000,,0.485535,1525.846,4,1,0.760000,0.180000,0.010000,0.050000,0.480000,0.320000,0.000000,0.000000,NOTE_HYPOTHESIS,shared_audio_intelligence_v0_2;spectral_peak;owner_supplied_audio
BE-003:pitch:00642,BE-003:onset:0141,27.608526,735.608526,45.464286,12,2.464286,81.8808,A#5,925.9277,0.162540,1.000000,0.823613,0.850000,0.840000,,0.485535,1525.846,4,2,0.010000,0.080000,0.840000,0.070000,0.000000,0.120000,0.580000,0.220000,NOTE_HYPOTHESIS,shared_audio_intelligence_v0_2;spectral_peak;owner_supplied_audio
BE-003:pitch:00643,BE-003:onset:0141,27.608526,735.608526,45.464286,12,2.464286,73.9838,D5,586.7798,0.092880,1.000000,0.823613,0.850000,0.580000,,0.485535,1525.846,4,3,0.050000,0.300000,0.580000,0.070000,0.000000,0.120000,0.580000,0.220000,NOTE_HYPOTHESIS,shared_audio_intelligence_v0_2;spectral_peak;owner_supplied_audio
BE-003:pitch:00644,BE-003:onset:0141,27.608526,735.608526,45.464286,12,2.464286,69.8808,A#4,462.9639,0.232200,1.000000,0.823613,0.850000,0.580000,,0.485535,1525.846,4,4,0.050000,0.300000,0.580000,0.070000,0.000000,0.450000,0.250000,0.200000,NOTE_HYPOTHESIS,shared_audio_intelligence_v0_2;spectral_peak;owner_supplied_audio
BE-003:pitch:00645,BE-003:onset:0142,27.724626,735.724626,45.642857,12,2.642857,44.6287,A2,107.6660,0.301859,1.000000,0.715616,0.850000,0.760000,,0.421253,1499.899,6,1,0.760000,0.180000,0.010000,0.050000,0.480000,0.320000,0.000000,0.000000,NOTE_HYPOTHESIS,shared_audio_intelligence_v0_2;spectral_peak;owner_supplied_audio
BE-003:pitch:00646,BE-003:onset:0142,27.724626,735.724626,45.642857,12,2.642857,35.7851,C2,64.5996,0.534059,1.000000,0.715616,0.850000,0.760000,,0.421253,1499.899,6,2,0.760000,0.180000,0.010000,0.050000,0.480000,0.320000,0.000000,0.000000,NOTE_HYPOTHESIS,shared_audio_intelligence_v0_2;spectral_peak;owner_supplied_audio
BE-003:pitch:00647,BE-003:onset:0142,27.724626,735.724626,45.642857,12,2.642857,66.8047,G4,387.5977,0.301859,1.000000,0.715616,0.850000,0.580000,,0.421253,1499.899,6,3,0.050000,0.300000,0.580000,0.070000,0.000000,0.450000,0.250000,0.200000,NOTE_HYPOTHESIS,shared_audio_intelligence_v0_2;spectral_peak;owner_supplied_audio
BE-003:pitch:00648,BE-003:onset:0142,27.724626,735.724626,45.642857,12,2.642857,32.6287,A1,53.8330,0.348299,1.000000,0.715616,0.850000,0.760000,,0.421253,1499.899,6,4,0.760000,0.180000,0.010000,0.050000,0.480000,0.320000,0.000000,0.000000,NOTE_HYPOTHESIS,shared_audio_intelligence_v0_2;spectral_peak;owner_supplied_audio
BE-003:pitch:00649,BE-003:onset:0142,27.724626,735.724626,45.642857,12,2.642857,69.8808,A#4,462.9639,0.139320,1.000000,0.715616,0.850000,0.580000,,0.421253,1499.899,6,5,0.050000,0.300000,0.580000,0.070000,0.000000,0.450000,0.250000,0.200000,NOTE_HYPOTHESIS,shared_audio_intelligence_v0_2;spectral_peak;owner_supplied_audio
BE-003:pitch:00650,BE-003:onset:0142,27.724626,735.724626,45.642857,12,2.642857,81.8808,A#5,925.9277,0.069660,1.000000,0.715616,0.850000,0.840000,,0.421253,1499.899,6,6,0.010000,0.080000,0.840000,0.070000,0.000000,0.120000,0.580000,0.220000,NOTE_HYPOTHESIS,shared_audio_intelligence_v0_2;spectral_peak;owner_supplied_audio
BE-003:pitch:00651,BE-003:onset:0143,27.956825,735.956825,46.000000,12,3.000000,32.6287,A1,53.8330,0.116100,1.000000,0.724547,0.850000,0.760000,,0.414713,1558.503,6,1,0.760000,0.180000,0.010000,0.050000,0.480000,0.320000,0.000000,0.000000,NOTE_HYPOTHESIS,shared_audio_intelligence_v0_2;spectral_peak;owner_supplied_audio
BE-003:pitch:00652,BE-003:onset:0143,27.956825,735.956825,46.000000,12,3.000000,73.8242,D5,581.3965,0.208980,1.000000,0.724547,0.850000,0.580000,,0.414713,1558.503,6,2,0.050000,0.300000,0.580000,0.070000,0.000000,0.120000,0.580000,0.220000,NOTE_HYPOTHESIS,shared_audio_intelligence_v0_2;spectral_peak;owner_supplied_audio
BE-003:pitch:00653,BE-003:onset:0143,27.956825,735.956825,46.000000,12,3.000000,44.6287,A2,107.6660,0.092880,1.000000,0.724547,0.850000,0.760000,,0.414713,1558.503,6,3,0.760000,0.180000,0.010000,0.050000,0.480000,0.320000,0.000000,0.000000,NOTE_HYPOTHESIS,shared_audio_intelligence_v0_2;spectral_peak;owner_supplied_audio
BE-003:pitch:00654,BE-003:onset:0143,27.956825,735.956825,46.000000,12,3.000000,61.8242,D4,290.6982,0.208980,1.000000,0.724547,0.850000,0.520000,,0.414713,1558.503,6,4,0.250000,0.520000,0.150000,0.080000,0.000000,0.450000,0.250000,0.200000,NOTE_HYPOTHESIS,shared_audio_intelligence_v0_2;spectral_peak;owner_supplied_audio
BE-003:pitch:00655,BE-003:onset:0143,27.956825,735.956825,46.000000,12,3.000000,38.4538,D2,75.3662,0.394739,1.000000,0.724547,0.850000,0.760000,,0.414713,1558.503,6,5,0.760000,0.180000,0.010000,0.050000,0.480000,0.320000,0.000000,0.000000,NOTE_HYPOTHESIS,shared_audio_intelligence_v0_2;spectral_peak;owner_supplied_audio
BE-003:pitch:00656,BE-003:onset:0143,27.956825,735.956825,46.000000,12,3.000000,67.0435,G4,392.9810,0.139320,1.000000,0.724547,0.850000,0.580000,,0.414713,1558.503,6,6,0.050000,0.300000,0.580000,0.070000,0.000000,0.450000,0.250000,0.200000,NOTE_HYPOTHESIS,shared_audio_intelligence_v0_2;spectral_peak;owner_supplied_audio
BE-003:pitch:00657,BE-003:onset:0144,28.212245,736.212245,46.392857,12,3.392857,42.8047,G2,96.8994,0.766259,1.000000,0.624674,0.850000,0.760000,,0.490913,1426.868,1,1,0.760000,0.180000,0.010000,0.050000,0.480000,0.320000,0.000000,0.000000,NOTE_HYPOTHESIS,shared_audio_intelligence_v0_2;spectral_peak;owner_supplied_audio
BE-003:pitch:00658,BE-003:onset:0145,28.490884,736.490884,46.821429,12,3.821429,42.8047,G2,96.8994,0.580499,1.000000,0.606754,0.850000,0.760000,,0.463583,1219.119,2,1,0.760000,0.180000,0.010000,0.050000,0.480000,0.320000,0.000000,0.000000,NOTE_HYPOTHESIS,shared_audio_intelligence_v0_2;spectral_peak;owner_supplied_audio
BE-003:pitch:00659,BE-003:onset:0145,28.490884,736.490884,46.821429,12,3.821429,54.8047,G3,193.7988,1.021678,1.000000,0.606754,0.850000,0.550000,,0.463583,1219.119,2,2,0.550000,0.350000,0.030000,0.070000,0.480000,0.320000,0.000000,0.000000,NOTE_HYPOTHESIS,shared_audio_intelligence_v0_2;spectral_peak;owner_supplied_audio
BE-003:pitch:00660,BE-003:onset:0146,28.699864,736.699864,47.153846,12,4.153846,42.8047,G2,96.8994,0.325079,1.000000,0.738175,0.850000,0.760000,,0.504948,1875.610,2,1,0.760000,0.180000,0.010000,0.050000,0.480000,0.320000,0.000000,0.000000,NOTE_HYPOTHESIS,shared_audio_intelligence_v0_2;spectral_peak;owner_supplied_audio
BE-003:pitch:00661,BE-003:onset:0146,28.699864,736.699864,47.153846,12,4.153846,54.8047,G3,193.7988,0.719819,1.000000,0.738175,0.850000,0.550000,,0.504948,1875.610,2,2,0.550000,0.350000,0.030000,0.070000,0.480000,0.320000,0.000000,0.000000,NOTE_HYPOTHESIS,shared_audio_intelligence_v0_2;spectral_peak;owner_supplied_audio
BE-003:pitch:00662,BE-003:onset:0147,28.885624,736.885624,47.461538,12,4.461538,37.1709,C#2,69.9829,0.301859,1.000000,0.675387,0.850000,0.760000,,0.479740,1481.563,4,1,0.760000,0.180000,0.010000,0.050000,0.480000,0.320000,0.000000,0.000000,NOTE_HYPOTHESIS,shared_audio_intelligence_v0_2;spectral_peak;owner_supplied_audio
BE-003:pitch:00663,BE-003:onset:0147,28.885624,736.885624,47.461538,12,4.461538,42.8047,G2,96.8994,0.650159,1.000000,0.675387,0.850000,0.760000,,0.479740,1481.563,4,2,0.760000,0.180000,0.010000,0.050000,0.480000,0.320000,0.000000,0.000000,NOTE_HYPOTHESIS,shared_audio_intelligence_v0_2;spectral_peak;owner_supplied_audio
BE-003:pitch:00664,BE-003:onset:0147,28.885624,736.885624,47.461538,12,4.461538,49.8242,D3,145.3491,0.348299,1.000000,0.675387,0.850000,0.550000,,0.479740,1481.563,4,3,0.550000,0.350000,0.030000,0.070000,0.480000,0.320000,0.000000,0.000000,NOTE_HYPOTHESIS,shared_audio_intelligence_v0_2;spectral_peak;owner_supplied_audio
BE-003:pitch:00665,BE-003:onset:0147,28.885624,736.885624,47.461538,12,4.461538,54.8047,G3,193.7988,0.603719,1.000000,0.675387,0.850000,0.550000,,0.479740,1481.563,4,4,0.550000,0.350000,0.030000,0.070000,0.480000,0.320000,0.000000,0.000000,NOTE_HYPOTHESIS,shared_audio_intelligence_v0_2;spectral_peak;owner_supplied_audio
BE-003:pitch:00666,BE-003:onset:0148,29.094603,737.094603,47.807692,12,4.807692,37.1709,C#2,69.9829,0.116100,1.000000,0.894743,0.850000,0.760000,,0.453713,1503.103,5,1,0.760000,0.180000,0.010000,0.050000,0.480000,0.320000,0.000000,0.000000,NOTE_HYPOTHESIS,shared_audio_intelligence_v0_2;spectral_peak;owner_supplied_audio
BE-003:pitch:00667,BE-003:onset:0148,29.094603,737.094603,47.807692,12,4.807692,49.8242,D3,145.3491,0.139320,1.000000,0.894743,0.850000,0.550000,,0.453713,1503.103,5,2,0.550000,0.350000,0.030000,0.070000,0.480000,0.320000,0.000000,0.000000,NOTE_HYPOTHESIS,shared_audio_intelligence_v0_2;spectral_peak;owner_supplied_audio
BE-003:pitch:00668,BE-003:onset:0148,29.094603,737.094603,47.807692,12,4.807692,65.8151,F#4,366.0645,0.278639,1.000000,0.894743,0.850000,0.580000,,0.453713,1503.103,5,3,0.050000,0.300000,0.580000,0.070000,0.000000,0.450000,0.250000,0.200000,NOTE_HYPOTHESIS,shared_audio_intelligence_v0_2;spectral_peak;owner_supplied_audio
BE-003:pitch:00669,BE-003:onset:0148,29.094603,737.094603,47.807692,12,4.807692,42.8047,G2,96.8994,0.464399,1.000000,0.894743,0.850000,0.760000,,0.453713,1503.103,5,4,0.760000,0.180000,0.010000,0.050000,0.480000,0.320000,0.000000,0.000000,NOTE_HYPOTHESIS,shared_audio_intelligence_v0_2;spectral_peak;owner_supplied_audio
BE-003:pitch:00670,BE-003:onset:0148,29.094603,737.094603,47.807692,12,4.807692,54.8047,G3,193.7988,0.766259,1.000000,0.894743,0.850000,0.550000,,0.453713,1503.103,5,5,0.550000,0.350000,0.030000,0.070000,0.480000,0.320000,0.000000,0.000000,NOTE_HYPOTHESIS,shared_audio_intelligence_v0_2;spectral_peak;owner_supplied_audio
BE-003:pitch:00671,BE-003:onset:0149,29.141043,737.141043,47.884615,12,4.884615,65.8151,F#4,366.0645,0.208980,1.000000,0.723815,0.850000,0.580000,,0.459289,2117.184,6,1,0.050000,0.300000,0.580000,0.070000,0.000000,0.450000,0.250000,0.200000,NOTE_HYPOTHESIS,shared_audio_intelligence_v0_2;spectral_peak;owner_supplied_audio
BE-003:pitch:00672,BE-003:onset:0149,29.141043,737.141043,47.884615,12,4.884615,37.1709,C#2,69.9829,0.092880,1.000000,0.723815,0.850000,0.760000,,0.459289,2117.184,6,2,0.760000,0.180000,0.010000,0.050000,0.480000,0.320000,0.000000,0.000000,NOTE_HYPOTHESIS,shared_audio_intelligence_v0_2;spectral_peak;owner_supplied_audio
BE-003:pitch:00673,BE-003:onset:0149,29.141043,737.141043,47.884615,12,4.884615,43.7407,G#2,102.2827,0.394739,1.000000,0.723815,0.850000,0.760000,,0.459289,2117.184,6,3,0.760000,0.180000,0.010000,0.050000,0.480000,0.320000,0.000000,0.000000,NOTE_HYPOTHESIS,shared_audio_intelligence_v0_2;spectral_peak;owner_supplied_audio
BE-003:pitch:00674,BE-003:onset:0149,29.141043,737.141043,47.884615,12,4.884615,49.8242,D3,145.3491,0.116100,1.000000,0.723815,0.850000,0.550000,,0.459289,2117.184,6,4,0.550000,0.350000,0.030000,0.070000,0.480000,0.320000,0.000000,0.000000,NOTE_HYPOTHESIS,shared_audio_intelligence_v0_2;spectral_peak;owner_supplied_audio
BE-003:pitch:00675,BE-003:onset:0149,29.141043,737.141043,47.884615,12,4.884615,40.7656,F2,86.1328,0.394739,1.000000,0.723815,0.850000,0.760000,,0.459289,2117.184,6,5,0.760000,0.180000,0.010000,0.050000,0.480000,0.320000,0.000000,0.000000,NOTE_HYPOTHESIS,shared_audio_intelligence_v0_2;spectral_peak;owner_supplied_audio
BE-003:pitch:00676,BE-003:onset:0149,29.141043,737.141043,47.884615,12,4.884615,77.9420,F#5,737.5122,0.092880,1.000000,0.723815,0.850000,0.840000,,0.459289,2117.184,6,6,0.010000,0.080000,0.840000,0.070000,0.000000,0.120000,0.580000,0.220000,NOTE_HYPOTHESIS,shared_audio_intelligence_v0_2;spectral_peak;owner_supplied_audio
BE-003:pitch:00677,BE-003:onset:0150,29.280363,737.280363,48.120000,13,1.120000,42.8047,G2,96.8994,0.232200,1.000000,0.604654,0.850000,0.760000,,0.293086,2218.324,4,1,0.760000,0.180000,0.010000,0.050000,0.480000,0.320000,0.000000,0.000000,NOTE_HYPOTHESIS,shared_audio_intelligence_v0_2;spectral_peak;owner_supplied_audio
BE-003:pitch:00678,BE-003:onset:0150,29.280363,737.280363,48.120000,13,1.120000,66.0679,F#4,371.4478,0.092880,1.000000,0.604654,0.850000,0.580000,,0.293086,2218.324,4,2,0.050000,0.300000,0.580000,0.070000,0.000000,0.450000,0.250000,0.200000,NOTE_HYPOTHESIS,shared_audio_intelligence_v0_2;spectral_peak;owner_supplied_audio
BE-003:pitch:00679,BE-003:onset:0150,29.280363,737.280363,48.120000,13,1.120000,66.8047,G4,387.5977,0.232200,1.000000,0.604654,0.850000,0.580000,,0.293086,2218.324,4,3,0.050000,0.300000,0.580000,0.070000,0.000000,0.450000,0.250000,0.200000,NOTE_HYPOTHESIS,shared_audio_intelligence_v0_2;spectral_peak;owner_supplied_audio
BE-003:pitch:00680,BE-003:onset:0150,29.280363,737.280363,48.120000,13,1.120000,54.8047,G3,193.7988,0.417959,1.000000,0.604654,0.850000,0.550000,,0.293086,2218.324,4,4,0.550000,0.350000,0.030000,0.070000,0.480000,0.320000,0.000000,0.000000,NOTE_HYPOTHESIS,shared_audio_intelligence_v0_2;spectral_peak;owner_supplied_audio
BE-003:pitch:00681,BE-003:onset:0151,29.419683,737.419683,48.360000,13,1.360000,42.8047,G2,96.8994,0.116100,1.000000,0.895169,0.850000,0.760000,,0.250376,1784.800,6,1,0.760000,0.180000,0.010000,0.050000,0.480000,0.320000,0.000000,0.000000,NOTE_HYPOTHESIS,shared_audio_intelligence_v0_2;spectral_peak;owner_supplied_audio
BE-003:pitch:00682,BE-003:onset:0151,29.419683,737.419683,48.360000,13,1.360000,44.6287,A2,107.6660,0.139320,1.000000,0.895169,0.850000,0.760000,,0.250376,1784.800,6,2,0.760000,0.180000,0.010000,0.050000,0.480000,0.320000,0.000000,0.000000,NOTE_HYPOTHESIS,shared_audio_intelligence_v0_2;spectral_peak;owner_supplied_audio
BE-003:pitch:00683,BE-003:onset:0151,29.419683,737.419683,48.360000,13,1.360000,66.8047,G4,387.5977,0.116100,1.000000,0.895169,0.850000,0.580000,,0.250376,1784.800,6,3,0.050000,0.300000,0.580000,0.070000,0.000000,0.450000,0.250000,0.200000,NOTE_HYPOTHESIS,shared_audio_intelligence_v0_2;spectral_peak;owner_supplied_audio
BE-003:pitch:00684,BE-003:onset:0151,29.419683,737.419683,48.360000,13,1.360000,51.0613,D#3,156.1157,0.650159,1.000000,0.895169,0.850000,0.550000,,0.250376,1784.800,6,4,0.550000,0.350000,0.030000,0.070000,0.480000,0.320000,0.000000,0.000000,NOTE_HYPOTHESIS,shared_audio_intelligence_v0_2;spectral_peak;owner_supplied_audio
BE-003:pitch:00685,BE-003:onset:0151,29.419683,737.419683,48.360000,13,1.360000,54.8047,G3,193.7988,0.441179,0.939556,0.895169,0.819778,0.550000,,0.250376,1784.800,6,5,0.550000,0.350000,0.030000,0.070000,0.480000,0.320000,0.000000,0.000000,NOTE_HYPOTHESIS,shared_audio_intelligence_v0_2;spectral_peak;owner_supplied_audio
BE-003:pitch:00686,BE-003:onset:0151,29.419683,737.419683,48.360000,13,1.360000,39.6483,E2,80.7495,0.139320,0.936796,0.895169,0.818398,0.760000,,0.250376,1784.800,6,6,0.760000,0.180000,0.010000,0.050000,0.480000,0.320000,0.000000,0.000000,NOTE_HYPOTHESIS,shared_audio_intelligence_v0_2;spectral_peak;owner_supplied_audio
BE-003:pitch:00687,BE-003:onset:0152,29.489342,737.489342,48.480000,13,1.480000,51.0613,D#3,156.1157,0.557279,1.000000,0.894266,0.850000,0.550000,,0.273430,1517.316,6,1,0.550000,0.350000,0.030000,0.070000,0.480000,0.320000,0.000000,0.000000,NOTE_HYPOTHESIS,shared_audio_intelligence_v0_2;spectral_peak;owner_supplied_audio
BE-003:pitch:00688,BE-003:onset:0152,29.489342,737.489342,48.480000,13,1.480000,42.8047,G2,96.8994,0.069660,1.000000,0.894266,0.850000,0.760000,,0.273430,1517.316,6,2,0.760000,0.180000,0.010000,0.050000,0.480000,0.320000,0.000000,0.000000,NOTE_HYPOTHESIS,shared_audio_intelligence_v0_2;spectral_peak;owner_supplied_audio
BE-003:pitch:00689,BE-003:onset:0152,29.489342,737.489342,48.480000,13,1.480000,63.0613,D#4,312.2314,0.232200,1.000000,0.894266,0.850000,0.520000,,0.273430,1517.316,6,3,0.250000,0.520000,0.150000,0.080000,0.000000,0.450000,0.250000,0.200000,NOTE_HYPOTHESIS,shared_audio_intelligence_v0_2;spectral_peak;owner_supplied_audio
BE-003:pitch:00690,BE-003:onset:0152,29.489342,737.489342,48.480000,13,1.480000,49.8242,D3,145.3491,1.021678,0.980421,0.894266,0.840211,0.550000,,0.273430,1517.316,6,4,0.550000,0.350000,0.030000,0.070000,0.480000,0.320000,0.000000,0.000000,NOTE_HYPOTHESIS,shared_audio_intelligence_v0_2;spectral_peak;owner_supplied_audio
BE-003:pitch:00691,BE-003:onset:0152,29.489342,737.489342,48.480000,13,1.480000,79.0435,G5,785.9619,0.232200,0.948772,0.894266,0.824386,0.840000,,0.273430,1517.316,6,5,0.010000,0.080000,0.840000,0.070000,0.000000,0.120000,0.580000,0.220000,NOTE_HYPOTHESIS,shared_audio_intelligence_v0_2;spectral_peak;owner_supplied_audio
BE-003:pitch:00692,BE-003:onset:0152,29.489342,737.489342,48.480000,13,1.480000,39.6483,E2,80.7495,0.069660,0.923231,0.894266,0.811615,0.760000,,0.273430,1517.316,6,6,0.760000,0.180000,0.010000,0.050000,0.480000,0.320000,0.000000,0.000000,NOTE_HYPOTHESIS,shared_audio_intelligence_v0_2;spectral_peak;owner_supplied_audio
BE-003:pitch:00693,BE-003:onset:0153,29.814422,737.814422,49.040000,13,2.040000,49.8242,D3,145.3491,0.208980,1.000000,0.809587,0.850000,0.501984,,0.249860,2624.365,2,1,0.501984,0.319444,0.029762,0.148810,0.480000,0.320000,0.000000,0.000000,NOTE_HYPOTHESIS,shared_audio_intelligence_v0_2;spectral_peak;owner_supplied_audio
BE-003:pitch:00694,BE-003:onset:0153,29.814422,737.814422,49.040000,13,2.040000,68.8438,A4,436.0474,0.301859,1.000000,0.809587,0.850000,0.580000,,0.249860,2624.365,2,2,0.050000,0.300000,0.580000,0.070000,0.000000,0.450000,0.250000,0.200000,NOTE_HYPOTHESIS,shared_audio_intelligence_v0_2;spectral_peak;owner_supplied_audio
BE-003:pitch:00695,BE-003:onset:0154,30.093061,738.093061,49.520000,13,2.520000,48.4919,C3,134.5825,0.325079,1.000000,0.676807,0.850000,0.550000,,0.532965,1152.848,1,1,0.550000,0.350000,0.030000,0.070000,0.480000,0.320000,0.000000,0.000000,NOTE_HYPOTHESIS,shared_audio_intelligence_v0_2;spectral_peak;owner_supplied_audio
BE-003:pitch:00696,BE-003:onset:0155,30.162721,738.162721,49.640000,13,2.640000,48.4919,C3,134.5825,0.232200,1.000000,0.853231,0.850000,0.550000,,0.634077,964.551,3,1,0.550000,0.350000,0.030000,0.070000,0.480000,0.320000,0.000000,0.000000,NOTE_HYPOTHESIS,shared_audio_intelligence_v0_2;spectral_peak;owner_supplied_audio
BE-003:pitch:00697,BE-003:onset:0155,30.162721,738.162721,49.640000,13,2.640000,72.8347,C#5,549.0967,0.162540,1.000000,0.853231,0.850000,0.580000,,0.634077,964.551,3,2,0.050000,0.300000,0.580000,0.070000,0.000000,0.120000,0.580000,0.220000,NOTE_HYPOTHESIS,shared_audio_intelligence_v0_2;spectral_peak;owner_supplied_audio
BE-003:pitch:00698,BE-003:onset:0155,30.162721,738.162721,49.640000,13,2.640000,73.8242,D5,581.3965,0.162540,1.000000,0.853231,0.850000,0.580000,,0.634077,964.551,3,3,0.050000,0.300000,0.580000,0.070000,0.000000,0.120000,0.580000,0.220000,NOTE_HYPOTHESIS,shared_audio_intelligence_v0_2;spectral_peak;owner_supplied_audio
BE-003:pitch:00699,BE-003:onset:0156,30.394921,738.394921,50.038462,13,3.038462,45.4734,A2,113.0493,0.580499,1.000000,0.704736,0.850000,0.550000,,0.304455,1917.919,1,1,0.550000,0.350000,0.030000,0.070000,0.480000,0.320000,0.000000,0.000000,NOTE_HYPOTHESIS,shared_audio_intelligence_v0_2;spectral_peak;owner_supplied_audio
BE-003:pitch:00700,BE-003:onset:0157,30.603900,738.603900,50.384615,13,3.384615,45.4734,A2,113.0493,0.394739,1.000000,0.592424,0.850000,0.550000,,0.225823,2482.802,1,1,0.550000,0.350000,0.030000,0.070000,0.480000,0.320000,0.000000,0.000000,NOTE_HYPOTHESIS,shared_audio_intelligence_v0_2;spectral_peak;owner_supplied_audio
BE-003:pitch:00701,BE-003:onset:0158,30.673560,738.673560,50.500000,13,3.500000,44.6287,A2,107.6660,0.766259,1.000000,0.596115,0.850000,0.760000,,0.280950,1970.247,2,1,0.760000,0.180000,0.010000,0.050000,0.480000,0.320000,0.000000,0.000000,NOTE_HYPOTHESIS,shared_audio_intelligence_v0_2;spectral_peak;owner_supplied_audio
BE-003:pitch:00702,BE-003:onset:0158,30.673560,738.673560,50.500000,13,3.500000,47.7851,C3,129.1992,0.371519,1.000000,0.596115,0.850000,0.550000,,0.280950,1970.247,2,2,0.550000,0.350000,0.030000,0.070000,0.480000,0.320000,0.000000,0.000000,NOTE_HYPOTHESIS,shared_audio_intelligence_v0_2;spectral_peak;owner_supplied_audio
BE-003:pitch:00703,BE-003:onset:0159,30.928980,738.928980,50.923077,13,3.923077,44.6287,A2,107.6660,0.534059,1.000000,1.000000,0.850000,0.760000,,0.581386,1529.972,5,1,0.760000,0.180000,0.010000,0.050000,0.480000,0.320000,0.000000,0.000000,NOTE_HYPOTHESIS,shared_audio_intelligence_v0_2;spectral_peak;owner_supplied_audio
BE-003:pitch:00704,BE-003:onset:0159,30.928980,738.928980,50.923077,13,3.923077,64.7656,F4,344.5312,0.162540,1.000000,1.000000,0.850000,0.580000,,0.581386,1529.972,5,2,0.050000,0.300000,0.580000,0.070000,0.000000,0.450000,0.250000,0.200000,NOTE_HYPOTHESIS,shared_audio_intelligence_v0_2;spectral_peak;owner_supplied_audio
BE-003:pitch:00705,BE-003:onset:0159,30.928980,738.928980,50.923077,13,3.923077,41.8151,F#2,91.5161,0.743039,1.000000,1.000000,0.850000,0.760000,,0.581386,1529.972,5,3,0.760000,0.180000,0.010000,0.050000,0.480000,0.320000,0.000000,0.000000,NOTE_HYPOTHESIS,shared_audio_intelligence_v0_2;spectral_peak;owner_supplied_audio
BE-003:pitch:00706,BE-003:onset:0159,30.928980,738.928980,50.923077,13,3.923077,60.1421,C4,263.7817,0.301859,1.000000,1.000000,0.850000,0.520000,,0.581386,1529.972,5,4,0.250000,0.520000,0.150000,0.080000,0.000000,0.450000,0.250000,0.200000,NOTE_HYPOTHESIS,shared_audio_intelligence_v0_2;spectral_peak;owner_supplied_audio
BE-003:pitch:00707,BE-003:onset:0159,30.928980,738.928980,50.923077,13,3.923077,71.7851,C5,516.7969,0.116100,1.000000,1.000000,0.850000,0.580000,,0.581386,1529.972,5,5,0.050000,0.300000,0.580000,0.070000,0.000000,0.120000,0.580000,0.220000,NOTE_HYPOTHESIS,shared_audio_intelligence_v0_2;spectral_peak;owner_supplied_audio
BE-003:pitch:00708,BE-003:onset:0160,31.184399,739.184399,51.360000,13,4.360000,42.8047,G2,96.8994,0.371519,1.000000,0.604992,0.850000,0.760000,,0.362772,2200.120,2,1,0.760000,0.180000,0.010000,0.050000,0.480000,0.320000,0.000000,0.000000,NOTE_HYPOTHESIS,shared_audio_intelligence_v0_2;spectral_peak;owner_supplied_audio
BE-003:pitch:00709,BE-003:onset:0160,31.184399,739.184399,51.360000,13,4.360000,54.8047,G3,193.7988,0.255420,1.000000,0.604992,0.850000,0.550000,,0.362772,2200.120,2,2,0.550000,0.350000,0.030000,0.070000,0.480000,0.320000,0.000000,0.000000,NOTE_HYPOTHESIS,shared_audio_intelligence_v0_2;spectral_peak;owner_supplied_audio
BE-003:pitch:00710,BE-003:onset:0161,31.300499,739.300499,51.560000,13,4.560000,41.8151,F#2,91.5161,0.092880,1.000000,0.940579,0.850000,0.760000,,0.552713,1218.320,2,1,0.760000,0.180000,0.010000,0.050000,0.480000,0.320000,0.000000,0.000000,NOTE_HYPOTHESIS,shared_audio_intelligence_v0_2;spectral_peak;owner_supplied_audio
BE-003:pitch:00711,BE-003:onset:0161,31.300499,739.300499,51.560000,13,4.560000,68.8438,A4,436.0474,0.650159,1.000000,0.940579,0.850000,0.580000,,0.552713,1218.320,2,2,0.050000,0.300000,0.580000,0.070000,0.000000,0.450000,0.250000,0.200000,NOTE_HYPOTHESIS,shared_audio_intelligence_v0_2;spectral_peak;owner_supplied_audio
BE-003:pitch:00712,BE-003:onset:0162,31.463039,739.463039,51.840000,13,4.840000,68.8438,A4,436.0474,0.487619,1.000000,0.812543,0.850000,0.580000,,0.451699,1124.599,6,1,0.050000,0.300000,0.580000,0.070000,0.000000,0.450000,0.250000,0.200000,NOTE_HYPOTHESIS,shared_audio_intelligence_v0_2;spectral_peak;owner_supplied_audio
BE-003:pitch:00713,BE-003:onset:0162,31.463039,739.463039,51.840000,13,4.840000,42.8047,G2,96.8994,0.208980,1.000000,0.812543,0.850000,0.760000,,0.451699,1124.599,6,2,0.760000,0.180000,0.010000,0.050000,0.480000,0.320000,0.000000,0.000000,NOTE_HYPOTHESIS,shared_audio_intelligence_v0_2;spectral_peak;owner_supplied_audio
BE-003:pitch:00714,BE-003:onset:0162,31.463039,739.463039,51.840000,13,4.840000,87.9344,E6,1313.5254,0.208980,1.000000,0.812543,0.850000,0.840000,,0.451699,1124.599,6,3,0.010000,0.080000,0.840000,0.070000,0.000000,0.120000,0.580000,0.220000,NOTE_HYPOTHESIS,shared_audio_intelligence_v0_2;spectral_peak;owner_supplied_audio
BE-003:pitch:00715,BE-003:onset:0162,31.463039,739.463039,51.840000,13,4.840000,64.7656,F4,344.5312,0.371519,1.000000,0.812543,0.850000,0.580000,,0.451699,1124.599,6,4,0.050000,0.300000,0.580000,0.070000,0.000000,0.450000,0.250000,0.200000,NOTE_HYPOTHESIS,shared_audio_intelligence_v0_2;spectral_peak;owner_supplied_audio
BE-003:pitch:00716,BE-003:onset:0162,31.463039,739.463039,51.840000,13,4.840000,59.7851,C4,258.3984,0.185760,1.000000,0.812543,0.850000,0.520000,,0.451699,1124.599,6,5,0.250000,0.520000,0.150000,0.080000,0.000000,0.450000,0.250000,0.200000,NOTE_HYPOTHESIS,shared_audio_intelligence_v0_2;spectral_peak;owner_supplied_audio
BE-003:pitch:00717,BE-003:onset:0162,31.463039,739.463039,51.840000,13,4.840000,37.1709,C#2,69.9829,1.532517,0.968356,0.812543,0.834178,0.760000,,0.451699,1124.599,6,6,0.760000,0.180000,0.010000,0.050000,0.480000,0.320000,0.000000,0.000000,NOTE_HYPOTHESIS,shared_audio_intelligence_v0_2;spectral_peak;owner_supplied_audio
BE-003:pitch:00718,BE-003:onset:0163,31.788118,739.788118,52.384615,14,1.384615,38.4538,D2,75.3662,0.719819,1.000000,1.000000,0.850000,0.760000,,0.354853,1631.661,4,1,0.760000,0.180000,0.010000,0.050000,0.480000,0.320000,0.000000,0.000000,NOTE_HYPOTHESIS,shared_audio_intelligence_v0_2;spectral_peak;owner_supplied_audio
BE-003:pitch:00719,BE-003:onset:0163,31.788118,739.788118,52.384615,14,1.384615,68.8438,A4,436.0474,0.185760,1.000000,1.000000,0.850000,0.580000,,0.354853,1631.661,4,2,0.050000,0.300000,0.580000,0.070000,0.000000,0.450000,0.250000,0.200000,NOTE_HYPOTHESIS,shared_audio_intelligence_v0_2;spectral_peak;owner_supplied_audio
BE-003:pitch:00720,BE-003:onset:0163,31.788118,739.788118,52.384615,14,1.384615,50.4538,D3,150.7324,0.464399,1.000000,1.000000,0.850000,0.550000,,0.354853,1631.661,4,3,0.550000,0.350000,0.030000,0.070000,0.480000,0.320000,0.000000,0.000000,NOTE_HYPOTHESIS,shared_audio_intelligence_v0_2;spectral_peak;owner_supplied_audio
BE-003:pitch:00721,BE-003:onset:0163,31.788118,739.788118,52.384615,14,1.384615,87.9344,E6,1313.5254,0.116100,1.000000,1.000000,0.850000,0.840000,,0.354853,1631.661,4,4,0.010000,0.080000,0.840000,0.070000,0.000000,0.120000,0.580000,0.220000,NOTE_HYPOTHESIS,shared_audio_intelligence_v0_2;spectral_peak;owner_supplied_audio
BE-003:pitch:00722,BE-003:onset:0164,31.880998,739.880998,52.538462,14,1.538462,37.1709,C#2,69.9829,0.952018,1.000000,0.820665,0.850000,0.760000,,0.482331,1134.767,6,1,0.760000,0.180000,0.010000,0.050000,0.480000,0.320000,0.000000,0.000000,NOTE_HYPOTHESIS,shared_audio_intelligence_v0_2;spectral_peak;owner_supplied_audio
BE-003:pitch:00723,BE-003:onset:0164,31.880998,739.880998,52.538462,14,1.538462,49.8242,D3,145.3491,0.325079,1.000000,0.820665,0.850000,0.550000,,0.482331,1134.767,6,2,0.550000,0.350000,0.030000,0.070000,0.480000,0.320000,0.000000,0.000000,NOTE_HYPOTHESIS,shared_audio_intelligence_v0_2;spectral_peak;owner_supplied_audio
BE-003:pitch:00724,BE-003:onset:0164,31.880998,739.880998,52.538462,14,1.538462,69.8808,A#4,462.9639,0.626939,1.000000,0.820665,0.850000,0.580000,,0.482331,1134.767,6,3,0.050000,0.300000,0.580000,0.070000,0.000000,0.450000,0.250000,0.200000,NOTE_HYPOTHESIS,shared_audio_intelligence_v0_2;spectral_peak;owner_supplied_audio
BE-003:pitch:00725,BE-003:onset:0164,31.880998,739.880998,52.538462,14,1.538462,81.8808,A#5,925.9277,0.371519,1.000000,0.820665,0.850000,0.840000,,0.482331,1134.767,6,4,0.010000,0.080000,0.840000,0.070000,0.000000,0.120000,0.580000,0.220000,NOTE_HYPOTHESIS,shared_audio_intelligence_v0_2;spectral_peak;owner_supplied_audio
BE-003:pitch:00726,BE-003:onset:0164,31.880998,739.880998,52.538462,14,1.538462,88.9673,F6,1394.2749,0.278639,1.000000,0.820665,0.850000,0.840000,,0.482331,1134.767,6,5,0.010000,0.080000,0.840000,0.070000,0.000000,0.120000,0.580000,0.220000,NOTE_HYPOTHESIS,shared_audio_intelligence_v0_2;spectral_peak;owner_supplied_audio
BE-003:pitch:00727,BE-003:onset:0164,31.880998,739.880998,52.538462,14,1.538462,68.8438,A4,436.0474,0.116100,1.000000,0.820665,0.850000,0.580000,,0.482331,1134.767,6,6,0.050000,0.300000,0.580000,0.070000,0.000000,0.450000,0.250000,0.200000,NOTE_HYPOTHESIS,shared_audio_intelligence_v0_2;spectral_peak;owner_supplied_audio
BE-003:pitch:00728,BE-003:onset:0165,32.066757,740.066757,52.846154,14,1.846154,49.8242,D3,145.3491,0.116100,1.000000,0.629635,0.850000,0.550000,,0.532558,1055.834,4,1,0.550000,0.350000,0.030000,0.070000,0.480000,0.320000,0.000000,0.000000,NOTE_HYPOTHESIS,shared_audio_intelligence_v0_2;spectral_peak;owner_supplied_audio
BE-003:pitch:00729,BE-003:onset:0165,32.066757,740.066757,52.846154,14,1.846154,38.4538,D2,75.3662,0.441179,1.000000,0.629635,0.850000,0.760000,,0.532558,1055.834,4,2,0.760000,0.180000,0.010000,0.050000,0.480000,0.320000,0.000000,0.000000,NOTE_HYPOTHESIS,shared_audio_intelligence_v0_2;spectral_peak;owner_supplied_audio
BE-003:pitch:00730,BE-003:onset:0165,32.066757,740.066757,52.846154,14,1.846154,69.8808,A#4,462.9639,0.417959,1.000000,0.629635,0.850000,0.580000,,0.532558,1055.834,4,3,0.050000,0.300000,0.580000,0.070000,0.000000,0.450000,0.250000,0.200000,NOTE_HYPOTHESIS,shared_audio_intelligence_v0_2;spectral_peak;owner_supplied_audio
BE-003:pitch:00731,BE-003:onset:0165,32.066757,740.066757,52.846154,14,1.846154,81.8808,A#5,925.9277,0.185760,1.000000,0.629635,0.850000,0.840000,,0.532558,1055.834,4,4,0.010000,0.080000,0.840000,0.070000,0.000000,0.120000,0.580000,0.220000,NOTE_HYPOTHESIS,shared_audio_intelligence_v0_2;spectral_peak;owner_supplied_audio
BE-003:pitch:00732,BE-003:onset:0166,32.368617,740.368617,53.360000,14,2.360000,35.7851,C2,64.5996,0.487619,1.000000,0.611951,0.850000,0.760000,,0.353979,1861.570,3,1,0.760000,0.180000,0.010000,0.050000,0.480000,0.320000,0.000000,0.000000,NOTE_HYPOTHESIS,shared_audio_intelligence_v0_2;spectral_peak;owner_supplied_audio
BE-003:pitch:00733,BE-003:onset:0166,32.368617,740.368617,53.360000,14,2.360000,47.7851,C3,129.1992,0.441179,1.000000,0.611951,0.850000,0.550000,,0.353979,1861.570,3,2,0.550000,0.350000,0.030000,0.070000,0.480000,0.320000,0.000000,0.000000,NOTE_HYPOTHESIS,shared_audio_intelligence_v0_2;spectral_peak;owner_supplied_audio
BE-003:pitch:00734,BE-003:onset:0166,32.368617,740.368617,53.360000,14,2.360000,42.8047,G2,96.8994,1.184218,1.000000,0.611951,0.850000,0.760000,,0.353979,1861.570,3,3,0.760000,0.180000,0.010000,0.050000,0.480000,0.320000,0.000000,0.000000,NOTE_HYPOTHESIS,shared_audio_intelligence_v0_2;spectral_peak;owner_supplied_audio
BE-003:pitch:00735,BE-003:onset:0167,32.461497,740.461497,53.520000,14,2.520000,35.7851,C2,64.5996,0.835918,1.000000,0.538609,0.850000,0.760000,,0.422043,1311.248,3,1,0.760000,0.180000,0.010000,0.050000,0.480000,0.320000,0.000000,0.000000,NOTE_HYPOTHESIS,shared_audio_intelligence_v0_2;spectral_peak;owner_supplied_audio
BE-003:pitch:00736,BE-003:onset:0167,32.461497,740.461497,53.520000,14,2.520000,43.7407,G#2,102.2827,0.185760,1.000000,0.538609,0.850000,0.760000,,0.422043,1311.248,3,2,0.760000,0.180000,0.010000,0.050000,0.480000,0.320000,0.000000,0.000000,NOTE_HYPOTHESIS,shared_audio_intelligence_v0_2;spectral_peak;owner_supplied_audio
BE-003:pitch:00737,BE-003:onset:0167,32.461497,740.461497,53.520000,14,2.520000,49.8242,D3,145.3491,0.092880,1.000000,0.538609,0.850000,0.550000,,0.422043,1311.248,3,3,0.550000,0.350000,0.030000,0.070000,0.480000,0.320000,0.000000,0.000000,NOTE_HYPOTHESIS,shared_audio_intelligence_v0_2;spectral_peak;owner_supplied_audio
BE-003:pitch:00738,BE-003:onset:0168,32.833016,740.833016,54.160000,14,3.160000,32.6287,A1,53.8330,1.253878,1.000000,0.501694,0.850000,0.760000,,0.293822,1889.552,2,1,0.760000,0.180000,0.010000,0.050000,0.480000,0.320000,0.000000,0.000000,NOTE_HYPOTHESIS,shared_audio_intelligence_v0_2;spectral_peak;owner_supplied_audio
BE-003:pitch:00739,BE-003:onset:0168,32.833016,740.833016,54.160000,14,3.160000,45.4734,A2,113.0493,0.255420,1.000000,0.501694,0.850000,0.550000,,0.293822,1889.552,2,2,0.550000,0.350000,0.030000,0.070000,0.480000,0.320000,0.000000,0.000000,NOTE_HYPOTHESIS,shared_audio_intelligence_v0_2;spectral_peak;owner_supplied_audio
BE-003:pitch:00740,BE-003:onset:0169,32.949116,740.949116,54.360000,14,3.360000,32.6287,A1,53.8330,1.137778,1.000000,0.618079,0.850000,0.760000,,0.282857,2453.496,2,1,0.760000,0.180000,0.010000,0.050000,0.480000,0.320000,0.000000,0.000000,NOTE_HYPOTHESIS,shared_audio_intelligence_v0_2;spectral_peak;owner_supplied_audio
BE-003:pitch:00741,BE-003:onset:0169,32.949116,740.949116,54.360000,14,3.360000,45.4734,A2,113.0493,0.139320,1.000000,0.618079,0.850000,0.550000,,0.282857,2453.496,2,2,0.550000,0.350000,0.030000,0.070000,0.480000,0.320000,0.000000,0.000000,NOTE_HYPOTHESIS,shared_audio_intelligence_v0_2;spectral_peak;owner_supplied_audio
BE-003:pitch:00742,BE-003:onset:0170,33.041995,741.041995,54.520000,14,3.520000,42.8047,G2,96.8994,0.371519,1.000000,1.000000,0.850000,0.760000,,0.305250,1694.798,3,1,0.760000,0.180000,0.010000,0.050000,0.480000,0.320000,0.000000,0.000000,NOTE_HYPOTHESIS,shared_audio_intelligence_v0_2;spectral_peak;owner_supplied_audio
BE-003:pitch:00743,BE-003:onset:0170,33.041995,741.041995,54.520000,14,3.520000,34.2788,A#1,59.2163,1.532517,1.000000,1.000000,0.850000,0.760000,,0.305250,1694.798,3,2,0.760000,0.180000,0.010000,0.050000,0.480000,0.320000,0.000000,0.000000,NOTE_HYPOTHESIS,shared_audio_intelligence_v0_2;spectral_peak;owner_supplied_audio
BE-003:pitch:00744,BE-003:onset:0170,33.041995,741.041995,54.520000,14,3.520000,49.8242,D3,145.3491,0.371519,1.000000,1.000000,0.850000,0.550000,,0.305250,1694.798,3,3,0.550000,0.350000,0.030000,0.070000,0.480000,0.320000,0.000000,0.000000,NOTE_HYPOTHESIS,shared_audio_intelligence_v0_2;spectral_peak;owner_supplied_audio
BE-003:pitch:00745,BE-003:onset:0171,33.250975,741.250975,54.880000,14,3.880000,34.2788,A#1,59.2163,1.532517,1.000000,0.862005,0.850000,0.695860,,0.209665,2659.062,6,1,0.695860,0.164809,0.009952,0.129379,0.480000,0.320000,0.000000,0.000000,NOTE_HYPOTHESIS,shared_audio_intelligence_v0_2;spectral_peak;owner_supplied_audio
BE-003:pitch:00746,BE-003:onset:0171,33.250975,741.250975,54.880000,14,3.880000,49.8242,D3,145.3491,0.162540,1.000000,0.862005,0.850000,0.501984,,0.209665,2659.062,6,2,0.501984,0.319444,0.029762,0.148810,0.480000,0.320000,0.000000,0.000000,NOTE_HYPOTHESIS,shared_audio_intelligence_v0_2;spectral_peak;owner_supplied_audio
BE-003:pitch:00747,BE-003:onset:0171,33.250975,741.250975,54.880000,14,3.880000,30.8047,G1,48.4497,0.789478,1.000000,0.862005,0.850000,0.695860,,0.209665,2659.062,6,3,0.695860,0.164809,0.009952,0.129379,0.480000,0.320000,0.000000,0.000000,NOTE_HYPOTHESIS,shared_audio_intelligence_v0_2;spectral_peak;owner_supplied_audio
BE-003:pitch:00748,BE-003:onset:0171,33.250975,741.250975,54.880000,14,3.880000,42.8047,G2,96.8994,0.510839,0.975374,0.862005,0.837687,0.695860,,0.209665,2659.062,6,4,0.695860,0.164809,0.009952,0.129379,0.480000,0.320000,0.000000,0.000000,NOTE_HYPOTHESIS,shared_audio_intelligence_v0_2;spectral_peak;owner_supplied_audio
BE-003:pitch:00749,BE-003:onset:0171,33.250975,741.250975,54.880000,14,3.880000,54.8047,G3,193.7988,0.139320,0.907145,0.862005,0.803572,0.501984,,0.209665,2659.062,6,5,0.501984,0.319444,0.029762,0.148810,0.480000,0.320000,0.000000,0.000000,NOTE_HYPOTHESIS,shared_audio_intelligence_v0_2;spectral_peak;owner_supplied_audio
BE-003:pitch:00750,BE-003:onset:0171,33.250975,741.250975,54.880000,14,3.880000,46.2788,A#2,118.4326,1.253878,0.896731,0.862005,0.798365,0.501984,,0.209665,2659.062,6,6,0.501984,0.319444,0.029762,0.148810,0.480000,0.320000,0.000000,0.000000,NOTE_HYPOTHESIS,shared_audio_intelligence_v0_2;spectral_peak;owner_supplied_audio
BE-003:pitch:00751,BE-003:onset:0172,33.390295,741.390295,55.120000,14,4.120000,32.6287,A1,53.8330,0.673379,1.000000,0.491739,0.850000,0.760000,,0.307492,1691.171,2,1,0.760000,0.180000,0.010000,0.050000,0.480000,0.320000,0.000000,0.000000,NOTE_HYPOTHESIS,shared_audio_intelligence_v0_2;spectral_peak;owner_supplied_audio
BE-003:pitch:00752,BE-003:onset:0172,33.390295,741.390295,55.120000,14,4.120000,44.6287,A2,107.6660,0.510839,1.000000,0.491739,0.850000,0.760000,,0.307492,1691.171,2,2,0.760000,0.180000,0.010000,0.050000,0.480000,0.320000,0.000000,0.000000,NOTE_HYPOTHESIS,shared_audio_intelligence_v0_2;spectral_peak;owner_supplied_audio
BE-003:pitch:00753,BE-003:onset:0173,33.622494,741.622494,55.520000,14,4.520000,32.6287,A1,53.8330,0.464399,1.000000,0.593743,0.850000,0.695860,,0.334821,2802.556,3,1,0.695860,0.164809,0.009952,0.129379,0.480000,0.320000,0.000000,0.000000,NOTE_HYPOTHESIS,shared_audio_intelligence_v0_2;spectral_peak;owner_supplied_audio
BE-003:pitch:00754,BE-003:onset:0173,33.622494,741.622494,55.520000,14,4.520000,45.4734,A2,113.0493,0.301859,1.000000,0.593743,0.850000,0.501984,,0.334821,2802.556,3,2,0.501984,0.319444,0.029762,0.148810,0.480000,0.320000,0.000000,0.000000,NOTE_HYPOTHESIS,shared_audio_intelligence_v0_2;spectral_peak;owner_supplied_audio
BE-003:pitch:00755,BE-003:onset:0173,33.622494,741.622494,55.520000,14,4.520000,37.1709,C#2,69.9829,1.277098,1.000000,0.593743,0.850000,0.695860,,0.334821,2802.556,3,3,0.695860,0.164809,0.009952,0.129379,0.480000,0.320000,0.000000,0.000000,NOTE_HYPOTHESIS,shared_audio_intelligence_v0_2;spectral_peak;owner_supplied_audio
BE-003:pitch:00756,BE-003:onset:0174,33.692154,741.692154,55.640000,14,4.640000,34.2788,A#1,59.2163,0.348299,1.000000,0.720414,0.850000,0.760000,,0.366688,1821.653,2,1,0.760000,0.180000,0.010000,0.050000,0.480000,0.320000,0.000000,0.000000,NOTE_HYPOTHESIS,shared_audio_intelligence_v0_2;spectral_peak;owner_supplied_audio
BE-003:pitch:00757,BE-003:onset:0174,33.692154,741.692154,55.640000,14,4.640000,46.2788,A#2,118.4326,0.208980,1.000000,0.720414,0.850000,0.550000,,0.366688,1821.653,2,2,0.550000,0.350000,0.030000,0.070000,0.480000,0.320000,0.000000,0.000000,NOTE_HYPOTHESIS,shared_audio_intelligence_v0_2;spectral_peak;owner_supplied_audio
BE-003:pitch:00758,BE-003:onset:0175,33.924354,741.924354,56.045455,15,1.045455,37.1709,C#2,69.9829,0.812698,1.000000,0.931839,0.850000,0.760000,,0.453090,1717.509,2,1,0.760000,0.180000,0.010000,0.050000,0.480000,0.320000,0.000000,0.000000,NOTE_HYPOTHESIS,shared_audio_intelligence_v0_2;spectral_peak;owner_supplied_audio
BE-003:pitch:00759,BE-003:onset:0175,33.924354,741.924354,56.045455,15,1.045455,49.8242,D3,145.3491,0.348299,1.000000,0.931839,0.850000,0.550000,,0.453090,1717.509,2,2,0.550000,0.350000,0.030000,0.070000,0.480000,0.320000,0.000000,0.000000,NOTE_HYPOTHESIS,shared_audio_intelligence_v0_2;spectral_peak;owner_supplied_audio
BE-003:pitch:00760,BE-003:onset:0176,34.110113,742.110113,56.409091,15,1.409091,49.8242,D3,145.3491,0.139320,1.000000,0.834699,0.850000,0.550000,,0.398729,2288.494,2,1,0.550000,0.350000,0.030000,0.070000,0.480000,0.320000,0.000000,0.000000,NOTE_HYPOTHESIS,shared_audio_intelligence_v0_2;spectral_peak;owner_supplied_audio
BE-003:pitch:00761,BE-003:onset:0176,34.110113,742.110113,56.409091,15,1.409091,37.1709,C#2,69.9829,0.743039,1.000000,0.834699,0.850000,0.760000,,0.398729,2288.494,2,2,0.760000,0.180000,0.010000,0.050000,0.480000,0.320000,0.000000,0.000000,NOTE_HYPOTHESIS,shared_audio_intelligence_v0_2;spectral_peak;owner_supplied_audio
BE-003:pitch:00762,BE-003:onset:0177,34.202993,742.202993,56.590909,15,1.590909,37.1709,C#2,69.9829,0.650159,1.000000,0.979709,0.850000,0.760000,,0.410949,2198.907,4,1,0.760000,0.180000,0.010000,0.050000,0.480000,0.320000,0.000000,0.000000,NOTE_HYPOTHESIS,shared_audio_intelligence_v0_2;spectral_peak;owner_supplied_audio
BE-003:pitch:00763,BE-003:onset:0177,34.202993,742.202993,56.590909,15,1.590909,39.6483,E2,80.7495,0.696599,1.000000,0.979709,0.850000,0.760000,,0.410949,2198.907,4,2,0.760000,0.180000,0.010000,0.050000,0.480000,0.320000,0.000000,0.000000,NOTE_HYPOTHESIS,shared_audio_intelligence_v0_2;spectral_peak;owner_supplied_audio
BE-003:pitch:00764,BE-003:onset:0177,34.202993,742.202993,56.590909,15,1.590909,49.8242,D3,145.3491,0.092880,1.000000,0.979709,0.850000,0.550000,,0.410949,2198.907,4,3,0.550000,0.350000,0.030000,0.070000,0.480000,0.320000,0.000000,0.000000,NOTE_HYPOTHESIS,shared_audio_intelligence_v0_2;spectral_peak;owner_supplied_audio
BE-003:pitch:00765,BE-003:onset:0177,34.202993,742.202993,56.590909,15,1.590909,47.7851,C3,129.1992,0.301859,1.000000,0.979709,0.850000,0.550000,,0.410949,2198.907,4,4,0.550000,0.350000,0.030000,0.070000,0.480000,0.320000,0.000000,0.000000,NOTE_HYPOTHESIS,shared_audio_intelligence_v0_2;spectral_peak;owner_supplied_audio
BE-003:pitch:00766,BE-003:onset:0178,34.388753,742.388753,56.954545,15,1.954545,61.8242,D4,290.6982,0.603719,1.000000,1.000000,0.850000,0.520000,,0.962618,1041.067,6,1,0.250000,0.520000,0.150000,0.080000,0.000000,0.450000,0.250000,0.200000,NOTE_HYPOTHESIS,shared_audio_intelligence_v0_2;spectral_peak;owner_supplied_audio
BE-003:pitch:00767,BE-003:onset:0178,34.388753,742.388753,56.954545,15,1.954545,62.7603,D#4,306.8481,0.534059,1.000000,1.000000,0.850000,0.520000,,0.962618,1041.067,6,2,0.250000,0.520000,0.150000,0.080000,0.000000,0.450000,0.250000,0.200000,NOTE_HYPOTHESIS,shared_audio_intelligence_v0_2;spectral_peak;owner_supplied_audio
BE-003:pitch:00768,BE-003:onset:0178,34.388753,742.388753,56.954545,15,1.954545,59.7851,C4,258.3984,0.441179,1.000000,1.000000,0.850000,0.520000,,0.962618,1041.067,6,3,0.250000,0.520000,0.150000,0.080000,0.000000,0.450000,0.250000,0.200000,NOTE_HYPOTHESIS,shared_audio_intelligence_v0_2;spectral_peak;owner_supplied_audio
BE-003:pitch:00769,BE-003:onset:0178,34.388753,742.388753,56.954545,15,1.954545,71.9645,C5,522.1802,0.812698,1.000000,1.000000,0.850000,0.580000,,0.962618,1041.067,6,4,0.050000,0.300000,0.580000,0.070000,0.000000,0.120000,0.580000,0.220000,NOTE_HYPOTHESIS,shared_audio_intelligence_v0_2;spectral_peak;owner_supplied_audio
BE-003:pitch:00770,BE-003:onset:0178,34.388753,742.388753,56.954545,15,1.954545,35.7851,C2,64.5996,0.464399,1.000000,1.000000,0.850000,0.760000,,0.962618,1041.067,6,5,0.760000,0.180000,0.010000,0.050000,0.480000,0.320000,0.000000,0.000000,NOTE_HYPOTHESIS,shared_audio_intelligence_v0_2;spectral_peak;owner_supplied_audio
BE-003:pitch:00771,BE-003:onset:0178,34.388753,742.388753,56.954545,15,1.954545,74.7603,D#5,613.6963,0.835918,1.000000,1.000000,0.850000,0.580000,,0.962618,1041.067,6,6,0.050000,0.300000,0.580000,0.070000,0.000000,0.120000,0.580000,0.220000,NOTE_HYPOTHESIS,shared_audio_intelligence_v0_2;spectral_peak;owner_supplied_audio
BE-003:pitch:00772,BE-003:onset:0179,34.806712,742.806712,57.607143,15,2.607143,42.8047,G2,96.8994,0.278639,1.000000,0.495146,0.850000,0.760000,,0.639848,1132.973,6,1,0.760000,0.180000,0.010000,0.050000,0.480000,0.320000,0.000000,0.000000,NOTE_HYPOTHESIS,shared_audio_intelligence_v0_2;spectral_peak;owner_supplied_audio
BE-003:pitch:00773,BE-003:onset:0179,34.806712,742.806712,57.607143,15,2.607143,73.8242,D5,581.3965,0.255420,1.000000,0.495146,0.850000,0.580000,,0.639848,1132.973,6,2,0.050000,0.300000,0.580000,0.070000,0.000000,0.120000,0.580000,0.220000,NOTE_HYPOTHESIS,shared_audio_intelligence_v0_2;spectral_peak;owner_supplied_audio
BE-003:pitch:00774,BE-003:onset:0179,34.806712,742.806712,57.607143,15,2.607143,74.9115,D#5,619.0796,0.417959,1.000000,0.495146,0.850000,0.580000,,0.639848,1132.973,6,3,0.050000,0.300000,0.580000,0.070000,0.000000,0.120000,0.580000,0.220000,NOTE_HYPOTHESIS,shared_audio_intelligence_v0_2;spectral_peak;owner_supplied_audio
BE-003:pitch:00775,BE-003:onset:0179,34.806712,742.806712,57.607143,15,2.607143,71.9645,C5,522.1802,0.673379,1.000000,0.495146,0.850000,0.580000,,0.639848,1132.973,6,4,0.050000,0.300000,0.580000,0.070000,0.000000,0.120000,0.580000,0.220000,NOTE_HYPOTHESIS,shared_audio_intelligence_v0_2;spectral_peak;owner_supplied_audio
BE-003:pitch:00776,BE-003:onset:0179,34.806712,742.806712,57.607143,15,2.607143,61.8242,D4,290.6982,0.348299,1.000000,0.495146,0.850000,0.520000,,0.639848,1132.973,6,5,0.250000,0.520000,0.150000,0.080000,0.000000,0.450000,0.250000,0.200000,NOTE_HYPOTHESIS,shared_audio_intelligence_v0_2;spectral_peak;owner_supplied_audio
BE-003:pitch:00777,BE-003:onset:0179,34.806712,742.806712,57.607143,15,2.607143,62.7603,D#4,306.8481,0.557279,1.000000,0.495146,0.850000,0.520000,,0.639848,1132.973,6,6,0.250000,0.520000,0.150000,0.080000,0.000000,0.450000,0.250000,0.200000,NOTE_HYPOTHESIS,shared_audio_intelligence_v0_2;spectral_peak;owner_supplied_audio
BE-003:pitch:00778,BE-003:onset:0180,35.085351,743.085351,58.038462,15,3.038462,48.4919,C3,134.5825,0.557279,1.000000,0.596547,0.850000,0.550000,,0.495804,1644.940,5,1,0.550000,0.350000,0.030000,0.070000,0.480000,0.320000,0.000000,0.000000,NOTE_HYPOTHESIS,shared_audio_intelligence_v0_2;spectral_peak;owner_supplied_audio
BE-003:pitch:00779,BE-003:onset:0180,35.085351,743.085351,58.038462,15,3.038462,83.8751,C6,1038.9771,0.696599,1.000000,0.596547,0.850000,0.840000,,0.495804,1644.940,5,2,0.010000,0.080000,0.840000,0.070000,0.000000,0.120000,0.580000,0.220000,NOTE_HYPOTHESIS,shared_audio_intelligence_v0_2;spectral_peak;owner_supplied_audio
BE-003:pitch:00780,BE-003:onset:0180,35.085351,743.085351,58.038462,15,3.038462,43.7407,G#2,102.2827,0.232200,1.000000,0.596547,0.850000,0.760000,,0.495804,1644.940,5,3,0.760000,0.180000,0.010000,0.050000,0.480000,0.320000,0.000000,0.000000,NOTE_HYPOTHESIS,shared_audio_intelligence_v0_2;spectral_peak;owner_supplied_audio
BE-003:pitch:00781,BE-003:onset:0180,35.085351,743.085351,58.038462,15,3.038462,74.9115,D#5,619.0796,0.162540,1.000000,0.596547,0.850000,0.580000,,0.495804,1644.940,5,4,0.050000,0.300000,0.580000,0.070000,0.000000,0.120000,0.580000,0.220000,NOTE_HYPOTHESIS,shared_audio_intelligence_v0_2;spectral_peak;owner_supplied_audio
BE-003:pitch:00782,BE-003:onset:0180,35.085351,743.085351,58.038462,15,3.038462,71.9645,C5,522.1802,0.464399,1.000000,0.596547,0.850000,0.580000,,0.495804,1644.940,5,5,0.050000,0.300000,0.580000,0.070000,0.000000,0.120000,0.580000,0.220000,NOTE_HYPOTHESIS,shared_audio_intelligence_v0_2;spectral_peak;owner_supplied_audio
BE-003:pitch:00783,BE-003:onset:0181,35.271111,743.271111,58.346154,15,3.346154,64.7656,F4,344.5312,1.532517,1.000000,1.000000,0.850000,0.580000,,0.903062,949.160,6,1,0.050000,0.300000,0.580000,0.070000,0.000000,0.450000,0.250000,0.200000,NOTE_HYPOTHESIS,shared_audio_intelligence_v0_2;spectral_peak;owner_supplied_audio
BE-003:pitch:00784,BE-003:onset:0181,35.271111,743.271111,58.346154,15,3.346154,73.8242,D5,581.3965,1.532517,1.000000,1.000000,0.850000,0.580000,,0.903062,949.160,6,2,0.050000,0.300000,0.580000,0.070000,0.000000,0.120000,0.580000,0.220000,NOTE_HYPOTHESIS,shared_audio_intelligence_v0_2;spectral_peak;owner_supplied_audio
BE-003:pitch:00785,BE-003:onset:0181,35.271111,743.271111,58.346154,15,3.346154,61.8242,D4,290.6982,0.603719,1.000000,1.000000,0.850000,0.520000,,0.903062,949.160,6,3,0.250000,0.520000,0.150000,0.080000,0.000000,0.450000,0.250000,0.200000,NOTE_HYPOTHESIS,shared_audio_intelligence_v0_2;spectral_peak;owner_supplied_audio
BE-003:pitch:00786,BE-003:onset:0181,35.271111,743.271111,58.346154,15,3.346154,65.8151,F#4,366.0645,1.323537,1.000000,1.000000,0.850000,0.580000,,0.903062,949.160,6,4,0.050000,0.300000,0.580000,0.070000,0.000000,0.450000,0.250000,0.200000,NOTE_HYPOTHESIS,shared_audio_intelligence_v0_2;spectral_peak;owner_supplied_audio
BE-003:pitch:00787,BE-003:onset:0181,35.271111,743.271111,58.346154,15,3.346154,48.4919,C3,134.5825,0.394739,1.000000,1.000000,0.850000,0.550000,,0.903062,949.160,6,5,0.550000,0.350000,0.030000,0.070000,0.480000,0.320000,0.000000,0.000000,NOTE_HYPOTHESIS,shared_audio_intelligence_v0_2;spectral_peak;owner_supplied_audio
BE-003:pitch:00788,BE-003:onset:0181,35.271111,743.271111,58.346154,15,3.346154,76.9003,F5,694.4458,1.160998,1.000000,1.000000,0.850000,0.840000,,0.903062,949.160,6,6,0.010000,0.080000,0.840000,0.070000,0.000000,0.120000,0.580000,0.220000,NOTE_HYPOTHESIS,shared_audio_intelligence_v0_2;spectral_peak;owner_supplied_audio
BE-003:pitch:00789,BE-003:onset:0182,35.572971,743.572971,58.846154,15,3.846154,64.7656,F4,344.5312,1.532517,1.000000,0.998117,0.850000,0.580000,,0.758554,1512.337,6,1,0.050000,0.300000,0.580000,0.070000,0.000000,0.450000,0.250000,0.200000,NOTE_HYPOTHESIS,shared_audio_intelligence_v0_2;spectral_peak;owner_supplied_audio
BE-003:pitch:00790,BE-003:onset:0182,35.572971,743.572971,58.846154,15,3.846154,47.7851,C3,129.1992,0.092880,1.000000,0.998117,0.850000,0.550000,,0.758554,1512.337,6,2,0.550000,0.350000,0.030000,0.070000,0.480000,0.320000,0.000000,0.000000,NOTE_HYPOTHESIS,shared_audio_intelligence_v0_2;spectral_peak;owner_supplied_audio
BE-003:pitch:00791,BE-003:onset:0182,35.572971,743.572971,58.846154,15,3.846154,65.8151,F#4,366.0645,1.021678,1.000000,0.998117,0.850000,0.580000,,0.758554,1512.337,6,3,0.050000,0.300000,0.580000,0.070000,0.000000,0.450000,0.250000,0.200000,NOTE_HYPOTHESIS,shared_audio_intelligence_v0_2;spectral_peak;owner_supplied_audio
BE-003:pitch:00792,BE-003:onset:0182,35.572971,743.572971,58.846154,15,3.846154,73.8242,D5,581.3965,1.532517,1.000000,0.998117,0.850000,0.580000,,0.758554,1512.337,6,4,0.050000,0.300000,0.580000,0.070000,0.000000,0.120000,0.580000,0.220000,NOTE_HYPOTHESIS,shared_audio_intelligence_v0_2;spectral_peak;owner_supplied_audio
BE-003:pitch:00793,BE-003:onset:0182,35.572971,743.572971,58.846154,15,3.846154,61.8242,D4,290.6982,1.532517,1.000000,0.998117,0.850000,0.520000,,0.758554,1512.337,6,5,0.250000,0.520000,0.150000,0.080000,0.000000,0.450000,0.250000,0.200000,NOTE_HYPOTHESIS,shared_audio_intelligence_v0_2;spectral_peak;owner_supplied_audio
BE-003:pitch:00794,BE-003:onset:0182,35.572971,743.572971,58.846154,15,3.846154,51.0613,D#3,156.1157,0.534059,1.000000,0.998117,0.850000,0.550000,,0.758554,1512.337,6,6,0.550000,0.350000,0.030000,0.070000,0.480000,0.320000,0.000000,0.000000,NOTE_HYPOTHESIS,shared_audio_intelligence_v0_2;spectral_peak;owner_supplied_audio
BE-003:pitch:00795,BE-003:onset:0183,35.689070,743.689070,59.040000,15,4.040000,42.8047,G2,96.8994,0.441179,1.000000,0.558010,0.850000,0.760000,,0.712521,1855.645,6,1,0.760000,0.180000,0.010000,0.050000,0.480000,0.320000,0.000000,0.000000,NOTE_HYPOTHESIS,shared_audio_intelligence_v0_2;spectral_peak;owner_supplied_audio
BE-003:pitch:00796,BE-003:onset:0183,35.689070,743.689070,59.040000,15,4.040000,64.7656,F4,344.5312,1.532517,1.000000,0.558010,0.850000,0.580000,,0.712521,1855.645,6,2,0.050000,0.300000,0.580000,0.070000,0.000000,0.450000,0.250000,0.200000,NOTE_HYPOTHESIS,shared_audio_intelligence_v0_2;spectral_peak;owner_supplied_audio
BE-003:pitch:00797,BE-003:onset:0183,35.689070,743.689070,59.040000,15,4.040000,65.8151,F#4,366.0645,0.928798,1.000000,0.558010,0.850000,0.580000,,0.712521,1855.645,6,3,0.050000,0.300000,0.580000,0.070000,0.000000,0.450000,0.250000,0.200000,NOTE_HYPOTHESIS,shared_audio_intelligence_v0_2;spectral_peak;owner_supplied_audio
BE-003:pitch:00798,BE-003:onset:0183,35.689070,743.689070,59.040000,15,4.040000,73.8242,D5,581.3965,1.532517,1.000000,0.558010,0.850000,0.580000,,0.712521,1855.645,6,4,0.050000,0.300000,0.580000,0.070000,0.000000,0.120000,0.580000,0.220000,NOTE_HYPOTHESIS,shared_audio_intelligence_v0_2;spectral_peak;owner_supplied_audio
BE-003:pitch:00799,BE-003:onset:0183,35.689070,743.689070,59.040000,15,4.040000,51.0613,D#3,156.1157,0.417959,1.000000,0.558010,0.850000,0.550000,,0.712521,1855.645,6,5,0.550000,0.350000,0.030000,0.070000,0.480000,0.320000,0.000000,0.000000,NOTE_HYPOTHESIS,shared_audio_intelligence_v0_2;spectral_peak;owner_supplied_audio
BE-003:pitch:00800,BE-003:onset:0183,35.689070,743.689070,59.040000,15,4.040000,61.8242,D4,290.6982,1.532517,1.000000,0.558010,0.850000,0.520000,,0.712521,1855.645,6,6,0.250000,0.520000,0.150000,0.080000,0.000000,0.450000,0.250000,0.200000,NOTE_HYPOTHESIS,shared_audio_intelligence_v0_2;spectral_peak;owner_supplied_audio
BE-003:pitch:00801,BE-003:onset:0184,35.967710,743.967710,59.520000,15,4.520000,65.8151,F#4,366.0645,0.534059,1.000000,1.000000,0.850000,0.580000,,1.000000,1205.801,6,1,0.050000,0.300000,0.580000,0.070000,0.000000,0.450000,0.250000,0.200000,NOTE_HYPOTHESIS,shared_audio_intelligence_v0_2;spectral_peak;owner_supplied_audio
BE-003:pitch:00802,BE-003:onset:0184,35.967710,743.967710,59.520000,15,4.520000,65.0340,F4,349.9146,1.532517,1.000000,1.000000,0.850000,0.580000,,1.000000,1205.801,6,2,0.050000,0.300000,0.580000,0.070000,0.000000,0.450000,0.250000,0.200000,NOTE_HYPOTHESIS,shared_audio_intelligence_v0_2;spectral_peak;owner_supplied_audio
BE-003:pitch:00803,BE-003:onset:0184,35.967710,743.967710,59.520000,15,4.520000,82.9540,B5,985.1440,0.557279,1.000000,1.000000,0.850000,0.840000,,1.000000,1205.801,6,3,0.010000,0.080000,0.840000,0.070000,0.000000,0.120000,0.580000,0.220000,NOTE_HYPOTHESIS,shared_audio_intelligence_v0_2;spectral_peak;owner_supplied_audio
BE-003:pitch:00804,BE-003:onset:0184,35.967710,743.967710,59.520000,15,4.520000,61.8242,D4,290.6982,1.532517,1.000000,1.000000,0.850000,0.520000,,1.000000,1205.801,6,4,0.250000,0.520000,0.150000,0.080000,0.000000,0.450000,0.250000,0.200000,NOTE_HYPOTHESIS,shared_audio_intelligence_v0_2;spectral_peak;owner_supplied_audio
BE-003:pitch:00805,BE-003:onset:0184,35.967710,743.967710,59.520000,15,4.520000,76.9003,F5,694.4458,0.394739,1.000000,1.000000,0.850000,0.840000,,1.000000,1205.801,6,5,0.010000,0.080000,0.840000,0.070000,0.000000,0.120000,0.580000,0.220000,NOTE_HYPOTHESIS,shared_audio_intelligence_v0_2;spectral_peak;owner_supplied_audio
BE-003:pitch:00806,BE-003:onset:0184,35.967710,743.967710,59.520000,15,4.520000,40.7656,F2,86.1328,0.278639,1.000000,1.000000,0.850000,0.760000,,1.000000,1205.801,6,6,0.760000,0.180000,0.010000,0.050000,0.480000,0.320000,0.000000,0.000000,NOTE_HYPOTHESIS,shared_audio_intelligence_v0_2;spectral_peak;owner_supplied_audio
BE-003:pitch:00807,BE-003:onset:0185,36.269569,744.269569,60.040000,16,1.040000,64.7656,F4,344.5312,1.369977,1.000000,0.669114,0.850000,0.580000,,0.831009,1315.494,6,1,0.050000,0.300000,0.580000,0.070000,0.000000,0.450000,0.250000,0.200000,NOTE_HYPOTHESIS,shared_audio_intelligence_v0_2;spectral_peak;owner_supplied_audio
BE-003:pitch:00808,BE-003:onset:0185,36.269569,744.269569,60.040000,16,1.040000,65.8151,F#4,366.0645,0.301859,1.000000,0.669114,0.850000,0.580000,,0.831009,1315.494,6,2,0.050000,0.300000,0.580000,0.070000,0.000000,0.450000,0.250000,0.200000,NOTE_HYPOTHESIS,shared_audio_intelligence_v0_2;spectral_peak;owner_supplied_audio
BE-003:pitch:00809,BE-003:onset:0185,36.269569,744.269569,60.040000,16,1.040000,73.8242,D5,581.3965,1.323537,1.000000,0.669114,0.850000,0.580000,,0.831009,1315.494,6,3,0.050000,0.300000,0.580000,0.070000,0.000000,0.120000,0.580000,0.220000,NOTE_HYPOTHESIS,shared_audio_intelligence_v0_2;spectral_peak;owner_supplied_audio
BE-003:pitch:00810,BE-003:onset:0185,36.269569,744.269569,60.040000,16,1.040000,61.8242,D4,290.6982,1.323537,1.000000,0.669114,0.850000,0.520000,,0.831009,1315.494,6,4,0.250000,0.520000,0.150000,0.080000,0.000000,0.450000,0.250000,0.200000,NOTE_HYPOTHESIS,shared_audio_intelligence_v0_2;spectral_peak;owner_supplied_audio
BE-003:pitch:00811,BE-003:onset:0185,36.269569,744.269569,60.040000,16,1.040000,44.6287,A2,107.6660,0.301859,1.000000,0.669114,0.850000,0.760000,,0.831009,1315.494,6,5,0.760000,0.180000,0.010000,0.050000,0.480000,0.320000,0.000000,0.000000,NOTE_HYPOTHESIS,shared_audio_intelligence_v0_2;spectral_peak;owner_supplied_audio
BE-003:pitch:00812,BE-003:onset:0185,36.269569,744.269569,60.040000,16,1.040000,77.8151,F#5,732.1289,0.208980,1.000000,0.669114,0.850000,0.840000,,0.831009,1315.494,6,6,0.010000,0.080000,0.840000,0.070000,0.000000,0.120000,0.580000,0.220000,NOTE_HYPOTHESIS,shared_audio_intelligence_v0_2;spectral_peak;owner_supplied_audio
BE-003:pitch:00813,BE-003:onset:0186,36.455329,744.455329,60.360000,16,1.360000,64.7656,F4,344.5312,1.207438,1.000000,0.731461,0.850000,0.580000,,0.674246,1228.281,6,1,0.050000,0.300000,0.580000,0.070000,0.000000,0.450000,0.250000,0.200000,NOTE_HYPOTHESIS,shared_audio_intelligence_v0_2;spectral_peak;owner_supplied_audio
BE-003:pitch:00814,BE-003:onset:0186,36.455329,744.455329,60.360000,16,1.360000,32.6287,A1,53.8330,0.255420,1.000000,0.731461,0.850000,0.760000,,0.674246,1228.281,6,2,0.760000,0.180000,0.010000,0.050000,0.480000,0.320000,0.000000,0.000000,NOTE_HYPOTHESIS,shared_audio_intelligence_v0_2;spectral_peak;owner_supplied_audio
BE-003:pitch:00815,BE-003:onset:0186,36.455329,744.455329,60.360000,16,1.360000,73.8242,D5,581.3965,1.137778,1.000000,0.731461,0.850000,0.580000,,0.674246,1228.281,6,3,0.050000,0.300000,0.580000,0.070000,0.000000,0.120000,0.580000,0.220000,NOTE_HYPOTHESIS,shared_audio_intelligence_v0_2;spectral_peak;owner_supplied_audio
BE-003:pitch:00816,BE-003:onset:0186,36.455329,744.455329,60.360000,16,1.360000,44.6287,A2,107.6660,0.116100,1.000000,0.731461,0.850000,0.760000,,0.674246,1228.281,6,4,0.760000,0.180000,0.010000,0.050000,0.480000,0.320000,0.000000,0.000000,NOTE_HYPOTHESIS,shared_audio_intelligence_v0_2;spectral_peak;owner_supplied_audio
BE-003:pitch:00817,BE-003:onset:0186,36.455329,744.455329,60.360000,16,1.360000,61.8242,D4,290.6982,1.160998,1.000000,0.731461,0.850000,0.520000,,0.674246,1228.281,6,5,0.250000,0.520000,0.150000,0.080000,0.000000,0.450000,0.250000,0.200000,NOTE_HYPOTHESIS,shared_audio_intelligence_v0_2;spectral_peak;owner_supplied_audio
BE-003:pitch:00818,BE-003:onset:0186,36.455329,744.455329,60.360000,16,1.360000,74.9115,D#5,619.0796,0.162540,1.000000,0.731461,0.850000,0.580000,,0.674246,1228.281,6,6,0.050000,0.300000,0.580000,0.070000,0.000000,0.120000,0.580000,0.220000,NOTE_HYPOTHESIS,shared_audio_intelligence_v0_2;spectral_peak;owner_supplied_audio
BE-003:pitch:00819,BE-003:onset:0187,36.594649,744.594649,60.600000,16,1.600000,64.7656,F4,344.5312,1.021678,1.000000,1.000000,0.850000,0.580000,,0.996845,988.479,6,1,0.050000,0.300000,0.580000,0.070000,0.000000,0.450000,0.250000,0.200000,NOTE_HYPOTHESIS,shared_audio_intelligence_v0_2;spectral_peak;owner_supplied_audio
BE-003:pitch:00820,BE-003:onset:0187,36.594649,744.594649,60.600000,16,1.600000,61.8242,D4,290.6982,0.952018,1.000000,1.000000,0.850000,0.520000,,0.996845,988.479,6,2,0.250000,0.520000,0.150000,0.080000,0.000000,0.450000,0.250000,0.200000,NOTE_HYPOTHESIS,shared_audio_intelligence_v0_2;spectral_peak;owner_supplied_audio
BE-003:pitch:00821,BE-003:onset:0187,36.594649,744.594649,60.600000,16,1.600000,73.8242,D5,581.3965,0.998458,1.000000,1.000000,0.850000,0.580000,,0.996845,988.479,6,3,0.050000,0.300000,0.580000,0.070000,0.000000,0.120000,0.580000,0.220000,NOTE_HYPOTHESIS,shared_audio_intelligence_v0_2;spectral_peak;owner_supplied_audio
BE-003:pitch:00822,BE-003:onset:0187,36.594649,744.594649,60.600000,16,1.600000,57.8808,A#3,231.4819,0.441179,1.000000,1.000000,0.850000,0.520000,,0.996845,988.479,6,4,0.250000,0.520000,0.150000,0.080000,0.000000,0.450000,0.250000,0.200000,NOTE_HYPOTHESIS,shared_audio_intelligence_v0_2;spectral_peak;owner_supplied_audio
BE-003:pitch:00823,BE-003:onset:0187,36.594649,744.594649,60.600000,16,1.600000,85.9042,D6,1168.1763,0.232200,1.000000,1.000000,0.850000,0.840000,,0.996845,988.479,6,5,0.010000,0.080000,0.840000,0.070000,0.000000,0.120000,0.580000,0.220000,NOTE_HYPOTHESIS,shared_audio_intelligence_v0_2;spectral_peak;owner_supplied_audio
BE-003:pitch:00824,BE-003:onset:0187,36.594649,744.594649,60.600000,16,1.600000,37.1709,C#2,69.9829,0.301859,1.000000,1.000000,0.850000,0.760000,,0.996845,988.479,6,6,0.760000,0.180000,0.010000,0.050000,0.480000,0.320000,0.000000,0.000000,NOTE_HYPOTHESIS,shared_audio_intelligence_v0_2;spectral_peak;owner_supplied_audio
BE-003:pitch:00825,BE-003:onset:0188,36.873288,744.873288,61.076923,16,2.076923,42.8047,G2,96.8994,0.348299,1.000000,0.847009,0.850000,0.760000,,1.000000,1145.747,6,1,0.760000,0.180000,0.010000,0.050000,0.480000,0.320000,0.000000,0.000000,NOTE_HYPOTHESIS,shared_audio_intelligence_v0_2;spectral_peak;owner_supplied_audio
BE-003:pitch:00826,BE-003:onset:0188,36.873288,744.873288,61.076923,16,2.076923,64.7656,F4,344.5312,0.766259,1.000000,0.847009,0.850000,0.580000,,1.000000,1145.747,6,2,0.050000,0.300000,0.580000,0.070000,0.000000,0.450000,0.250000,0.200000,NOTE_HYPOTHESIS,shared_audio_intelligence_v0_2;spectral_peak;owner_supplied_audio
BE-003:pitch:00827,BE-003:onset:0188,36.873288,744.873288,61.076923,16,2.076923,73.8242,D5,581.3965,0.719819,1.000000,0.847009,0.850000,0.580000,,1.000000,1145.747,6,3,0.050000,0.300000,0.580000,0.070000,0.000000,0.120000,0.580000,0.220000,NOTE_HYPOTHESIS,shared_audio_intelligence_v0_2;spectral_peak;owner_supplied_audio
BE-003:pitch:00828,BE-003:onset:0188,36.873288,744.873288,61.076923,16,2.076923,61.8242,D4,290.6982,0.743039,1.000000,0.847009,0.850000,0.520000,,1.000000,1145.747,6,4,0.250000,0.520000,0.150000,0.080000,0.000000,0.450000,0.250000,0.200000,NOTE_HYPOTHESIS,shared_audio_intelligence_v0_2;spectral_peak;owner_supplied_audio
BE-003:pitch:00829,BE-003:onset:0188,36.873288,744.873288,61.076923,16,2.076923,57.8808,A#3,231.4819,0.185760,1.000000,0.847009,0.850000,0.520000,,1.000000,1145.747,6,5,0.250000,0.520000,0.150000,0.080000,0.000000,0.450000,0.250000,0.200000,NOTE_HYPOTHESIS,shared_audio_intelligence_v0_2;spectral_peak;owner_supplied_audio
BE-003:pitch:00830,BE-003:onset:0188,36.873288,744.873288,61.076923,16,2.076923,71.7851,C5,516.7969,0.743039,1.000000,0.847009,0.850000,0.580000,,1.000000,1145.747,6,6,0.050000,0.300000,0.580000,0.070000,0.000000,0.120000,0.580000,0.220000,NOTE_HYPOTHESIS,shared_audio_intelligence_v0_2;spectral_peak;owner_supplied_audio
BE-003:pitch:00831,BE-003:onset:0189,37.059048,745.059048,61.384615,16,2.384615,64.7656,F4,344.5312,0.557279,1.000000,1.000000,0.850000,0.580000,,1.000000,1160.403,6,1,0.050000,0.300000,0.580000,0.070000,0.000000,0.450000,0.250000,0.200000,NOTE_HYPOTHESIS,shared_audio_intelligence_v0_2;spectral_peak;owner_supplied_audio
BE-003:pitch:00832,BE-003:onset:0189,37.059048,745.059048,61.384615,16,2.384615,76.9003,F5,694.4458,0.278639,1.000000,1.000000,0.850000,0.840000,,1.000000,1160.403,6,2,0.010000,0.080000,0.840000,0.070000,0.000000,0.120000,0.580000,0.220000,NOTE_HYPOTHESIS,shared_audio_intelligence_v0_2;spectral_peak;owner_supplied_audio
BE-003:pitch:00833,BE-003:onset:0189,37.059048,745.059048,61.384615,16,2.384615,61.8242,D4,290.6982,0.510839,1.000000,1.000000,0.850000,0.520000,,1.000000,1160.403,6,3,0.250000,0.520000,0.150000,0.080000,0.000000,0.450000,0.250000,0.200000,NOTE_HYPOTHESIS,shared_audio_intelligence_v0_2;spectral_peak;owner_supplied_audio
BE-003:pitch:00834,BE-003:onset:0189,37.059048,745.059048,61.384615,16,2.384615,42.8047,G2,96.8994,0.464399,1.000000,1.000000,0.850000,0.760000,,1.000000,1160.403,6,4,0.760000,0.180000,0.010000,0.050000,0.480000,0.320000,0.000000,0.000000,NOTE_HYPOTHESIS,shared_audio_intelligence_v0_2;spectral_peak;owner_supplied_audio
BE-003:pitch:00835,BE-003:onset:0189,37.059048,745.059048,61.384615,16,2.384615,83.8751,C6,1038.9771,0.371519,1.000000,1.000000,0.850000,0.840000,,1.000000,1160.403,6,5,0.010000,0.080000,0.840000,0.070000,0.000000,0.120000,0.580000,0.220000,NOTE_HYPOTHESIS,shared_audio_intelligence_v0_2;spectral_peak;owner_supplied_audio
BE-003:pitch:00836,BE-003:onset:0189,37.059048,745.059048,61.384615,16,2.384615,73.8242,D5,581.3965,0.534059,1.000000,1.000000,0.850000,0.580000,,1.000000,1160.403,6,6,0.050000,0.300000,0.580000,0.070000,0.000000,0.120000,0.580000,0.220000,NOTE_HYPOTHESIS,shared_audio_intelligence_v0_2;spectral_peak;owner_supplied_audio
BE-003:pitch:00837,BE-003:onset:0190,37.732426,745.732426,62.500000,16,3.500000,47.7851,C3,129.1992,0.557279,1.000000,1.000000,0.850000,0.550000,,0.718155,985.034,6,1,0.550000,0.350000,0.030000,0.070000,0.480000,0.320000,0.000000,0.000000,NOTE_HYPOTHESIS,shared_audio_intelligence_v0_2;spectral_peak;owner_supplied_audio
BE-003:pitch:00838,BE-003:onset:0190,37.732426,745.732426,62.500000,16,3.500000,61.8242,D4,290.6982,0.139320,1.000000,1.000000,0.850000,0.520000,,0.718155,985.034,6,2,0.250000,0.520000,0.150000,0.080000,0.000000,0.450000,0.250000,0.200000,NOTE_HYPOTHESIS,shared_audio_intelligence_v0_2;spectral_peak;owner_supplied_audio
BE-003:pitch:00839,BE-003:onset:0190,37.732426,745.732426,62.500000,16,3.500000,73.8242,D5,581.3965,0.116100,1.000000,1.000000,0.850000,0.580000,,0.718155,985.034,6,3,0.050000,0.300000,0.580000,0.070000,0.000000,0.120000,0.580000,0.220000,NOTE_HYPOTHESIS,shared_audio_intelligence_v0_2;spectral_peak;owner_supplied_audio
BE-003:pitch:00840,BE-003:onset:0190,37.732426,745.732426,62.500000,16,3.500000,45.4734,A2,113.0493,0.348299,1.000000,1.000000,0.850000,0.550000,,0.718155,985.034,6,4,0.550000,0.350000,0.030000,0.070000,0.480000,0.320000,0.000000,0.000000,NOTE_HYPOTHESIS,shared_audio_intelligence_v0_2;spectral_peak;owner_supplied_audio
BE-003:pitch:00841,BE-003:onset:0190,37.732426,745.732426,62.500000,16,3.500000,64.7656,F4,344.5312,0.998458,1.000000,1.000000,0.850000,0.580000,,0.718155,985.034,6,5,0.050000,0.300000,0.580000,0.070000,0.000000,0.450000,0.250000,0.200000,NOTE_HYPOTHESIS,shared_audio_intelligence_v0_2;spectral_peak;owner_supplied_audio
BE-003:pitch:00842,BE-003:onset:0190,37.732426,745.732426,62.500000,16,3.500000,57.8808,A#3,231.4819,0.487619,1.000000,1.000000,0.850000,0.520000,,0.718155,985.034,6,6,0.250000,0.520000,0.150000,0.080000,0.000000,0.450000,0.250000,0.200000,NOTE_HYPOTHESIS,shared_audio_intelligence_v0_2;spectral_peak;owner_supplied_audio
BE-003:pitch:00843,BE-003:onset:0191,37.918186,745.918186,62.807692,16,3.807692,47.7851,C3,129.1992,0.371519,1.000000,0.795330,0.850000,0.550000,,0.559442,1415.530,6,1,0.550000,0.350000,0.030000,0.070000,0.480000,0.320000,0.000000,0.000000,NOTE_HYPOTHESIS,shared_audio_intelligence_v0_2;spectral_peak;owner_supplied_audio
BE-003:pitch:00844,BE-003:onset:0191,37.918186,745.918186,62.807692,16,3.807692,57.8808,A#3,231.4819,0.185760,1.000000,0.795330,0.850000,0.520000,,0.559442,1415.530,6,2,0.250000,0.520000,0.150000,0.080000,0.000000,0.450000,0.250000,0.200000,NOTE_HYPOTHESIS,shared_audio_intelligence_v0_2;spectral_peak;owner_supplied_audio
BE-003:pitch:00845,BE-003:onset:0191,37.918186,745.918186,62.807692,16,3.807692,64.7656,F4,344.5312,0.812698,1.000000,0.795330,0.850000,0.580000,,0.559442,1415.530,6,3,0.050000,0.300000,0.580000,0.070000,0.000000,0.450000,0.250000,0.200000,NOTE_HYPOTHESIS,shared_audio_intelligence_v0_2;spectral_peak;owner_supplied_audio
BE-003:pitch:00846,BE-003:onset:0191,37.918186,745.918186,62.807692,16,3.807692,62.7603,D#4,306.8481,0.325079,1.000000,0.795330,0.850000,0.520000,,0.559442,1415.530,6,4,0.250000,0.520000,0.150000,0.080000,0.000000,0.450000,0.250000,0.200000,NOTE_HYPOTHESIS,shared_audio_intelligence_v0_2;spectral_peak;owner_supplied_audio
BE-003:pitch:00847,BE-003:onset:0191,37.918186,745.918186,62.807692,16,3.807692,66.8047,G4,387.5977,0.116100,1.000000,0.795330,0.850000,0.580000,,0.559442,1415.530,6,5,0.050000,0.300000,0.580000,0.070000,0.000000,0.450000,0.250000,0.200000,NOTE_HYPOTHESIS,shared_audio_intelligence_v0_2;spectral_peak;owner_supplied_audio
BE-003:pitch:00848,BE-003:onset:0191,37.918186,745.918186,62.807692,16,3.807692,74.9115,D#5,619.0796,0.208980,0.982566,0.795330,0.841283,0.580000,,0.559442,1415.530,6,6,0.050000,0.300000,0.580000,0.070000,0.000000,0.120000,0.580000,0.220000,NOTE_HYPOTHESIS,shared_audio_intelligence_v0_2;spectral_peak;owner_supplied_audio
BE-003:pitch:00849,BE-003:onset:0192,38.034286,746.034286,63.000000,16,4.000000,48.4919,C3,134.5825,0.487619,1.000000,0.807262,0.850000,0.550000,,0.606054,1295.035,6,1,0.550000,0.350000,0.030000,0.070000,0.480000,0.320000,0.000000,0.000000,NOTE_HYPOTHESIS,shared_audio_intelligence_v0_2;spectral_peak;owner_supplied_audio
BE-003:pitch:00850,BE-003:onset:0192,38.034286,746.034286,63.000000,16,4.000000,65.0340,F4,349.9146,0.185760,1.000000,0.807262,0.850000,0.580000,,0.606054,1295.035,6,2,0.050000,0.300000,0.580000,0.070000,0.000000,0.450000,0.250000,0.200000,NOTE_HYPOTHESIS,shared_audio_intelligence_v0_2;spectral_peak;owner_supplied_audio
BE-003:pitch:00851,BE-003:onset:0192,38.034286,746.034286,63.000000,16,4.000000,59.7851,C4,258.3984,0.185760,1.000000,0.807262,0.850000,0.520000,,0.606054,1295.035,6,3,0.250000,0.520000,0.150000,0.080000,0.000000,0.450000,0.250000,0.200000,NOTE_HYPOTHESIS,shared_audio_intelligence_v0_2;spectral_peak;owner_supplied_audio
BE-003:pitch:00852,BE-003:onset:0192,38.034286,746.034286,63.000000,16,4.000000,71.9645,C5,522.1802,0.162540,1.000000,0.807262,0.850000,0.580000,,0.606054,1295.035,6,4,0.050000,0.300000,0.580000,0.070000,0.000000,0.120000,0.580000,0.220000,NOTE_HYPOTHESIS,shared_audio_intelligence_v0_2;spectral_peak;owner_supplied_audio
BE-003:pitch:00853,BE-003:onset:0192,38.034286,746.034286,63.000000,16,4.000000,43.7407,G#2,102.2827,0.092880,1.000000,0.807262,0.850000,0.760000,,0.606054,1295.035,6,5,0.760000,0.180000,0.010000,0.050000,0.480000,0.320000,0.000000,0.000000,NOTE_HYPOTHESIS,shared_audio_intelligence_v0_2;spectral_peak;owner_supplied_audio
BE-003:pitch:00854,BE-003:onset:0192,38.034286,746.034286,63.000000,16,4.000000,57.8808,A#3,231.4819,0.162540,1.000000,0.807262,0.850000,0.520000,,0.606054,1295.035,6,6,0.250000,0.520000,0.150000,0.080000,0.000000,0.450000,0.250000,0.200000,NOTE_HYPOTHESIS,shared_audio_intelligence_v0_2;spectral_peak;owner_supplied_audio
BE-003:pitch:00855,BE-003:onset:0193,38.196825,746.196825,63.280000,16,4.280000,60.8347,C#4,274.5483,0.185760,1.000000,1.000000,0.850000,0.520000,,0.808675,967.879,6,1,0.250000,0.520000,0.150000,0.080000,0.000000,0.450000,0.250000,0.200000,NOTE_HYPOTHESIS,shared_audio_intelligence_v0_2;spectral_peak;owner_supplied_audio
BE-003:pitch:00856,BE-003:onset:0193,38.196825,746.196825,63.280000,16,4.280000,72.8347,C#5,549.0967,0.185760,1.000000,1.000000,0.850000,0.580000,,0.808675,967.879,6,2,0.050000,0.300000,0.580000,0.070000,0.000000,0.120000,0.580000,0.220000,NOTE_HYPOTHESIS,shared_audio_intelligence_v0_2;spectral_peak;owner_supplied_audio
BE-003:pitch:00857,BE-003:onset:0193,38.196825,746.196825,63.280000,16,4.280000,48.4919,C3,134.5825,0.325079,1.000000,1.000000,0.850000,0.550000,,0.808675,967.879,6,3,0.550000,0.350000,0.030000,0.070000,0.480000,0.320000,0.000000,0.000000,NOTE_HYPOTHESIS,shared_audio_intelligence_v0_2;spectral_peak;owner_supplied_audio
BE-003:pitch:00858,BE-003:onset:0193,38.196825,746.196825,63.280000,16,4.280000,65.8151,F#4,366.0645,0.232200,1.000000,1.000000,0.850000,0.580000,,0.808675,967.879,6,4,0.050000,0.300000,0.580000,0.070000,0.000000,0.450000,0.250000,0.200000,NOTE_HYPOTHESIS,shared_audio_intelligence_v0_2;spectral_peak;owner_supplied_audio
BE-003:pitch:00859,BE-003:onset:0193,38.196825,746.196825,63.280000,16,4.280000,77.8151,F#5,732.1289,0.139320,1.000000,1.000000,0.850000,0.840000,,0.808675,967.879,6,5,0.010000,0.080000,0.840000,0.070000,0.000000,0.120000,0.580000,0.220000,NOTE_HYPOTHESIS,shared_audio_intelligence_v0_2;spectral_peak;owner_supplied_audio
BE-003:pitch:00860,BE-003:onset:0193,38.196825,746.196825,63.280000,16,4.280000,61.8242,D4,290.6982,0.603719,1.000000,1.000000,0.850000,0.520000,,0.808675,967.879,6,6,0.250000,0.520000,0.150000,0.080000,0.000000,0.450000,0.250000,0.200000,NOTE_HYPOTHESIS,shared_audio_intelligence_v0_2;spectral_peak;owner_supplied_audio
BE-003:pitch:00861,BE-003:onset:0194,38.336145,746.336145,63.520000,16,4.520000,59.7851,C4,258.3984,0.278639,1.000000,0.735583,0.850000,0.520000,,0.814339,1141.334,6,1,0.250000,0.520000,0.150000,0.080000,0.000000,0.450000,0.250000,0.200000,NOTE_HYPOTHESIS,shared_audio_intelligence_v0_2;spectral_peak;owner_supplied_audio
BE-003:pitch:00862,BE-003:onset:0194,38.336145,746.336145,63.520000,16,4.520000,64.7656,F4,344.5312,0.162540,1.000000,0.735583,0.850000,0.580000,,0.814339,1141.334,6,2,0.050000,0.300000,0.580000,0.070000,0.000000,0.450000,0.250000,0.200000,NOTE_HYPOTHESIS,shared_audio_intelligence_v0_2;spectral_peak;owner_supplied_audio
BE-003:pitch:00863,BE-003:onset:0194,38.336145,746.336145,63.520000,16,4.520000,71.7851,C5,516.7969,0.185760,1.000000,0.735583,0.850000,0.580000,,0.814339,1141.334,6,3,0.050000,0.300000,0.580000,0.070000,0.000000,0.120000,0.580000,0.220000,NOTE_HYPOTHESIS,shared_audio_intelligence_v0_2;spectral_peak;owner_supplied_audio
BE-003:pitch:00864,BE-003:onset:0194,38.336145,746.336145,63.520000,16,4.520000,60.8347,C#4,274.5483,0.116100,1.000000,0.735583,0.850000,0.520000,,0.814339,1141.334,6,4,0.250000,0.520000,0.150000,0.080000,0.000000,0.450000,0.250000,0.200000,NOTE_HYPOTHESIS,shared_audio_intelligence_v0_2;spectral_peak;owner_supplied_audio
BE-003:pitch:00865,BE-003:onset:0194,38.336145,746.336145,63.520000,16,4.520000,49.8242,D3,145.3491,0.580499,1.000000,0.735583,0.850000,0.550000,,0.814339,1141.334,6,5,0.550000,0.350000,0.030000,0.070000,0.480000,0.320000,0.000000,0.000000,NOTE_HYPOTHESIS,shared_audio_intelligence_v0_2;spectral_peak;owner_supplied_audio
BE-003:pitch:00866,BE-003:onset:0194,38.336145,746.336145,63.520000,16,4.520000,61.8242,D4,290.6982,0.464399,1.000000,0.735583,0.850000,0.520000,,0.814339,1141.334,6,6,0.250000,0.520000,0.150000,0.080000,0.000000,0.450000,0.250000,0.200000,NOTE_HYPOTHESIS,shared_audio_intelligence_v0_2;spectral_peak;owner_supplied_audio
BE-003:pitch:00867,BE-003:onset:0195,38.475465,746.475465,63.760000,16,4.760000,57.8808,A#3,231.4819,0.348299,1.000000,0.628279,0.850000,0.520000,,0.703208,1071.382,6,1,0.250000,0.520000,0.150000,0.080000,0.000000,0.450000,0.250000,0.200000,NOTE_HYPOTHESIS,shared_audio_intelligence_v0_2;spectral_peak;owner_supplied_audio
BE-003:pitch:00868,BE-003:onset:0195,38.475465,746.475465,63.760000,16,4.760000,61.8242,D4,290.6982,0.301859,1.000000,0.628279,0.850000,0.520000,,0.703208,1071.382,6,2,0.250000,0.520000,0.150000,0.080000,0.000000,0.450000,0.250000,0.200000,NOTE_HYPOTHESIS,shared_audio_intelligence_v0_2;spectral_peak;owner_supplied_audio
BE-003:pitch:00869,BE-003:onset:0195,38.475465,746.475465,63.760000,16,4.760000,59.7851,C4,258.3984,0.650159,1.000000,0.628279,0.850000,0.520000,,0.703208,1071.382,6,3,0.250000,0.520000,0.150000,0.080000,0.000000,0.450000,0.250000,0.200000,NOTE_HYPOTHESIS,shared_audio_intelligence_v0_2;spectral_peak;owner_supplied_audio
BE-003:pitch:00870,BE-003:onset:0195,38.475465,746.475465,63.760000,16,4.760000,49.8242,D3,145.3491,0.464399,1.000000,0.628279,0.850000,0.550000,,0.703208,1071.382,6,4,0.550000,0.350000,0.030000,0.070000,0.480000,0.320000,0.000000,0.000000,NOTE_HYPOTHESIS,shared_audio_intelligence_v0_2;spectral_peak;owner_supplied_audio
BE-003:pitch:00871,BE-003:onset:0195,38.475465,746.475465,63.760000,16,4.760000,62.7603,D#4,306.8481,0.301859,1.000000,0.628279,0.850000,0.520000,,0.703208,1071.382,6,5,0.250000,0.520000,0.150000,0.080000,0.000000,0.450000,0.250000,0.200000,NOTE_HYPOTHESIS,shared_audio_intelligence_v0_2;spectral_peak;owner_supplied_audio
BE-003:pitch:00872,BE-003:onset:0195,38.475465,746.475465,63.760000,16,4.760000,81.8808,A#5,925.9277,0.208980,1.000000,0.628279,0.850000,0.840000,,0.703208,1071.382,6,6,0.010000,0.080000,0.840000,0.070000,0.000000,0.120000,0.580000,0.220000,NOTE_HYPOTHESIS,shared_audio_intelligence_v0_2;spectral_peak;owner_supplied_audio
BE-003:pitch:00873,BE-003:onset:0196,38.638005,746.638005,64.033333,17,1.033333,61.8242,D4,290.6982,0.139320,1.000000,0.499360,0.850000,0.520000,,0.754020,955.855,6,1,0.250000,0.520000,0.150000,0.080000,0.000000,0.450000,0.250000,0.200000,NOTE_HYPOTHESIS,shared_audio_intelligence_v0_2;spectral_peak;owner_supplied_audio
BE-003:pitch:00874,BE-003:onset:0196,38.638005,746.638005,64.033333,17,1.033333,73.8242,D5,581.3965,0.325079,1.000000,0.499360,0.850000,0.580000,,0.754020,955.855,6,2,0.050000,0.300000,0.580000,0.070000,0.000000,0.120000,0.580000,0.220000,NOTE_HYPOTHESIS,shared_audio_intelligence_v0_2;spectral_peak;owner_supplied_audio
BE-003:pitch:00875,BE-003:onset:0196,38.638005,746.638005,64.033333,17,1.033333,57.8808,A#3,231.4819,0.185760,1.000000,0.499360,0.850000,0.520000,,0.754020,955.855,6,3,0.250000,0.520000,0.150000,0.080000,0.000000,0.450000,0.250000,0.200000,NOTE_HYPOTHESIS,shared_audio_intelligence_v0_2;spectral_peak;owner_supplied_audio
BE-003:pitch:00876,BE-003:onset:0196,38.638005,746.638005,64.033333,17,1.033333,49.8242,D3,145.3491,0.278639,1.000000,0.499360,0.850000,0.550000,,0.754020,955.855,6,4,0.550000,0.350000,0.030000,0.070000,0.480000,0.320000,0.000000,0.000000,NOTE_HYPOTHESIS,shared_audio_intelligence_v0_2;spectral_peak;owner_supplied_audio
BE-003:pitch:00877,BE-003:onset:0196,38.638005,746.638005,64.033333,17,1.033333,37.1709,C#2,69.9829,0.348299,1.000000,0.499360,0.850000,0.760000,,0.754020,955.855,6,5,0.760000,0.180000,0.010000,0.050000,0.480000,0.320000,0.000000,0.000000,NOTE_HYPOTHESIS,shared_audio_intelligence_v0_2;spectral_peak;owner_supplied_audio
BE-003:pitch:00878,BE-003:onset:0196,38.638005,746.638005,64.033333,17,1.033333,45.4734,A2,113.0493,0.487619,1.000000,0.499360,0.850000,0.550000,,0.754020,955.855,6,6,0.550000,0.350000,0.030000,0.070000,0.480000,0.320000,0.000000,0.000000,NOTE_HYPOTHESIS,shared_audio_intelligence_v0_2;spectral_peak;owner_supplied_audio
BE-003:pitch:00879,BE-003:onset:0197,38.777324,746.777324,64.233333,17,1.233333,59.7851,C4,258.3984,0.185760,1.000000,0.760616,0.850000,0.520000,,0.859730,991.144,6,1,0.250000,0.520000,0.150000,0.080000,0.000000,0.450000,0.250000,0.200000,NOTE_HYPOTHESIS,shared_audio_intelligence_v0_2;spectral_peak;owner_supplied_audio
BE-003:pitch:00880,BE-003:onset:0197,38.777324,746.777324,64.233333,17,1.233333,73.8242,D5,581.3965,0.185760,1.000000,0.760616,0.850000,0.580000,,0.859730,991.144,6,2,0.050000,0.300000,0.580000,0.070000,0.000000,0.120000,0.580000,0.220000,NOTE_HYPOTHESIS,shared_audio_intelligence_v0_2;spectral_peak;owner_supplied_audio
BE-003:pitch:00881,BE-003:onset:0197,38.777324,746.777324,64.233333,17,1.233333,71.7851,C5,516.7969,0.162540,1.000000,0.760616,0.850000,0.580000,,0.859730,991.144,6,3,0.050000,0.300000,0.580000,0.070000,0.000000,0.120000,0.580000,0.220000,NOTE_HYPOTHESIS,shared_audio_intelligence_v0_2;spectral_peak;owner_supplied_audio
BE-003:pitch:00882,BE-003:onset:0197,38.777324,746.777324,64.233333,17,1.233333,49.8242,D3,145.3491,0.139320,1.000000,0.760616,0.850000,0.550000,,0.859730,991.144,6,4,0.550000,0.350000,0.030000,0.070000,0.480000,0.320000,0.000000,0.000000,NOTE_HYPOTHESIS,shared_audio_intelligence_v0_2;spectral_peak;owner_supplied_audio
BE-003:pitch:00883,BE-003:onset:0197,38.777324,746.777324,64.233333,17,1.233333,78.9245,G5,780.5786,0.139320,1.000000,0.760616,0.850000,0.840000,,0.859730,991.144,6,5,0.010000,0.080000,0.840000,0.070000,0.000000,0.120000,0.580000,0.220000,NOTE_HYPOTHESIS,shared_audio_intelligence_v0_2;spectral_peak;owner_supplied_audio
BE-003:pitch:00884,BE-003:onset:0197,38.777324,746.777324,64.233333,17,1.233333,57.8808,A#3,231.4819,0.255420,1.000000,0.760616,0.850000,0.520000,,0.859730,991.144,6,6,0.250000,0.520000,0.150000,0.080000,0.000000,0.450000,0.250000,0.200000,NOTE_HYPOTHESIS,shared_audio_intelligence_v0_2;spectral_peak;owner_supplied_audio
BE-003:pitch:00885,BE-003:onset:0198,39.032744,747.032744,64.600000,17,1.600000,59.7851,C4,258.3984,0.139320,1.000000,0.491232,0.850000,0.520000,,0.247663,1583.075,6,1,0.250000,0.520000,0.150000,0.080000,0.000000,0.450000,0.250000,0.200000,NOTE_HYPOTHESIS,shared_audio_intelligence_v0_2;spectral_peak;owner_supplied_audio
BE-003:pitch:00886,BE-003:onset:0198,39.032744,747.032744,64.600000,17,1.600000,49.1709,C#3,139.9658,1.091338,1.000000,0.491232,0.850000,0.550000,,0.247663,1583.075,6,2,0.550000,0.350000,0.030000,0.070000,0.480000,0.320000,0.000000,0.000000,NOTE_HYPOTHESIS,shared_audio_intelligence_v0_2;spectral_peak;owner_supplied_audio
BE-003:pitch:00887,BE-003:onset:0198,39.032744,747.032744,64.600000,17,1.600000,45.4734,A2,113.0493,0.116100,1.000000,0.491232,0.850000,0.550000,,0.247663,1583.075,6,3,0.550000,0.350000,0.030000,0.070000,0.480000,0.320000,0.000000,0.000000,NOTE_HYPOTHESIS,shared_audio_intelligence_v0_2;spectral_peak;owner_supplied_audio
BE-003:pitch:00888,BE-003:onset:0198,39.032744,747.032744,64.600000,17,1.600000,57.0562,A3,220.7153,0.185760,0.973042,0.491232,0.836521,0.520000,,0.247663,1583.075,6,4,0.250000,0.520000,0.150000,0.080000,0.000000,0.450000,0.250000,0.200000,NOTE_HYPOTHESIS,shared_audio_intelligence_v0_2;spectral_peak;owner_supplied_audio
BE-003:pitch:00889,BE-003:onset:0198,39.032744,747.032744,64.600000,17,1.600000,62.4538,D4,301.4648,1.532517,0.837421,0.491232,0.768711,0.520000,,0.247663,1583.075,6,5,0.250000,0.520000,0.150000,0.080000,0.000000,0.450000,0.250000,0.200000,NOTE_HYPOTHESIS,shared_audio_intelligence_v0_2;spectral_peak;owner_supplied_audio
BE-003:pitch:00890,BE-003:onset:0198,39.032744,747.032744,64.600000,17,1.600000,37.1709,C#2,69.9829,0.185760,0.788026,0.491232,0.744013,0.760000,,0.247663,1583.075,6,6,0.760000,0.180000,0.010000,0.050000,0.480000,0.320000,0.000000,0.000000,NOTE_HYPOTHESIS,shared_audio_intelligence_v0_2;spectral_peak;owner_supplied_audio
BE-003:pitch:00891,BE-003:onset:0199,39.102404,747.102404,64.700000,17,1.700000,49.8242,D3,145.3491,0.696599,1.000000,0.835202,0.850000,0.550000,,0.238214,1795.150,6,1,0.550000,0.350000,0.030000,0.070000,0.480000,0.320000,0.000000,0.000000,NOTE_HYPOTHESIS,shared_audio_intelligence_v0_2;spectral_peak;owner_supplied_audio
BE-003:pitch:00892,BE-003:onset:0199,39.102404,747.102404,64.700000,17,1.700000,62.4538,D4,301.4648,1.532517,1.000000,0.835202,0.850000,0.520000,,0.238214,1795.150,6,2,0.250000,0.520000,0.150000,0.080000,0.000000,0.450000,0.250000,0.200000,NOTE_HYPOTHESIS,shared_audio_intelligence_v0_2;spectral_peak;owner_supplied_audio
BE-003:pitch:00893,BE-003:onset:0199,39.102404,747.102404,64.700000,17,1.700000,43.7407,G#2,102.2827,0.069660,0.968394,0.835202,0.834197,0.760000,,0.238214,1795.150,6,3,0.760000,0.180000,0.010000,0.050000,0.480000,0.320000,0.000000,0.000000,NOTE_HYPOTHESIS,shared_audio_intelligence_v0_2;spectral_peak;owner_supplied_audio
BE-003:pitch:00894,BE-003:onset:0199,39.102404,747.102404,64.700000,17,1.700000,59.7851,C4,258.3984,0.069660,0.967429,0.835202,0.833714,0.520000,,0.238214,1795.150,6,4,0.250000,0.520000,0.150000,0.080000,0.000000,0.450000,0.250000,0.200000,NOTE_HYPOTHESIS,shared_audio_intelligence_v0_2;spectral_peak;owner_supplied_audio
BE-003:pitch:00895,BE-003:onset:0199,39.102404,747.102404,64.700000,17,1.700000,74.2986,D5,597.5464,0.394739,0.910350,0.835202,0.805175,0.580000,,0.238214,1795.150,6,5,0.050000,0.300000,0.580000,0.070000,0.000000,0.120000,0.580000,0.220000,NOTE_HYPOTHESIS,shared_audio_intelligence_v0_2;spectral_peak;owner_supplied_audio
BE-003:pitch:00896,BE-003:onset:0199,39.102404,747.102404,64.700000,17,1.700000,47.7851,C3,129.1992,1.532517,0.890806,0.835202,0.795403,0.550000,,0.238214,1795.150,6,6,0.550000,0.350000,0.030000,0.070000,0.480000,0.320000,0.000000,0.000000,NOTE_HYPOTHESIS,shared_audio_intelligence_v0_2;spectral_peak;owner_supplied_audio
BE-003:pitch:00897,BE-003:onset:0200,39.172063,747.172063,64.800000,17,1.800000,62.1419,D4,296.0815,1.091338,1.000000,0.680892,0.850000,0.520000,,0.169597,3087.516,5,1,0.250000,0.520000,0.150000,0.080000,0.000000,0.450000,0.250000,0.200000,NOTE_HYPOTHESIS,shared_audio_intelligence_v0_2;spectral_peak;owner_supplied_audio
BE-003:pitch:00898,BE-003:onset:0200,39.172063,747.172063,64.800000,17,1.800000,49.8242,D3,145.3491,0.626939,1.000000,0.680892,0.850000,0.501984,,0.169597,3087.516,5,2,0.501984,0.319444,0.029762,0.148810,0.480000,0.320000,0.000000,0.000000,NOTE_HYPOTHESIS,shared_audio_intelligence_v0_2;spectral_peak;owner_supplied_audio
BE-003:pitch:00899,BE-003:onset:0200,39.172063,747.172063,64.800000,17,1.800000,74.2986,D5,597.5464,0.325079,0.880005,0.680892,0.790002,0.580000,,0.169597,3087.516,5,3,0.050000,0.300000,0.580000,0.070000,0.000000,0.120000,0.580000,0.220000,NOTE_HYPOTHESIS,shared_audio_intelligence_v0_2;spectral_peak;owner_supplied_audio
BE-003:pitch:00900,BE-003:onset:0200,39.172063,747.172063,64.800000,17,1.800000,57.0562,A3,220.7153,0.162540,0.809608,0.680892,0.754804,0.469756,,0.169597,3087.516,5,4,0.225844,0.469756,0.147290,0.157109,0.000000,0.450000,0.250000,0.200000,NOTE_HYPOTHESIS,shared_audio_intelligence_v0_2;spectral_peak;owner_supplied_audio
BE-003:pitch:00901,BE-003:onset:0200,39.172063,747.172063,64.800000,17,1.800000,47.7851,C3,129.1992,1.532517,0.759560,0.680892,0.729780,0.501984,,0.169597,3087.516,5,5,0.501984,0.319444,0.029762,0.148810,0.480000,0.320000,0.000000,0.000000,NOTE_HYPOTHESIS,shared_audio_intelligence_v0_2;spectral_peak;owner_supplied_audio
BE-003:pitch:00902,BE-003:onset:0201,39.311383,747.311383,65.000000,17,2.000000,74.9115,D#5,619.0796,0.371519,1.000000,1.000000,0.850000,0.580000,,1.000000,1186.696,6,1,0.050000,0.300000,0.580000,0.070000,0.000000,0.120000,0.580000,0.220000,NOTE_HYPOTHESIS,shared_audio_intelligence_v0_2;spectral_peak;owner_supplied_audio
BE-003:pitch:00903,BE-003:onset:0201,39.311383,747.311383,65.000000,17,2.000000,62.7603,D#4,306.8481,1.532517,1.000000,1.000000,0.850000,0.520000,,1.000000,1186.696,6,2,0.250000,0.520000,0.150000,0.080000,0.000000,0.450000,0.250000,0.200000,NOTE_HYPOTHESIS,shared_audio_intelligence_v0_2;spectral_peak;owner_supplied_audio
BE-003:pitch:00904,BE-003:onset:0201,39.311383,747.311383,65.000000,17,2.000000,65.8151,F#4,366.0645,0.998458,1.000000,1.000000,0.850000,0.580000,,1.000000,1186.696,6,3,0.050000,0.300000,0.580000,0.070000,0.000000,0.450000,0.250000,0.200000,NOTE_HYPOTHESIS,shared_audio_intelligence_v0_2;spectral_peak;owner_supplied_audio
BE-003:pitch:00905,BE-003:onset:0201,39.311383,747.311383,65.000000,17,2.000000,77.9420,F#5,737.5122,0.348299,1.000000,1.000000,0.850000,0.840000,,1.000000,1186.696,6,4,0.010000,0.080000,0.840000,0.070000,0.000000,0.120000,0.580000,0.220000,NOTE_HYPOTHESIS,shared_audio_intelligence_v0_2;spectral_peak;owner_supplied_audio
BE-003:pitch:00906,BE-003:onset:0201,39.311383,747.311383,65.000000,17,2.000000,86.9115,D#6,1238.1592,0.371519,1.000000,1.000000,0.850000,0.840000,,1.000000,1186.696,6,5,0.010000,0.080000,0.840000,0.070000,0.000000,0.120000,0.580000,0.220000,NOTE_HYPOTHESIS,shared_audio_intelligence_v0_2;spectral_peak;owner_supplied_audio
BE-003:pitch:00907,BE-003:onset:0201,39.311383,747.311383,65.000000,17,2.000000,81.8808,A#5,925.9277,1.369977,1.000000,1.000000,0.850000,0.840000,,1.000000,1186.696,6,6,0.010000,0.080000,0.840000,0.070000,0.000000,0.120000,0.580000,0.220000,NOTE_HYPOTHESIS,shared_audio_intelligence_v0_2;spectral_peak;owner_supplied_audio
BE-003:pitch:00908,BE-003:onset:0202,39.752562,747.752562,65.703704,17,2.703704,62.7603,D#4,306.8481,1.416417,1.000000,0.805370,0.850000,0.520000,,0.998354,1189.846,6,1,0.250000,0.520000,0.150000,0.080000,0.000000,0.450000,0.250000,0.200000,NOTE_HYPOTHESIS,shared_audio_intelligence_v0_2;spectral_peak;owner_supplied_audio
BE-003:pitch:00909,BE-003:onset:0202,39.752562,747.752562,65.703704,17,2.703704,65.8151,F#4,366.0645,0.534059,1.000000,0.805370,0.850000,0.580000,,0.998354,1189.846,6,2,0.050000,0.300000,0.580000,0.070000,0.000000,0.450000,0.250000,0.200000,NOTE_HYPOTHESIS,shared_audio_intelligence_v0_2;spectral_peak;owner_supplied_audio
BE-003:pitch:00910,BE-003:onset:0202,39.752562,747.752562,65.703704,17,2.703704,77.8151,F#5,732.1289,0.441179,1.000000,0.805370,0.850000,0.840000,,0.998354,1189.846,6,3,0.010000,0.080000,0.840000,0.070000,0.000000,0.120000,0.580000,0.220000,NOTE_HYPOTHESIS,shared_audio_intelligence_v0_2;spectral_peak;owner_supplied_audio
BE-003:pitch:00911,BE-003:onset:0202,39.752562,747.752562,65.703704,17,2.703704,74.7603,D#5,613.6963,0.998458,1.000000,0.805370,0.850000,0.580000,,0.998354,1189.846,6,4,0.050000,0.300000,0.580000,0.070000,0.000000,0.120000,0.580000,0.220000,NOTE_HYPOTHESIS,shared_audio_intelligence_v0_2;spectral_peak;owner_supplied_audio
BE-003:pitch:00912,BE-003:onset:0202,39.752562,747.752562,65.703704,17,2.703704,83.8751,C6,1038.9771,0.441179,1.000000,0.805370,0.850000,0.840000,,0.998354,1189.846,6,5,0.010000,0.080000,0.840000,0.070000,0.000000,0.120000,0.580000,0.220000,NOTE_HYPOTHESIS,shared_audio_intelligence_v0_2;spectral_peak;owner_supplied_audio
BE-003:pitch:00913,BE-003:onset:0202,39.752562,747.752562,65.703704,17,2.703704,81.8808,A#5,925.9277,0.859138,1.000000,0.805370,0.850000,0.840000,,0.998354,1189.846,6,6,0.010000,0.080000,0.840000,0.070000,0.000000,0.120000,0.580000,0.220000,NOTE_HYPOTHESIS,shared_audio_intelligence_v0_2;spectral_peak;owner_supplied_audio
BE-003:pitch:00914,BE-003:onset:0203,40.031202,748.031202,66.142857,17,3.142857,65.8151,F#4,366.0645,0.278639,1.000000,0.426852,0.850000,0.580000,,0.595808,1519.346,6,1,0.050000,0.300000,0.580000,0.070000,0.000000,0.450000,0.250000,0.200000,NOTE_HYPOTHESIS,shared_audio_intelligence_v0_2;spectral_peak;owner_supplied_audio
BE-003:pitch:00915,BE-003:onset:0203,40.031202,748.031202,66.142857,17,3.142857,74.9115,D#5,619.0796,1.137778,1.000000,0.426852,0.850000,0.580000,,0.595808,1519.346,6,2,0.050000,0.300000,0.580000,0.070000,0.000000,0.120000,0.580000,0.220000,NOTE_HYPOTHESIS,shared_audio_intelligence_v0_2;spectral_peak;owner_supplied_audio
BE-003:pitch:00916,BE-003:onset:0203,40.031202,748.031202,66.142857,17,3.142857,62.7603,D#4,306.8481,1.207438,1.000000,0.426852,0.850000,0.520000,,0.595808,1519.346,6,3,0.250000,0.520000,0.150000,0.080000,0.000000,0.450000,0.250000,0.200000,NOTE_HYPOTHESIS,shared_audio_intelligence_v0_2;spectral_peak;owner_supplied_audio
BE-003:pitch:00917,BE-003:onset:0203,40.031202,748.031202,66.142857,17,3.142857,77.8151,F#5,732.1289,0.301859,1.000000,0.426852,0.850000,0.840000,,0.595808,1519.346,6,4,0.010000,0.080000,0.840000,0.070000,0.000000,0.120000,0.580000,0.220000,NOTE_HYPOTHESIS,shared_audio_intelligence_v0_2;spectral_peak;owner_supplied_audio
BE-003:pitch:00918,BE-003:onset:0203,40.031202,748.031202,66.142857,17,3.142857,44.6287,A2,107.6660,0.975238,1.000000,0.426852,0.850000,0.760000,,0.595808,1519.346,6,5,0.760000,0.180000,0.010000,0.050000,0.480000,0.320000,0.000000,0.000000,NOTE_HYPOTHESIS,shared_audio_intelligence_v0_2;spectral_peak;owner_supplied_audio
BE-003:pitch:00919,BE-003:onset:0203,40.031202,748.031202,66.142857,17,3.142857,56.6287,A3,215.3320,0.394739,1.000000,0.426852,0.850000,0.520000,,0.595808,1519.346,6,6,0.250000,0.520000,0.150000,0.080000,0.000000,0.450000,0.250000,0.200000,NOTE_HYPOTHESIS,shared_audio_intelligence_v0_2;spectral_peak;owner_supplied_audio
BE-003:pitch:00920,BE-003:onset:0204,40.263401,748.263401,66.500000,17,3.500000,45.4734,A2,113.0493,0.417959,1.000000,0.576814,0.850000,0.550000,,0.664191,1491.939,6,1,0.550000,0.350000,0.030000,0.070000,0.480000,0.320000,0.000000,0.000000,NOTE_HYPOTHESIS,shared_audio_intelligence_v0_2;spectral_peak;owner_supplied_audio
BE-003:pitch:00921,BE-003:onset:0204,40.263401,748.263401,66.500000,17,3.500000,74.9115,D#5,619.0796,0.905578,1.000000,0.576814,0.850000,0.580000,,0.664191,1491.939,6,2,0.050000,0.300000,0.580000,0.070000,0.000000,0.120000,0.580000,0.220000,NOTE_HYPOTHESIS,shared_audio_intelligence_v0_2;spectral_peak;owner_supplied_audio
BE-003:pitch:00922,BE-003:onset:0204,40.263401,748.263401,66.500000,17,3.500000,57.0562,A3,220.7153,0.162540,1.000000,0.576814,0.850000,0.520000,,0.664191,1491.939,6,3,0.250000,0.520000,0.150000,0.080000,0.000000,0.450000,0.250000,0.200000,NOTE_HYPOTHESIS,shared_audio_intelligence_v0_2;spectral_peak;owner_supplied_audio
BE-003:pitch:00923,BE-003:onset:0204,40.263401,748.263401,66.500000,17,3.500000,62.7603,D#4,306.8481,1.021678,1.000000,0.576814,0.850000,0.520000,,0.664191,1491.939,6,4,0.250000,0.520000,0.150000,0.080000,0.000000,0.450000,0.250000,0.200000,NOTE_HYPOTHESIS,shared_audio_intelligence_v0_2;spectral_peak;owner_supplied_audio
BE-003:pitch:00924,BE-003:onset:0204,40.263401,748.263401,66.500000,17,3.500000,65.8151,F#4,366.0645,1.021678,1.000000,0.576814,0.850000,0.580000,,0.664191,1491.939,6,5,0.050000,0.300000,0.580000,0.070000,0.000000,0.450000,0.250000,0.200000,NOTE_HYPOTHESIS,shared_audio_intelligence_v0_2;spectral_peak;owner_supplied_audio
BE-003:pitch:00925,BE-003:onset:0204,40.263401,748.263401,66.500000,17,3.500000,71.9645,C5,522.1802,0.464399,1.000000,0.576814,0.850000,0.580000,,0.664191,1491.939,6,6,0.050000,0.300000,0.580000,0.070000,0.000000,0.120000,0.580000,0.220000,NOTE_HYPOTHESIS,shared_audio_intelligence_v0_2;spectral_peak;owner_supplied_audio
BE-003:pitch:00926,BE-003:onset:0205,40.356281,748.356281,66.642857,17,3.642857,62.7603,D#4,306.8481,0.812698,1.000000,0.726736,0.850000,0.520000,,0.855850,966.490,6,1,0.250000,0.520000,0.150000,0.080000,0.000000,0.450000,0.250000,0.200000,NOTE_HYPOTHESIS,shared_audio_intelligence_v0_2;spectral_peak;owner_supplied_audio
BE-003:pitch:00927,BE-003:onset:0205,40.356281,748.356281,66.642857,17,3.642857,74.7603,D#5,613.6963,0.441179,1.000000,0.726736,0.850000,0.580000,,0.855850,966.490,6,2,0.050000,0.300000,0.580000,0.070000,0.000000,0.120000,0.580000,0.220000,NOTE_HYPOTHESIS,shared_audio_intelligence_v0_2;spectral_peak;owner_supplied_audio
BE-003:pitch:00928,BE-003:onset:0205,40.356281,748.356281,66.642857,17,3.642857,59.7851,C4,258.3984,0.441179,1.000000,0.726736,0.850000,0.520000,,0.855850,966.490,6,3,0.250000,0.520000,0.150000,0.080000,0.000000,0.450000,0.250000,0.200000,NOTE_HYPOTHESIS,shared_audio_intelligence_v0_2;spectral_peak;owner_supplied_audio
BE-003:pitch:00929,BE-003:onset:0205,40.356281,748.356281,66.642857,17,3.642857,71.7851,C5,516.7969,0.301859,1.000000,0.726736,0.850000,0.580000,,0.855850,966.490,6,4,0.050000,0.300000,0.580000,0.070000,0.000000,0.120000,0.580000,0.220000,NOTE_HYPOTHESIS,shared_audio_intelligence_v0_2;spectral_peak;owner_supplied_audio
BE-003:pitch:00930,BE-003:onset:0205,40.356281,748.356281,66.642857,17,3.642857,44.6287,A2,107.6660,0.626939,1.000000,0.726736,0.850000,0.760000,,0.855850,966.490,6,5,0.760000,0.180000,0.010000,0.050000,0.480000,0.320000,0.000000,0.000000,NOTE_HYPOTHESIS,shared_audio_intelligence_v0_2;spectral_peak;owner_supplied_audio
BE-003:pitch:00931,BE-003:onset:0205,40.356281,748.356281,66.642857,17,3.642857,81.8808,A#5,925.9277,0.464399,1.000000,0.726736,0.850000,0.840000,,0.855850,966.490,6,6,0.010000,0.080000,0.840000,0.070000,0.000000,0.120000,0.580000,0.220000,NOTE_HYPOTHESIS,shared_audio_intelligence_v0_2;spectral_peak;owner_supplied_audio
BE-003:pitch:00932,BE-003:onset:0206,40.936780,748.936780,67.625000,17,4.625000,74.9115,D#5,619.0796,0.185760,1.000000,0.950103,0.850000,0.580000,,1.000000,1035.605,6,1,0.050000,0.300000,0.580000,0.070000,0.000000,0.120000,0.580000,0.220000,NOTE_HYPOTHESIS,shared_audio_intelligence_v0_2;spectral_peak;owner_supplied_audio
BE-003:pitch:00933,BE-003:onset:0206,40.936780,748.936780,67.625000,17,4.625000,62.7603,D#4,306.8481,0.232200,1.000000,0.950103,0.850000,0.520000,,1.000000,1035.605,6,2,0.250000,0.520000,0.150000,0.080000,0.000000,0.450000,0.250000,0.200000,NOTE_HYPOTHESIS,shared_audio_intelligence_v0_2;spectral_peak;owner_supplied_audio
BE-003:pitch:00934,BE-003:onset:0206,40.936780,748.936780,67.625000,17,4.625000,41.8151,F#2,91.5161,0.278639,1.000000,0.950103,0.850000,0.760000,,1.000000,1035.605,6,3,0.760000,0.180000,0.010000,0.050000,0.480000,0.320000,0.000000,0.000000,NOTE_HYPOTHESIS,shared_audio_intelligence_v0_2;spectral_peak;owner_supplied_audio
BE-003:pitch:00935,BE-003:onset:0206,40.936780,748.936780,67.625000,17,4.625000,59.7851,C4,258.3984,0.255420,1.000000,0.950103,0.850000,0.520000,,1.000000,1035.605,6,4,0.250000,0.520000,0.150000,0.080000,0.000000,0.450000,0.250000,0.200000,NOTE_HYPOTHESIS,shared_audio_intelligence_v0_2;spectral_peak;owner_supplied_audio
BE-003:pitch:00936,BE-003:onset:0206,40.936780,748.936780,67.625000,17,4.625000,66.0679,F#4,371.4478,0.325079,1.000000,0.950103,0.850000,0.580000,,1.000000,1035.605,6,5,0.050000,0.300000,0.580000,0.070000,0.000000,0.450000,0.250000,0.200000,NOTE_HYPOTHESIS,shared_audio_intelligence_v0_2;spectral_peak;owner_supplied_audio
BE-003:pitch:00937,BE-003:onset:0206,40.936780,748.936780,67.625000,17,4.625000,81.8808,A#5,925.9277,0.394739,1.000000,0.950103,0.850000,0.840000,,1.000000,1035.605,6,6,0.010000,0.080000,0.840000,0.070000,0.000000,0.120000,0.580000,0.220000,NOTE_HYPOTHESIS,shared_audio_intelligence_v0_2;spectral_peak;owner_supplied_audio
BE-003:pitch:00938,BE-003:onset:0207,41.145760,749.145760,68.000000,18,1.000000,73.8242,D5,581.3965,0.371519,1.000000,0.844040,0.850000,0.580000,,1.000000,1352.092,6,1,0.050000,0.300000,0.580000,0.070000,0.000000,0.120000,0.580000,0.220000,NOTE_HYPOTHESIS,shared_audio_intelligence_v0_2;spectral_peak;owner_supplied_audio
BE-003:pitch:00939,BE-003:onset:0207,41.145760,749.145760,68.000000,18,1.000000,63.6483,E4,322.9980,0.464399,1.000000,0.844040,0.850000,0.520000,,1.000000,1352.092,6,2,0.250000,0.520000,0.150000,0.080000,0.000000,0.450000,0.250000,0.200000,NOTE_HYPOTHESIS,shared_audio_intelligence_v0_2;spectral_peak;owner_supplied_audio
BE-003:pitch:00940,BE-003:onset:0207,41.145760,749.145760,68.000000,18,1.000000,66.8047,G4,387.5977,0.557279,1.000000,0.844040,0.850000,0.580000,,1.000000,1352.092,6,3,0.050000,0.300000,0.580000,0.070000,0.000000,0.450000,0.250000,0.200000,NOTE_HYPOTHESIS,shared_audio_intelligence_v0_2;spectral_peak;owner_supplied_audio
BE-003:pitch:00941,BE-003:onset:0207,41.145760,749.145760,68.000000,18,1.000000,41.8151,F#2,91.5161,0.092880,1.000000,0.844040,0.850000,0.760000,,1.000000,1352.092,6,4,0.760000,0.180000,0.010000,0.050000,0.480000,0.320000,0.000000,0.000000,NOTE_HYPOTHESIS,shared_audio_intelligence_v0_2;spectral_peak;owner_supplied_audio
BE-003:pitch:00942,BE-003:onset:0207,41.145760,749.145760,68.000000,18,1.000000,57.8808,A#3,231.4819,0.650159,1.000000,0.844040,0.850000,0.520000,,1.000000,1352.092,6,5,0.250000,0.520000,0.150000,0.080000,0.000000,0.450000,0.250000,0.200000,NOTE_HYPOTHESIS,shared_audio_intelligence_v0_2;spectral_peak;owner_supplied_audio
BE-003:pitch:00943,BE-003:onset:0207,41.145760,749.145760,68.000000,18,1.000000,85.9042,D6,1168.1763,0.208980,1.000000,0.844040,0.850000,0.840000,,1.000000,1352.092,6,6,0.010000,0.080000,0.840000,0.070000,0.000000,0.120000,0.580000,0.220000,NOTE_HYPOTHESIS,shared_audio_intelligence_v0_2;spectral_peak;owner_supplied_audio
BE-003:pitch:00944,BE-003:onset:0208,41.401179,749.401179,68.407407,18,1.407407,45.4734,A2,113.0493,0.278639,1.000000,0.461327,0.850000,0.550000,,0.673514,1279.816,6,1,0.550000,0.350000,0.030000,0.070000,0.480000,0.320000,0.000000,0.000000,NOTE_HYPOTHESIS,shared_audio_intelligence_v0_2;spectral_peak;owner_supplied_audio
BE-003:pitch:00945,BE-003:onset:0208,41.401179,749.401179,68.407407,18,1.407407,73.8242,D5,581.3965,0.139320,1.000000,0.461327,0.850000,0.580000,,0.673514,1279.816,6,2,0.050000,0.300000,0.580000,0.070000,0.000000,0.120000,0.580000,0.220000,NOTE_HYPOTHESIS,shared_audio_intelligence_v0_2;spectral_peak;owner_supplied_audio
BE-003:pitch:00946,BE-003:onset:0208,41.401179,749.401179,68.407407,18,1.407407,57.8808,A#3,231.4819,0.348299,1.000000,0.461327,0.850000,0.520000,,0.673514,1279.816,6,3,0.250000,0.520000,0.150000,0.080000,0.000000,0.450000,0.250000,0.200000,NOTE_HYPOTHESIS,shared_audio_intelligence_v0_2;spectral_peak;owner_supplied_audio
BE-003:pitch:00947,BE-003:onset:0208,41.401179,749.401179,68.407407,18,1.407407,63.9344,E4,328.3813,0.255420,1.000000,0.461327,0.850000,0.520000,,0.673514,1279.816,6,4,0.250000,0.520000,0.150000,0.080000,0.000000,0.450000,0.250000,0.200000,NOTE_HYPOTHESIS,shared_audio_intelligence_v0_2;spectral_peak;owner_supplied_audio
BE-003:pitch:00948,BE-003:onset:0208,41.401179,749.401179,68.407407,18,1.407407,66.8047,G4,387.5977,0.371519,1.000000,0.461327,0.850000,0.580000,,0.673514,1279.816,6,5,0.050000,0.300000,0.580000,0.070000,0.000000,0.450000,0.250000,0.200000,NOTE_HYPOTHESIS,shared_audio_intelligence_v0_2;spectral_peak;owner_supplied_audio
BE-003:pitch:00949,BE-003:onset:0208,41.401179,749.401179,68.407407,18,1.407407,69.8808,A#4,462.9639,0.394739,1.000000,0.461327,0.850000,0.580000,,0.673514,1279.816,6,6,0.050000,0.300000,0.580000,0.070000,0.000000,0.450000,0.250000,0.200000,NOTE_HYPOTHESIS,shared_audio_intelligence_v0_2;spectral_peak;owner_supplied_audio
BE-003:pitch:00950,BE-003:onset:0209,41.772698,749.772698,69.000000,18,2.000000,62.7603,D#4,306.8481,0.580499,1.000000,0.999777,0.850000,0.520000,,0.848981,1314.909,6,1,0.250000,0.520000,0.150000,0.080000,0.000000,0.450000,0.250000,0.200000,NOTE_HYPOTHESIS,shared_audio_intelligence_v0_2;spectral_peak;owner_supplied_audio
BE-003:pitch:00951,BE-003:onset:0209,41.772698,749.772698,69.000000,18,2.000000,44.6287,A2,107.6660,0.626939,1.000000,0.999777,0.850000,0.760000,,0.848981,1314.909,6,2,0.760000,0.180000,0.010000,0.050000,0.480000,0.320000,0.000000,0.000000,NOTE_HYPOTHESIS,shared_audio_intelligence_v0_2;spectral_peak;owner_supplied_audio
BE-003:pitch:00952,BE-003:onset:0209,41.772698,749.772698,69.000000,18,2.000000,65.8151,F#4,366.0645,0.626939,1.000000,0.999777,0.850000,0.580000,,0.848981,1314.909,6,3,0.050000,0.300000,0.580000,0.070000,0.000000,0.450000,0.250000,0.200000,NOTE_HYPOTHESIS,shared_audio_intelligence_v0_2;spectral_peak;owner_supplied_audio
BE-003:pitch:00953,BE-003:onset:0209,41.772698,749.772698,69.000000,18,2.000000,77.8151,F#5,732.1289,0.510839,1.000000,0.999777,0.850000,0.840000,,0.848981,1314.909,6,4,0.010000,0.080000,0.840000,0.070000,0.000000,0.120000,0.580000,0.220000,NOTE_HYPOTHESIS,shared_audio_intelligence_v0_2;spectral_peak;owner_supplied_audio
BE-003:pitch:00954,BE-003:onset:0209,41.772698,749.772698,69.000000,18,2.000000,74.7603,D#5,613.6963,0.626939,1.000000,0.999777,0.850000,0.580000,,0.848981,1314.909,6,5,0.050000,0.300000,0.580000,0.070000,0.000000,0.120000,0.580000,0.220000,NOTE_HYPOTHESIS,shared_audio_intelligence_v0_2;spectral_peak;owner_supplied_audio
BE-003:pitch:00955,BE-003:onset:0209,41.772698,749.772698,69.000000,18,2.000000,83.8751,C6,1038.9771,0.510839,1.000000,0.999777,0.850000,0.840000,,0.848981,1314.909,6,6,0.010000,0.080000,0.840000,0.070000,0.000000,0.120000,0.580000,0.220000,NOTE_HYPOTHESIS,shared_audio_intelligence_v0_2;spectral_peak;owner_supplied_audio
BE-003:pitch:00956,BE-003:onset:0210,42.074558,750.074558,69.520000,18,2.520000,42.8047,G2,96.8994,0.510839,1.000000,0.593767,0.850000,0.760000,,0.616006,1325.776,6,1,0.760000,0.180000,0.010000,0.050000,0.480000,0.320000,0.000000,0.000000,NOTE_HYPOTHESIS,shared_audio_intelligence_v0_2;spectral_peak;owner_supplied_audio
BE-003:pitch:00957,BE-003:onset:0210,42.074558,750.074558,69.520000,18,2.520000,65.8151,F#4,366.0645,0.325079,1.000000,0.593767,0.850000,0.580000,,0.616006,1325.776,6,2,0.050000,0.300000,0.580000,0.070000,0.000000,0.450000,0.250000,0.200000,NOTE_HYPOTHESIS,shared_audio_intelligence_v0_2;spectral_peak;owner_supplied_audio
BE-003:pitch:00958,BE-003:onset:0210,42.074558,750.074558,69.520000,18,2.520000,62.7603,D#4,306.8481,0.325079,1.000000,0.593767,0.850000,0.520000,,0.616006,1325.776,6,3,0.250000,0.520000,0.150000,0.080000,0.000000,0.450000,0.250000,0.200000,NOTE_HYPOTHESIS,shared_audio_intelligence_v0_2;spectral_peak;owner_supplied_audio
BE-003:pitch:00959,BE-003:onset:0210,42.074558,750.074558,69.520000,18,2.520000,74.9115,D#5,619.0796,0.325079,1.000000,0.593767,0.850000,0.580000,,0.616006,1325.776,6,4,0.050000,0.300000,0.580000,0.070000,0.000000,0.120000,0.580000,0.220000,NOTE_HYPOTHESIS,shared_audio_intelligence_v0_2;spectral_peak;owner_supplied_audio
BE-003:pitch:00960,BE-003:onset:0210,42.074558,750.074558,69.520000,18,2.520000,77.8151,F#5,732.1289,0.278639,1.000000,0.593767,0.850000,0.840000,,0.616006,1325.776,6,5,0.010000,0.080000,0.840000,0.070000,0.000000,0.120000,0.580000,0.220000,NOTE_HYPOTHESIS,shared_audio_intelligence_v0_2;spectral_peak;owner_supplied_audio
BE-003:pitch:00961,BE-003:onset:0210,42.074558,750.074558,69.520000,18,2.520000,56.6287,A3,215.3320,0.371519,1.000000,0.593767,0.850000,0.520000,,0.616006,1325.776,6,6,0.250000,0.520000,0.150000,0.080000,0.000000,0.450000,0.250000,0.200000,NOTE_HYPOTHESIS,shared_audio_intelligence_v0_2;spectral_peak;owner_supplied_audio
BE-003:pitch:00962,BE-003:onset:0211,42.237098,750.237098,69.800000,18,2.800000,42.8047,G2,96.8994,0.371519,1.000000,0.922788,0.850000,0.760000,,0.484337,1928.193,6,1,0.760000,0.180000,0.010000,0.050000,0.480000,0.320000,0.000000,0.000000,NOTE_HYPOTHESIS,shared_audio_intelligence_v0_2;spectral_peak;owner_supplied_audio
BE-003:pitch:00963,BE-003:onset:0211,42.237098,750.237098,69.800000,18,2.800000,65.8151,F#4,366.0645,0.185760,1.000000,0.922788,0.850000,0.580000,,0.484337,1928.193,6,2,0.050000,0.300000,0.580000,0.070000,0.000000,0.450000,0.250000,0.200000,NOTE_HYPOTHESIS,shared_audio_intelligence_v0_2;spectral_peak;owner_supplied_audio
BE-003:pitch:00964,BE-003:onset:0211,42.237098,750.237098,69.800000,18,2.800000,62.7603,D#4,306.8481,0.487619,1.000000,0.922788,0.850000,0.520000,,0.484337,1928.193,6,3,0.250000,0.520000,0.150000,0.080000,0.000000,0.450000,0.250000,0.200000,NOTE_HYPOTHESIS,shared_audio_intelligence_v0_2;spectral_peak;owner_supplied_audio
BE-003:pitch:00965,BE-003:onset:0211,42.237098,750.237098,69.800000,18,2.800000,56.6287,A3,215.3320,0.208980,1.000000,0.922788,0.850000,0.520000,,0.484337,1928.193,6,4,0.250000,0.520000,0.150000,0.080000,0.000000,0.450000,0.250000,0.200000,NOTE_HYPOTHESIS,shared_audio_intelligence_v0_2;spectral_peak;owner_supplied_audio
BE-003:pitch:00966,BE-003:onset:0211,42.237098,750.237098,69.800000,18,2.800000,74.9115,D#5,619.0796,0.185760,1.000000,0.922788,0.850000,0.580000,,0.484337,1928.193,6,5,0.050000,0.300000,0.580000,0.070000,0.000000,0.120000,0.580000,0.220000,NOTE_HYPOTHESIS,shared_audio_intelligence_v0_2;spectral_peak;owner_supplied_audio
BE-003:pitch:00967,BE-003:onset:0211,42.237098,750.237098,69.800000,18,2.800000,71.7851,C5,516.7969,0.208980,1.000000,0.922788,0.850000,0.580000,,0.484337,1928.193,6,6,0.050000,0.300000,0.580000,0.070000,0.000000,0.120000,0.580000,0.220000,NOTE_HYPOTHESIS,shared_audio_intelligence_v0_2;spectral_peak;owner_supplied_audio
BE-003:pitch:00968,BE-003:onset:0212,42.376417,750.376417,70.038462,18,3.038462,40.7656,F2,86.1328,0.232200,1.000000,0.818470,0.850000,0.760000,,0.806811,1113.746,6,1,0.760000,0.180000,0.010000,0.050000,0.480000,0.320000,0.000000,0.000000,NOTE_HYPOTHESIS,shared_audio_intelligence_v0_2;spectral_peak;owner_supplied_audio
BE-003:pitch:00969,BE-003:onset:0212,42.376417,750.376417,70.038462,18,3.038462,61.8242,D4,290.6982,0.325079,1.000000,0.818470,0.850000,0.520000,,0.806811,1113.746,6,2,0.250000,0.520000,0.150000,0.080000,0.000000,0.450000,0.250000,0.200000,NOTE_HYPOTHESIS,shared_audio_intelligence_v0_2;spectral_peak;owner_supplied_audio
BE-003:pitch:00970,BE-003:onset:0212,42.376417,750.376417,70.038462,18,3.038462,73.8242,D5,581.3965,0.301859,1.000000,0.818470,0.850000,0.580000,,0.806811,1113.746,6,3,0.050000,0.300000,0.580000,0.070000,0.000000,0.120000,0.580000,0.220000,NOTE_HYPOTHESIS,shared_audio_intelligence_v0_2;spectral_peak;owner_supplied_audio
BE-003:pitch:00971,BE-003:onset:0212,42.376417,750.376417,70.038462,18,3.038462,63.6483,E4,322.9980,0.348299,1.000000,0.818470,0.850000,0.520000,,0.806811,1113.746,6,4,0.250000,0.520000,0.150000,0.080000,0.000000,0.450000,0.250000,0.200000,NOTE_HYPOTHESIS,shared_audio_intelligence_v0_2;spectral_peak;owner_supplied_audio
BE-003:pitch:00972,BE-003:onset:0212,42.376417,750.376417,70.038462,18,3.038462,81.8808,A#5,925.9277,0.208980,1.000000,0.818470,0.850000,0.840000,,0.806811,1113.746,6,5,0.010000,0.080000,0.840000,0.070000,0.000000,0.120000,0.580000,0.220000,NOTE_HYPOTHESIS,shared_audio_intelligence_v0_2;spectral_peak;owner_supplied_audio
BE-003:pitch:00973,BE-003:onset:0212,42.376417,750.376417,70.038462,18,3.038462,66.8047,G4,387.5977,0.557279,1.000000,0.818470,0.850000,0.580000,,0.806811,1113.746,6,6,0.050000,0.300000,0.580000,0.070000,0.000000,0.450000,0.250000,0.200000,NOTE_HYPOTHESIS,shared_audio_intelligence_v0_2;spectral_peak;owner_supplied_audio
BE-003:pitch:00974,BE-003:onset:0213,42.562177,750.562177,70.346154,18,3.346154,63.6483,E4,322.9980,0.162540,1.000000,0.546541,0.850000,0.520000,,0.762840,1263.530,6,1,0.250000,0.520000,0.150000,0.080000,0.000000,0.450000,0.250000,0.200000,NOTE_HYPOTHESIS,shared_audio_intelligence_v0_2;spectral_peak;owner_supplied_audio
BE-003:pitch:00975,BE-003:onset:0213,42.562177,750.562177,70.346154,18,3.346154,61.8242,D4,290.6982,0.162540,1.000000,0.546541,0.850000,0.520000,,0.762840,1263.530,6,2,0.250000,0.520000,0.150000,0.080000,0.000000,0.450000,0.250000,0.200000,NOTE_HYPOTHESIS,shared_audio_intelligence_v0_2;spectral_peak;owner_supplied_audio
BE-003:pitch:00976,BE-003:onset:0213,42.562177,750.562177,70.346154,18,3.346154,66.8047,G4,387.5977,0.185760,1.000000,0.546541,0.850000,0.580000,,0.762840,1263.530,6,3,0.050000,0.300000,0.580000,0.070000,0.000000,0.450000,0.250000,0.200000,NOTE_HYPOTHESIS,shared_audio_intelligence_v0_2;spectral_peak;owner_supplied_audio
BE-003:pitch:00977,BE-003:onset:0213,42.562177,750.562177,70.346154,18,3.346154,73.8242,D5,581.3965,0.116100,1.000000,0.546541,0.850000,0.580000,,0.762840,1263.530,6,4,0.050000,0.300000,0.580000,0.070000,0.000000,0.120000,0.580000,0.220000,NOTE_HYPOTHESIS,shared_audio_intelligence_v0_2;spectral_peak;owner_supplied_audio
BE-003:pitch:00978,BE-003:onset:0213,42.562177,750.562177,70.346154,18,3.346154,41.8151,F#2,91.5161,0.208980,1.000000,0.546541,0.850000,0.760000,,0.762840,1263.530,6,5,0.760000,0.180000,0.010000,0.050000,0.480000,0.320000,0.000000,0.000000,NOTE_HYPOTHESIS,shared_audio_intelligence_v0_2;spectral_peak;owner_supplied_audio
BE-003:pitch:00979,BE-003:onset:0213,42.562177,750.562177,70.346154,18,3.346154,78.9245,G5,780.5786,0.185760,1.000000,0.546541,0.850000,0.840000,,0.762840,1263.530,6,6,0.010000,0.080000,0.840000,0.070000,0.000000,0.120000,0.580000,0.220000,NOTE_HYPOTHESIS,shared_audio_intelligence_v0_2;spectral_peak;owner_supplied_audio
BE-003:pitch:00980,BE-003:onset:0214,42.956916,750.956916,71.000000,18,4.000000,37.1709,C#2,69.9829,0.789478,1.000000,0.942342,0.850000,0.760000,,0.239319,1830.700,2,1,0.760000,0.180000,0.010000,0.050000,0.480000,0.320000,0.000000,0.000000,NOTE_HYPOTHESIS,shared_audio_intelligence_v0_2;spectral_peak;owner_supplied_audio
BE-003:pitch:00981,BE-003:onset:0214,42.956916,750.956916,71.000000,18,4.000000,49.8242,D3,145.3491,0.278639,1.000000,0.942342,0.850000,0.550000,,0.239319,1830.700,2,2,0.550000,0.350000,0.030000,0.070000,0.480000,0.320000,0.000000,0.000000,NOTE_HYPOTHESIS,shared_audio_intelligence_v0_2;spectral_peak;owner_supplied_audio
BE-003:pitch:00982,BE-003:onset:0215,43.119456,751.119456,71.280000,18,4.280000,49.8242,D3,145.3491,0.092880,1.000000,0.705848,0.850000,0.550000,,0.276737,2577.556,2,1,0.550000,0.350000,0.030000,0.070000,0.480000,0.320000,0.000000,0.000000,NOTE_HYPOTHESIS,shared_audio_intelligence_v0_2;spectral_peak;owner_supplied_audio
BE-003:pitch:00983,BE-003:onset:0215,43.119456,751.119456,71.280000,18,4.280000,38.4538,D2,75.3662,0.603719,1.000000,0.705848,0.850000,0.760000,,0.276737,2577.556,2,2,0.760000,0.180000,0.010000,0.050000,0.480000,0.320000,0.000000,0.000000,NOTE_HYPOTHESIS,shared_audio_intelligence_v0_2;spectral_peak;owner_supplied_audio
BE-003:pitch:00984,BE-003:onset:0216,43.235556,751.235556,71.480000,18,4.480000,35.7851,C2,64.5996,0.255420,1.000000,0.916551,0.850000,0.760000,,0.672752,1624.149,2,1,0.760000,0.180000,0.010000,0.050000,0.480000,0.320000,0.000000,0.000000,NOTE_HYPOTHESIS,shared_audio_intelligence_v0_2;spectral_peak;owner_supplied_audio
BE-003:pitch:00985,BE-003:onset:0216,43.235556,751.235556,71.480000,18,4.480000,73.8242,D5,581.3965,0.325079,1.000000,0.916551,0.850000,0.580000,,0.672752,1624.149,2,2,0.050000,0.300000,0.580000,0.070000,0.000000,0.120000,0.580000,0.220000,NOTE_HYPOTHESIS,shared_audio_intelligence_v0_2;spectral_peak;owner_supplied_audio
BE-003:pitch:00986,BE-003:onset:0217,43.305215,751.305215,71.600000,18,4.600000,35.7851,C2,64.5996,0.162540,1.000000,1.000000,0.850000,0.760000,,0.720506,1243.973,3,1,0.760000,0.180000,0.010000,0.050000,0.480000,0.320000,0.000000,0.000000,NOTE_HYPOTHESIS,shared_audio_intelligence_v0_2;spectral_peak;owner_supplied_audio
BE-003:pitch:00987,BE-003:onset:0217,43.305215,751.305215,71.600000,18,4.600000,73.8242,D5,581.3965,0.162540,1.000000,1.000000,0.850000,0.580000,,0.720506,1243.973,3,2,0.050000,0.300000,0.580000,0.070000,0.000000,0.120000,0.580000,0.220000,NOTE_HYPOTHESIS,shared_audio_intelligence_v0_2;spectral_peak;owner_supplied_audio
BE-003:pitch:00988,BE-003:onset:0217,43.305215,751.305215,71.600000,18,4.600000,73.0036,C#5,554.4800,0.208980,1.000000,1.000000,0.850000,0.580000,,0.720506,1243.973,3,3,0.050000,0.300000,0.580000,0.070000,0.000000,0.120000,0.580000,0.220000,NOTE_HYPOTHESIS,shared_audio_intelligence_v0_2;spectral_peak;owner_supplied_audio
BE-003:pitch:00989,BE-003:onset:0218,43.537415,751.537415,72.000000,19,1.000000,83.8751,C6,1038.9771,0.441179,1.000000,1.000000,0.850000,0.840000,,0.544554,1508.951,4,1,0.010000,0.080000,0.840000,0.070000,0.000000,0.120000,0.580000,0.220000,NOTE_HYPOTHESIS,shared_audio_intelligence_v0_2;spectral_peak;owner_supplied_audio
BE-003:pitch:00990,BE-003:onset:0218,43.537415,751.537415,72.000000,19,1.000000,71.9645,C5,522.1802,0.557279,1.000000,1.000000,0.850000,0.580000,,0.544554,1508.951,4,2,0.050000,0.300000,0.580000,0.070000,0.000000,0.120000,0.580000,0.220000,NOTE_HYPOTHESIS,shared_audio_intelligence_v0_2;spectral_peak;owner_supplied_audio
BE-003:pitch:00991,BE-003:onset:0218,43.537415,751.537415,72.000000,19,1.000000,90.9841,G6,1566.5405,0.185760,1.000000,1.000000,0.850000,0.840000,,0.544554,1508.951,4,3,0.010000,0.080000,0.840000,0.070000,0.000000,0.120000,0.580000,0.220000,NOTE_HYPOTHESIS,shared_audio_intelligence_v0_2;spectral_peak;owner_supplied_audio
BE-003:pitch:00992,BE-003:onset:0218,43.537415,751.537415,72.000000,19,1.000000,35.7851,C2,64.5996,1.532517,1.000000,1.000000,0.850000,0.760000,,0.544554,1508.951,4,4,0.760000,0.180000,0.010000,0.050000,0.480000,0.320000,0.000000,0.000000,NOTE_HYPOTHESIS,shared_audio_intelligence_v0_2;spectral_peak;owner_supplied_audio
BE-003:pitch:00993,BE-003:onset:0219,43.676735,751.676735,72.230769,19,1.230769,83.8751,C6,1038.9771,0.371519,1.000000,0.662467,0.850000,0.840000,,0.871305,1591.577,5,1,0.010000,0.080000,0.840000,0.070000,0.000000,0.120000,0.580000,0.220000,NOTE_HYPOTHESIS,shared_audio_intelligence_v0_2;spectral_peak;owner_supplied_audio
BE-003:pitch:00994,BE-003:onset:0219,43.676735,751.676735,72.230769,19,1.230769,34.2788,A#1,59.2163,0.371519,1.000000,0.662467,0.850000,0.760000,,0.871305,1591.577,5,2,0.760000,0.180000,0.010000,0.050000,0.480000,0.320000,0.000000,0.000000,NOTE_HYPOTHESIS,shared_audio_intelligence_v0_2;spectral_peak;owner_supplied_audio
BE-003:pitch:00995,BE-003:onset:0219,43.676735,751.676735,72.230769,19,1.230769,71.9645,C5,522.1802,0.441179,1.000000,0.662467,0.850000,0.580000,,0.871305,1591.577,5,3,0.050000,0.300000,0.580000,0.070000,0.000000,0.120000,0.580000,0.220000,NOTE_HYPOTHESIS,shared_audio_intelligence_v0_2;spectral_peak;owner_supplied_audio
BE-003:pitch:00996,BE-003:onset:0219,43.676735,751.676735,72.230769,19,1.230769,44.6287,A2,107.6660,0.185760,1.000000,0.662467,0.850000,0.760000,,0.871305,1591.577,5,4,0.760000,0.180000,0.010000,0.050000,0.480000,0.320000,0.000000,0.000000,NOTE_HYPOTHESIS,shared_audio_intelligence_v0_2;spectral_peak;owner_supplied_audio
BE-003:pitch:00997,BE-003:onset:0219,43.676735,751.676735,72.230769,19,1.230769,73.0036,C#5,554.4800,0.301859,1.000000,0.662467,0.850000,0.580000,,0.871305,1591.577,5,5,0.050000,0.300000,0.580000,0.070000,0.000000,0.120000,0.580000,0.220000,NOTE_HYPOTHESIS,shared_audio_intelligence_v0_2;spectral_peak;owner_supplied_audio
BE-003:pitch:00998,BE-003:onset:0220,43.769615,751.769615,72.384615,19,1.384615,32.6287,A1,53.8330,0.255420,1.000000,0.796622,0.850000,0.760000,,0.992334,932.778,6,1,0.760000,0.180000,0.010000,0.050000,0.480000,0.320000,0.000000,0.000000,NOTE_HYPOTHESIS,shared_audio_intelligence_v0_2;spectral_peak;owner_supplied_audio
BE-003:pitch:00999,BE-003:onset:0220,43.769615,751.769615,72.384615,19,1.384615,64.7656,F4,344.5312,0.208980,1.000000,0.796622,0.850000,0.580000,,0.992334,932.778,6,2,0.050000,0.300000,0.580000,0.070000,0.000000,0.450000,0.250000,0.200000,NOTE_HYPOTHESIS,shared_audio_intelligence_v0_2;spectral_peak;owner_supplied_audio
BE-003:pitch:01000,BE-003:onset:0220,43.769615,751.769615,72.384615,19,1.384615,72.8347,C#5,549.0967,0.162540,1.000000,0.796622,0.850000,0.580000,,0.992334,932.778,6,3,0.050000,0.300000,0.580000,0.070000,0.000000,0.120000,0.580000,0.220000,NOTE_HYPOTHESIS,shared_audio_intelligence_v0_2;spectral_peak;owner_supplied_audio
BE-003:pitch:01001,BE-003:onset:0220,43.769615,751.769615,72.384615,19,1.384615,65.8151,F#4,366.0645,0.232200,1.000000,0.796622,0.850000,0.580000,,0.992334,932.778,6,4,0.050000,0.300000,0.580000,0.070000,0.000000,0.450000,0.250000,0.200000,NOTE_HYPOTHESIS,shared_audio_intelligence_v0_2;spectral_peak;owner_supplied_audio
BE-003:pitch:01002,BE-003:onset:0220,43.769615,751.769615,72.384615,19,1.384615,83.9645,C6,1044.3604,0.487619,1.000000,0.796622,0.850000,0.840000,,0.992334,932.778,6,5,0.010000,0.080000,0.840000,0.070000,0.000000,0.120000,0.580000,0.220000,NOTE_HYPOTHESIS,shared_audio_intelligence_v0_2;spectral_peak;owner_supplied_audio
BE-003:pitch:01003,BE-003:onset:0220,43.769615,751.769615,72.384615,19,1.384615,45.4734,A2,113.0493,0.092880,1.000000,0.796622,0.850000,0.550000,,0.992334,932.778,6,6,0.550000,0.350000,0.030000,0.070000,0.480000,0.320000,0.000000,0.000000,NOTE_HYPOTHESIS,shared_audio_intelligence_v0_2;spectral_peak;owner_supplied_audio
BE-003:pitch:01004,BE-003:onset:0221,44.117914,752.117914,72.961538,19,1.961538,72.8347,C#5,549.0967,0.441179,1.000000,0.946014,0.850000,0.580000,,0.968673,1572.009,6,1,0.050000,0.300000,0.580000,0.070000,0.000000,0.120000,0.580000,0.220000,NOTE_HYPOTHESIS,shared_audio_intelligence_v0_2;spectral_peak;owner_supplied_audio
BE-003:pitch:01005,BE-003:onset:0221,44.117914,752.117914,72.961538,19,1.961538,60.8347,C#4,274.5483,0.441179,1.000000,0.946014,0.850000,0.520000,,0.968673,1572.009,6,2,0.250000,0.520000,0.150000,0.080000,0.000000,0.450000,0.250000,0.200000,NOTE_HYPOTHESIS,shared_audio_intelligence_v0_2;spectral_peak;owner_supplied_audio
BE-003:pitch:01006,BE-003:onset:0221,44.117914,752.117914,72.961538,19,1.961538,65.0340,F4,349.9146,0.464399,1.000000,0.946014,0.850000,0.580000,,0.968673,1572.009,6,3,0.050000,0.300000,0.580000,0.070000,0.000000,0.450000,0.250000,0.200000,NOTE_HYPOTHESIS,shared_audio_intelligence_v0_2;spectral_peak;owner_supplied_audio
BE-003:pitch:01007,BE-003:onset:0221,44.117914,752.117914,72.961538,19,1.961538,77.8151,F#5,732.1289,0.394739,1.000000,0.946014,0.850000,0.840000,,0.968673,1572.009,6,4,0.010000,0.080000,0.840000,0.070000,0.000000,0.120000,0.580000,0.220000,NOTE_HYPOTHESIS,shared_audio_intelligence_v0_2;spectral_peak;owner_supplied_audio
BE-003:pitch:01008,BE-003:onset:0221,44.117914,752.117914,72.961538,19,1.961538,65.8151,F#4,366.0645,0.510839,1.000000,0.946014,0.850000,0.580000,,0.968673,1572.009,6,5,0.050000,0.300000,0.580000,0.070000,0.000000,0.450000,0.250000,0.200000,NOTE_HYPOTHESIS,shared_audio_intelligence_v0_2;spectral_peak;owner_supplied_audio
BE-003:pitch:01009,BE-003:onset:0221,44.117914,752.117914,72.961538,19,1.961538,44.6287,A2,107.6660,0.626939,1.000000,0.946014,0.850000,0.760000,,0.968673,1572.009,6,6,0.760000,0.180000,0.010000,0.050000,0.480000,0.320000,0.000000,0.000000,NOTE_HYPOTHESIS,shared_audio_intelligence_v0_2;spectral_peak;owner_supplied_audio
BE-003:pitch:01010,BE-003:onset:0222,44.651973,752.651973,73.880000,19,2.880000,83.8751,C6,1038.9771,0.255420,1.000000,0.674261,0.850000,0.840000,,0.446886,1403.514,5,1,0.010000,0.080000,0.840000,0.070000,0.000000,0.120000,0.580000,0.220000,NOTE_HYPOTHESIS,shared_audio_intelligence_v0_2;spectral_peak;owner_supplied_audio
BE-003:pitch:01011,BE-003:onset:0222,44.651973,752.651973,73.880000,19,2.880000,32.6287,A1,53.8330,0.092880,1.000000,0.674261,0.850000,0.760000,,0.446886,1403.514,5,2,0.760000,0.180000,0.010000,0.050000,0.480000,0.320000,0.000000,0.000000,NOTE_HYPOTHESIS,shared_audio_intelligence_v0_2;spectral_peak;owner_supplied_audio
BE-003:pitch:01012,BE-003:onset:0222,44.651973,752.651973,73.880000,19,2.880000,71.9645,C5,522.1802,1.114558,1.000000,0.674261,0.850000,0.580000,,0.446886,1403.514,5,3,0.050000,0.300000,0.580000,0.070000,0.000000,0.120000,0.580000,0.220000,NOTE_HYPOTHESIS,shared_audio_intelligence_v0_2;spectral_peak;owner_supplied_audio
BE-003:pitch:01013,BE-003:onset:0222,44.651973,752.651973,73.880000,19,2.880000,44.6287,A2,107.6660,0.092880,1.000000,0.674261,0.850000,0.760000,,0.446886,1403.514,5,4,0.760000,0.180000,0.010000,0.050000,0.480000,0.320000,0.000000,0.000000,NOTE_HYPOTHESIS,shared_audio_intelligence_v0_2;spectral_peak;owner_supplied_audio
BE-003:pitch:01014,BE-003:onset:0222,44.651973,752.651973,73.880000,19,2.880000,90.9841,G6,1566.5405,0.185760,1.000000,0.674261,0.850000,0.840000,,0.446886,1403.514,5,5,0.010000,0.080000,0.840000,0.070000,0.000000,0.120000,0.580000,0.220000,NOTE_HYPOTHESIS,shared_audio_intelligence_v0_2;spectral_peak;owner_supplied_audio
BE-003:pitch:01015,BE-003:onset:0223,44.930612,752.930612,74.346154,19,3.346154,37.1709,C#2,69.9829,0.185760,1.000000,1.000000,0.850000,0.760000,,0.662652,1470.925,5,1,0.760000,0.180000,0.010000,0.050000,0.480000,0.320000,0.000000,0.000000,NOTE_HYPOTHESIS,shared_audio_intelligence_v0_2;spectral_peak;owner_supplied_audio
BE-003:pitch:01016,BE-003:onset:0223,44.930612,752.930612,74.346154,19,3.346154,64.7656,F4,344.5312,0.208980,1.000000,1.000000,0.850000,0.580000,,0.662652,1470.925,5,2,0.050000,0.300000,0.580000,0.070000,0.000000,0.450000,0.250000,0.200000,NOTE_HYPOTHESIS,shared_audio_intelligence_v0_2;spectral_peak;owner_supplied_audio
BE-003:pitch:01017,BE-003:onset:0223,44.930612,752.930612,74.346154,19,3.346154,71.7851,C5,516.7969,0.835918,1.000000,1.000000,0.850000,0.580000,,0.662652,1470.925,5,3,0.050000,0.300000,0.580000,0.070000,0.000000,0.120000,0.580000,0.220000,NOTE_HYPOTHESIS,shared_audio_intelligence_v0_2;spectral_peak;owner_supplied_audio
BE-003:pitch:01018,BE-003:onset:0223,44.930612,752.930612,74.346154,19,3.346154,49.8242,D3,145.3491,1.300317,1.000000,1.000000,0.850000,0.550000,,0.662652,1470.925,5,4,0.550000,0.350000,0.030000,0.070000,0.480000,0.320000,0.000000,0.000000,NOTE_HYPOTHESIS,shared_audio_intelligence_v0_2;spectral_peak;owner_supplied_audio
BE-003:pitch:01019,BE-003:onset:0223,44.930612,752.930612,74.346154,19,3.346154,66.0679,F#4,371.4478,0.301859,1.000000,1.000000,0.850000,0.580000,,0.662652,1470.925,5,5,0.050000,0.300000,0.580000,0.070000,0.000000,0.450000,0.250000,0.200000,NOTE_HYPOTHESIS,shared_audio_intelligence_v0_2;spectral_peak;owner_supplied_audio
BE-003:pitch:01020,BE-003:onset:0224,45.186032,753.186032,74.769231,19,3.769231,71.9645,C5,522.1802,0.626939,1.000000,0.517464,0.850000,0.580000,,0.127998,2999.538,6,1,0.050000,0.300000,0.580000,0.070000,0.000000,0.120000,0.580000,0.220000,NOTE_HYPOTHESIS,shared_audio_intelligence_v0_2;spectral_peak;owner_supplied_audio
BE-003:pitch:01021,BE-003:onset:0224,45.186032,753.186032,74.769231,19,3.769231,38.4538,D2,75.3662,1.532517,0.888092,0.517464,0.794046,0.695860,,0.127998,2999.538,6,2,0.695860,0.164809,0.009952,0.129379,0.480000,0.320000,0.000000,0.000000,NOTE_HYPOTHESIS,shared_audio_intelligence_v0_2;spectral_peak;owner_supplied_audio
BE-003:pitch:01022,BE-003:onset:0224,45.186032,753.186032,74.769231,19,3.769231,65.0340,F4,349.9146,0.835918,0.888024,0.517464,0.794012,0.580000,,0.127998,2999.538,6,3,0.050000,0.300000,0.580000,0.070000,0.000000,0.450000,0.250000,0.200000,NOTE_HYPOTHESIS,shared_audio_intelligence_v0_2;spectral_peak;owner_supplied_audio
BE-003:pitch:01023,BE-003:onset:0224,45.186032,753.186032,74.769231,19,3.769231,66.0679,F#4,371.4478,1.114558,0.874828,0.517464,0.787414,0.580000,,0.127998,2999.538,6,4,0.050000,0.300000,0.580000,0.070000,0.000000,0.450000,0.250000,0.200000,NOTE_HYPOTHESIS,shared_audio_intelligence_v0_2;spectral_peak;owner_supplied_audio
BE-003:pitch:01024,BE-003:onset:0224,45.186032,753.186032,74.769231,19,3.769231,59.7851,C4,258.3984,0.743039,0.860978,0.517464,0.780489,0.469756,,0.127998,2999.538,6,5,0.225844,0.469756,0.147290,0.157109,0.000000,0.450000,0.250000,0.200000,NOTE_HYPOTHESIS,shared_audio_intelligence_v0_2;spectral_peak;owner_supplied_audio
BE-003:pitch:01025,BE-003:onset:0224,45.186032,753.186032,74.769231,19,3.769231,49.8242,D3,145.3491,1.532517,0.840025,0.517464,0.770012,0.501984,,0.127998,2999.538,6,6,0.501984,0.319444,0.029762,0.148810,0.480000,0.320000,0.000000,0.000000,NOTE_HYPOTHESIS,shared_audio_intelligence_v0_2;spectral_peak;owner_supplied_audio
BE-003:pitch:01026,BE-003:onset:0225,45.348571,753.348571,75.045455,19,4.045455,37.1709,C#2,69.9829,0.859138,1.000000,1.000000,0.850000,0.760000,,0.838365,1613.553,6,1,0.760000,0.180000,0.010000,0.050000,0.480000,0.320000,0.000000,0.000000,NOTE_HYPOTHESIS,shared_audio_intelligence_v0_2;spectral_peak;owner_supplied_audio
BE-003:pitch:01027,BE-003:onset:0225,45.348571,753.348571,75.045455,19,4.045455,64.7656,F4,344.5312,0.487619,1.000000,1.000000,0.850000,0.580000,,0.838365,1613.553,6,2,0.050000,0.300000,0.580000,0.070000,0.000000,0.450000,0.250000,0.200000,NOTE_HYPOTHESIS,shared_audio_intelligence_v0_2;spectral_peak;owner_supplied_audio
BE-003:pitch:01028,BE-003:onset:0225,45.348571,753.348571,75.045455,19,4.045455,65.8151,F#4,366.0645,0.789478,1.000000,1.000000,0.850000,0.580000,,0.838365,1613.553,6,3,0.050000,0.300000,0.580000,0.070000,0.000000,0.450000,0.250000,0.200000,NOTE_HYPOTHESIS,shared_audio_intelligence_v0_2;spectral_peak;owner_supplied_audio
BE-003:pitch:01029,BE-003:onset:0225,45.348571,753.348571,75.045455,19,4.045455,59.7851,C4,258.3984,0.417959,1.000000,1.000000,0.850000,0.520000,,0.838365,1613.553,6,4,0.250000,0.520000,0.150000,0.080000,0.000000,0.450000,0.250000,0.200000,NOTE_HYPOTHESIS,shared_audio_intelligence_v0_2;spectral_peak;owner_supplied_audio
BE-003:pitch:01030,BE-003:onset:0225,45.348571,753.348571,75.045455,19,4.045455,77.8151,F#5,732.1289,0.696599,1.000000,1.000000,0.850000,0.840000,,0.838365,1613.553,6,5,0.010000,0.080000,0.840000,0.070000,0.000000,0.120000,0.580000,0.220000,NOTE_HYPOTHESIS,shared_audio_intelligence_v0_2;spectral_peak;owner_supplied_audio
BE-003:pitch:01031,BE-003:onset:0225,45.348571,753.348571,75.045455,19,4.045455,49.8242,D3,145.3491,0.812698,1.000000,1.000000,0.850000,0.550000,,0.838365,1613.553,6,6,0.550000,0.350000,0.030000,0.070000,0.480000,0.320000,0.000000,0.000000,NOTE_HYPOTHESIS,shared_audio_intelligence_v0_2;spectral_peak;owner_supplied_audio
BE-003:pitch:01032,BE-003:onset:0226,45.650431,753.650431,75.636364,19,4.636364,65.8151,F#4,366.0645,0.487619,1.000000,0.676075,0.850000,0.580000,,0.689732,959.712,6,1,0.050000,0.300000,0.580000,0.070000,0.000000,0.450000,0.250000,0.200000,NOTE_HYPOTHESIS,shared_audio_intelligence_v0_2;spectral_peak;owner_supplied_audio
BE-003:pitch:01033,BE-003:onset:0226,45.650431,753.650431,75.636364,19,4.636364,38.4538,D2,75.3662,0.580499,1.000000,0.676075,0.850000,0.760000,,0.689732,959.712,6,2,0.760000,0.180000,0.010000,0.050000,0.480000,0.320000,0.000000,0.000000,NOTE_HYPOTHESIS,shared_audio_intelligence_v0_2;spectral_peak;owner_supplied_audio
BE-003:pitch:01034,BE-003:onset:0226,45.650431,753.650431,75.636364,19,4.636364,64.7656,F4,344.5312,0.208980,1.000000,0.676075,0.850000,0.580000,,0.689732,959.712,6,3,0.050000,0.300000,0.580000,0.070000,0.000000,0.450000,0.250000,0.200000,NOTE_HYPOTHESIS,shared_audio_intelligence_v0_2;spectral_peak;owner_supplied_audio
BE-003:pitch:01035,BE-003:onset:0226,45.650431,753.650431,75.636364,19,4.636364,49.8242,D3,145.3491,0.510839,1.000000,0.676075,0.850000,0.550000,,0.689732,959.712,6,4,0.550000,0.350000,0.030000,0.070000,0.480000,0.320000,0.000000,0.000000,NOTE_HYPOTHESIS,shared_audio_intelligence_v0_2;spectral_peak;owner_supplied_audio
BE-003:pitch:01036,BE-003:onset:0226,45.650431,753.650431,75.636364,19,4.636364,59.7851,C4,258.3984,0.139320,1.000000,0.676075,0.850000,0.520000,,0.689732,959.712,6,5,0.250000,0.520000,0.150000,0.080000,0.000000,0.450000,0.250000,0.200000,NOTE_HYPOTHESIS,shared_audio_intelligence_v0_2;spectral_peak;owner_supplied_audio
BE-003:pitch:01037,BE-003:onset:0226,45.650431,753.650431,75.636364,19,4.636364,81.8808,A#5,925.9277,0.162540,1.000000,0.676075,0.850000,0.840000,,0.689732,959.712,6,6,0.010000,0.080000,0.840000,0.070000,0.000000,0.120000,0.580000,0.220000,NOTE_HYPOTHESIS,shared_audio_intelligence_v0_2;spectral_peak;owner_supplied_audio
BE-003:pitch:01038,BE-003:onset:0227,45.836190,753.836190,76.000000,20,1.000000,65.8151,F#4,366.0645,0.301859,1.000000,0.512747,0.850000,0.580000,,0.867555,1236.095,6,1,0.050000,0.300000,0.580000,0.070000,0.000000,0.450000,0.250000,0.200000,NOTE_HYPOTHESIS,shared_audio_intelligence_v0_2;spectral_peak;owner_supplied_audio
BE-003:pitch:01039,BE-003:onset:0227,45.836190,753.836190,76.000000,20,1.000000,77.9420,F#5,737.5122,0.208980,1.000000,0.512747,0.850000,0.840000,,0.867555,1236.095,6,2,0.010000,0.080000,0.840000,0.070000,0.000000,0.120000,0.580000,0.220000,NOTE_HYPOTHESIS,shared_audio_intelligence_v0_2;spectral_peak;owner_supplied_audio
BE-003:pitch:01040,BE-003:onset:0227,45.836190,753.836190,76.000000,20,1.000000,38.4538,D2,75.3662,0.394739,1.000000,0.512747,0.850000,0.760000,,0.867555,1236.095,6,3,0.760000,0.180000,0.010000,0.050000,0.480000,0.320000,0.000000,0.000000,NOTE_HYPOTHESIS,shared_audio_intelligence_v0_2;spectral_peak;owner_supplied_audio
BE-003:pitch:01041,BE-003:onset:0227,45.836190,753.836190,76.000000,20,1.000000,63.9344,E4,328.3813,0.255420,1.000000,0.512747,0.850000,0.520000,,0.867555,1236.095,6,4,0.250000,0.520000,0.150000,0.080000,0.000000,0.450000,0.250000,0.200000,NOTE_HYPOTHESIS,shared_audio_intelligence_v0_2;spectral_peak;owner_supplied_audio
BE-003:pitch:01042,BE-003:onset:0227,45.836190,753.836190,76.000000,20,1.000000,49.8242,D3,145.3491,0.394739,1.000000,0.512747,0.850000,0.550000,,0.867555,1236.095,6,5,0.550000,0.350000,0.030000,0.070000,0.480000,0.320000,0.000000,0.000000,NOTE_HYPOTHESIS,shared_audio_intelligence_v0_2;spectral_peak;owner_supplied_audio
BE-003:pitch:01043,BE-003:onset:0227,45.836190,753.836190,76.000000,20,1.000000,84.9193,C#6,1103.5767,0.208980,1.000000,0.512747,0.850000,0.840000,,0.867555,1236.095,6,6,0.010000,0.080000,0.840000,0.070000,0.000000,0.120000,0.580000,0.220000,NOTE_HYPOTHESIS,shared_audio_intelligence_v0_2;spectral_peak;owner_supplied_audio
BE-003:pitch:01044,BE-003:onset:0228,46.370249,754.370249,76.821429,20,1.821429,42.8047,G2,96.8994,0.116100,1.000000,0.842065,0.850000,0.760000,,0.342203,504.471,2,1,0.760000,0.180000,0.010000,0.050000,0.480000,0.320000,0.000000,0.000000,NOTE_HYPOTHESIS,shared_audio_intelligence_v0_2;spectral_peak;owner_supplied_audio
BE-003:pitch:01045,BE-003:onset:0228,46.370249,754.370249,76.821429,20,1.821429,35.7851,C2,64.5996,0.534059,1.000000,0.842065,0.850000,0.760000,,0.342203,504.471,2,2,0.760000,0.180000,0.010000,0.050000,0.480000,0.320000,0.000000,0.000000,NOTE_HYPOTHESIS,shared_audio_intelligence_v0_2;spectral_peak;owner_supplied_audio
BE-003:pitch:01046,BE-003:onset:0229,46.509569,754.509569,77.041667,20,2.041667,48.4919,C3,134.5825,0.975238,1.000000,0.472542,0.850000,0.550000,,0.409952,592.843,1,1,0.550000,0.350000,0.030000,0.070000,0.480000,0.320000,0.000000,0.000000,NOTE_HYPOTHESIS,shared_audio_intelligence_v0_2;spectral_peak;owner_supplied_audio
BE-003:pitch:01047,BE-003:onset:0230,46.741769,754.741769,77.458333,20,2.458333,47.7851,C3,129.1992,0.162540,1.000000,0.504796,0.850000,0.550000,,0.402163,659.313,4,1,0.550000,0.350000,0.030000,0.070000,0.480000,0.320000,0.000000,0.000000,NOTE_HYPOTHESIS,shared_audio_intelligence_v0_2;spectral_peak;owner_supplied_audio
BE-003:pitch:01048,BE-003:onset:0230,46.741769,754.741769,77.458333,20,2.458333,49.1709,C#3,139.9658,1.114558,1.000000,0.504796,0.850000,0.550000,,0.402163,659.313,4,2,0.550000,0.350000,0.030000,0.070000,0.480000,0.320000,0.000000,0.000000,NOTE_HYPOTHESIS,shared_audio_intelligence_v0_2;spectral_peak;owner_supplied_audio
BE-003:pitch:01049,BE-003:onset:0230,46.741769,754.741769,77.458333,20,2.458333,43.7407,G#2,102.2827,0.116100,1.000000,0.504796,0.850000,0.760000,,0.402163,659.313,4,3,0.760000,0.180000,0.010000,0.050000,0.480000,0.320000,0.000000,0.000000,NOTE_HYPOTHESIS,shared_audio_intelligence_v0_2;spectral_peak;owner_supplied_audio
BE-003:pitch:01050,BE-003:onset:0230,46.741769,754.741769,77.458333,20,2.458333,35.7851,C2,64.5996,0.394739,1.000000,0.504796,0.850000,0.760000,,0.402163,659.313,4,4,0.760000,0.180000,0.010000,0.050000,0.480000,0.320000,0.000000,0.000000,NOTE_HYPOTHESIS,shared_audio_intelligence_v0_2;spectral_peak;owner_supplied_audio
BE-003:pitch:01051,BE-003:onset:0231,46.788209,754.788209,77.541667,20,2.541667,49.1709,C#3,139.9658,0.743039,1.000000,0.643072,0.850000,0.550000,,0.411984,544.250,3,1,0.550000,0.350000,0.030000,0.070000,0.480000,0.320000,0.000000,0.000000,NOTE_HYPOTHESIS,shared_audio_intelligence_v0_2;spectral_peak;owner_supplied_audio
BE-003:pitch:01052,BE-003:onset:0231,46.788209,754.788209,77.541667,20,2.541667,43.7407,G#2,102.2827,0.139320,1.000000,0.643072,0.850000,0.760000,,0.411984,544.250,3,2,0.760000,0.180000,0.010000,0.050000,0.480000,0.320000,0.000000,0.000000,NOTE_HYPOTHESIS,shared_audio_intelligence_v0_2;spectral_peak;owner_supplied_audio
BE-003:pitch:01053,BE-003:onset:0231,46.788209,754.788209,77.541667,20,2.541667,35.7851,C2,64.5996,0.325079,1.000000,0.643072,0.850000,0.760000,,0.411984,544.250,3,3,0.760000,0.180000,0.010000,0.050000,0.480000,0.320000,0.000000,0.000000,NOTE_HYPOTHESIS,shared_audio_intelligence_v0_2;spectral_peak;owner_supplied_audio
BE-003:pitch:01054,BE-003:onset:0232,46.857868,754.857868,77.666667,20,2.666667,49.1709,C#3,139.9658,0.998458,1.000000,0.482123,0.850000,0.550000,,0.388733,713.466,2,1,0.550000,0.350000,0.030000,0.070000,0.480000,0.320000,0.000000,0.000000,NOTE_HYPOTHESIS,shared_audio_intelligence_v0_2;spectral_peak;owner_supplied_audio
BE-003:pitch:01055,BE-003:onset:0232,46.857868,754.857868,77.666667,20,2.666667,47.7851,C3,129.1992,0.301859,1.000000,0.482123,0.850000,0.550000,,0.388733,713.466,2,2,0.550000,0.350000,0.030000,0.070000,0.480000,0.320000,0.000000,0.000000,NOTE_HYPOTHESIS,shared_audio_intelligence_v0_2;spectral_peak;owner_supplied_audio
BE-003:pitch:01056,BE-003:onset:0233,47.020408,755.020408,77.958333,20,2.958333,48.4919,C3,134.5825,0.487619,1.000000,0.494411,0.850000,0.550000,,0.328210,759.060,2,1,0.550000,0.350000,0.030000,0.070000,0.480000,0.320000,0.000000,0.000000,NOTE_HYPOTHESIS,shared_audio_intelligence_v0_2;spectral_peak;owner_supplied_audio
BE-003:pitch:01057,BE-003:onset:0233,47.020408,755.020408,77.958333,20,2.958333,44.6287,A2,107.6660,0.092880,1.000000,0.494411,0.850000,0.760000,,0.328210,759.060,2,2,0.760000,0.180000,0.010000,0.050000,0.480000,0.320000,0.000000,0.000000,NOTE_HYPOTHESIS,shared_audio_intelligence_v0_2;spectral_peak;owner_supplied_audio
BE-003:pitch:01058,BE-003:onset:0234,47.066848,755.066848,78.040000,20,3.040000,48.4919,C3,134.5825,0.185760,1.000000,0.752695,0.850000,0.550000,,0.326042,569.223,1,1,0.550000,0.350000,0.030000,0.070000,0.480000,0.320000,0.000000,0.000000,NOTE_HYPOTHESIS,shared_audio_intelligence_v0_2;spectral_peak;owner_supplied_audio
BE-003:pitch:01059,BE-003:onset:0235,47.299048,755.299048,78.440000,20,3.440000,49.1709,C#3,139.9658,0.580499,1.000000,0.468356,0.850000,0.550000,,0.256946,868.299,3,1,0.550000,0.350000,0.030000,0.070000,0.480000,0.320000,0.000000,0.000000,NOTE_HYPOTHESIS,shared_audio_intelligence_v0_2;spectral_peak;owner_supplied_audio
BE-003:pitch:01060,BE-003:onset:0235,47.299048,755.299048,78.440000,20,3.440000,47.0483,B2,123.8159,0.208980,1.000000,0.468356,0.850000,0.550000,,0.256946,868.299,3,2,0.550000,0.350000,0.030000,0.070000,0.480000,0.320000,0.000000,0.000000,NOTE_HYPOTHESIS,shared_audio_intelligence_v0_2;spectral_peak;owner_supplied_audio
BE-003:pitch:01061,BE-003:onset:0235,47.299048,755.299048,78.440000,20,3.440000,43.7407,G#2,102.2827,0.162540,1.000000,0.468356,0.850000,0.760000,,0.256946,868.299,3,3,0.760000,0.180000,0.010000,0.050000,0.480000,0.320000,0.000000,0.000000,NOTE_HYPOTHESIS,shared_audio_intelligence_v0_2;spectral_peak;owner_supplied_audio
BE-003:pitch:01062,BE-003:onset:0236,47.368707,755.368707,78.560000,20,3.560000,49.1709,C#3,139.9658,0.487619,1.000000,0.666132,0.850000,0.550000,,0.294107,608.477,3,1,0.550000,0.350000,0.030000,0.070000,0.480000,0.320000,0.000000,0.000000,NOTE_HYPOTHESIS,shared_audio_intelligence_v0_2;spectral_peak;owner_supplied_audio
BE-003:pitch:01063,BE-003:onset:0236,47.368707,755.368707,78.560000,20,3.560000,47.7851,C3,129.1992,0.116100,1.000000,0.666132,0.850000,0.550000,,0.294107,608.477,3,2,0.550000,0.350000,0.030000,0.070000,0.480000,0.320000,0.000000,0.000000,NOTE_HYPOTHESIS,shared_audio_intelligence_v0_2;spectral_peak;owner_supplied_audio
BE-003:pitch:01064,BE-003:onset:0236,47.368707,755.368707,78.560000,20,3.560000,43.7407,G#2,102.2827,0.069660,1.000000,0.666132,0.850000,0.760000,,0.294107,608.477,3,3,0.760000,0.180000,0.010000,0.050000,0.480000,0.320000,0.000000,0.000000,NOTE_HYPOTHESIS,shared_audio_intelligence_v0_2;spectral_peak;owner_supplied_audio
BE-003:pitch:01065,BE-003:onset:0237,47.577687,755.577687,78.920000,20,3.920000,48.4919,C3,134.5825,0.417959,1.000000,0.660031,0.850000,0.550000,,0.323334,647.046,2,1,0.550000,0.350000,0.030000,0.070000,0.480000,0.320000,0.000000,0.000000,NOTE_HYPOTHESIS,shared_audio_intelligence_v0_2;spectral_peak;owner_supplied_audio
BE-003:pitch:01066,BE-003:onset:0237,47.577687,755.577687,78.920000,20,3.920000,43.7407,G#2,102.2827,0.185760,1.000000,0.660031,0.850000,0.760000,,0.323334,647.046,2,2,0.760000,0.180000,0.010000,0.050000,0.480000,0.320000,0.000000,0.000000,NOTE_HYPOTHESIS,shared_audio_intelligence_v0_2;spectral_peak;owner_supplied_audio
BE-003:pitch:01067,BE-003:onset:0238,47.624127,755.624127,79.000000,20,4.000000,47.7851,C3,129.1992,0.208980,1.000000,0.555883,0.850000,0.550000,,0.388399,529.964,2,1,0.550000,0.350000,0.030000,0.070000,0.480000,0.320000,0.000000,0.000000,NOTE_HYPOTHESIS,shared_audio_intelligence_v0_2;spectral_peak;owner_supplied_audio
BE-003:pitch:01068,BE-003:onset:0238,47.624127,755.624127,79.000000,20,4.000000,43.7407,G#2,102.2827,0.116100,1.000000,0.555883,0.850000,0.760000,,0.388399,529.964,2,2,0.760000,0.180000,0.010000,0.050000,0.480000,0.320000,0.000000,0.000000,NOTE_HYPOTHESIS,shared_audio_intelligence_v0_2;spectral_peak;owner_supplied_audio
BE-003:pitch:01069,BE-003:onset:0239,47.879546,755.879546,79.458333,20,4.458333,42.8047,G2,96.8994,0.162540,1.000000,0.708985,0.850000,0.760000,,0.339127,781.432,6,1,0.760000,0.180000,0.010000,0.050000,0.480000,0.320000,0.000000,0.000000,NOTE_HYPOTHESIS,shared_audio_intelligence_v0_2;spectral_peak;owner_supplied_audio
BE-003:pitch:01070,BE-003:onset:0239,47.879546,755.879546,79.458333,20,4.458333,45.4734,A2,113.0493,0.417959,1.000000,0.708985,0.850000,0.550000,,0.339127,781.432,6,2,0.550000,0.350000,0.030000,0.070000,0.480000,0.320000,0.000000,0.000000,NOTE_HYPOTHESIS,shared_audio_intelligence_v0_2;spectral_peak;owner_supplied_audio
BE-003:pitch:01071,BE-003:onset:0239,47.879546,755.879546,79.458333,20,4.458333,47.7851,C3,129.1992,0.696599,1.000000,0.708985,0.850000,0.550000,,0.339127,781.432,6,3,0.550000,0.350000,0.030000,0.070000,0.480000,0.320000,0.000000,0.000000,NOTE_HYPOTHESIS,shared_audio_intelligence_v0_2;spectral_peak;owner_supplied_audio
BE-003:pitch:01072,BE-003:onset:0239,47.879546,755.879546,79.458333,20,4.458333,35.7851,C2,64.5996,1.532517,1.000000,0.708985,0.850000,0.760000,,0.339127,781.432,6,4,0.760000,0.180000,0.010000,0.050000,0.480000,0.320000,0.000000,0.000000,NOTE_HYPOTHESIS,shared_audio_intelligence_v0_2;spectral_peak;owner_supplied_audio
BE-003:pitch:01073,BE-003:onset:0239,47.879546,755.879546,79.458333,20,4.458333,40.7656,F2,86.1328,0.185760,1.000000,0.708985,0.850000,0.760000,,0.339127,781.432,6,5,0.760000,0.180000,0.010000,0.050000,0.480000,0.320000,0.000000,0.000000,NOTE_HYPOTHESIS,shared_audio_intelligence_v0_2;spectral_peak;owner_supplied_audio
BE-003:pitch:01074,BE-003:onset:0239,47.879546,755.879546,79.458333,20,4.458333,56.6287,A3,215.3320,0.232200,1.000000,0.708985,0.850000,0.520000,,0.339127,781.432,6,6,0.250000,0.520000,0.150000,0.080000,0.000000,0.450000,0.250000,0.200000,NOTE_HYPOTHESIS,shared_audio_intelligence_v0_2;spectral_peak;owner_supplied_audio
BE-003:pitch:01075,BE-003:onset:0240,47.972426,755.972426,79.625000,20,4.625000,45.4734,A2,113.0493,0.232200,1.000000,0.625806,0.850000,0.550000,,0.376135,540.790,1,1,0.550000,0.350000,0.030000,0.070000,0.480000,0.320000,0.000000,0.000000,NOTE_HYPOTHESIS,shared_audio_intelligence_v0_2;spectral_peak;owner_supplied_audio
BE-003:pitch:01076,BE-003:onset:0241,48.111746,756.111746,79.875000,20,4.875000,45.4734,A2,113.0493,0.092880,1.000000,0.466964,0.850000,0.550000,,0.372287,702.082,2,1,0.550000,0.350000,0.030000,0.070000,0.480000,0.320000,0.000000,0.000000,NOTE_HYPOTHESIS,shared_audio_intelligence_v0_2;spectral_peak;owner_supplied_audio
BE-003:pitch:01077,BE-003:onset:0241,48.111746,756.111746,79.875000,20,4.875000,47.0483,B2,123.8159,0.487619,1.000000,0.466964,0.850000,0.550000,,0.372287,702.082,2,2,0.550000,0.350000,0.030000,0.070000,0.480000,0.320000,0.000000,0.000000,NOTE_HYPOTHESIS,shared_audio_intelligence_v0_2;spectral_peak;owner_supplied_audio
BE-003:pitch:01078,BE-003:onset:0242,48.181406,756.181406,80.000000,21,1.000000,47.7851,C3,129.1992,0.232200,1.000000,0.636179,0.850000,0.550000,,0.421706,516.710,2,1,0.550000,0.350000,0.030000,0.070000,0.480000,0.320000,0.000000,0.000000,NOTE_HYPOTHESIS,shared_audio_intelligence_v0_2;spectral_peak;owner_supplied_audio
BE-003:pitch:01079,BE-003:onset:0242,48.181406,756.181406,80.000000,21,1.000000,43.7407,G#2,102.2827,0.882358,1.000000,0.636179,0.850000,0.760000,,0.421706,516.710,2,2,0.760000,0.180000,0.010000,0.050000,0.480000,0.320000,0.000000,0.000000,NOTE_HYPOTHESIS,shared_audio_intelligence_v0_2;spectral_peak;owner_supplied_audio
BE-003:pitch:01080,BE-003:onset:0243,48.436825,756.436825,80.392857,21,1.392857,45.4734,A2,113.0493,0.139320,1.000000,0.909374,0.850000,0.550000,,0.315918,532.484,2,1,0.550000,0.350000,0.030000,0.070000,0.480000,0.320000,0.000000,0.000000,NOTE_HYPOTHESIS,shared_audio_intelligence_v0_2;spectral_peak;owner_supplied_audio
BE-003:pitch:01081,BE-003:onset:0243,48.436825,756.436825,80.392857,21,1.392857,47.7851,C3,129.1992,0.162540,1.000000,0.909374,0.850000,0.550000,,0.315918,532.484,2,2,0.550000,0.350000,0.030000,0.070000,0.480000,0.320000,0.000000,0.000000,NOTE_HYPOTHESIS,shared_audio_intelligence_v0_2;spectral_peak;owner_supplied_audio
BE-003:pitch:01082,BE-003:onset:0244,48.692245,756.692245,80.785714,21,1.785714,42.8047,G2,96.8994,0.325079,1.000000,0.396202,0.850000,0.760000,,0.295078,590.069,1,1,0.760000,0.180000,0.010000,0.050000,0.480000,0.320000,0.000000,0.000000,NOTE_HYPOTHESIS,shared_audio_intelligence_v0_2;spectral_peak;owner_supplied_audio
BE-003:pitch:01083,BE-003:onset:0245,49.295964,757.295964,81.833333,21,2.833333,32.6287,A1,53.8330,0.859138,1.000000,0.845731,0.850000,0.760000,,0.157862,671.748,6,1,0.760000,0.180000,0.010000,0.050000,0.480000,0.320000,0.000000,0.000000,NOTE_HYPOTHESIS,shared_audio_intelligence_v0_2;spectral_peak;owner_supplied_audio
BE-003:pitch:01084,BE-003:onset:0245,49.295964,757.295964,81.833333,21,2.833333,42.8047,G2,96.8994,0.417959,1.000000,0.845731,0.850000,0.760000,,0.157862,671.748,6,2,0.760000,0.180000,0.010000,0.050000,0.480000,0.320000,0.000000,0.000000,NOTE_HYPOTHESIS,shared_audio_intelligence_v0_2;spectral_peak;owner_supplied_audio
BE-003:pitch:01085,BE-003:onset:0245,49.295964,757.295964,81.833333,21,2.833333,39.6483,E2,80.7495,1.532517,1.000000,0.845731,0.850000,0.760000,,0.157862,671.748,6,3,0.760000,0.180000,0.010000,0.050000,0.480000,0.320000,0.000000,0.000000,NOTE_HYPOTHESIS,shared_audio_intelligence_v0_2;spectral_peak;owner_supplied_audio
BE-003:pitch:01086,BE-003:onset:0245,49.295964,757.295964,81.833333,21,2.833333,45.4734,A2,113.0493,0.162540,1.000000,0.845731,0.850000,0.550000,,0.157862,671.748,6,4,0.550000,0.350000,0.030000,0.070000,0.480000,0.320000,0.000000,0.000000,NOTE_HYPOTHESIS,shared_audio_intelligence_v0_2;spectral_peak;owner_supplied_audio
BE-003:pitch:01087,BE-003:onset:0245,49.295964,757.295964,81.833333,21,2.833333,49.8242,D3,145.3491,1.532517,1.000000,0.845731,0.850000,0.550000,,0.157862,671.748,6,5,0.550000,0.350000,0.030000,0.070000,0.480000,0.320000,0.000000,0.000000,NOTE_HYPOTHESIS,shared_audio_intelligence_v0_2;spectral_peak;owner_supplied_audio
BE-003:pitch:01088,BE-003:onset:0245,49.295964,757.295964,81.833333,21,2.833333,47.0483,B2,123.8159,1.532517,1.000000,0.845731,0.850000,0.550000,,0.157862,671.748,6,6,0.550000,0.350000,0.030000,0.070000,0.480000,0.320000,0.000000,0.000000,NOTE_HYPOTHESIS,shared_audio_intelligence_v0_2;spectral_peak;owner_supplied_audio
BE-003:pitch:01089,BE-003:onset:0246,49.412063,757.412063,82.040000,21,3.040000,37.1709,C#2,69.9829,0.859138,1.000000,0.419408,0.850000,0.760000,,0.227572,578.548,3,1,0.760000,0.180000,0.010000,0.050000,0.480000,0.320000,0.000000,0.000000,NOTE_HYPOTHESIS,shared_audio_intelligence_v0_2;spectral_peak;owner_supplied_audio
BE-003:pitch:01090,BE-003:onset:0246,49.412063,757.412063,82.040000,21,3.040000,49.8242,D3,145.3491,0.162540,1.000000,0.419408,0.850000,0.550000,,0.227572,578.548,3,2,0.550000,0.350000,0.030000,0.070000,0.480000,0.320000,0.000000,0.000000,NOTE_HYPOTHESIS,shared_audio_intelligence_v0_2;spectral_peak;owner_supplied_audio
BE-003:pitch:01091,BE-003:onset:0246,49.412063,757.412063,82.040000,21,3.040000,43.7407,G#2,102.2827,0.255420,1.000000,0.419408,0.850000,0.760000,,0.227572,578.548,3,3,0.760000,0.180000,0.010000,0.050000,0.480000,0.320000,0.000000,0.000000,NOTE_HYPOTHESIS,shared_audio_intelligence_v0_2;spectral_peak;owner_supplied_audio
BE-003:pitch:01092,BE-003:onset:0247,49.574603,757.574603,82.320000,21,3.320000,35.7851,C2,64.5996,0.441179,1.000000,0.503330,0.850000,0.760000,,0.455732,464.329,3,1,0.760000,0.180000,0.010000,0.050000,0.480000,0.320000,0.000000,0.000000,NOTE_HYPOTHESIS,shared_audio_intelligence_v0_2;spectral_peak;owner_supplied_audio
BE-003:pitch:01093,BE-003:onset:0247,49.574603,757.574603,82.320000,21,3.320000,47.7851,C3,129.1992,0.348299,1.000000,0.503330,0.850000,0.550000,,0.455732,464.329,3,2,0.550000,0.350000,0.030000,0.070000,0.480000,0.320000,0.000000,0.000000,NOTE_HYPOTHESIS,shared_audio_intelligence_v0_2;spectral_peak;owner_supplied_audio
BE-003:pitch:01094,BE-003:onset:0247,49.574603,757.574603,82.320000,21,3.320000,42.8047,G2,96.8994,0.139320,1.000000,0.503330,0.850000,0.760000,,0.455732,464.329,3,3,0.760000,0.180000,0.010000,0.050000,0.480000,0.320000,0.000000,0.000000,NOTE_HYPOTHESIS,shared_audio_intelligence_v0_2;spectral_peak;owner_supplied_audio
BE-003:pitch:01095,BE-003:onset:0248,49.690703,757.690703,82.520000,21,3.520000,35.7851,C2,64.5996,0.278639,1.000000,0.462150,0.850000,0.760000,,0.529493,542.259,2,1,0.760000,0.180000,0.010000,0.050000,0.480000,0.320000,0.000000,0.000000,NOTE_HYPOTHESIS,shared_audio_intelligence_v0_2;spectral_peak;owner_supplied_audio
BE-003:pitch:01096,BE-003:onset:0248,49.690703,757.690703,82.520000,21,3.520000,47.7851,C3,129.1992,0.232200,1.000000,0.462150,0.850000,0.550000,,0.529493,542.259,2,2,0.550000,0.350000,0.030000,0.070000,0.480000,0.320000,0.000000,0.000000,NOTE_HYPOTHESIS,shared_audio_intelligence_v0_2;spectral_peak;owner_supplied_audio
BE-003:pitch:01097,BE-003:onset:0249,49.946122,757.946122,82.960000,21,3.960000,39.6483,E2,80.7495,0.557279,1.000000,0.394630,0.850000,0.760000,,0.266853,519.315,4,1,0.760000,0.180000,0.010000,0.050000,0.480000,0.320000,0.000000,0.000000,NOTE_HYPOTHESIS,shared_audio_intelligence_v0_2;spectral_peak;owner_supplied_audio
BE-003:pitch:01098,BE-003:onset:0249,49.946122,757.946122,82.960000,21,3.960000,35.7851,C2,64.5996,0.185760,1.000000,0.394630,0.850000,0.760000,,0.266853,519.315,4,2,0.760000,0.180000,0.010000,0.050000,0.480000,0.320000,0.000000,0.000000,NOTE_HYPOTHESIS,shared_audio_intelligence_v0_2;spectral_peak;owner_supplied_audio
BE-003:pitch:01099,BE-003:onset:0249,49.946122,757.946122,82.960000,21,3.960000,51.0613,D#3,156.1157,0.232200,1.000000,0.394630,0.850000,0.550000,,0.266853,519.315,4,3,0.550000,0.350000,0.030000,0.070000,0.480000,0.320000,0.000000,0.000000,NOTE_HYPOTHESIS,shared_audio_intelligence_v0_2;spectral_peak;owner_supplied_audio
BE-003:pitch:01100,BE-003:onset:0249,49.946122,757.946122,82.960000,21,3.960000,49.8242,D3,145.3491,0.162540,1.000000,0.394630,0.850000,0.550000,,0.266853,519.315,4,4,0.550000,0.350000,0.030000,0.070000,0.480000,0.320000,0.000000,0.000000,NOTE_HYPOTHESIS,shared_audio_intelligence_v0_2;spectral_peak;owner_supplied_audio
BE-003:pitch:01101,BE-003:onset:0250,50.108662,758.108662,83.240000,21,4.240000,39.6483,E2,80.7495,0.348299,1.000000,0.557409,0.850000,0.760000,,0.260192,631.634,1,1,0.760000,0.180000,0.010000,0.050000,0.480000,0.320000,0.000000,0.000000,NOTE_HYPOTHESIS,shared_audio_intelligence_v0_2;spectral_peak;owner_supplied_audio
BE-003:pitch:01102,BE-003:onset:0251,50.271202,758.271202,83.520000,21,4.520000,42.8047,G2,96.8994,0.325079,1.000000,0.819547,0.850000,0.760000,,0.236633,611.127,4,1,0.760000,0.180000,0.010000,0.050000,0.480000,0.320000,0.000000,0.000000,NOTE_HYPOTHESIS,shared_audio_intelligence_v0_2;spectral_peak;owner_supplied_audio
BE-003:pitch:01103,BE-003:onset:0251,50.271202,758.271202,83.520000,21,4.520000,39.6483,E2,80.7495,0.255420,1.000000,0.819547,0.850000,0.760000,,0.236633,611.127,4,2,0.760000,0.180000,0.010000,0.050000,0.480000,0.320000,0.000000,0.000000,NOTE_HYPOTHESIS,shared_audio_intelligence_v0_2;spectral_peak;owner_supplied_audio
BE-003:pitch:01104,BE-003:onset:0251,50.271202,758.271202,83.520000,21,4.520000,54.8047,G3,193.7988,0.208980,1.000000,0.819547,0.850000,0.550000,,0.236633,611.127,4,3,0.550000,0.350000,0.030000,0.070000,0.480000,0.320000,0.000000,0.000000,NOTE_HYPOTHESIS,shared_audio_intelligence_v0_2;spectral_peak;owner_supplied_audio
BE-003:pitch:01105,BE-003:onset:0251,50.271202,758.271202,83.520000,21,4.520000,35.7851,C2,64.5996,1.277098,1.000000,0.819547,0.850000,0.760000,,0.236633,611.127,4,4,0.760000,0.180000,0.010000,0.050000,0.480000,0.320000,0.000000,0.000000,NOTE_HYPOTHESIS,shared_audio_intelligence_v0_2;spectral_peak;owner_supplied_audio
BE-003:pitch:01106,BE-003:onset:0252,50.433741,758.433741,83.800000,21,4.800000,44.6287,A2,107.6660,0.162540,1.000000,0.782164,0.850000,0.760000,,0.305559,528.878,2,1,0.760000,0.180000,0.010000,0.050000,0.480000,0.320000,0.000000,0.000000,NOTE_HYPOTHESIS,shared_audio_intelligence_v0_2;spectral_peak;owner_supplied_audio
BE-003:pitch:01107,BE-003:onset:0252,50.433741,758.433741,83.800000,21,4.800000,39.6483,E2,80.7495,0.116100,1.000000,0.782164,0.850000,0.760000,,0.305559,528.878,2,2,0.760000,0.180000,0.010000,0.050000,0.480000,0.320000,0.000000,0.000000,NOTE_HYPOTHESIS,shared_audio_intelligence_v0_2;spectral_peak;owner_supplied_audio
BE-003:pitch:01108,BE-003:onset:0253,50.596281,758.596281,84.083333,22,1.083333,47.7851,C3,129.1992,0.162540,1.000000,0.575427,0.850000,0.550000,,0.307111,703.232,1,1,0.550000,0.350000,0.030000,0.070000,0.480000,0.320000,0.000000,0.000000,NOTE_HYPOTHESIS,shared_audio_intelligence_v0_2;spectral_peak;owner_supplied_audio
BE-003:pitch:01109,BE-003:onset:0254,50.758821,758.758821,84.375000,22,1.375000,44.6287,A2,107.6660,0.185760,1.000000,0.630527,0.850000,0.760000,,0.277474,522.149,1,1,0.760000,0.180000,0.010000,0.050000,0.480000,0.320000,0.000000,0.000000,NOTE_HYPOTHESIS,shared_audio_intelligence_v0_2;spectral_peak;owner_supplied_audio
BE-003:pitch:01110,BE-003:onset:0255,50.967800,758.967800,84.750000,22,1.750000,47.7851,C3,129.1992,0.487619,1.000000,0.596098,0.850000,0.550000,,0.272001,754.675,2,1,0.550000,0.350000,0.030000,0.070000,0.480000,0.320000,0.000000,0.000000,NOTE_HYPOTHESIS,shared_audio_intelligence_v0_2;spectral_peak;owner_supplied_audio
BE-003:pitch:01111,BE-003:onset:0255,50.967800,758.967800,84.750000,22,1.750000,43.7407,G#2,102.2827,0.232200,1.000000,0.596098,0.850000,0.760000,,0.272001,754.675,2,2,0.760000,0.180000,0.010000,0.050000,0.480000,0.320000,0.000000,0.000000,NOTE_HYPOTHESIS,shared_audio_intelligence_v0_2;spectral_peak;owner_supplied_audio
BE-003:pitch:01112,BE-003:onset:0256,51.014240,759.014240,84.833333,22,1.833333,47.7851,C3,129.1992,0.232200,1.000000,0.723598,0.850000,0.550000,,0.346958,726.199,2,1,0.550000,0.350000,0.030000,0.070000,0.480000,0.320000,0.000000,0.000000,NOTE_HYPOTHESIS,shared_audio_intelligence_v0_2;spectral_peak;owner_supplied_audio
BE-003:pitch:01113,BE-003:onset:0256,51.014240,759.014240,84.833333,22,1.833333,43.7407,G#2,102.2827,0.185760,1.000000,0.723598,0.850000,0.760000,,0.346958,726.199,2,2,0.760000,0.180000,0.010000,0.050000,0.480000,0.320000,0.000000,0.000000,NOTE_HYPOTHESIS,shared_audio_intelligence_v0_2;spectral_peak;owner_supplied_audio
BE-003:pitch:01114,BE-003:onset:0257,51.153560,759.153560,85.090909,22,2.090909,48.4919,C3,134.5825,0.255420,1.000000,0.540830,0.850000,0.550000,,0.388464,537.940,2,1,0.550000,0.350000,0.030000,0.070000,0.480000,0.320000,0.000000,0.000000,NOTE_HYPOTHESIS,shared_audio_intelligence_v0_2;spectral_peak;owner_supplied_audio
BE-003:pitch:01115,BE-003:onset:0257,51.153560,759.153560,85.090909,22,2.090909,43.7407,G#2,102.2827,0.069660,1.000000,0.540830,0.850000,0.760000,,0.388464,537.940,2,2,0.760000,0.180000,0.010000,0.050000,0.480000,0.320000,0.000000,0.000000,NOTE_HYPOTHESIS,shared_audio_intelligence_v0_2;spectral_peak;owner_supplied_audio
BE-003:pitch:01116,BE-003:onset:0258,51.246440,759.246440,85.272727,22,2.272727,49.1709,C#3,139.9658,0.185760,1.000000,0.668260,0.850000,0.550000,,0.219819,799.189,2,1,0.550000,0.350000,0.030000,0.070000,0.480000,0.320000,0.000000,0.000000,NOTE_HYPOTHESIS,shared_audio_intelligence_v0_2;spectral_peak;owner_supplied_audio
BE-003:pitch:01117,BE-003:onset:0258,51.246440,759.246440,85.272727,22,2.272727,47.7851,C3,129.1992,0.487619,1.000000,0.668260,0.850000,0.550000,,0.219819,799.189,2,2,0.550000,0.350000,0.030000,0.070000,0.480000,0.320000,0.000000,0.000000,NOTE_HYPOTHESIS,shared_audio_intelligence_v0_2;spectral_peak;owner_supplied_audio
BE-003:pitch:01118,BE-003:onset:0259,51.362540,759.362540,85.500000,22,2.500000,49.8242,D3,145.3491,0.417959,1.000000,0.728678,0.850000,0.550000,,0.221470,760.991,6,1,0.550000,0.350000,0.030000,0.070000,0.480000,0.320000,0.000000,0.000000,NOTE_HYPOTHESIS,shared_audio_intelligence_v0_2;spectral_peak;owner_supplied_audio
BE-003:pitch:01119,BE-003:onset:0259,51.362540,759.362540,85.500000,22,2.500000,47.7851,C3,129.1992,0.394739,1.000000,0.728678,0.850000,0.550000,,0.221470,760.991,6,2,0.550000,0.350000,0.030000,0.070000,0.480000,0.320000,0.000000,0.000000,NOTE_HYPOTHESIS,shared_audio_intelligence_v0_2;spectral_peak;owner_supplied_audio
BE-003:pitch:01120,BE-003:onset:0259,51.362540,759.362540,85.500000,22,2.500000,44.6287,A2,107.6660,0.325079,1.000000,0.728678,0.850000,0.760000,,0.221470,760.991,6,3,0.760000,0.180000,0.010000,0.050000,0.480000,0.320000,0.000000,0.000000,NOTE_HYPOTHESIS,shared_audio_intelligence_v0_2;spectral_peak;owner_supplied_audio
BE-003:pitch:01121,BE-003:onset:0259,51.362540,759.362540,85.500000,22,2.500000,62.7603,D#4,306.8481,0.301859,1.000000,0.728678,0.850000,0.520000,,0.221470,760.991,6,4,0.250000,0.520000,0.150000,0.080000,0.000000,0.450000,0.250000,0.200000,NOTE_HYPOTHESIS,shared_audio_intelligence_v0_2;spectral_peak;owner_supplied_audio
BE-003:pitch:01122,BE-003:onset:0259,51.362540,759.362540,85.500000,22,2.500000,41.8151,F#2,91.5161,0.719819,1.000000,0.728678,0.850000,0.760000,,0.221470,760.991,6,5,0.760000,0.180000,0.010000,0.050000,0.480000,0.320000,0.000000,0.000000,NOTE_HYPOTHESIS,shared_audio_intelligence_v0_2;spectral_peak;owner_supplied_audio
BE-003:pitch:01123,BE-003:onset:0259,51.362540,759.362540,85.500000,22,2.500000,35.7851,C2,64.5996,1.532517,1.000000,0.728678,0.850000,0.760000,,0.221470,760.991,6,6,0.760000,0.180000,0.010000,0.050000,0.480000,0.320000,0.000000,0.000000,NOTE_HYPOTHESIS,shared_audio_intelligence_v0_2;spectral_peak;owner_supplied_audio
BE-003:pitch:01124,BE-003:onset:0260,51.408980,759.408980,85.590909,22,2.590909,50.4538,D3,150.7324,0.325079,1.000000,0.543368,0.850000,0.550000,,0.228540,633.483,4,1,0.550000,0.350000,0.030000,0.070000,0.480000,0.320000,0.000000,0.000000,NOTE_HYPOTHESIS,shared_audio_intelligence_v0_2;spectral_peak;owner_supplied_audio
BE-003:pitch:01125,BE-003:onset:0260,51.408980,759.408980,85.590909,22,2.590909,62.7603,D#4,306.8481,0.208980,1.000000,0.543368,0.850000,0.520000,,0.228540,633.483,4,2,0.250000,0.520000,0.150000,0.080000,0.000000,0.450000,0.250000,0.200000,NOTE_HYPOTHESIS,shared_audio_intelligence_v0_2;spectral_peak;owner_supplied_audio
BE-003:pitch:01126,BE-003:onset:0260,51.408980,759.408980,85.590909,22,2.590909,35.7851,C2,64.5996,0.139320,1.000000,0.543368,0.850000,0.760000,,0.228540,633.483,4,3,0.760000,0.180000,0.010000,0.050000,0.480000,0.320000,0.000000,0.000000,NOTE_HYPOTHESIS,shared_audio_intelligence_v0_2;spectral_peak;owner_supplied_audio
BE-003:pitch:01127,BE-003:onset:0260,51.408980,759.408980,85.590909,22,2.590909,44.6287,A2,107.6660,0.417959,1.000000,0.543368,0.850000,0.760000,,0.228540,633.483,4,4,0.760000,0.180000,0.010000,0.050000,0.480000,0.320000,0.000000,0.000000,NOTE_HYPOTHESIS,shared_audio_intelligence_v0_2;spectral_peak;owner_supplied_audio
BE-003:pitch:01128,BE-003:onset:0261,51.687619,759.687619,86.111111,22,3.111111,63.9344,E4,328.3813,0.069660,1.000000,0.606687,0.850000,0.520000,,0.385327,617.720,1,1,0.250000,0.520000,0.150000,0.080000,0.000000,0.450000,0.250000,0.200000,NOTE_HYPOTHESIS,shared_audio_intelligence_v0_2;spectral_peak;owner_supplied_audio
BE-003:pitch:01129,BE-003:onset:0262,51.850159,759.850159,86.370370,22,3.370370,41.8151,F#2,91.5161,0.232200,1.000000,0.938929,0.850000,0.760000,,0.163414,807.196,6,1,0.760000,0.180000,0.010000,0.050000,0.480000,0.320000,0.000000,0.000000,NOTE_HYPOTHESIS,shared_audio_intelligence_v0_2;spectral_peak;owner_supplied_audio
BE-003:pitch:01130,BE-003:onset:0262,51.850159,759.850159,86.370370,22,3.370370,64.2159,E4,333.7646,0.092880,1.000000,0.938929,0.850000,0.580000,,0.163414,807.196,6,2,0.050000,0.300000,0.580000,0.070000,0.000000,0.450000,0.250000,0.200000,NOTE_HYPOTHESIS,shared_audio_intelligence_v0_2;spectral_peak;owner_supplied_audio
BE-003:pitch:01131,BE-003:onset:0262,51.850159,759.850159,86.370370,22,3.370370,51.6483,E3,161.4990,0.603719,1.000000,0.938929,0.850000,0.550000,,0.163414,807.196,6,3,0.550000,0.350000,0.030000,0.070000,0.480000,0.320000,0.000000,0.000000,NOTE_HYPOTHESIS,shared_audio_intelligence_v0_2;spectral_peak;owner_supplied_audio
BE-003:pitch:01132,BE-003:onset:0262,51.850159,759.850159,86.370370,22,3.370370,35.7851,C2,64.5996,1.532517,1.000000,0.938929,0.850000,0.760000,,0.163414,807.196,6,4,0.760000,0.180000,0.010000,0.050000,0.480000,0.320000,0.000000,0.000000,NOTE_HYPOTHESIS,shared_audio_intelligence_v0_2;spectral_peak;owner_supplied_audio
BE-003:pitch:01133,BE-003:onset:0262,51.850159,759.850159,86.370370,22,3.370370,49.8242,D3,145.3491,1.532517,1.000000,0.938929,0.850000,0.550000,,0.163414,807.196,6,5,0.550000,0.350000,0.030000,0.070000,0.480000,0.320000,0.000000,0.000000,NOTE_HYPOTHESIS,shared_audio_intelligence_v0_2;spectral_peak;owner_supplied_audio
BE-003:pitch:01134,BE-003:onset:0262,51.850159,759.850159,86.370370,22,3.370370,44.6287,A2,107.6660,1.532517,1.000000,0.938929,0.850000,0.760000,,0.163414,807.196,6,6,0.760000,0.180000,0.010000,0.050000,0.480000,0.320000,0.000000,0.000000,NOTE_HYPOTHESIS,shared_audio_intelligence_v0_2;spectral_peak;owner_supplied_audio
BE-003:pitch:01135,BE-003:onset:0263,51.896599,759.896599,86.444444,22,3.444444,42.8047,G2,96.8994,0.185760,1.000000,0.560473,0.850000,0.760000,,0.233952,708.606,6,1,0.760000,0.180000,0.010000,0.050000,0.480000,0.320000,0.000000,0.000000,NOTE_HYPOTHESIS,shared_audio_intelligence_v0_2;spectral_peak;owner_supplied_audio
BE-003:pitch:01136,BE-003:onset:0263,51.896599,759.896599,86.444444,22,3.444444,34.2788,A#1,59.2163,1.532517,1.000000,0.560473,0.850000,0.760000,,0.233952,708.606,6,2,0.760000,0.180000,0.010000,0.050000,0.480000,0.320000,0.000000,0.000000,NOTE_HYPOTHESIS,shared_audio_intelligence_v0_2;spectral_peak;owner_supplied_audio
BE-003:pitch:01137,BE-003:onset:0263,51.896599,759.896599,86.444444,22,3.444444,55.2790,G3,199.1821,0.162540,1.000000,0.560473,0.850000,0.520000,,0.233952,708.606,6,3,0.250000,0.520000,0.150000,0.080000,0.000000,0.450000,0.250000,0.200000,NOTE_HYPOTHESIS,shared_audio_intelligence_v0_2;spectral_peak;owner_supplied_audio
BE-003:pitch:01138,BE-003:onset:0263,51.896599,759.896599,86.444444,22,3.444444,73.8242,D5,581.3965,0.580499,1.000000,0.560473,0.850000,0.580000,,0.233952,708.606,6,4,0.050000,0.300000,0.580000,0.070000,0.000000,0.120000,0.580000,0.220000,NOTE_HYPOTHESIS,shared_audio_intelligence_v0_2;spectral_peak;owner_supplied_audio
BE-003:pitch:01139,BE-003:onset:0263,51.896599,759.896599,86.444444,22,3.444444,49.8242,D3,145.3491,1.532517,1.000000,0.560473,0.850000,0.550000,,0.233952,708.606,6,5,0.550000,0.350000,0.030000,0.070000,0.480000,0.320000,0.000000,0.000000,NOTE_HYPOTHESIS,shared_audio_intelligence_v0_2;spectral_peak;owner_supplied_audio
BE-003:pitch:01140,BE-003:onset:0263,51.896599,759.896599,86.444444,22,3.444444,61.8242,D4,290.6982,0.673379,1.000000,0.560473,0.850000,0.520000,,0.233952,708.606,6,6,0.250000,0.520000,0.150000,0.080000,0.000000,0.450000,0.250000,0.200000,NOTE_HYPOTHESIS,shared_audio_intelligence_v0_2;spectral_peak;owner_supplied_audio
BE-003:pitch:01141,BE-003:onset:0264,52.012698,760.012698,86.629630,22,3.629630,49.8242,D3,145.3491,0.162540,1.000000,0.501637,0.850000,0.550000,,0.330808,613.448,5,1,0.550000,0.350000,0.030000,0.070000,0.480000,0.320000,0.000000,0.000000,NOTE_HYPOTHESIS,shared_audio_intelligence_v0_2;spectral_peak;owner_supplied_audio
BE-003:pitch:01142,BE-003:onset:0264,52.012698,760.012698,86.629630,22,3.629630,73.8242,D5,581.3965,0.139320,1.000000,0.501637,0.850000,0.580000,,0.330808,613.448,5,2,0.050000,0.300000,0.580000,0.070000,0.000000,0.120000,0.580000,0.220000,NOTE_HYPOTHESIS,shared_audio_intelligence_v0_2;spectral_peak;owner_supplied_audio
BE-003:pitch:01143,BE-003:onset:0264,52.012698,760.012698,86.629630,22,3.629630,34.2788,A#1,59.2163,1.532517,1.000000,0.501637,0.850000,0.760000,,0.330808,613.448,5,3,0.760000,0.180000,0.010000,0.050000,0.480000,0.320000,0.000000,0.000000,NOTE_HYPOTHESIS,shared_audio_intelligence_v0_2;spectral_peak;owner_supplied_audio
BE-003:pitch:01144,BE-003:onset:0264,52.012698,760.012698,86.629630,22,3.629630,61.8242,D4,290.6982,0.162540,1.000000,0.501637,0.850000,0.520000,,0.330808,613.448,5,4,0.250000,0.520000,0.150000,0.080000,0.000000,0.450000,0.250000,0.200000,NOTE_HYPOTHESIS,shared_audio_intelligence_v0_2;spectral_peak;owner_supplied_audio
BE-003:pitch:01145,BE-003:onset:0264,52.012698,760.012698,86.629630,22,3.629630,42.8047,G2,96.8994,0.116100,1.000000,0.501637,0.850000,0.760000,,0.330808,613.448,5,5,0.760000,0.180000,0.010000,0.050000,0.480000,0.320000,0.000000,0.000000,NOTE_HYPOTHESIS,shared_audio_intelligence_v0_2;spectral_peak;owner_supplied_audio
BE-003:pitch:01146,BE-003:onset:0265,52.244898,760.244898,87.000000,22,4.000000,49.8242,D3,145.3491,0.348299,1.000000,0.569206,0.850000,0.550000,,0.228581,693.231,5,1,0.550000,0.350000,0.030000,0.070000,0.480000,0.320000,0.000000,0.000000,NOTE_HYPOTHESIS,shared_audio_intelligence_v0_2;spectral_peak;owner_supplied_audio
BE-003:pitch:01147,BE-003:onset:0265,52.244898,760.244898,87.000000,22,4.000000,42.8047,G2,96.8994,0.301859,1.000000,0.569206,0.850000,0.760000,,0.228581,693.231,5,2,0.760000,0.180000,0.010000,0.050000,0.480000,0.320000,0.000000,0.000000,NOTE_HYPOTHESIS,shared_audio_intelligence_v0_2;spectral_peak;owner_supplied_audio
BE-003:pitch:01148,BE-003:onset:0265,52.244898,760.244898,87.000000,22,4.000000,47.0483,B2,123.8159,1.532517,1.000000,0.569206,0.850000,0.550000,,0.228581,693.231,5,3,0.550000,0.350000,0.030000,0.070000,0.480000,0.320000,0.000000,0.000000,NOTE_HYPOTHESIS,shared_audio_intelligence_v0_2;spectral_peak;owner_supplied_audio
BE-003:pitch:01149,BE-003:onset:0265,52.244898,760.244898,87.000000,22,4.000000,35.7851,C2,64.5996,1.532517,1.000000,0.569206,0.850000,0.760000,,0.228581,693.231,5,4,0.760000,0.180000,0.010000,0.050000,0.480000,0.320000,0.000000,0.000000,NOTE_HYPOTHESIS,shared_audio_intelligence_v0_2;spectral_peak;owner_supplied_audio
BE-003:pitch:01150,BE-003:onset:0265,52.244898,760.244898,87.000000,22,4.000000,61.8242,D4,290.6982,0.278639,1.000000,0.569206,0.850000,0.520000,,0.228581,693.231,5,5,0.250000,0.520000,0.150000,0.080000,0.000000,0.450000,0.250000,0.200000,NOTE_HYPOTHESIS,shared_audio_intelligence_v0_2;spectral_peak;owner_supplied_audio
BE-003:pitch:01151,BE-003:onset:0266,52.291338,760.291338,87.076923,22,4.076923,49.8242,D3,145.3491,0.255420,1.000000,0.730942,0.850000,0.550000,,0.245342,603.945,1,1,0.550000,0.350000,0.030000,0.070000,0.480000,0.320000,0.000000,0.000000,NOTE_HYPOTHESIS,shared_audio_intelligence_v0_2;spectral_peak;owner_supplied_audio
BE-003:pitch:01152,BE-003:onset:0267,52.500317,760.500317,87.423077,22,4.423077,47.7851,C3,129.1992,0.162540,1.000000,0.549645,0.850000,0.550000,,0.470544,513.496,2,1,0.550000,0.350000,0.030000,0.070000,0.480000,0.320000,0.000000,0.000000,NOTE_HYPOTHESIS,shared_audio_intelligence_v0_2;spectral_peak;owner_supplied_audio
BE-003:pitch:01153,BE-003:onset:0267,52.500317,760.500317,87.423077,22,4.423077,49.8242,D3,145.3491,0.116100,1.000000,0.549645,0.850000,0.550000,,0.470544,513.496,2,2,0.550000,0.350000,0.030000,0.070000,0.480000,0.320000,0.000000,0.000000,NOTE_HYPOTHESIS,shared_audio_intelligence_v0_2;spectral_peak;owner_supplied_audio
BE-003:pitch:01154,BE-003:onset:0268,52.732517,760.732517,87.807692,22,4.807692,44.6287,A2,107.6660,0.208980,1.000000,0.387437,0.850000,0.760000,,0.133217,746.383,3,1,0.760000,0.180000,0.010000,0.050000,0.480000,0.320000,0.000000,0.000000,NOTE_HYPOTHESIS,shared_audio_intelligence_v0_2;spectral_peak;owner_supplied_audio
BE-003:pitch:01155,BE-003:onset:0268,52.732517,760.732517,87.807692,22,4.807692,47.7851,C3,129.1992,1.532517,1.000000,0.387437,0.850000,0.550000,,0.133217,746.383,3,2,0.550000,0.350000,0.030000,0.070000,0.480000,0.320000,0.000000,0.000000,NOTE_HYPOTHESIS,shared_audio_intelligence_v0_2;spectral_peak;owner_supplied_audio
BE-003:pitch:01156,BE-003:onset:0268,52.732517,760.732517,87.807692,22,4.807692,35.7851,C2,64.5996,1.532517,1.000000,0.387437,0.850000,0.760000,,0.133217,746.383,3,3,0.760000,0.180000,0.010000,0.050000,0.480000,0.320000,0.000000,0.000000,NOTE_HYPOTHESIS,shared_audio_intelligence_v0_2;spectral_peak;owner_supplied_audio
BE-003:pitch:01157,BE-003:onset:0269,52.848617,760.848617,88.000000,23,1.000000,47.7851,C3,129.1992,0.278639,1.000000,0.578539,0.850000,0.550000,,0.379405,818.159,3,1,0.550000,0.350000,0.030000,0.070000,0.480000,0.320000,0.000000,0.000000,NOTE_HYPOTHESIS,shared_audio_intelligence_v0_2;spectral_peak;owner_supplied_audio
BE-003:pitch:01158,BE-003:onset:0269,52.848617,760.848617,88.000000,23,1.000000,43.7407,G#2,102.2827,0.092880,1.000000,0.578539,0.850000,0.760000,,0.379405,818.159,3,2,0.760000,0.180000,0.010000,0.050000,0.480000,0.320000,0.000000,0.000000,NOTE_HYPOTHESIS,shared_audio_intelligence_v0_2;spectral_peak;owner_supplied_audio
BE-003:pitch:01159,BE-003:onset:0269,52.848617,760.848617,88.000000,23,1.000000,59.7851,C4,258.3984,0.301859,1.000000,0.578539,0.850000,0.520000,,0.379405,818.159,3,3,0.250000,0.520000,0.150000,0.080000,0.000000,0.450000,0.250000,0.200000,NOTE_HYPOTHESIS,shared_audio_intelligence_v0_2;spectral_peak;owner_supplied_audio
BE-003:pitch:01160,BE-003:onset:0270,53.150476,761.150476,88.481481,23,1.481481,45.4734,A2,113.0493,0.185760,1.000000,0.737017,0.850000,0.550000,,0.280006,808.275,6,1,0.550000,0.350000,0.030000,0.070000,0.480000,0.320000,0.000000,0.000000,NOTE_HYPOTHESIS,shared_audio_intelligence_v0_2;spectral_peak;owner_supplied_audio
BE-003:pitch:01161,BE-003:onset:0270,53.150476,761.150476,88.481481,23,1.481481,42.8047,G2,96.8994,0.394739,1.000000,0.737017,0.850000,0.760000,,0.280006,808.275,6,2,0.760000,0.180000,0.010000,0.050000,0.480000,0.320000,0.000000,0.000000,NOTE_HYPOTHESIS,shared_audio_intelligence_v0_2;spectral_peak;owner_supplied_audio
BE-003:pitch:01162,BE-003:onset:0270,53.150476,761.150476,88.481481,23,1.481481,39.6483,E2,80.7495,0.371519,1.000000,0.737017,0.850000,0.760000,,0.280006,808.275,6,3,0.760000,0.180000,0.010000,0.050000,0.480000,0.320000,0.000000,0.000000,NOTE_HYPOTHESIS,shared_audio_intelligence_v0_2;spectral_peak;owner_supplied_audio
BE-003:pitch:01163,BE-003:onset:0270,53.150476,761.150476,88.481481,23,1.481481,37.1709,C#2,69.9829,1.532517,1.000000,0.737017,0.850000,0.760000,,0.280006,808.275,6,4,0.760000,0.180000,0.010000,0.050000,0.480000,0.320000,0.000000,0.000000,NOTE_HYPOTHESIS,shared_audio_intelligence_v0_2;spectral_peak;owner_supplied_audio
BE-003:pitch:01164,BE-003:onset:0270,53.150476,761.150476,88.481481,23,1.481481,34.2788,A#1,59.2163,1.532517,1.000000,0.737017,0.850000,0.760000,,0.280006,808.275,6,5,0.760000,0.180000,0.010000,0.050000,0.480000,0.320000,0.000000,0.000000,NOTE_HYPOTHESIS,shared_audio_intelligence_v0_2;spectral_peak;owner_supplied_audio
BE-003:pitch:01165,BE-003:onset:0270,53.150476,761.150476,88.481481,23,1.481481,48.4919,C3,134.5825,1.532517,1.000000,0.737017,0.850000,0.550000,,0.280006,808.275,6,6,0.550000,0.350000,0.030000,0.070000,0.480000,0.320000,0.000000,0.000000,NOTE_HYPOTHESIS,shared_audio_intelligence_v0_2;spectral_peak;owner_supplied_audio
BE-003:pitch:01166,BE-003:onset:0271,53.336236,761.336236,88.777778,23,1.777778,35.7851,C2,64.5996,0.255420,1.000000,0.629709,0.850000,0.760000,,0.481650,411.706,2,1,0.760000,0.180000,0.010000,0.050000,0.480000,0.320000,0.000000,0.000000,NOTE_HYPOTHESIS,shared_audio_intelligence_v0_2;spectral_peak;owner_supplied_audio
BE-003:pitch:01167,BE-003:onset:0271,53.336236,761.336236,88.777778,23,1.777778,48.4919,C3,134.5825,1.114558,1.000000,0.629709,0.850000,0.550000,,0.481650,411.706,2,2,0.550000,0.350000,0.030000,0.070000,0.480000,0.320000,0.000000,0.000000,NOTE_HYPOTHESIS,shared_audio_intelligence_v0_2;spectral_peak;owner_supplied_audio
BE-003:pitch:01168,BE-003:onset:0272,53.498776,761.498776,89.037037,23,2.037037,47.7851,C3,129.1992,0.255420,1.000000,0.697866,0.850000,0.550000,,0.454633,456.510,3,1,0.550000,0.350000,0.030000,0.070000,0.480000,0.320000,0.000000,0.000000,NOTE_HYPOTHESIS,shared_audio_intelligence_v0_2;spectral_peak;owner_supplied_audio
BE-003:pitch:01169,BE-003:onset:0272,53.498776,761.498776,89.037037,23,2.037037,34.2788,A#1,59.2163,0.232200,1.000000,0.697866,0.850000,0.760000,,0.454633,456.510,3,2,0.760000,0.180000,0.010000,0.050000,0.480000,0.320000,0.000000,0.000000,NOTE_HYPOTHESIS,shared_audio_intelligence_v0_2;spectral_peak;owner_supplied_audio
BE-003:pitch:01170,BE-003:onset:0272,53.498776,761.498776,89.037037,23,2.037037,43.7407,G#2,102.2827,0.046440,1.000000,0.697866,0.850000,0.760000,,0.454633,456.510,3,3,0.760000,0.180000,0.010000,0.050000,0.480000,0.320000,0.000000,0.000000,NOTE_HYPOTHESIS,shared_audio_intelligence_v0_2;spectral_peak;owner_supplied_audio
BE-003:pitch:01171,BE-003:onset:0273,53.800635,761.800635,89.518519,23,2.518519,45.4734,A2,113.0493,0.185760,1.000000,0.592894,0.850000,0.550000,,0.303265,627.505,6,1,0.550000,0.350000,0.030000,0.070000,0.480000,0.320000,0.000000,0.000000,NOTE_HYPOTHESIS,shared_audio_intelligence_v0_2;spectral_peak;owner_supplied_audio
BE-003:pitch:01172,BE-003:onset:0273,53.800635,761.800635,89.518519,23,2.518519,41.8151,F#2,91.5161,0.348299,1.000000,0.592894,0.850000,0.760000,,0.303265,627.505,6,2,0.760000,0.180000,0.010000,0.050000,0.480000,0.320000,0.000000,0.000000,NOTE_HYPOTHESIS,shared_audio_intelligence_v0_2;spectral_peak;owner_supplied_audio
BE-003:pitch:01173,BE-003:onset:0273,53.800635,761.800635,89.518519,23,2.518519,39.6483,E2,80.7495,0.464399,1.000000,0.592894,0.850000,0.760000,,0.303265,627.505,6,3,0.760000,0.180000,0.010000,0.050000,0.480000,0.320000,0.000000,0.000000,NOTE_HYPOTHESIS,shared_audio_intelligence_v0_2;spectral_peak;owner_supplied_audio
BE-003:pitch:01174,BE-003:onset:0273,53.800635,761.800635,89.518519,23,2.518519,47.7851,C3,129.1992,0.719819,1.000000,0.592894,0.850000,0.550000,,0.303265,627.505,6,4,0.550000,0.350000,0.030000,0.070000,0.480000,0.320000,0.000000,0.000000,NOTE_HYPOTHESIS,shared_audio_intelligence_v0_2;spectral_peak;owner_supplied_audio
BE-003:pitch:01175,BE-003:onset:0273,53.800635,761.800635,89.518519,23,2.518519,37.1709,C#2,69.9829,1.091338,1.000000,0.592894,0.850000,0.760000,,0.303265,627.505,6,5,0.760000,0.180000,0.010000,0.050000,0.480000,0.320000,0.000000,0.000000,NOTE_HYPOTHESIS,shared_audio_intelligence_v0_2;spectral_peak;owner_supplied_audio
BE-003:pitch:01176,BE-003:onset:0273,53.800635,761.800635,89.518519,23,2.518519,34.2788,A#1,59.2163,1.532517,1.000000,0.592894,0.850000,0.760000,,0.303265,627.505,6,6,0.760000,0.180000,0.010000,0.050000,0.480000,0.320000,0.000000,0.000000,NOTE_HYPOTHESIS,shared_audio_intelligence_v0_2;spectral_peak;owner_supplied_audio
BE-003:pitch:01177,BE-003:onset:0274,53.893515,761.893515,89.666667,23,2.666667,40.7656,F2,86.1328,0.208980,1.000000,0.412069,0.850000,0.760000,,0.389484,637.945,3,1,0.760000,0.180000,0.010000,0.050000,0.480000,0.320000,0.000000,0.000000,NOTE_HYPOTHESIS,shared_audio_intelligence_v0_2;spectral_peak;owner_supplied_audio
BE-003:pitch:01178,BE-003:onset:0274,53.893515,761.893515,89.666667,23,2.666667,35.7851,C2,64.5996,0.371519,1.000000,0.412069,0.850000,0.760000,,0.389484,637.945,3,2,0.760000,0.180000,0.010000,0.050000,0.480000,0.320000,0.000000,0.000000,NOTE_HYPOTHESIS,shared_audio_intelligence_v0_2;spectral_peak;owner_supplied_audio
BE-003:pitch:01179,BE-003:onset:0274,53.893515,761.893515,89.666667,23,2.666667,45.4734,A2,113.0493,0.232200,1.000000,0.412069,0.850000,0.550000,,0.389484,637.945,3,3,0.550000,0.350000,0.030000,0.070000,0.480000,0.320000,0.000000,0.000000,NOTE_HYPOTHESIS,shared_audio_intelligence_v0_2;spectral_peak;owner_supplied_audio
BE-003:pitch:01180,BE-003:onset:0275,54.125714,762.125714,90.038462,23,3.038462,47.7851,C3,129.1992,0.278639,1.000000,0.422739,0.850000,0.550000,,0.239891,1005.926,6,1,0.550000,0.350000,0.030000,0.070000,0.480000,0.320000,0.000000,0.000000,NOTE_HYPOTHESIS,shared_audio_intelligence_v0_2;spectral_peak;owner_supplied_audio
BE-003:pitch:01181,BE-003:onset:0275,54.125714,762.125714,90.038462,23,3.038462,34.2788,A#1,59.2163,0.743039,1.000000,0.422739,0.850000,0.760000,,0.239891,1005.926,6,2,0.760000,0.180000,0.010000,0.050000,0.480000,0.320000,0.000000,0.000000,NOTE_HYPOTHESIS,shared_audio_intelligence_v0_2;spectral_peak;owner_supplied_audio
BE-003:pitch:01182,BE-003:onset:0275,54.125714,762.125714,90.038462,23,3.038462,43.7407,G#2,102.2827,0.069660,1.000000,0.422739,0.850000,0.760000,,0.239891,1005.926,6,3,0.760000,0.180000,0.010000,0.050000,0.480000,0.320000,0.000000,0.000000,NOTE_HYPOTHESIS,shared_audio_intelligence_v0_2;spectral_peak;owner_supplied_audio
BE-003:pitch:01183,BE-003:onset:0275,54.125714,762.125714,90.038462,23,3.038462,49.8242,D3,145.3491,0.278639,1.000000,0.422739,0.850000,0.550000,,0.239891,1005.926,6,4,0.550000,0.350000,0.030000,0.070000,0.480000,0.320000,0.000000,0.000000,NOTE_HYPOTHESIS,shared_audio_intelligence_v0_2;spectral_peak;owner_supplied_audio
BE-003:pitch:01184,BE-003:onset:0275,54.125714,762.125714,90.038462,23,3.038462,59.7851,C4,258.3984,0.255420,1.000000,0.422739,0.850000,0.520000,,0.239891,1005.926,6,5,0.250000,0.520000,0.150000,0.080000,0.000000,0.450000,0.250000,0.200000,NOTE_HYPOTHESIS,shared_audio_intelligence_v0_2;spectral_peak;owner_supplied_audio
BE-003:pitch:01185,BE-003:onset:0275,54.125714,762.125714,90.038462,23,3.038462,39.6483,E2,80.7495,0.162540,1.000000,0.422739,0.850000,0.760000,,0.239891,1005.926,6,6,0.760000,0.180000,0.010000,0.050000,0.480000,0.320000,0.000000,0.000000,NOTE_HYPOTHESIS,shared_audio_intelligence_v0_2;spectral_peak;owner_supplied_audio
BE-003:pitch:01186,BE-003:onset:0276,54.404354,762.404354,90.500000,23,3.500000,45.4734,A2,113.0493,0.208980,1.000000,0.663153,0.850000,0.550000,,0.228205,649.925,2,1,0.550000,0.350000,0.030000,0.070000,0.480000,0.320000,0.000000,0.000000,NOTE_HYPOTHESIS,shared_audio_intelligence_v0_2;spectral_peak;owner_supplied_audio
BE-003:pitch:01187,BE-003:onset:0276,54.404354,762.404354,90.500000,23,3.500000,40.7656,F2,86.1328,0.394739,1.000000,0.663153,0.850000,0.760000,,0.228205,649.925,2,2,0.760000,0.180000,0.010000,0.050000,0.480000,0.320000,0.000000,0.000000,NOTE_HYPOTHESIS,shared_audio_intelligence_v0_2;spectral_peak;owner_supplied_audio
BE-003:pitch:01188,BE-003:onset:0277,54.497234,762.497234,90.653846,23,3.653846,40.7656,F2,86.1328,0.162540,1.000000,0.425383,0.850000,0.760000,,0.247310,612.896,3,1,0.760000,0.180000,0.010000,0.050000,0.480000,0.320000,0.000000,0.000000,NOTE_HYPOTHESIS,shared_audio_intelligence_v0_2;spectral_peak;owner_supplied_audio
BE-003:pitch:01189,BE-003:onset:0277,54.497234,762.497234,90.653846,23,3.653846,45.4734,A2,113.0493,0.139320,1.000000,0.425383,0.850000,0.550000,,0.247310,612.896,3,2,0.550000,0.350000,0.030000,0.070000,0.480000,0.320000,0.000000,0.000000,NOTE_HYPOTHESIS,shared_audio_intelligence_v0_2;spectral_peak;owner_supplied_audio
BE-003:pitch:01190,BE-003:onset:0277,54.497234,762.497234,90.653846,23,3.653846,34.2788,A#1,59.2163,0.394739,1.000000,0.425383,0.850000,0.760000,,0.247310,612.896,3,3,0.760000,0.180000,0.010000,0.050000,0.480000,0.320000,0.000000,0.000000,NOTE_HYPOTHESIS,shared_audio_intelligence_v0_2;spectral_peak;owner_supplied_audio
BE-003:pitch:01191,BE-003:onset:0278,54.590113,762.590113,90.807692,23,3.807692,35.7851,C2,64.5996,0.232200,1.000000,0.472956,0.850000,0.760000,,0.273688,517.663,4,1,0.760000,0.180000,0.010000,0.050000,0.480000,0.320000,0.000000,0.000000,NOTE_HYPOTHESIS,shared_audio_intelligence_v0_2;spectral_peak;owner_supplied_audio
BE-003:pitch:01192,BE-003:onset:0278,54.590113,762.590113,90.807692,23,3.807692,40.7656,F2,86.1328,0.185760,1.000000,0.472956,0.850000,0.760000,,0.273688,517.663,4,2,0.760000,0.180000,0.010000,0.050000,0.480000,0.320000,0.000000,0.000000,NOTE_HYPOTHESIS,shared_audio_intelligence_v0_2;spectral_peak;owner_supplied_audio
BE-003:pitch:01193,BE-003:onset:0278,54.590113,762.590113,90.807692,23,3.807692,45.4734,A2,113.0493,0.278639,1.000000,0.472956,0.850000,0.550000,,0.273688,517.663,4,3,0.550000,0.350000,0.030000,0.070000,0.480000,0.320000,0.000000,0.000000,NOTE_HYPOTHESIS,shared_audio_intelligence_v0_2;spectral_peak;owner_supplied_audio
BE-003:pitch:01194,BE-003:onset:0278,54.590113,762.590113,90.807692,23,3.807692,48.4919,C3,134.5825,1.532517,1.000000,0.472956,0.850000,0.550000,,0.273688,517.663,4,4,0.550000,0.350000,0.030000,0.070000,0.480000,0.320000,0.000000,0.000000,NOTE_HYPOTHESIS,shared_audio_intelligence_v0_2;spectral_peak;owner_supplied_audio
BE-003:pitch:01195,BE-003:onset:0279,54.729433,762.729433,91.037037,23,4.037037,47.7851,C3,129.1992,0.278639,1.000000,0.589910,0.850000,0.550000,,0.285996,683.440,3,1,0.550000,0.350000,0.030000,0.070000,0.480000,0.320000,0.000000,0.000000,NOTE_HYPOTHESIS,shared_audio_intelligence_v0_2;spectral_peak;owner_supplied_audio
BE-003:pitch:01196,BE-003:onset:0279,54.729433,762.729433,91.037037,23,4.037037,34.2788,A#1,59.2163,0.139320,1.000000,0.589910,0.850000,0.760000,,0.285996,683.440,3,2,0.760000,0.180000,0.010000,0.050000,0.480000,0.320000,0.000000,0.000000,NOTE_HYPOTHESIS,shared_audio_intelligence_v0_2;spectral_peak;owner_supplied_audio
BE-003:pitch:01197,BE-003:onset:0279,54.729433,762.729433,91.037037,23,4.037037,42.8047,G2,96.8994,0.046440,1.000000,0.589910,0.850000,0.760000,,0.285996,683.440,3,3,0.760000,0.180000,0.010000,0.050000,0.480000,0.320000,0.000000,0.000000,NOTE_HYPOTHESIS,shared_audio_intelligence_v0_2;spectral_peak;owner_supplied_audio
BE-003:pitch:01198,BE-003:onset:0280,55.031293,763.031293,91.518519,23,4.518519,45.4734,A2,113.0493,0.162540,1.000000,0.510922,0.850000,0.550000,,0.173635,1084.994,5,1,0.550000,0.350000,0.030000,0.070000,0.480000,0.320000,0.000000,0.000000,NOTE_HYPOTHESIS,shared_audio_intelligence_v0_2;spectral_peak;owner_supplied_audio
BE-003:pitch:01199,BE-003:onset:0280,55.031293,763.031293,91.518519,23,4.518519,40.7656,F2,86.1328,0.371519,1.000000,0.510922,0.850000,0.760000,,0.173635,1084.994,5,2,0.760000,0.180000,0.010000,0.050000,0.480000,0.320000,0.000000,0.000000,NOTE_HYPOTHESIS,shared_audio_intelligence_v0_2;spectral_peak;owner_supplied_audio
BE-003:pitch:01200,BE-003:onset:0280,55.031293,763.031293,91.518519,23,4.518519,47.7851,C3,129.1992,1.253878,1.000000,0.510922,0.850000,0.550000,,0.173635,1084.994,5,3,0.550000,0.350000,0.030000,0.070000,0.480000,0.320000,0.000000,0.000000,NOTE_HYPOTHESIS,shared_audio_intelligence_v0_2;spectral_peak;owner_supplied_audio
BE-003:pitch:01201,BE-003:onset:0280,55.031293,763.031293,91.518519,23,4.518519,34.2788,A#1,59.2163,0.882358,1.000000,0.510922,0.850000,0.760000,,0.173635,1084.994,5,4,0.760000,0.180000,0.010000,0.050000,0.480000,0.320000,0.000000,0.000000,NOTE_HYPOTHESIS,shared_audio_intelligence_v0_2;spectral_peak;owner_supplied_audio
BE-003:pitch:01202,BE-003:onset:0280,55.031293,763.031293,91.518519,23,4.518519,38.4538,D2,75.3662,0.510839,1.000000,0.510922,0.850000,0.760000,,0.173635,1084.994,5,5,0.760000,0.180000,0.010000,0.050000,0.480000,0.320000,0.000000,0.000000,NOTE_HYPOTHESIS,shared_audio_intelligence_v0_2;spectral_peak;owner_supplied_audio
BE-003:pitch:01203,BE-003:onset:0281,55.193832,763.193832,91.777778,23,4.777778,35.7851,C2,64.5996,0.139320,1.000000,0.718869,0.850000,0.760000,,0.356250,449.659,2,1,0.760000,0.180000,0.010000,0.050000,0.480000,0.320000,0.000000,0.000000,NOTE_HYPOTHESIS,shared_audio_intelligence_v0_2;spectral_peak;owner_supplied_audio
BE-003:pitch:01204,BE-003:onset:0281,55.193832,763.193832,91.777778,23,4.777778,48.4919,C3,134.5825,0.487619,1.000000,0.718869,0.850000,0.550000,,0.356250,449.659,2,2,0.550000,0.350000,0.030000,0.070000,0.480000,0.320000,0.000000,0.000000,NOTE_HYPOTHESIS,shared_audio_intelligence_v0_2;spectral_peak;owner_supplied_audio
BE-003:pitch:01205,BE-003:onset:0282,55.379592,763.379592,92.090909,24,1.090909,47.7851,C3,129.1992,0.162540,1.000000,0.404741,0.850000,0.550000,,0.396129,629.771,1,1,0.550000,0.350000,0.030000,0.070000,0.480000,0.320000,0.000000,0.000000,NOTE_HYPOTHESIS,shared_audio_intelligence_v0_2;spectral_peak;owner_supplied_audio
BE-003:pitch:01206,BE-003:onset:0283,55.751111,763.751111,92.818182,24,1.818182,47.7851,C3,129.1992,0.557279,1.000000,0.626721,0.850000,0.550000,,0.150783,1251.818,6,1,0.550000,0.350000,0.030000,0.070000,0.480000,0.320000,0.000000,0.000000,NOTE_HYPOTHESIS,shared_audio_intelligence_v0_2;spectral_peak;owner_supplied_audio
BE-003:pitch:01207,BE-003:onset:0283,55.751111,763.751111,92.818182,24,1.818182,43.7407,G#2,102.2827,0.139320,1.000000,0.626721,0.850000,0.760000,,0.150783,1251.818,6,2,0.760000,0.180000,0.010000,0.050000,0.480000,0.320000,0.000000,0.000000,NOTE_HYPOTHESIS,shared_audio_intelligence_v0_2;spectral_peak;owner_supplied_audio
BE-003:pitch:01208,BE-003:onset:0283,55.751111,763.751111,92.818182,24,1.818182,46.2788,A#2,118.4326,0.510839,1.000000,0.626721,0.850000,0.550000,,0.150783,1251.818,6,3,0.550000,0.350000,0.030000,0.070000,0.480000,0.320000,0.000000,0.000000,NOTE_HYPOTHESIS,shared_audio_intelligence_v0_2;spectral_peak;owner_supplied_audio
BE-003:pitch:01209,BE-003:onset:0283,55.751111,763.751111,92.818182,24,1.818182,34.2788,A#1,59.2163,1.532517,1.000000,0.626721,0.850000,0.760000,,0.150783,1251.818,6,4,0.760000,0.180000,0.010000,0.050000,0.480000,0.320000,0.000000,0.000000,NOTE_HYPOTHESIS,shared_audio_intelligence_v0_2;spectral_peak;owner_supplied_audio
BE-003:pitch:01210,BE-003:onset:0283,55.751111,763.751111,92.818182,24,1.818182,49.8242,D3,145.3491,0.557279,1.000000,0.626721,0.850000,0.550000,,0.150783,1251.818,6,5,0.550000,0.350000,0.030000,0.070000,0.480000,0.320000,0.000000,0.000000,NOTE_HYPOTHESIS,shared_audio_intelligence_v0_2;spectral_peak;owner_supplied_audio
BE-003:pitch:01211,BE-003:onset:0283,55.751111,763.751111,92.818182,24,1.818182,41.8151,F#2,91.5161,0.278639,1.000000,0.626721,0.850000,0.760000,,0.150783,1251.818,6,6,0.760000,0.180000,0.010000,0.050000,0.480000,0.320000,0.000000,0.000000,NOTE_HYPOTHESIS,shared_audio_intelligence_v0_2;spectral_peak;owner_supplied_audio
BE-003:pitch:01212,BE-003:onset:0284,55.843991,763.843991,93.000000,24,2.000000,47.7851,C3,129.1992,0.162540,1.000000,0.992387,0.850000,0.550000,,0.270812,609.098,1,1,0.550000,0.350000,0.030000,0.070000,0.480000,0.320000,0.000000,0.000000,NOTE_HYPOTHESIS,shared_audio_intelligence_v0_2;spectral_peak;owner_supplied_audio
BE-003:pitch:01213,BE-003:onset:0285,56.447710,764.447710,94.000000,24,3.000000,45.4734,A2,113.0493,0.162540,1.000000,0.971391,0.850000,0.550000,,0.196680,628.845,3,1,0.550000,0.350000,0.030000,0.070000,0.480000,0.320000,0.000000,0.000000,NOTE_HYPOTHESIS,shared_audio_intelligence_v0_2;spectral_peak;owner_supplied_audio
BE-003:pitch:01214,BE-003:onset:0285,56.447710,764.447710,94.000000,24,3.000000,48.4919,C3,134.5825,1.532517,1.000000,0.971391,0.850000,0.550000,,0.196680,628.845,3,2,0.550000,0.350000,0.030000,0.070000,0.480000,0.320000,0.000000,0.000000,NOTE_HYPOTHESIS,shared_audio_intelligence_v0_2;spectral_peak;owner_supplied_audio
BE-003:pitch:01215,BE-003:onset:0285,56.447710,764.447710,94.000000,24,3.000000,35.7851,C2,64.5996,1.532517,1.000000,0.971391,0.850000,0.760000,,0.196680,628.845,3,3,0.760000,0.180000,0.010000,0.050000,0.480000,0.320000,0.000000,0.000000,NOTE_HYPOTHESIS,shared_audio_intelligence_v0_2;spectral_peak;owner_supplied_audio
BE-003:pitch:01216,BE-003:onset:0286,56.587029,764.587029,94.230769,24,3.230769,47.7851,C3,129.1992,0.185760,1.000000,0.735375,0.850000,0.550000,,0.469364,514.844,2,1,0.550000,0.350000,0.030000,0.070000,0.480000,0.320000,0.000000,0.000000,NOTE_HYPOTHESIS,shared_audio_intelligence_v0_2;spectral_peak;owner_supplied_audio
BE-003:pitch:01217,BE-003:onset:0286,56.587029,764.587029,94.230769,24,3.230769,59.7851,C4,258.3984,0.719819,1.000000,0.735375,0.850000,0.520000,,0.469364,514.844,2,2,0.250000,0.520000,0.150000,0.080000,0.000000,0.450000,0.250000,0.200000,NOTE_HYPOTHESIS,shared_audio_intelligence_v0_2;spectral_peak;owner_supplied_audio
BE-003:pitch:01218,BE-003:onset:0287,56.726349,764.726349,94.461538,24,3.461538,47.7851,C3,129.1992,1.253878,1.000000,0.446680,0.850000,0.550000,,0.328882,624.217,3,1,0.550000,0.350000,0.030000,0.070000,0.480000,0.320000,0.000000,0.000000,NOTE_HYPOTHESIS,shared_audio_intelligence_v0_2;spectral_peak;owner_supplied_audio
BE-003:pitch:01219,BE-003:onset:0287,56.726349,764.726349,94.461538,24,3.461538,45.4734,A2,113.0493,0.208980,1.000000,0.446680,0.850000,0.550000,,0.328882,624.217,3,2,0.550000,0.350000,0.030000,0.070000,0.480000,0.320000,0.000000,0.000000,NOTE_HYPOTHESIS,shared_audio_intelligence_v0_2;spectral_peak;owner_supplied_audio
BE-003:pitch:01220,BE-003:onset:0287,56.726349,764.726349,94.461538,24,3.461538,59.7851,C4,258.3984,0.626939,1.000000,0.446680,0.850000,0.520000,,0.328882,624.217,3,3,0.250000,0.520000,0.150000,0.080000,0.000000,0.450000,0.250000,0.200000,NOTE_HYPOTHESIS,shared_audio_intelligence_v0_2;spectral_peak;owner_supplied_audio
BE-003:pitch:01221,BE-003:onset:0288,56.865669,764.865669,94.692308,24,3.692308,47.7851,C3,129.1992,0.464399,1.000000,1.000000,0.850000,0.550000,,0.293633,652.323,1,1,0.550000,0.350000,0.030000,0.070000,0.480000,0.320000,0.000000,0.000000,NOTE_HYPOTHESIS,shared_audio_intelligence_v0_2;spectral_peak;owner_supplied_audio
BE-003:pitch:01222,BE-003:onset:0289,57.097868,765.097868,95.068966,24,4.068966,47.7851,C3,129.1992,0.232200,1.000000,0.588460,0.850000,0.550000,,0.392872,610.916,3,1,0.550000,0.350000,0.030000,0.070000,0.480000,0.320000,0.000000,0.000000,NOTE_HYPOTHESIS,shared_audio_intelligence_v0_2;spectral_peak;owner_supplied_audio
BE-003:pitch:01223,BE-003:onset:0289,57.097868,765.097868,95.068966,24,4.068966,59.7851,C4,258.3984,0.208980,1.000000,0.588460,0.850000,0.520000,,0.392872,610.916,3,2,0.250000,0.520000,0.150000,0.080000,0.000000,0.450000,0.250000,0.200000,NOTE_HYPOTHESIS,shared_audio_intelligence_v0_2;spectral_peak;owner_supplied_audio
BE-003:pitch:01224,BE-003:onset:0289,57.097868,765.097868,95.068966,24,4.068966,43.7407,G#2,102.2827,0.069660,1.000000,0.588460,0.850000,0.760000,,0.392872,610.916,3,3,0.760000,0.180000,0.010000,0.050000,0.480000,0.320000,0.000000,0.000000,NOTE_HYPOTHESIS,shared_audio_intelligence_v0_2;spectral_peak;owner_supplied_audio
BE-003:pitch:01225,BE-003:onset:0290,57.376508,765.376508,95.482759,24,4.482759,43.7407,G#2,102.2827,0.208980,1.000000,0.602765,0.850000,0.760000,,0.198233,635.997,4,1,0.760000,0.180000,0.010000,0.050000,0.480000,0.320000,0.000000,0.000000,NOTE_HYPOTHESIS,shared_audio_intelligence_v0_2;spectral_peak;owner_supplied_audio
BE-003:pitch:01226,BE-003:onset:0290,57.376508,765.376508,95.482759,24,4.482759,45.4734,A2,113.0493,1.277098,1.000000,0.602765,0.850000,0.550000,,0.198233,635.997,4,2,0.550000,0.350000,0.030000,0.070000,0.480000,0.320000,0.000000,0.000000,NOTE_HYPOTHESIS,shared_audio_intelligence_v0_2;spectral_peak;owner_supplied_audio
BE-003:pitch:01227,BE-003:onset:0290,57.376508,765.376508,95.482759,24,4.482759,47.0483,B2,123.8159,0.859138,1.000000,0.602765,0.850000,0.550000,,0.198233,635.997,4,3,0.550000,0.350000,0.030000,0.070000,0.480000,0.320000,0.000000,0.000000,NOTE_HYPOTHESIS,shared_audio_intelligence_v0_2;spectral_peak;owner_supplied_audio
BE-003:pitch:01228,BE-003:onset:0290,57.376508,765.376508,95.482759,24,4.482759,35.7851,C2,64.5996,1.532517,1.000000,0.602765,0.850000,0.760000,,0.198233,635.997,4,4,0.760000,0.180000,0.010000,0.050000,0.480000,0.320000,0.000000,0.000000,NOTE_HYPOTHESIS,shared_audio_intelligence_v0_2;spectral_peak;owner_supplied_audio
BE-003:pitch:01229,BE-003:onset:0291,57.446168,765.446168,95.586207,24,4.586207,43.7407,G#2,102.2827,0.139320,1.000000,0.948343,0.850000,0.760000,,0.244099,814.860,5,1,0.760000,0.180000,0.010000,0.050000,0.480000,0.320000,0.000000,0.000000,NOTE_HYPOTHESIS,shared_audio_intelligence_v0_2;spectral_peak;owner_supplied_audio
BE-003:pitch:01230,BE-003:onset:0291,57.446168,765.446168,95.586207,24,4.586207,45.4734,A2,113.0493,1.184218,1.000000,0.948343,0.850000,0.550000,,0.244099,814.860,5,2,0.550000,0.350000,0.030000,0.070000,0.480000,0.320000,0.000000,0.000000,NOTE_HYPOTHESIS,shared_audio_intelligence_v0_2;spectral_peak;owner_supplied_audio
BE-003:pitch:01231,BE-003:onset:0291,57.446168,765.446168,95.586207,24,4.586207,47.7851,C3,129.1992,0.789478,1.000000,0.948343,0.850000,0.550000,,0.244099,814.860,5,3,0.550000,0.350000,0.030000,0.070000,0.480000,0.320000,0.000000,0.000000,NOTE_HYPOTHESIS,shared_audio_intelligence_v0_2;spectral_peak;owner_supplied_audio
BE-003:pitch:01232,BE-003:onset:0291,57.446168,765.446168,95.586207,24,4.586207,34.2788,A#1,59.2163,1.532517,1.000000,0.948343,0.850000,0.760000,,0.244099,814.860,5,4,0.760000,0.180000,0.010000,0.050000,0.480000,0.320000,0.000000,0.000000,NOTE_HYPOTHESIS,shared_audio_intelligence_v0_2;spectral_peak;owner_supplied_audio
BE-003:pitch:01233,BE-003:onset:0291,57.446168,765.446168,95.586207,24,4.586207,49.1709,C#3,139.9658,0.789478,1.000000,0.948343,0.850000,0.550000,,0.244099,814.860,5,5,0.550000,0.350000,0.030000,0.070000,0.480000,0.320000,0.000000,0.000000,NOTE_HYPOTHESIS,shared_audio_intelligence_v0_2;spectral_peak;owner_supplied_audio
BE-003:pitch:01234,BE-003:onset:0292,57.539048,765.539048,95.724138,24,4.724138,47.0483,B2,123.8159,0.673379,1.000000,0.700129,0.850000,0.550000,,0.238769,597.337,5,1,0.550000,0.350000,0.030000,0.070000,0.480000,0.320000,0.000000,0.000000,NOTE_HYPOTHESIS,shared_audio_intelligence_v0_2;spectral_peak;owner_supplied_audio
BE-003:pitch:01235,BE-003:onset:0292,57.539048,765.539048,95.724138,24,4.724138,43.7407,G#2,102.2827,0.069660,1.000000,0.700129,0.850000,0.760000,,0.238769,597.337,5,2,0.760000,0.180000,0.010000,0.050000,0.480000,0.320000,0.000000,0.000000,NOTE_HYPOTHESIS,shared_audio_intelligence_v0_2;spectral_peak;owner_supplied_audio
BE-003:pitch:01236,BE-003:onset:0292,57.539048,765.539048,95.724138,24,4.724138,35.7851,C2,64.5996,1.532517,1.000000,0.700129,0.850000,0.760000,,0.238769,597.337,5,3,0.760000,0.180000,0.010000,0.050000,0.480000,0.320000,0.000000,0.000000,NOTE_HYPOTHESIS,shared_audio_intelligence_v0_2;spectral_peak;owner_supplied_audio
BE-003:pitch:01237,BE-003:onset:0292,57.539048,765.539048,95.724138,24,4.724138,66.8047,G4,387.5977,0.441179,1.000000,0.700129,0.850000,0.580000,,0.238769,597.337,5,4,0.050000,0.300000,0.580000,0.070000,0.000000,0.450000,0.250000,0.200000,NOTE_HYPOTHESIS,shared_audio_intelligence_v0_2;spectral_peak;owner_supplied_audio
BE-003:pitch:01238,BE-003:onset:0292,57.539048,765.539048,95.724138,24,4.724138,59.7851,C4,258.3984,0.557279,1.000000,0.700129,0.850000,0.520000,,0.238769,597.337,5,5,0.250000,0.520000,0.150000,0.080000,0.000000,0.450000,0.250000,0.200000,NOTE_HYPOTHESIS,shared_audio_intelligence_v0_2;spectral_peak;owner_supplied_audio
BE-003:pitch:01239,BE-003:onset:0293,57.748027,765.748027,96.038462,25,1.038462,47.7851,C3,129.1992,0.208980,1.000000,0.908289,0.850000,0.550000,,0.571317,676.804,4,1,0.550000,0.350000,0.030000,0.070000,0.480000,0.320000,0.000000,0.000000,NOTE_HYPOTHESIS,shared_audio_intelligence_v0_2;spectral_peak;owner_supplied_audio
BE-003:pitch:01240,BE-003:onset:0293,57.748027,765.748027,96.038462,25,1.038462,73.0036,C#5,554.4800,0.278639,1.000000,0.908289,0.850000,0.580000,,0.571317,676.804,4,2,0.050000,0.300000,0.580000,0.070000,0.000000,0.120000,0.580000,0.220000,NOTE_HYPOTHESIS,shared_audio_intelligence_v0_2;spectral_peak;owner_supplied_audio
BE-003:pitch:01241,BE-003:onset:0293,57.748027,765.748027,96.038462,25,1.038462,43.7407,G#2,102.2827,0.116100,1.000000,0.908289,0.850000,0.760000,,0.571317,676.804,4,3,0.760000,0.180000,0.010000,0.050000,0.480000,0.320000,0.000000,0.000000,NOTE_HYPOTHESIS,shared_audio_intelligence_v0_2;spectral_peak;owner_supplied_audio
BE-003:pitch:01242,BE-003:onset:0293,57.748027,765.748027,96.038462,25,1.038462,60.8347,C#4,274.5483,0.162540,1.000000,0.908289,0.850000,0.520000,,0.571317,676.804,4,4,0.250000,0.520000,0.150000,0.080000,0.000000,0.450000,0.250000,0.200000,NOTE_HYPOTHESIS,shared_audio_intelligence_v0_2;spectral_peak;owner_supplied_audio
BE-003:pitch:01243,BE-003:onset:0294,58.003447,766.003447,96.461538,25,1.461538,45.4734,A2,113.0493,0.185760,1.000000,0.411452,0.850000,0.550000,,0.411497,541.187,3,1,0.550000,0.350000,0.030000,0.070000,0.480000,0.320000,0.000000,0.000000,NOTE_HYPOTHESIS,shared_audio_intelligence_v0_2;spectral_peak;owner_supplied_audio
BE-003:pitch:01244,BE-003:onset:0294,58.003447,766.003447,96.461538,25,1.461538,61.8242,D4,290.6982,0.301859,1.000000,0.411452,0.850000,0.520000,,0.411497,541.187,3,2,0.250000,0.520000,0.150000,0.080000,0.000000,0.450000,0.250000,0.200000,NOTE_HYPOTHESIS,shared_audio_intelligence_v0_2;spectral_peak;owner_supplied_audio
BE-003:pitch:01245,BE-003:onset:0294,58.003447,766.003447,96.461538,25,1.461538,73.8242,D5,581.3965,0.278639,1.000000,0.411452,0.850000,0.580000,,0.411497,541.187,3,3,0.050000,0.300000,0.580000,0.070000,0.000000,0.120000,0.580000,0.220000,NOTE_HYPOTHESIS,shared_audio_intelligence_v0_2;spectral_peak;owner_supplied_audio
BE-003:pitch:01246,BE-003:onset:0295,58.142766,766.142766,96.692308,25,1.692308,45.4734,A2,113.0493,0.092880,1.000000,0.349335,0.850000,0.550000,,0.268394,751.546,3,1,0.550000,0.350000,0.030000,0.070000,0.480000,0.320000,0.000000,0.000000,NOTE_HYPOTHESIS,shared_audio_intelligence_v0_2;spectral_peak;owner_supplied_audio
BE-003:pitch:01247,BE-003:onset:0295,58.142766,766.142766,96.692308,25,1.692308,61.8242,D4,290.6982,0.232200,1.000000,0.349335,0.850000,0.520000,,0.268394,751.546,3,2,0.250000,0.520000,0.150000,0.080000,0.000000,0.450000,0.250000,0.200000,NOTE_HYPOTHESIS,shared_audio_intelligence_v0_2;spectral_peak;owner_supplied_audio
BE-003:pitch:01248,BE-003:onset:0295,58.142766,766.142766,96.692308,25,1.692308,73.8242,D5,581.3965,0.162540,1.000000,0.349335,0.850000,0.580000,,0.268394,751.546,3,3,0.050000,0.300000,0.580000,0.070000,0.000000,0.120000,0.580000,0.220000,NOTE_HYPOTHESIS,shared_audio_intelligence_v0_2;spectral_peak;owner_supplied_audio
BE-003:pitch:01249,BE-003:onset:0296,58.258866,766.258866,96.884615,25,1.884615,42.8047,G2,96.8994,0.464399,1.000000,0.867808,0.850000,0.760000,,0.293631,657.659,6,1,0.760000,0.180000,0.010000,0.050000,0.480000,0.320000,0.000000,0.000000,NOTE_HYPOTHESIS,shared_audio_intelligence_v0_2;spectral_peak;owner_supplied_audio
BE-003:pitch:01250,BE-003:onset:0296,58.258866,766.258866,96.884615,25,1.884615,57.8808,A#3,231.4819,0.139320,1.000000,0.867808,0.850000,0.520000,,0.293631,657.659,6,2,0.250000,0.520000,0.150000,0.080000,0.000000,0.450000,0.250000,0.200000,NOTE_HYPOTHESIS,shared_audio_intelligence_v0_2;spectral_peak;owner_supplied_audio
BE-003:pitch:01251,BE-003:onset:0296,58.258866,766.258866,96.884615,25,1.884615,61.8242,D4,290.6982,0.162540,1.000000,0.867808,0.850000,0.520000,,0.293631,657.659,6,3,0.250000,0.520000,0.150000,0.080000,0.000000,0.450000,0.250000,0.200000,NOTE_HYPOTHESIS,shared_audio_intelligence_v0_2;spectral_peak;owner_supplied_audio
BE-003:pitch:01252,BE-003:onset:0296,58.258866,766.258866,96.884615,25,1.884615,35.7851,C2,64.5996,1.532517,1.000000,0.867808,0.850000,0.760000,,0.293631,657.659,6,4,0.760000,0.180000,0.010000,0.050000,0.480000,0.320000,0.000000,0.000000,NOTE_HYPOTHESIS,shared_audio_intelligence_v0_2;spectral_peak;owner_supplied_audio
BE-003:pitch:01253,BE-003:onset:0296,58.258866,766.258866,96.884615,25,1.884615,81.8808,A#5,925.9277,0.417959,1.000000,0.867808,0.850000,0.840000,,0.293631,657.659,6,5,0.010000,0.080000,0.840000,0.070000,0.000000,0.120000,0.580000,0.220000,NOTE_HYPOTHESIS,shared_audio_intelligence_v0_2;spectral_peak;owner_supplied_audio
BE-003:pitch:01254,BE-003:onset:0296,58.258866,766.258866,96.884615,25,1.884615,73.9838,D5,586.7798,0.162540,1.000000,0.867808,0.850000,0.580000,,0.293631,657.659,6,6,0.050000,0.300000,0.580000,0.070000,0.000000,0.120000,0.580000,0.220000,NOTE_HYPOTHESIS,shared_audio_intelligence_v0_2;spectral_peak;owner_supplied_audio
BE-003:pitch:01255,BE-003:onset:0297,58.955465,766.955465,98.000000,25,3.000000,34.2788,A#1,59.2163,0.743039,1.000000,0.853728,0.850000,0.760000,,0.227489,635.027,6,1,0.760000,0.180000,0.010000,0.050000,0.480000,0.320000,0.000000,0.000000,NOTE_HYPOTHESIS,shared_audio_intelligence_v0_2;spectral_peak;owner_supplied_audio
BE-003:pitch:01256,BE-003:onset:0297,58.955465,766.955465,98.000000,25,3.000000,39.6483,E2,80.7495,1.346757,1.000000,0.853728,0.850000,0.760000,,0.227489,635.027,6,2,0.760000,0.180000,0.010000,0.050000,0.480000,0.320000,0.000000,0.000000,NOTE_HYPOTHESIS,shared_audio_intelligence_v0_2;spectral_peak;owner_supplied_audio
BE-003:pitch:01257,BE-003:onset:0297,58.955465,766.955465,98.000000,25,3.000000,41.8151,F#2,91.5161,0.139320,1.000000,0.853728,0.850000,0.760000,,0.227489,635.027,6,3,0.760000,0.180000,0.010000,0.050000,0.480000,0.320000,0.000000,0.000000,NOTE_HYPOTHESIS,shared_audio_intelligence_v0_2;spectral_peak;owner_supplied_audio
BE-003:pitch:01258,BE-003:onset:0297,58.955465,766.955465,98.000000,25,3.000000,43.7407,G#2,102.2827,0.348299,1.000000,0.853728,0.850000,0.760000,,0.227489,635.027,6,4,0.760000,0.180000,0.010000,0.050000,0.480000,0.320000,0.000000,0.000000,NOTE_HYPOTHESIS,shared_audio_intelligence_v0_2;spectral_peak;owner_supplied_audio
BE-003:pitch:01259,BE-003:onset:0297,58.955465,766.955465,98.000000,25,3.000000,47.7851,C3,129.1992,0.069660,1.000000,0.853728,0.850000,0.550000,,0.227489,635.027,6,5,0.550000,0.350000,0.030000,0.070000,0.480000,0.320000,0.000000,0.000000,NOTE_HYPOTHESIS,shared_audio_intelligence_v0_2;spectral_peak;owner_supplied_audio
BE-003:pitch:01260,BE-003:onset:0297,58.955465,766.955465,98.000000,25,3.000000,45.4734,A2,113.0493,0.139320,1.000000,0.853728,0.850000,0.550000,,0.227489,635.027,6,6,0.550000,0.350000,0.030000,0.070000,0.480000,0.320000,0.000000,0.000000,NOTE_HYPOTHESIS,shared_audio_intelligence_v0_2;spectral_peak;owner_supplied_audio
BE-003:pitch:01261,BE-003:onset:0298,59.071565,767.071565,98.178571,25,3.178571,37.1709,C#2,69.9829,0.835918,1.000000,0.486811,0.850000,0.760000,,0.309302,505.089,2,1,0.760000,0.180000,0.010000,0.050000,0.480000,0.320000,0.000000,0.000000,NOTE_HYPOTHESIS,shared_audio_intelligence_v0_2;spectral_peak;owner_supplied_audio
BE-003:pitch:01262,BE-003:onset:0298,59.071565,767.071565,98.178571,25,3.178571,49.8242,D3,145.3491,0.162540,1.000000,0.486811,0.850000,0.550000,,0.309302,505.089,2,2,0.550000,0.350000,0.030000,0.070000,0.480000,0.320000,0.000000,0.000000,NOTE_HYPOTHESIS,shared_audio_intelligence_v0_2;spectral_peak;owner_supplied_audio
BE-003:pitch:01263,BE-003:onset:0299,59.257324,767.257324,98.464286,25,3.464286,34.2788,A#1,59.2163,0.394739,1.000000,0.567722,0.850000,0.760000,,0.415132,456.547,1,1,0.760000,0.180000,0.010000,0.050000,0.480000,0.320000,0.000000,0.000000,NOTE_HYPOTHESIS,shared_audio_intelligence_v0_2;spectral_peak;owner_supplied_audio
BE-003:pitch:01264,BE-003:onset:0300,59.419864,767.419864,98.714286,25,3.714286,35.7851,C2,64.5996,0.232200,1.000000,0.394273,0.850000,0.760000,,0.372189,695.526,2,1,0.760000,0.180000,0.010000,0.050000,0.480000,0.320000,0.000000,0.000000,NOTE_HYPOTHESIS,shared_audio_intelligence_v0_2;spectral_peak;owner_supplied_audio
BE-003:pitch:01265,BE-003:onset:0300,59.419864,767.419864,98.714286,25,3.714286,47.7851,C3,129.1992,0.185760,1.000000,0.394273,0.850000,0.550000,,0.372189,695.526,2,2,0.550000,0.350000,0.030000,0.070000,0.480000,0.320000,0.000000,0.000000,NOTE_HYPOTHESIS,shared_audio_intelligence_v0_2;spectral_peak;owner_supplied_audio
BE-003:pitch:01266,BE-003:onset:0301,59.791383,767.791383,99.307692,25,4.307692,39.6483,E2,80.7495,0.325079,1.000000,0.716208,0.850000,0.760000,,0.429915,877.989,4,1,0.760000,0.180000,0.010000,0.050000,0.480000,0.320000,0.000000,0.000000,NOTE_HYPOTHESIS,shared_audio_intelligence_v0_2;spectral_peak;owner_supplied_audio
BE-003:pitch:01267,BE-003:onset:0301,59.791383,767.791383,99.307692,25,4.307692,76.9003,F5,694.4458,0.232200,1.000000,0.716208,0.850000,0.840000,,0.429915,877.989,4,2,0.010000,0.080000,0.840000,0.070000,0.000000,0.120000,0.580000,0.220000,NOTE_HYPOTHESIS,shared_audio_intelligence_v0_2;spectral_peak;owner_supplied_audio
BE-003:pitch:01268,BE-003:onset:0301,59.791383,767.791383,99.307692,25,4.307692,64.7656,F4,344.5312,0.208980,1.000000,0.716208,0.850000,0.580000,,0.429915,877.989,4,3,0.050000,0.300000,0.580000,0.070000,0.000000,0.450000,0.250000,0.200000,NOTE_HYPOTHESIS,shared_audio_intelligence_v0_2;spectral_peak;owner_supplied_audio
BE-003:pitch:01269,BE-003:onset:0301,59.791383,767.791383,99.307692,25,4.307692,88.9673,F6,1394.2749,0.185760,1.000000,0.716208,0.850000,0.840000,,0.429915,877.989,4,4,0.010000,0.080000,0.840000,0.070000,0.000000,0.120000,0.580000,0.220000,NOTE_HYPOTHESIS,shared_audio_intelligence_v0_2;spectral_peak;owner_supplied_audio
BE-003:pitch:01270,BE-003:onset:0302,59.930703,767.930703,99.538462,25,4.538462,42.8047,G2,96.8994,0.255420,1.000000,0.613357,0.850000,0.760000,,0.354629,677.764,5,1,0.760000,0.180000,0.010000,0.050000,0.480000,0.320000,0.000000,0.000000,NOTE_HYPOTHESIS,shared_audio_intelligence_v0_2;spectral_peak;owner_supplied_audio
BE-003:pitch:01271,BE-003:onset:0302,59.930703,767.930703,99.538462,25,4.538462,76.9003,F5,694.4458,0.092880,1.000000,0.613357,0.850000,0.840000,,0.354629,677.764,5,2,0.010000,0.080000,0.840000,0.070000,0.000000,0.120000,0.580000,0.220000,NOTE_HYPOTHESIS,shared_audio_intelligence_v0_2;spectral_peak;owner_supplied_audio
BE-003:pitch:01272,BE-003:onset:0302,59.930703,767.930703,99.538462,25,4.538462,65.0340,F4,349.9146,0.092880,1.000000,0.613357,0.850000,0.580000,,0.354629,677.764,5,3,0.050000,0.300000,0.580000,0.070000,0.000000,0.450000,0.250000,0.200000,NOTE_HYPOTHESIS,shared_audio_intelligence_v0_2;spectral_peak;owner_supplied_audio
BE-003:pitch:01273,BE-003:onset:0302,59.930703,767.930703,99.538462,25,4.538462,39.6483,E2,80.7495,0.278639,1.000000,0.613357,0.850000,0.760000,,0.354629,677.764,5,4,0.760000,0.180000,0.010000,0.050000,0.480000,0.320000,0.000000,0.000000,NOTE_HYPOTHESIS,shared_audio_intelligence_v0_2;spectral_peak;owner_supplied_audio
BE-003:pitch:01274,BE-003:onset:0302,59.930703,767.930703,99.538462,25,4.538462,88.9003,F6,1388.8916,0.069660,1.000000,0.613357,0.850000,0.840000,,0.354629,677.764,5,5,0.010000,0.080000,0.840000,0.070000,0.000000,0.120000,0.580000,0.220000,NOTE_HYPOTHESIS,shared_audio_intelligence_v0_2;spectral_peak;owner_supplied_audio
BE-003:pitch:01275,BE-003:onset:0303,60.093243,768.093243,99.807692,25,4.807692,44.6287,A2,107.6660,0.394739,1.000000,0.588583,0.850000,0.760000,,0.457218,524.739,2,1,0.760000,0.180000,0.010000,0.050000,0.480000,0.320000,0.000000,0.000000,NOTE_HYPOTHESIS,shared_audio_intelligence_v0_2;spectral_peak;owner_supplied_audio
BE-003:pitch:01276,BE-003:onset:0303,60.093243,768.093243,99.807692,25,4.807692,65.0340,F4,349.9146,0.162540,1.000000,0.588583,0.850000,0.580000,,0.457218,524.739,2,2,0.050000,0.300000,0.580000,0.070000,0.000000,0.450000,0.250000,0.200000,NOTE_HYPOTHESIS,shared_audio_intelligence_v0_2;spectral_peak;owner_supplied_audio
BE-003:pitch:01277,BE-003:onset:0304,60.209342,768.209342,100.000000,26,1.000000,45.4734,A2,113.0493,0.208980,1.000000,0.784918,0.850000,0.550000,,0.652979,882.830,5,1,0.550000,0.350000,0.030000,0.070000,0.480000,0.320000,0.000000,0.000000,NOTE_HYPOTHESIS,shared_audio_intelligence_v0_2;spectral_peak;owner_supplied_audio
BE-003:pitch:01278,BE-003:onset:0304,60.209342,768.209342,100.000000,26,1.000000,74.9115,D#5,619.0796,0.278639,1.000000,0.784918,0.850000,0.580000,,0.652979,882.830,5,2,0.050000,0.300000,0.580000,0.070000,0.000000,0.120000,0.580000,0.220000,NOTE_HYPOTHESIS,shared_audio_intelligence_v0_2;spectral_peak;owner_supplied_audio
BE-003:pitch:01279,BE-003:onset:0304,60.209342,768.209342,100.000000,26,1.000000,62.7603,D#4,306.8481,0.325079,1.000000,0.784918,0.850000,0.520000,,0.652979,882.830,5,3,0.250000,0.520000,0.150000,0.080000,0.000000,0.450000,0.250000,0.200000,NOTE_HYPOTHESIS,shared_audio_intelligence_v0_2;spectral_peak;owner_supplied_audio
BE-003:pitch:01280,BE-003:onset:0304,60.209342,768.209342,100.000000,26,1.000000,86.9115,D#6,1238.1592,0.255420,1.000000,0.784918,0.850000,0.840000,,0.652979,882.830,5,4,0.010000,0.080000,0.840000,0.070000,0.000000,0.120000,0.580000,0.220000,NOTE_HYPOTHESIS,shared_audio_intelligence_v0_2;spectral_peak;owner_supplied_audio
BE-003:pitch:01281,BE-003:onset:0304,60.209342,768.209342,100.000000,26,1.000000,65.0340,F4,349.9146,0.069660,1.000000,0.784918,0.850000,0.580000,,0.652979,882.830,5,5,0.050000,0.300000,0.580000,0.070000,0.000000,0.450000,0.250000,0.200000,NOTE_HYPOTHESIS,shared_audio_intelligence_v0_2;spectral_peak;owner_supplied_audio
BE-003:pitch:01282,BE-003:onset:0305,60.395102,768.395102,100.320000,26,1.320000,74.9115,D#5,619.0796,0.092880,1.000000,0.478856,0.850000,0.580000,,0.513734,791.253,6,1,0.050000,0.300000,0.580000,0.070000,0.000000,0.120000,0.580000,0.220000,NOTE_HYPOTHESIS,shared_audio_intelligence_v0_2;spectral_peak;owner_supplied_audio
BE-003:pitch:01283,BE-003:onset:0305,60.395102,768.395102,100.320000,26,1.320000,63.0613,D#4,312.2314,0.139320,1.000000,0.478856,0.850000,0.520000,,0.513734,791.253,6,2,0.250000,0.520000,0.150000,0.080000,0.000000,0.450000,0.250000,0.200000,NOTE_HYPOTHESIS,shared_audio_intelligence_v0_2;spectral_peak;owner_supplied_audio
BE-003:pitch:01284,BE-003:onset:0305,60.395102,768.395102,100.320000,26,1.320000,71.9645,C5,522.1802,0.208980,1.000000,0.478856,0.850000,0.580000,,0.513734,791.253,6,3,0.050000,0.300000,0.580000,0.070000,0.000000,0.120000,0.580000,0.220000,NOTE_HYPOTHESIS,shared_audio_intelligence_v0_2;spectral_peak;owner_supplied_audio
BE-003:pitch:01285,BE-003:onset:0305,60.395102,768.395102,100.320000,26,1.320000,59.7851,C4,258.3984,0.162540,1.000000,0.478856,0.850000,0.520000,,0.513734,791.253,6,4,0.250000,0.520000,0.150000,0.080000,0.000000,0.450000,0.250000,0.200000,NOTE_HYPOTHESIS,shared_audio_intelligence_v0_2;spectral_peak;owner_supplied_audio
BE-003:pitch:01286,BE-003:onset:0305,60.395102,768.395102,100.320000,26,1.320000,43.7407,G#2,102.2827,0.510839,1.000000,0.478856,0.850000,0.760000,,0.513734,791.253,6,5,0.760000,0.180000,0.010000,0.050000,0.480000,0.320000,0.000000,0.000000,NOTE_HYPOTHESIS,shared_audio_intelligence_v0_2;spectral_peak;owner_supplied_audio
BE-003:pitch:01287,BE-003:onset:0305,60.395102,768.395102,100.320000,26,1.320000,45.4734,A2,113.0493,0.139320,1.000000,0.478856,0.850000,0.550000,,0.513734,791.253,6,6,0.550000,0.350000,0.030000,0.070000,0.480000,0.320000,0.000000,0.000000,NOTE_HYPOTHESIS,shared_audio_intelligence_v0_2;spectral_peak;owner_supplied_audio
BE-003:pitch:01288,BE-003:onset:0306,60.696961,768.696961,100.840000,26,1.840000,64.7656,F4,344.5312,0.208980,1.000000,0.982126,0.850000,0.580000,,0.278290,782.607,4,1,0.050000,0.300000,0.580000,0.070000,0.000000,0.450000,0.250000,0.200000,NOTE_HYPOTHESIS,shared_audio_intelligence_v0_2;spectral_peak;owner_supplied_audio
BE-003:pitch:01289,BE-003:onset:0306,60.696961,768.696961,100.840000,26,1.840000,42.8047,G2,96.8994,0.255420,1.000000,0.982126,0.850000,0.760000,,0.278290,782.607,4,2,0.760000,0.180000,0.010000,0.050000,0.480000,0.320000,0.000000,0.000000,NOTE_HYPOTHESIS,shared_audio_intelligence_v0_2;spectral_peak;owner_supplied_audio
BE-003:pitch:01290,BE-003:onset:0306,60.696961,768.696961,100.840000,26,1.840000,59.7851,C4,258.3984,0.301859,1.000000,0.982126,0.850000,0.520000,,0.278290,782.607,4,3,0.250000,0.520000,0.150000,0.080000,0.000000,0.450000,0.250000,0.200000,NOTE_HYPOTHESIS,shared_audio_intelligence_v0_2;spectral_peak;owner_supplied_audio
BE-003:pitch:01291,BE-003:onset:0306,60.696961,768.696961,100.840000,26,1.840000,76.9003,F5,694.4458,0.139320,1.000000,0.982126,0.850000,0.840000,,0.278290,782.607,4,4,0.010000,0.080000,0.840000,0.070000,0.000000,0.120000,0.580000,0.220000,NOTE_HYPOTHESIS,shared_audio_intelligence_v0_2;spectral_peak;owner_supplied_audio
BE-003:pitch:01292,BE-003:onset:0307,60.789841,768.789841,101.000000,26,2.000000,72.8347,C#5,549.0967,0.255420,1.000000,1.000000,0.850000,0.580000,,0.371835,799.476,5,1,0.050000,0.300000,0.580000,0.070000,0.000000,0.120000,0.580000,0.220000,NOTE_HYPOTHESIS,shared_audio_intelligence_v0_2;spectral_peak;owner_supplied_audio
BE-003:pitch:01293,BE-003:onset:0307,60.789841,768.789841,101.000000,26,2.000000,60.8347,C#4,274.5483,0.255420,1.000000,1.000000,0.850000,0.520000,,0.371835,799.476,5,2,0.250000,0.520000,0.150000,0.080000,0.000000,0.450000,0.250000,0.200000,NOTE_HYPOTHESIS,shared_audio_intelligence_v0_2;spectral_peak;owner_supplied_audio
BE-003:pitch:01294,BE-003:onset:0307,60.789841,768.789841,101.000000,26,2.000000,64.7656,F4,344.5312,0.139320,1.000000,1.000000,0.850000,0.580000,,0.371835,799.476,5,3,0.050000,0.300000,0.580000,0.070000,0.000000,0.450000,0.250000,0.200000,NOTE_HYPOTHESIS,shared_audio_intelligence_v0_2;spectral_peak;owner_supplied_audio
BE-003:pitch:01295,BE-003:onset:0307,60.789841,768.789841,101.000000,26,2.000000,84.9193,C#6,1103.5767,0.232200,1.000000,1.000000,0.850000,0.840000,,0.371835,799.476,5,4,0.010000,0.080000,0.840000,0.070000,0.000000,0.120000,0.580000,0.220000,NOTE_HYPOTHESIS,shared_audio_intelligence_v0_2;spectral_peak;owner_supplied_audio
BE-003:pitch:01296,BE-003:onset:0307,60.789841,768.789841,101.000000,26,2.000000,42.8047,G2,96.8994,0.185760,1.000000,1.000000,0.850000,0.760000,,0.371835,799.476,5,5,0.760000,0.180000,0.010000,0.050000,0.480000,0.320000,0.000000,0.000000,NOTE_HYPOTHESIS,shared_audio_intelligence_v0_2;spectral_peak;owner_supplied_audio
BE-003:pitch:01297,BE-003:onset:0308,60.975601,768.975601,101.307692,26,2.307692,73.8242,D5,581.3965,0.162540,1.000000,0.915894,0.850000,0.580000,,0.490055,808.817,4,1,0.050000,0.300000,0.580000,0.070000,0.000000,0.120000,0.580000,0.220000,NOTE_HYPOTHESIS,shared_audio_intelligence_v0_2;spectral_peak;owner_supplied_audio
BE-003:pitch:01298,BE-003:onset:0308,60.975601,768.975601,101.307692,26,2.307692,61.8242,D4,290.6982,0.139320,1.000000,0.915894,0.850000,0.520000,,0.490055,808.817,4,2,0.250000,0.520000,0.150000,0.080000,0.000000,0.450000,0.250000,0.200000,NOTE_HYPOTHESIS,shared_audio_intelligence_v0_2;spectral_peak;owner_supplied_audio
BE-003:pitch:01299,BE-003:onset:0308,60.975601,768.975601,101.307692,26,2.307692,60.8347,C#4,274.5483,0.092880,1.000000,0.915894,0.850000,0.520000,,0.490055,808.817,4,3,0.250000,0.520000,0.150000,0.080000,0.000000,0.450000,0.250000,0.200000,NOTE_HYPOTHESIS,shared_audio_intelligence_v0_2;spectral_peak;owner_supplied_audio
BE-003:pitch:01300,BE-003:onset:0308,60.975601,768.975601,101.307692,26,2.307692,72.8347,C#5,549.0967,0.139320,1.000000,0.915894,0.850000,0.580000,,0.490055,808.817,4,4,0.050000,0.300000,0.580000,0.070000,0.000000,0.120000,0.580000,0.220000,NOTE_HYPOTHESIS,shared_audio_intelligence_v0_2;spectral_peak;owner_supplied_audio
BE-003:pitch:01301,BE-003:onset:0309,61.091701,769.091701,101.500000,26,2.500000,73.9838,D5,586.7798,0.092880,1.000000,0.659182,0.850000,0.580000,,0.316745,896.871,4,1,0.050000,0.300000,0.580000,0.070000,0.000000,0.120000,0.580000,0.220000,NOTE_HYPOTHESIS,shared_audio_intelligence_v0_2;spectral_peak;owner_supplied_audio
BE-003:pitch:01302,BE-003:onset:0309,61.091701,769.091701,101.500000,26,2.500000,68.8438,A4,436.0474,0.255420,1.000000,0.659182,0.850000,0.580000,,0.316745,896.871,4,2,0.050000,0.300000,0.580000,0.070000,0.000000,0.450000,0.250000,0.200000,NOTE_HYPOTHESIS,shared_audio_intelligence_v0_2;spectral_peak;owner_supplied_audio
BE-003:pitch:01303,BE-003:onset:0309,61.091701,769.091701,101.500000,26,2.500000,62.1419,D4,296.0815,0.069660,1.000000,0.659182,0.850000,0.520000,,0.316745,896.871,4,3,0.250000,0.520000,0.150000,0.080000,0.000000,0.450000,0.250000,0.200000,NOTE_HYPOTHESIS,shared_audio_intelligence_v0_2;spectral_peak;owner_supplied_audio
BE-003:pitch:01304,BE-003:onset:0309,61.091701,769.091701,101.500000,26,2.500000,56.6287,A3,215.3320,0.464399,1.000000,0.659182,0.850000,0.520000,,0.316745,896.871,4,4,0.250000,0.520000,0.150000,0.080000,0.000000,0.450000,0.250000,0.200000,NOTE_HYPOTHESIS,shared_audio_intelligence_v0_2;spectral_peak;owner_supplied_audio
BE-003:pitch:01305,BE-003:onset:0310,61.231020,769.231020,101.730769,26,2.730769,71.9645,C5,522.1802,0.325079,1.000000,0.632874,0.850000,0.580000,,0.333207,827.072,6,1,0.050000,0.300000,0.580000,0.070000,0.000000,0.120000,0.580000,0.220000,NOTE_HYPOTHESIS,shared_audio_intelligence_v0_2;spectral_peak;owner_supplied_audio
BE-003:pitch:01306,BE-003:onset:0310,61.231020,769.231020,101.730769,26,2.730769,83.8751,C6,1038.9771,0.162540,1.000000,0.632874,0.850000,0.840000,,0.333207,827.072,6,2,0.010000,0.080000,0.840000,0.070000,0.000000,0.120000,0.580000,0.220000,NOTE_HYPOTHESIS,shared_audio_intelligence_v0_2;spectral_peak;owner_supplied_audio
BE-003:pitch:01307,BE-003:onset:0310,61.231020,769.231020,101.730769,26,2.730769,59.7851,C4,258.3984,0.185760,1.000000,0.632874,0.850000,0.520000,,0.333207,827.072,6,3,0.250000,0.520000,0.150000,0.080000,0.000000,0.450000,0.250000,0.200000,NOTE_HYPOTHESIS,shared_audio_intelligence_v0_2;spectral_peak;owner_supplied_audio
BE-003:pitch:01308,BE-003:onset:0310,61.231020,769.231020,101.730769,26,2.730769,44.6287,A2,107.6660,0.534059,1.000000,0.632874,0.850000,0.760000,,0.333207,827.072,6,4,0.760000,0.180000,0.010000,0.050000,0.480000,0.320000,0.000000,0.000000,NOTE_HYPOTHESIS,shared_audio_intelligence_v0_2;spectral_peak;owner_supplied_audio
BE-003:pitch:01309,BE-003:onset:0310,61.231020,769.231020,101.730769,26,2.730769,68.8438,A4,436.0474,0.255420,1.000000,0.632874,0.850000,0.580000,,0.333207,827.072,6,5,0.050000,0.300000,0.580000,0.070000,0.000000,0.450000,0.250000,0.200000,NOTE_HYPOTHESIS,shared_audio_intelligence_v0_2;spectral_peak;owner_supplied_audio
BE-003:pitch:01310,BE-003:onset:0310,61.231020,769.231020,101.730769,26,2.730769,90.9245,G6,1561.1572,0.162540,1.000000,0.632874,0.850000,0.840000,,0.333207,827.072,6,6,0.010000,0.080000,0.840000,0.070000,0.000000,0.120000,0.580000,0.220000,NOTE_HYPOTHESIS,shared_audio_intelligence_v0_2;spectral_peak;owner_supplied_audio
BE-003:pitch:01311,BE-003:onset:0311,61.393560,769.393560,102.000000,26,3.000000,45.4734,A2,113.0493,0.139320,1.000000,0.519094,0.850000,0.550000,,0.404192,698.699,3,1,0.550000,0.350000,0.030000,0.070000,0.480000,0.320000,0.000000,0.000000,NOTE_HYPOTHESIS,shared_audio_intelligence_v0_2;spectral_peak;owner_supplied_audio
BE-003:pitch:01312,BE-003:onset:0311,61.393560,769.393560,102.000000,26,3.000000,57.8808,A#3,231.4819,0.185760,1.000000,0.519094,0.850000,0.520000,,0.404192,698.699,3,2,0.250000,0.520000,0.150000,0.080000,0.000000,0.450000,0.250000,0.200000,NOTE_HYPOTHESIS,shared_audio_intelligence_v0_2;spectral_peak;owner_supplied_audio
BE-003:pitch:01313,BE-003:onset:0311,61.393560,769.393560,102.000000,26,3.000000,42.8047,G2,96.8994,0.394739,1.000000,0.519094,0.850000,0.760000,,0.404192,698.699,3,3,0.760000,0.180000,0.010000,0.050000,0.480000,0.320000,0.000000,0.000000,NOTE_HYPOTHESIS,shared_audio_intelligence_v0_2;spectral_peak;owner_supplied_audio
BE-003:pitch:01314,BE-003:onset:0312,61.556100,769.556100,102.291667,26,3.291667,47.7851,C3,129.1992,0.301859,1.000000,0.671370,0.850000,0.550000,,0.372838,595.004,4,1,0.550000,0.350000,0.030000,0.070000,0.480000,0.320000,0.000000,0.000000,NOTE_HYPOTHESIS,shared_audio_intelligence_v0_2;spectral_peak;owner_supplied_audio
BE-003:pitch:01315,BE-003:onset:0312,61.556100,769.556100,102.291667,26,3.291667,67.0435,G4,392.9810,0.278639,1.000000,0.671370,0.850000,0.580000,,0.372838,595.004,4,2,0.050000,0.300000,0.580000,0.070000,0.000000,0.450000,0.250000,0.200000,NOTE_HYPOTHESIS,shared_audio_intelligence_v0_2;spectral_peak;owner_supplied_audio
BE-003:pitch:01316,BE-003:onset:0312,61.556100,769.556100,102.291667,26,3.291667,42.8047,G2,96.8994,0.232200,1.000000,0.671370,0.850000,0.760000,,0.372838,595.004,4,3,0.760000,0.180000,0.010000,0.050000,0.480000,0.320000,0.000000,0.000000,NOTE_HYPOTHESIS,shared_audio_intelligence_v0_2;spectral_peak;owner_supplied_audio
BE-003:pitch:01317,BE-003:onset:0312,61.556100,769.556100,102.291667,26,3.291667,73.8242,D5,581.3965,0.139320,1.000000,0.671370,0.850000,0.580000,,0.372838,595.004,4,4,0.050000,0.300000,0.580000,0.070000,0.000000,0.120000,0.580000,0.220000,NOTE_HYPOTHESIS,shared_audio_intelligence_v0_2;spectral_peak;owner_supplied_audio
BE-003:pitch:01318,BE-003:onset:0313,61.834739,769.834739,102.791667,26,3.791667,49.8242,D3,145.3491,0.348299,1.000000,0.520615,0.850000,0.550000,,0.237420,802.535,2,1,0.550000,0.350000,0.030000,0.070000,0.480000,0.320000,0.000000,0.000000,NOTE_HYPOTHESIS,shared_audio_intelligence_v0_2;spectral_peak;owner_supplied_audio
BE-003:pitch:01319,BE-003:onset:0313,61.834739,769.834739,102.791667,26,3.791667,47.7851,C3,129.1992,0.835918,1.000000,0.520615,0.850000,0.550000,,0.237420,802.535,2,2,0.550000,0.350000,0.030000,0.070000,0.480000,0.320000,0.000000,0.000000,NOTE_HYPOTHESIS,shared_audio_intelligence_v0_2;spectral_peak;owner_supplied_audio
BE-003:pitch:01320,BE-003:onset:0314,61.997279,769.997279,103.080000,26,4.080000,49.8242,D3,145.3491,0.162540,1.000000,0.560025,0.850000,0.550000,,0.404824,554.458,2,1,0.550000,0.350000,0.030000,0.070000,0.480000,0.320000,0.000000,0.000000,NOTE_HYPOTHESIS,shared_audio_intelligence_v0_2;spectral_peak;owner_supplied_audio
BE-003:pitch:01321,BE-003:onset:0314,61.997279,769.997279,103.080000,26,4.080000,47.7851,C3,129.1992,0.882358,1.000000,0.560025,0.850000,0.550000,,0.404824,554.458,2,2,0.550000,0.350000,0.030000,0.070000,0.480000,0.320000,0.000000,0.000000,NOTE_HYPOTHESIS,shared_audio_intelligence_v0_2;spectral_peak;owner_supplied_audio
BE-003:pitch:01322,BE-003:onset:0315,62.322358,770.322358,103.640000,26,4.640000,47.7851,C3,129.1992,0.348299,1.000000,0.456753,0.850000,0.550000,,0.103365,993.893,5,1,0.550000,0.350000,0.030000,0.070000,0.480000,0.320000,0.000000,0.000000,NOTE_HYPOTHESIS,shared_audio_intelligence_v0_2;spectral_peak;owner_supplied_audio
BE-003:pitch:01323,BE-003:onset:0315,62.322358,770.322358,103.640000,26,4.640000,34.2788,A#1,59.2163,1.532517,1.000000,0.456753,0.850000,0.760000,,0.103365,993.893,5,2,0.760000,0.180000,0.010000,0.050000,0.480000,0.320000,0.000000,0.000000,NOTE_HYPOTHESIS,shared_audio_intelligence_v0_2;spectral_peak;owner_supplied_audio
BE-003:pitch:01324,BE-003:onset:0315,62.322358,770.322358,103.640000,26,4.640000,42.8047,G2,96.8994,1.532517,1.000000,0.456753,0.850000,0.760000,,0.103365,993.893,5,3,0.760000,0.180000,0.010000,0.050000,0.480000,0.320000,0.000000,0.000000,NOTE_HYPOTHESIS,shared_audio_intelligence_v0_2;spectral_peak;owner_supplied_audio
BE-003:pitch:01325,BE-003:onset:0315,62.322358,770.322358,103.640000,26,4.640000,60.1421,C4,263.7817,0.139320,1.000000,0.456753,0.850000,0.520000,,0.103365,993.893,5,4,0.250000,0.520000,0.150000,0.080000,0.000000,0.450000,0.250000,0.200000,NOTE_HYPOTHESIS,shared_audio_intelligence_v0_2;spectral_peak;owner_supplied_audio
BE-003:pitch:01326,BE-003:onset:0315,62.322358,770.322358,103.640000,26,4.640000,67.0435,G4,392.9810,0.208980,1.000000,0.456753,0.850000,0.580000,,0.103365,993.893,5,5,0.050000,0.300000,0.580000,0.070000,0.000000,0.450000,0.250000,0.200000,NOTE_HYPOTHESIS,shared_audio_intelligence_v0_2;spectral_peak;owner_supplied_audio
BE-003:pitch:01327,BE-003:onset:0316,62.438458,770.438458,103.840000,26,4.840000,42.8047,G2,96.8994,0.139320,1.000000,1.000000,0.850000,0.760000,,0.216629,739.147,3,1,0.760000,0.180000,0.010000,0.050000,0.480000,0.320000,0.000000,0.000000,NOTE_HYPOTHESIS,shared_audio_intelligence_v0_2;spectral_peak;owner_supplied_audio
BE-003:pitch:01328,BE-003:onset:0316,62.438458,770.438458,103.840000,26,4.840000,47.7851,C3,129.1992,0.464399,1.000000,1.000000,0.850000,0.550000,,0.216629,739.147,3,2,0.550000,0.350000,0.030000,0.070000,0.480000,0.320000,0.000000,0.000000,NOTE_HYPOTHESIS,shared_audio_intelligence_v0_2;spectral_peak;owner_supplied_audio
BE-003:pitch:01329,BE-003:onset:0316,62.438458,770.438458,103.840000,26,4.840000,35.7851,C2,64.5996,1.532517,1.000000,1.000000,0.850000,0.760000,,0.216629,739.147,3,3,0.760000,0.180000,0.010000,0.050000,0.480000,0.320000,0.000000,0.000000,NOTE_HYPOTHESIS,shared_audio_intelligence_v0_2;spectral_peak;owner_supplied_audio
BE-003:pitch:01330,BE-003:onset:0317,62.554558,770.554558,104.043478,27,1.043478,46.2788,A#2,118.4326,0.162540,1.000000,0.596752,0.850000,0.550000,,0.234057,682.730,4,1,0.550000,0.350000,0.030000,0.070000,0.480000,0.320000,0.000000,0.000000,NOTE_HYPOTHESIS,shared_audio_intelligence_v0_2;spectral_peak;owner_supplied_audio
BE-003:pitch:01331,BE-003:onset:0317,62.554558,770.554558,104.043478,27,1.043478,34.2788,A#1,59.2163,1.369977,1.000000,0.596752,0.850000,0.760000,,0.234057,682.730,4,2,0.760000,0.180000,0.010000,0.050000,0.480000,0.320000,0.000000,0.000000,NOTE_HYPOTHESIS,shared_audio_intelligence_v0_2;spectral_peak;owner_supplied_audio
BE-003:pitch:01332,BE-003:onset:0317,62.554558,770.554558,104.043478,27,1.043478,43.7407,G#2,102.2827,1.532517,1.000000,0.596752,0.850000,0.760000,,0.234057,682.730,4,3,0.760000,0.180000,0.010000,0.050000,0.480000,0.320000,0.000000,0.000000,NOTE_HYPOTHESIS,shared_audio_intelligence_v0_2;spectral_peak;owner_supplied_audio
BE-003:pitch:01333,BE-003:onset:0317,62.554558,770.554558,104.043478,27,1.043478,73.9838,D5,586.7798,0.069660,1.000000,0.596752,0.850000,0.580000,,0.234057,682.730,4,4,0.050000,0.300000,0.580000,0.070000,0.000000,0.120000,0.580000,0.220000,NOTE_HYPOTHESIS,shared_audio_intelligence_v0_2;spectral_peak;owner_supplied_audio
BE-003:pitch:01334,BE-003:onset:0318,62.740317,770.740317,104.391304,27,1.391304,42.8047,G2,96.8994,0.116100,1.000000,0.601354,0.850000,0.760000,,0.226619,654.843,2,1,0.760000,0.180000,0.010000,0.050000,0.480000,0.320000,0.000000,0.000000,NOTE_HYPOTHESIS,shared_audio_intelligence_v0_2;spectral_peak;owner_supplied_audio
BE-003:pitch:01335,BE-003:onset:0318,62.740317,770.740317,104.391304,27,1.391304,34.2788,A#1,59.2163,1.207438,1.000000,0.601354,0.850000,0.760000,,0.226619,654.843,2,2,0.760000,0.180000,0.010000,0.050000,0.480000,0.320000,0.000000,0.000000,NOTE_HYPOTHESIS,shared_audio_intelligence_v0_2;spectral_peak;owner_supplied_audio
BE-003:pitch:01336,BE-003:onset:0319,62.856417,770.856417,104.608696,27,1.608696,45.4734,A2,113.0493,0.441179,1.000000,0.439899,0.850000,0.550000,,0.171967,823.730,6,1,0.550000,0.350000,0.030000,0.070000,0.480000,0.320000,0.000000,0.000000,NOTE_HYPOTHESIS,shared_audio_intelligence_v0_2;spectral_peak;owner_supplied_audio
BE-003:pitch:01337,BE-003:onset:0319,62.856417,770.856417,104.608696,27,1.608696,42.8047,G2,96.8994,1.439637,1.000000,0.439899,0.850000,0.760000,,0.171967,823.730,6,2,0.760000,0.180000,0.010000,0.050000,0.480000,0.320000,0.000000,0.000000,NOTE_HYPOTHESIS,shared_audio_intelligence_v0_2;spectral_peak;owner_supplied_audio
BE-003:pitch:01338,BE-003:onset:0319,62.856417,770.856417,104.608696,27,1.608696,39.6483,E2,80.7495,1.532517,1.000000,0.439899,0.850000,0.760000,,0.171967,823.730,6,3,0.760000,0.180000,0.010000,0.050000,0.480000,0.320000,0.000000,0.000000,NOTE_HYPOTHESIS,shared_audio_intelligence_v0_2;spectral_peak;owner_supplied_audio
BE-003:pitch:01339,BE-003:onset:0319,62.856417,770.856417,104.608696,27,1.608696,34.2788,A#1,59.2163,1.532517,1.000000,0.439899,0.850000,0.760000,,0.171967,823.730,6,4,0.760000,0.180000,0.010000,0.050000,0.480000,0.320000,0.000000,0.000000,NOTE_HYPOTHESIS,shared_audio_intelligence_v0_2;spectral_peak;owner_supplied_audio
BE-003:pitch:01340,BE-003:onset:0319,62.856417,770.856417,104.608696,27,1.608696,55.2790,G3,199.1821,0.069660,1.000000,0.439899,0.850000,0.520000,,0.171967,823.730,6,5,0.250000,0.520000,0.150000,0.080000,0.000000,0.450000,0.250000,0.200000,NOTE_HYPOTHESIS,shared_audio_intelligence_v0_2;spectral_peak;owner_supplied_audio
BE-003:pitch:01341,BE-003:onset:0319,62.856417,770.856417,104.608696,27,1.608696,47.0483,B2,123.8159,0.580499,1.000000,0.439899,0.850000,0.550000,,0.171967,823.730,6,6,0.550000,0.350000,0.030000,0.070000,0.480000,0.320000,0.000000,0.000000,NOTE_HYPOTHESIS,shared_audio_intelligence_v0_2;spectral_peak;owner_supplied_audio
BE-003:pitch:01342,BE-003:onset:0320,63.018957,771.018957,104.913043,27,1.913043,45.4734,A2,113.0493,0.255420,1.000000,0.504046,0.850000,0.550000,,0.173356,612.683,3,1,0.550000,0.350000,0.030000,0.070000,0.480000,0.320000,0.000000,0.000000,NOTE_HYPOTHESIS,shared_audio_intelligence_v0_2;spectral_peak;owner_supplied_audio
BE-003:pitch:01343,BE-003:onset:0320,63.018957,771.018957,104.913043,27,1.913043,47.7851,C3,129.1992,0.278639,1.000000,0.504046,0.850000,0.550000,,0.173356,612.683,3,2,0.550000,0.350000,0.030000,0.070000,0.480000,0.320000,0.000000,0.000000,NOTE_HYPOTHESIS,shared_audio_intelligence_v0_2;spectral_peak;owner_supplied_audio
BE-003:pitch:01344,BE-003:onset:0320,63.018957,771.018957,104.913043,27,1.913043,35.7851,C2,64.5996,0.928798,1.000000,0.504046,0.850000,0.760000,,0.173356,612.683,3,3,0.760000,0.180000,0.010000,0.050000,0.480000,0.320000,0.000000,0.000000,NOTE_HYPOTHESIS,shared_audio_intelligence_v0_2;spectral_peak;owner_supplied_audio
BE-003:pitch:01345,BE-003:onset:0321,63.344036,771.344036,105.500000,27,2.500000,60.1421,C4,263.7817,0.116100,1.000000,0.959354,0.850000,0.520000,,0.173357,723.337,5,1,0.250000,0.520000,0.150000,0.080000,0.000000,0.450000,0.250000,0.200000,NOTE_HYPOTHESIS,shared_audio_intelligence_v0_2;spectral_peak;owner_supplied_audio
BE-003:pitch:01346,BE-003:onset:0321,63.344036,771.344036,105.500000,27,2.500000,42.8047,G2,96.8994,0.952018,1.000000,0.959354,0.850000,0.760000,,0.173357,723.337,5,2,0.760000,0.180000,0.010000,0.050000,0.480000,0.320000,0.000000,0.000000,NOTE_HYPOTHESIS,shared_audio_intelligence_v0_2;spectral_peak;owner_supplied_audio
BE-003:pitch:01347,BE-003:onset:0321,63.344036,771.344036,105.500000,27,2.500000,71.7851,C5,516.7969,0.116100,1.000000,0.959354,0.850000,0.580000,,0.173357,723.337,5,3,0.050000,0.300000,0.580000,0.070000,0.000000,0.120000,0.580000,0.220000,NOTE_HYPOTHESIS,shared_audio_intelligence_v0_2;spectral_peak;owner_supplied_audio
BE-003:pitch:01348,BE-003:onset:0321,63.344036,771.344036,105.500000,27,2.500000,34.2788,A#1,59.2163,0.650159,1.000000,0.959354,0.850000,0.760000,,0.173357,723.337,5,4,0.760000,0.180000,0.010000,0.050000,0.480000,0.320000,0.000000,0.000000,NOTE_HYPOTHESIS,shared_audio_intelligence_v0_2;spectral_peak;owner_supplied_audio
BE-003:pitch:01349,BE-003:onset:0321,63.344036,771.344036,105.500000,27,2.500000,54.8047,G3,193.7988,0.232200,1.000000,0.959354,0.850000,0.550000,,0.173357,723.337,5,5,0.550000,0.350000,0.030000,0.070000,0.480000,0.320000,0.000000,0.000000,NOTE_HYPOTHESIS,shared_audio_intelligence_v0_2;spectral_peak;owner_supplied_audio
BE-003:pitch:01350,BE-003:onset:0322,63.460136,771.460136,105.708333,27,2.708333,37.1709,C#2,69.9829,0.232200,1.000000,0.626586,0.850000,0.760000,,0.228621,564.952,5,1,0.760000,0.180000,0.010000,0.050000,0.480000,0.320000,0.000000,0.000000,NOTE_HYPOTHESIS,shared_audio_intelligence_v0_2;spectral_peak;owner_supplied_audio
BE-003:pitch:01351,BE-003:onset:0322,63.460136,771.460136,105.708333,27,2.708333,61.8242,D4,290.6982,0.185760,1.000000,0.626586,0.850000,0.520000,,0.228621,564.952,5,2,0.250000,0.520000,0.150000,0.080000,0.000000,0.450000,0.250000,0.200000,NOTE_HYPOTHESIS,shared_audio_intelligence_v0_2;spectral_peak;owner_supplied_audio
BE-003:pitch:01352,BE-003:onset:0322,63.460136,771.460136,105.708333,27,2.708333,73.8242,D5,581.3965,0.116100,1.000000,0.626586,0.850000,0.580000,,0.228621,564.952,5,3,0.050000,0.300000,0.580000,0.070000,0.000000,0.120000,0.580000,0.220000,NOTE_HYPOTHESIS,shared_audio_intelligence_v0_2;spectral_peak;owner_supplied_audio
BE-003:pitch:01353,BE-003:onset:0322,63.460136,771.460136,105.708333,27,2.708333,49.8242,D3,145.3491,0.301859,1.000000,0.626586,0.850000,0.550000,,0.228621,564.952,5,4,0.550000,0.350000,0.030000,0.070000,0.480000,0.320000,0.000000,0.000000,NOTE_HYPOTHESIS,shared_audio_intelligence_v0_2;spectral_peak;owner_supplied_audio
BE-003:pitch:01354,BE-003:onset:0322,63.460136,771.460136,105.708333,27,2.708333,42.8047,G2,96.8994,0.835918,1.000000,0.626586,0.850000,0.760000,,0.228621,564.952,5,5,0.760000,0.180000,0.010000,0.050000,0.480000,0.320000,0.000000,0.000000,NOTE_HYPOTHESIS,shared_audio_intelligence_v0_2;spectral_peak;owner_supplied_audio
BE-003:pitch:01355,BE-003:onset:0323,63.622676,771.622676,106.000000,27,3.000000,40.7656,F2,86.1328,0.487619,1.000000,1.000000,0.850000,0.760000,,0.414894,597.464,4,1,0.760000,0.180000,0.010000,0.050000,0.480000,0.320000,0.000000,0.000000,NOTE_HYPOTHESIS,shared_audio_intelligence_v0_2;spectral_peak;owner_supplied_audio
BE-003:pitch:01356,BE-003:onset:0323,63.622676,771.622676,106.000000,27,3.000000,62.7603,D#4,306.8481,0.208980,1.000000,1.000000,0.850000,0.520000,,0.414894,597.464,4,2,0.250000,0.520000,0.150000,0.080000,0.000000,0.450000,0.250000,0.200000,NOTE_HYPOTHESIS,shared_audio_intelligence_v0_2;spectral_peak;owner_supplied_audio
BE-003:pitch:01357,BE-003:onset:0323,63.622676,771.622676,106.000000,27,3.000000,35.7851,C2,64.5996,0.208980,1.000000,1.000000,0.850000,0.760000,,0.414894,597.464,4,3,0.760000,0.180000,0.010000,0.050000,0.480000,0.320000,0.000000,0.000000,NOTE_HYPOTHESIS,shared_audio_intelligence_v0_2;spectral_peak;owner_supplied_audio
BE-003:pitch:01358,BE-003:onset:0323,63.622676,771.622676,106.000000,27,3.000000,74.7603,D#5,613.6963,0.162540,1.000000,1.000000,0.850000,0.580000,,0.414894,597.464,4,4,0.050000,0.300000,0.580000,0.070000,0.000000,0.120000,0.580000,0.220000,NOTE_HYPOTHESIS,shared_audio_intelligence_v0_2;spectral_peak;owner_supplied_audio
BE-003:pitch:01359,BE-003:onset:0324,63.901315,771.901315,106.500000,27,3.500000,41.8151,F#2,91.5161,0.208980,1.000000,0.611194,0.850000,0.760000,,0.412162,592.490,3,1,0.760000,0.180000,0.010000,0.050000,0.480000,0.320000,0.000000,0.000000,NOTE_HYPOTHESIS,shared_audio_intelligence_v0_2;spectral_peak;owner_supplied_audio
BE-003:pitch:01360,BE-003:onset:0324,63.901315,771.901315,106.500000,27,3.500000,64.7656,F4,344.5312,0.185760,1.000000,0.611194,0.850000,0.580000,,0.412162,592.490,3,2,0.050000,0.300000,0.580000,0.070000,0.000000,0.450000,0.250000,0.200000,NOTE_HYPOTHESIS,shared_audio_intelligence_v0_2;spectral_peak;owner_supplied_audio
BE-003:pitch:01361,BE-003:onset:0324,63.901315,771.901315,106.500000,27,3.500000,65.8151,F#4,366.0645,0.255420,1.000000,0.611194,0.850000,0.580000,,0.412162,592.490,3,3,0.050000,0.300000,0.580000,0.070000,0.000000,0.450000,0.250000,0.200000,NOTE_HYPOTHESIS,shared_audio_intelligence_v0_2;spectral_peak;owner_supplied_audio
BE-003:pitch:01362,BE-003:onset:0325,64.040635,772.040635,106.750000,27,3.750000,65.8151,F#4,366.0645,0.116100,1.000000,0.474868,0.850000,0.580000,,0.307792,622.254,6,1,0.050000,0.300000,0.580000,0.070000,0.000000,0.450000,0.250000,0.200000,NOTE_HYPOTHESIS,shared_audio_intelligence_v0_2;spectral_peak;owner_supplied_audio
BE-003:pitch:01363,BE-003:onset:0325,64.040635,772.040635,106.750000,27,3.750000,41.8151,F#2,91.5161,0.092880,1.000000,0.474868,0.850000,0.760000,,0.307792,622.254,6,2,0.760000,0.180000,0.010000,0.050000,0.480000,0.320000,0.000000,0.000000,NOTE_HYPOTHESIS,shared_audio_intelligence_v0_2;spectral_peak;owner_supplied_audio
BE-003:pitch:01364,BE-003:onset:0325,64.040635,772.040635,106.750000,27,3.750000,65.0340,F4,349.9146,0.162540,1.000000,0.474868,0.850000,0.580000,,0.307792,622.254,6,3,0.050000,0.300000,0.580000,0.070000,0.000000,0.450000,0.250000,0.200000,NOTE_HYPOTHESIS,shared_audio_intelligence_v0_2;spectral_peak;owner_supplied_audio
BE-003:pitch:01365,BE-003:onset:0325,64.040635,772.040635,106.750000,27,3.750000,67.7407,G#4,409.1309,0.162540,1.000000,0.474868,0.850000,0.580000,,0.307792,622.254,6,4,0.050000,0.300000,0.580000,0.070000,0.000000,0.450000,0.250000,0.200000,NOTE_HYPOTHESIS,shared_audio_intelligence_v0_2;spectral_peak;owner_supplied_audio
BE-003:pitch:01366,BE-003:onset:0325,64.040635,772.040635,106.750000,27,3.750000,55.7407,G#3,204.5654,0.162540,1.000000,0.474868,0.850000,0.520000,,0.307792,622.254,6,5,0.250000,0.520000,0.150000,0.080000,0.000000,0.450000,0.250000,0.200000,NOTE_HYPOTHESIS,shared_audio_intelligence_v0_2;spectral_peak;owner_supplied_audio
BE-003:pitch:01367,BE-003:onset:0325,64.040635,772.040635,106.750000,27,3.750000,53.8151,F#3,183.0322,0.208980,1.000000,0.474868,0.850000,0.550000,,0.307792,622.254,6,6,0.550000,0.350000,0.030000,0.070000,0.480000,0.320000,0.000000,0.000000,NOTE_HYPOTHESIS,shared_audio_intelligence_v0_2;spectral_peak;owner_supplied_audio
BE-003:pitch:01368,BE-003:onset:0326,64.179955,772.179955,107.000000,27,4.000000,68.8438,A4,436.0474,0.278639,1.000000,1.000000,0.850000,0.580000,,0.261964,1017.629,6,1,0.050000,0.300000,0.580000,0.070000,0.000000,0.450000,0.250000,0.200000,NOTE_HYPOTHESIS,shared_audio_intelligence_v0_2;spectral_peak;owner_supplied_audio
BE-003:pitch:01369,BE-003:onset:0326,64.179955,772.179955,107.000000,27,4.000000,87.8633,E6,1308.1421,0.185760,1.000000,1.000000,0.850000,0.840000,,0.261964,1017.629,6,2,0.010000,0.080000,0.840000,0.070000,0.000000,0.120000,0.580000,0.220000,NOTE_HYPOTHESIS,shared_audio_intelligence_v0_2;spectral_peak;owner_supplied_audio
BE-003:pitch:01370,BE-003:onset:0326,64.179955,772.179955,107.000000,27,4.000000,80.8438,A5,872.0947,0.255420,1.000000,1.000000,0.850000,0.840000,,0.261964,1017.629,6,3,0.010000,0.080000,0.840000,0.070000,0.000000,0.120000,0.580000,0.220000,NOTE_HYPOTHESIS,shared_audio_intelligence_v0_2;spectral_peak;owner_supplied_audio
BE-003:pitch:01371,BE-003:onset:0326,64.179955,772.179955,107.000000,27,4.000000,57.0562,A3,220.7153,0.417959,1.000000,1.000000,0.850000,0.520000,,0.261964,1017.629,6,4,0.250000,0.520000,0.150000,0.080000,0.000000,0.450000,0.250000,0.200000,NOTE_HYPOTHESIS,shared_audio_intelligence_v0_2;spectral_peak;owner_supplied_audio
BE-003:pitch:01372,BE-003:onset:0326,64.179955,772.179955,107.000000,27,4.000000,96.8347,C#7,2196.3867,0.325079,1.000000,1.000000,0.850000,0.840000,,0.261964,1017.629,6,5,0.010000,0.080000,0.840000,0.070000,0.000000,0.120000,0.580000,0.220000,NOTE_HYPOTHESIS,shared_audio_intelligence_v0_2;spectral_peak;owner_supplied_audio
BE-003:pitch:01373,BE-003:onset:0326,64.179955,772.179955,107.000000,27,4.000000,65.0340,F4,349.9146,0.162540,1.000000,1.000000,0.850000,0.580000,,0.261964,1017.629,6,6,0.050000,0.300000,0.580000,0.070000,0.000000,0.450000,0.250000,0.200000,NOTE_HYPOTHESIS,shared_audio_intelligence_v0_2;spectral_peak;owner_supplied_audio
BE-003:pitch:01374,BE-003:onset:0327,64.296054,772.296054,107.200000,27,4.200000,68.8438,A4,436.0474,0.139320,1.000000,1.000000,0.850000,0.580000,,0.325638,945.488,6,1,0.050000,0.300000,0.580000,0.070000,0.000000,0.450000,0.250000,0.200000,NOTE_HYPOTHESIS,shared_audio_intelligence_v0_2;spectral_peak;owner_supplied_audio
BE-003:pitch:01375,BE-003:onset:0327,64.296054,772.296054,107.200000,27,4.200000,81.8808,A#5,925.9277,0.162540,1.000000,1.000000,0.850000,0.840000,,0.325638,945.488,6,2,0.010000,0.080000,0.840000,0.070000,0.000000,0.120000,0.580000,0.220000,NOTE_HYPOTHESIS,shared_audio_intelligence_v0_2;spectral_peak;owner_supplied_audio
BE-003:pitch:01376,BE-003:onset:0327,64.296054,772.296054,107.200000,27,4.200000,69.8808,A#4,462.9639,0.255420,1.000000,1.000000,0.850000,0.580000,,0.325638,945.488,6,3,0.050000,0.300000,0.580000,0.070000,0.000000,0.450000,0.250000,0.200000,NOTE_HYPOTHESIS,shared_audio_intelligence_v0_2;spectral_peak;owner_supplied_audio
BE-003:pitch:01377,BE-003:onset:0327,64.296054,772.296054,107.200000,27,4.200000,57.8808,A#3,231.4819,0.301859,1.000000,1.000000,0.850000,0.520000,,0.325638,945.488,6,4,0.250000,0.520000,0.150000,0.080000,0.000000,0.450000,0.250000,0.200000,NOTE_HYPOTHESIS,shared_audio_intelligence_v0_2;spectral_peak;owner_supplied_audio
BE-003:pitch:01378,BE-003:onset:0327,64.296054,772.296054,107.200000,27,4.200000,88.9003,F6,1388.8916,0.139320,1.000000,1.000000,0.850000,0.840000,,0.325638,945.488,6,5,0.010000,0.080000,0.840000,0.070000,0.000000,0.120000,0.580000,0.220000,NOTE_HYPOTHESIS,shared_audio_intelligence_v0_2;spectral_peak;owner_supplied_audio
BE-003:pitch:01379,BE-003:onset:0327,64.296054,772.296054,107.200000,27,4.200000,80.8438,A5,872.0947,0.139320,1.000000,1.000000,0.850000,0.840000,,0.325638,945.488,6,6,0.010000,0.080000,0.840000,0.070000,0.000000,0.120000,0.580000,0.220000,NOTE_HYPOTHESIS,shared_audio_intelligence_v0_2;spectral_peak;owner_supplied_audio
BE-003:pitch:01380,BE-003:onset:0328,64.458594,772.458594,107.480000,27,4.480000,71.9645,C5,522.1802,0.626939,1.000000,0.984123,0.850000,0.580000,,0.540783,901.002,6,1,0.050000,0.300000,0.580000,0.070000,0.000000,0.120000,0.580000,0.220000,NOTE_HYPOTHESIS,shared_audio_intelligence_v0_2;spectral_peak;owner_supplied_audio
BE-003:pitch:01381,BE-003:onset:0328,64.458594,772.458594,107.480000,27,4.480000,59.7851,C4,258.3984,0.185760,1.000000,0.984123,0.850000,0.520000,,0.540783,901.002,6,2,0.250000,0.520000,0.150000,0.080000,0.000000,0.450000,0.250000,0.200000,NOTE_HYPOTHESIS,shared_audio_intelligence_v0_2;spectral_peak;owner_supplied_audio
BE-003:pitch:01382,BE-003:onset:0328,64.458594,772.458594,107.480000,27,4.480000,83.8751,C6,1038.9771,0.116100,1.000000,0.984123,0.850000,0.840000,,0.540783,901.002,6,3,0.010000,0.080000,0.840000,0.070000,0.000000,0.120000,0.580000,0.220000,NOTE_HYPOTHESIS,shared_audio_intelligence_v0_2;spectral_peak;owner_supplied_audio
BE-003:pitch:01383,BE-003:onset:0328,64.458594,772.458594,107.480000,27,4.480000,57.8808,A#3,231.4819,0.139320,1.000000,0.984123,0.850000,0.520000,,0.540783,901.002,6,4,0.250000,0.520000,0.150000,0.080000,0.000000,0.450000,0.250000,0.200000,NOTE_HYPOTHESIS,shared_audio_intelligence_v0_2;spectral_peak;owner_supplied_audio
BE-003:pitch:01384,BE-003:onset:0328,64.458594,772.458594,107.480000,27,4.480000,69.8808,A#4,462.9639,0.116100,1.000000,0.984123,0.850000,0.580000,,0.540783,901.002,6,5,0.050000,0.300000,0.580000,0.070000,0.000000,0.450000,0.250000,0.200000,NOTE_HYPOTHESIS,shared_audio_intelligence_v0_2;spectral_peak;owner_supplied_audio
BE-003:pitch:01385,BE-003:onset:0328,64.458594,772.458594,107.480000,27,4.480000,90.9245,G6,1561.1572,0.162540,1.000000,0.984123,0.850000,0.840000,,0.540783,901.002,6,6,0.010000,0.080000,0.840000,0.070000,0.000000,0.120000,0.580000,0.220000,NOTE_HYPOTHESIS,shared_audio_intelligence_v0_2;spectral_peak;owner_supplied_audio
BE-003:pitch:01386,BE-003:onset:0329,64.574694,772.574694,107.680000,27,4.680000,72.8347,C#5,549.0967,0.232200,1.000000,0.872324,0.850000,0.580000,,0.774735,1109.829,6,1,0.050000,0.300000,0.580000,0.070000,0.000000,0.120000,0.580000,0.220000,NOTE_HYPOTHESIS,shared_audio_intelligence_v0_2;spectral_peak;owner_supplied_audio
BE-003:pitch:01387,BE-003:onset:0329,64.574694,772.574694,107.680000,27,4.680000,60.8347,C#4,274.5483,0.185760,1.000000,0.872324,0.850000,0.520000,,0.774735,1109.829,6,2,0.250000,0.520000,0.150000,0.080000,0.000000,0.450000,0.250000,0.200000,NOTE_HYPOTHESIS,shared_audio_intelligence_v0_2;spectral_peak;owner_supplied_audio
BE-003:pitch:01388,BE-003:onset:0329,64.574694,772.574694,107.680000,27,4.680000,84.9193,C#6,1103.5767,0.162540,1.000000,0.872324,0.850000,0.840000,,0.774735,1109.829,6,3,0.010000,0.080000,0.840000,0.070000,0.000000,0.120000,0.580000,0.220000,NOTE_HYPOTHESIS,shared_audio_intelligence_v0_2;spectral_peak;owner_supplied_audio
BE-003:pitch:01389,BE-003:onset:0329,64.574694,772.574694,107.680000,27,4.680000,59.7851,C4,258.3984,0.069660,1.000000,0.872324,0.850000,0.520000,,0.774735,1109.829,6,4,0.250000,0.520000,0.150000,0.080000,0.000000,0.450000,0.250000,0.200000,NOTE_HYPOTHESIS,shared_audio_intelligence_v0_2;spectral_peak;owner_supplied_audio
BE-003:pitch:01390,BE-003:onset:0329,64.574694,772.574694,107.680000,27,4.680000,71.9645,C5,522.1802,0.557279,1.000000,0.872324,0.850000,0.580000,,0.774735,1109.829,6,5,0.050000,0.300000,0.580000,0.070000,0.000000,0.120000,0.580000,0.220000,NOTE_HYPOTHESIS,shared_audio_intelligence_v0_2;spectral_peak;owner_supplied_audio
BE-003:pitch:01391,BE-003:onset:0329,64.574694,772.574694,107.680000,27,4.680000,97.0036,C#7,2217.9199,0.116100,1.000000,0.872324,0.850000,0.840000,,0.774735,1109.829,6,6,0.010000,0.080000,0.840000,0.070000,0.000000,0.120000,0.580000,0.220000,NOTE_HYPOTHESIS,shared_audio_intelligence_v0_2;spectral_peak;owner_supplied_audio
BE-003:pitch:01392,BE-003:onset:0330,64.737234,772.737234,107.960000,27,4.960000,71.7851,C5,516.7969,0.278639,1.000000,1.000000,0.850000,0.580000,,0.867933,1228.494,6,1,0.050000,0.300000,0.580000,0.070000,0.000000,0.120000,0.580000,0.220000,NOTE_HYPOTHESIS,shared_audio_intelligence_v0_2;spectral_peak;owner_supplied_audio
BE-003:pitch:01393,BE-003:onset:0330,64.737234,772.737234,107.960000,27,4.960000,83.8751,C6,1038.9771,0.255420,1.000000,1.000000,0.850000,0.840000,,0.867933,1228.494,6,2,0.010000,0.080000,0.840000,0.070000,0.000000,0.120000,0.580000,0.220000,NOTE_HYPOTHESIS,shared_audio_intelligence_v0_2;spectral_peak;owner_supplied_audio
BE-003:pitch:01394,BE-003:onset:0330,64.737234,772.737234,107.960000,27,4.960000,59.7851,C4,258.3984,0.255420,1.000000,1.000000,0.850000,0.520000,,0.867933,1228.494,6,3,0.250000,0.520000,0.150000,0.080000,0.000000,0.450000,0.250000,0.200000,NOTE_HYPOTHESIS,shared_audio_intelligence_v0_2;spectral_peak;owner_supplied_audio
BE-003:pitch:01395,BE-003:onset:0330,64.737234,772.737234,107.960000,27,4.960000,73.0036,C#5,554.4800,0.139320,1.000000,1.000000,0.850000,0.580000,,0.867933,1228.494,6,4,0.050000,0.300000,0.580000,0.070000,0.000000,0.120000,0.580000,0.220000,NOTE_HYPOTHESIS,shared_audio_intelligence_v0_2;spectral_peak;owner_supplied_audio
BE-003:pitch:01396,BE-003:onset:0330,64.737234,772.737234,107.960000,27,4.960000,60.8347,C#4,274.5483,0.092880,1.000000,1.000000,0.850000,0.520000,,0.867933,1228.494,6,5,0.250000,0.520000,0.150000,0.080000,0.000000,0.450000,0.250000,0.200000,NOTE_HYPOTHESIS,shared_audio_intelligence_v0_2;spectral_peak;owner_supplied_audio
BE-003:pitch:01397,BE-003:onset:0330,64.737234,772.737234,107.960000,27,4.960000,90.9841,G6,1566.5405,0.394739,1.000000,1.000000,0.850000,0.840000,,0.867933,1228.494,6,6,0.010000,0.080000,0.840000,0.070000,0.000000,0.120000,0.580000,0.220000,NOTE_HYPOTHESIS,shared_audio_intelligence_v0_2;spectral_peak;owner_supplied_audio
BE-003:pitch:01398,BE-003:onset:0331,64.969433,772.969433,108.300000,28,1.300000,71.9645,C5,522.1802,0.185760,1.000000,0.568699,0.850000,0.580000,,0.411098,1046.291,6,1,0.050000,0.300000,0.580000,0.070000,0.000000,0.120000,0.580000,0.220000,NOTE_HYPOTHESIS,shared_audio_intelligence_v0_2;spectral_peak;owner_supplied_audio
BE-003:pitch:01399,BE-003:onset:0331,64.969433,772.969433,108.300000,28,1.300000,83.9645,C6,1044.3604,0.092880,1.000000,0.568699,0.850000,0.840000,,0.411098,1046.291,6,2,0.010000,0.080000,0.840000,0.070000,0.000000,0.120000,0.580000,0.220000,NOTE_HYPOTHESIS,shared_audio_intelligence_v0_2;spectral_peak;owner_supplied_audio
BE-003:pitch:01400,BE-003:onset:0331,64.969433,772.969433,108.300000,28,1.300000,59.7851,C4,258.3984,0.185760,1.000000,0.568699,0.850000,0.520000,,0.411098,1046.291,6,3,0.250000,0.520000,0.150000,0.080000,0.000000,0.450000,0.250000,0.200000,NOTE_HYPOTHESIS,shared_audio_intelligence_v0_2;spectral_peak;owner_supplied_audio
BE-003:pitch:01401,BE-003:onset:0331,64.969433,772.969433,108.300000,28,1.300000,81.8808,A#5,925.9277,0.185760,1.000000,0.568699,0.850000,0.840000,,0.411098,1046.291,6,4,0.010000,0.080000,0.840000,0.070000,0.000000,0.120000,0.580000,0.220000,NOTE_HYPOTHESIS,shared_audio_intelligence_v0_2;spectral_peak;owner_supplied_audio
BE-003:pitch:01402,BE-003:onset:0331,64.969433,772.969433,108.300000,28,1.300000,69.8808,A#4,462.9639,0.139320,1.000000,0.568699,0.850000,0.580000,,0.411098,1046.291,6,5,0.050000,0.300000,0.580000,0.070000,0.000000,0.450000,0.250000,0.200000,NOTE_HYPOTHESIS,shared_audio_intelligence_v0_2;spectral_peak;owner_supplied_audio
BE-003:pitch:01403,BE-003:onset:0331,64.969433,772.969433,108.300000,28,1.300000,90.9841,G6,1566.5405,0.208980,1.000000,0.568699,0.850000,0.840000,,0.411098,1046.291,6,6,0.010000,0.080000,0.840000,0.070000,0.000000,0.120000,0.580000,0.220000,NOTE_HYPOTHESIS,shared_audio_intelligence_v0_2;spectral_peak;owner_supplied_audio
BE-003:pitch:01404,BE-003:onset:0332,65.062313,773.062313,108.433333,28,1.433333,66.8047,G4,387.5977,0.232200,1.000000,0.708104,0.850000,0.580000,,0.483344,953.515,6,1,0.050000,0.300000,0.580000,0.070000,0.000000,0.450000,0.250000,0.200000,NOTE_HYPOTHESIS,shared_audio_intelligence_v0_2;spectral_peak;owner_supplied_audio
BE-003:pitch:01405,BE-003:onset:0332,65.062313,773.062313,108.433333,28,1.433333,78.8047,G5,775.1953,0.162540,1.000000,0.708104,0.850000,0.840000,,0.483344,953.515,6,2,0.010000,0.080000,0.840000,0.070000,0.000000,0.120000,0.580000,0.220000,NOTE_HYPOTHESIS,shared_audio_intelligence_v0_2;spectral_peak;owner_supplied_audio
BE-003:pitch:01406,BE-003:onset:0332,65.062313,773.062313,108.433333,28,1.433333,81.8808,A#5,925.9277,0.092880,1.000000,0.708104,0.850000,0.840000,,0.483344,953.515,6,3,0.010000,0.080000,0.840000,0.070000,0.000000,0.120000,0.580000,0.220000,NOTE_HYPOTHESIS,shared_audio_intelligence_v0_2;spectral_peak;owner_supplied_audio
BE-003:pitch:01407,BE-003:onset:0332,65.062313,773.062313,108.433333,28,1.433333,71.9645,C5,522.1802,0.534059,1.000000,0.708104,0.850000,0.580000,,0.483344,953.515,6,4,0.050000,0.300000,0.580000,0.070000,0.000000,0.120000,0.580000,0.220000,NOTE_HYPOTHESIS,shared_audio_intelligence_v0_2;spectral_peak;owner_supplied_audio
BE-003:pitch:01408,BE-003:onset:0332,65.062313,773.062313,108.433333,28,1.433333,59.7851,C4,258.3984,0.116100,1.000000,0.708104,0.850000,0.520000,,0.483344,953.515,6,5,0.250000,0.520000,0.150000,0.080000,0.000000,0.450000,0.250000,0.200000,NOTE_HYPOTHESIS,shared_audio_intelligence_v0_2;spectral_peak;owner_supplied_audio
BE-003:pitch:01409,BE-003:onset:0332,65.062313,773.062313,108.433333,28,1.433333,88.9673,F6,1394.2749,0.069660,1.000000,0.708104,0.850000,0.840000,,0.483344,953.515,6,6,0.010000,0.080000,0.840000,0.070000,0.000000,0.120000,0.580000,0.220000,NOTE_HYPOTHESIS,shared_audio_intelligence_v0_2;spectral_peak;owner_supplied_audio
BE-003:pitch:01410,BE-003:onset:0333,65.155193,773.155193,108.566667,28,1.566667,66.8047,G4,387.5977,0.185760,1.000000,0.637151,0.850000,0.580000,,0.575162,750.001,6,1,0.050000,0.300000,0.580000,0.070000,0.000000,0.450000,0.250000,0.200000,NOTE_HYPOTHESIS,shared_audio_intelligence_v0_2;spectral_peak;owner_supplied_audio
BE-003:pitch:01411,BE-003:onset:0333,65.155193,773.155193,108.566667,28,1.566667,61.8242,D4,290.6982,0.162540,1.000000,0.637151,0.850000,0.520000,,0.575162,750.001,6,2,0.250000,0.520000,0.150000,0.080000,0.000000,0.450000,0.250000,0.200000,NOTE_HYPOTHESIS,shared_audio_intelligence_v0_2;spectral_peak;owner_supplied_audio
BE-003:pitch:01412,BE-003:onset:0333,65.155193,773.155193,108.566667,28,1.566667,73.8242,D5,581.3965,0.139320,1.000000,0.637151,0.850000,0.580000,,0.575162,750.001,6,3,0.050000,0.300000,0.580000,0.070000,0.000000,0.120000,0.580000,0.220000,NOTE_HYPOTHESIS,shared_audio_intelligence_v0_2;spectral_peak;owner_supplied_audio
BE-003:pitch:01413,BE-003:onset:0333,65.155193,773.155193,108.566667,28,1.566667,78.9245,G5,780.5786,0.092880,1.000000,0.637151,0.850000,0.840000,,0.575162,750.001,6,4,0.010000,0.080000,0.840000,0.070000,0.000000,0.120000,0.580000,0.220000,NOTE_HYPOTHESIS,shared_audio_intelligence_v0_2;spectral_peak;owner_supplied_audio
BE-003:pitch:01414,BE-003:onset:0333,65.155193,773.155193,108.566667,28,1.566667,64.2159,E4,333.7646,0.557279,1.000000,0.637151,0.850000,0.580000,,0.575162,750.001,6,5,0.050000,0.300000,0.580000,0.070000,0.000000,0.450000,0.250000,0.200000,NOTE_HYPOTHESIS,shared_audio_intelligence_v0_2;spectral_peak;owner_supplied_audio
BE-003:pitch:01415,BE-003:onset:0333,65.155193,773.155193,108.566667,28,1.566667,71.6038,C5,511.4136,0.185760,1.000000,0.637151,0.850000,0.580000,,0.575162,750.001,6,6,0.050000,0.300000,0.580000,0.070000,0.000000,0.120000,0.580000,0.220000,NOTE_HYPOTHESIS,shared_audio_intelligence_v0_2;spectral_peak;owner_supplied_audio
BE-003:pitch:01416,BE-003:onset:0334,65.317732,773.317732,108.800000,28,1.800000,72.8347,C#5,549.0967,0.185760,1.000000,0.635311,0.850000,0.580000,,0.384348,715.950,4,1,0.050000,0.300000,0.580000,0.070000,0.000000,0.120000,0.580000,0.220000,NOTE_HYPOTHESIS,shared_audio_intelligence_v0_2;spectral_peak;owner_supplied_audio
BE-003:pitch:01417,BE-003:onset:0334,65.317732,773.317732,108.800000,28,1.800000,60.8347,C#4,274.5483,0.162540,1.000000,0.635311,0.850000,0.520000,,0.384348,715.950,4,2,0.250000,0.520000,0.150000,0.080000,0.000000,0.450000,0.250000,0.200000,NOTE_HYPOTHESIS,shared_audio_intelligence_v0_2;spectral_peak;owner_supplied_audio
BE-003:pitch:01418,BE-003:onset:0334,65.317732,773.317732,108.800000,28,1.800000,53.2983,F3,177.6489,0.092880,1.000000,0.635311,0.850000,0.550000,,0.384348,715.950,4,3,0.550000,0.350000,0.030000,0.070000,0.480000,0.320000,0.000000,0.000000,NOTE_HYPOTHESIS,shared_audio_intelligence_v0_2;spectral_peak;owner_supplied_audio
BE-003:pitch:01419,BE-003:onset:0334,65.317732,773.317732,108.800000,28,1.800000,65.2983,F4,355.2979,0.116100,1.000000,0.635311,0.850000,0.580000,,0.384348,715.950,4,4,0.050000,0.300000,0.580000,0.070000,0.000000,0.450000,0.250000,0.200000,NOTE_HYPOTHESIS,shared_audio_intelligence_v0_2;spectral_peak;owner_supplied_audio
BE-003:pitch:01420,BE-003:onset:0335,65.457052,773.457052,109.000000,28,2.000000,71.7851,C5,516.7969,0.139320,1.000000,0.831707,0.850000,0.580000,,0.394898,564.595,6,1,0.050000,0.300000,0.580000,0.070000,0.000000,0.120000,0.580000,0.220000,NOTE_HYPOTHESIS,shared_audio_intelligence_v0_2;spectral_peak;owner_supplied_audio
BE-003:pitch:01421,BE-003:onset:0335,65.457052,773.457052,109.000000,28,2.000000,73.0036,C#5,554.4800,0.092880,1.000000,0.831707,0.850000,0.580000,,0.394898,564.595,6,2,0.050000,0.300000,0.580000,0.070000,0.000000,0.120000,0.580000,0.220000,NOTE_HYPOTHESIS,shared_audio_intelligence_v0_2;spectral_peak;owner_supplied_audio
BE-003:pitch:01422,BE-003:onset:0335,65.457052,773.457052,109.000000,28,2.000000,63.6483,E4,322.9980,0.255420,1.000000,0.831707,0.850000,0.520000,,0.394898,564.595,6,3,0.250000,0.520000,0.150000,0.080000,0.000000,0.450000,0.250000,0.200000,NOTE_HYPOTHESIS,shared_audio_intelligence_v0_2;spectral_peak;owner_supplied_audio
BE-003:pitch:01423,BE-003:onset:0335,65.457052,773.457052,109.000000,28,2.000000,60.1421,C4,263.7817,0.139320,1.000000,0.831707,0.850000,0.520000,,0.394898,564.595,6,4,0.250000,0.520000,0.150000,0.080000,0.000000,0.450000,0.250000,0.200000,NOTE_HYPOTHESIS,shared_audio_intelligence_v0_2;spectral_peak;owner_supplied_audio
BE-003:pitch:01424,BE-003:onset:0335,65.457052,773.457052,109.000000,28,2.000000,51.6483,E3,161.4990,0.255420,1.000000,0.831707,0.850000,0.550000,,0.394898,564.595,6,5,0.550000,0.350000,0.030000,0.070000,0.480000,0.320000,0.000000,0.000000,NOTE_HYPOTHESIS,shared_audio_intelligence_v0_2;spectral_peak;owner_supplied_audio
BE-003:pitch:01425,BE-003:onset:0335,65.457052,773.457052,109.000000,28,2.000000,60.8347,C#4,274.5483,0.162540,1.000000,0.831707,0.850000,0.520000,,0.394898,564.595,6,6,0.250000,0.520000,0.150000,0.080000,0.000000,0.450000,0.250000,0.200000,NOTE_HYPOTHESIS,shared_audio_intelligence_v0_2;spectral_peak;owner_supplied_audio
BE-003:pitch:01426,BE-003:onset:0336,65.619592,773.619592,109.250000,28,2.250000,57.8808,A#3,231.4819,0.185760,1.000000,0.904357,0.850000,0.520000,,0.259125,697.100,6,1,0.250000,0.520000,0.150000,0.080000,0.000000,0.450000,0.250000,0.200000,NOTE_HYPOTHESIS,shared_audio_intelligence_v0_2;spectral_peak;owner_supplied_audio
BE-003:pitch:01427,BE-003:onset:0336,65.619592,773.619592,109.250000,28,2.250000,51.0613,D#3,156.1157,0.441179,1.000000,0.904357,0.850000,0.550000,,0.259125,697.100,6,2,0.550000,0.350000,0.030000,0.070000,0.480000,0.320000,0.000000,0.000000,NOTE_HYPOTHESIS,shared_audio_intelligence_v0_2;spectral_peak;owner_supplied_audio
BE-003:pitch:01428,BE-003:onset:0336,65.619592,773.619592,109.250000,28,2.250000,34.2788,A#1,59.2163,1.114558,1.000000,0.904357,0.850000,0.760000,,0.259125,697.100,6,3,0.760000,0.180000,0.010000,0.050000,0.480000,0.320000,0.000000,0.000000,NOTE_HYPOTHESIS,shared_audio_intelligence_v0_2;spectral_peak;owner_supplied_audio
BE-003:pitch:01429,BE-003:onset:0336,65.619592,773.619592,109.250000,28,2.250000,63.9344,E4,328.3813,0.116100,1.000000,0.904357,0.850000,0.520000,,0.259125,697.100,6,4,0.250000,0.520000,0.150000,0.080000,0.000000,0.450000,0.250000,0.200000,NOTE_HYPOTHESIS,shared_audio_intelligence_v0_2;spectral_peak;owner_supplied_audio
BE-003:pitch:01430,BE-003:onset:0336,65.619592,773.619592,109.250000,28,2.250000,85.7439,D6,1157.4097,0.139320,1.000000,0.904357,0.850000,0.840000,,0.259125,697.100,6,5,0.010000,0.080000,0.840000,0.070000,0.000000,0.120000,0.580000,0.220000,NOTE_HYPOTHESIS,shared_audio_intelligence_v0_2;spectral_peak;owner_supplied_audio
BE-003:pitch:01431,BE-003:onset:0336,65.619592,773.619592,109.250000,28,2.250000,48.4919,C3,134.5825,0.998458,1.000000,0.904357,0.850000,0.550000,,0.259125,697.100,6,6,0.550000,0.350000,0.030000,0.070000,0.480000,0.320000,0.000000,0.000000,NOTE_HYPOTHESIS,shared_audio_intelligence_v0_2;spectral_peak;owner_supplied_audio
BE-003:pitch:01432,BE-003:onset:0337,65.805351,773.805351,109.535714,28,2.535714,49.8242,D3,145.3491,0.162540,1.000000,0.501943,0.850000,0.550000,,0.361625,646.096,6,1,0.550000,0.350000,0.030000,0.070000,0.480000,0.320000,0.000000,0.000000,NOTE_HYPOTHESIS,shared_audio_intelligence_v0_2;spectral_peak;owner_supplied_audio
BE-003:pitch:01433,BE-003:onset:0337,65.805351,773.805351,109.535714,28,2.535714,73.9838,D5,586.7798,0.116100,1.000000,0.501943,0.850000,0.580000,,0.361625,646.096,6,2,0.050000,0.300000,0.580000,0.070000,0.000000,0.120000,0.580000,0.220000,NOTE_HYPOTHESIS,shared_audio_intelligence_v0_2;spectral_peak;owner_supplied_audio
BE-003:pitch:01434,BE-003:onset:0337,65.805351,773.805351,109.535714,28,2.535714,42.8047,G2,96.8994,0.952018,1.000000,0.501943,0.850000,0.760000,,0.361625,646.096,6,3,0.760000,0.180000,0.010000,0.050000,0.480000,0.320000,0.000000,0.000000,NOTE_HYPOTHESIS,shared_audio_intelligence_v0_2;spectral_peak;owner_supplied_audio
BE-003:pitch:01435,BE-003:onset:0337,65.805351,773.805351,109.535714,28,2.535714,62.1419,D4,296.0815,0.232200,1.000000,0.501943,0.850000,0.520000,,0.361625,646.096,6,4,0.250000,0.520000,0.150000,0.080000,0.000000,0.450000,0.250000,0.200000,NOTE_HYPOTHESIS,shared_audio_intelligence_v0_2;spectral_peak;owner_supplied_audio
BE-003:pitch:01436,BE-003:onset:0337,65.805351,773.805351,109.535714,28,2.535714,67.0435,G4,392.9810,0.696599,1.000000,0.501943,0.850000,0.580000,,0.361625,646.096,6,5,0.050000,0.300000,0.580000,0.070000,0.000000,0.450000,0.250000,0.200000,NOTE_HYPOTHESIS,shared_audio_intelligence_v0_2;spectral_peak;owner_supplied_audio
BE-003:pitch:01437,BE-003:onset:0337,65.805351,773.805351,109.535714,28,2.535714,34.2788,A#1,59.2163,0.905578,1.000000,0.501943,0.850000,0.760000,,0.361625,646.096,6,6,0.760000,0.180000,0.010000,0.050000,0.480000,0.320000,0.000000,0.000000,NOTE_HYPOTHESIS,shared_audio_intelligence_v0_2;spectral_peak;owner_supplied_audio
BE-003:pitch:01438,BE-003:onset:0338,66.037551,774.037551,109.892857,28,2.892857,43.7407,G#2,102.2827,0.719819,1.000000,0.506653,0.850000,0.760000,,0.341231,883.611,6,1,0.760000,0.180000,0.010000,0.050000,0.480000,0.320000,0.000000,0.000000,NOTE_HYPOTHESIS,shared_audio_intelligence_v0_2;spectral_peak;owner_supplied_audio
BE-003:pitch:01439,BE-003:onset:0338,66.037551,774.037551,109.892857,28,2.892857,65.8151,F#4,366.0645,0.208980,1.000000,0.506653,0.850000,0.580000,,0.341231,883.611,6,2,0.050000,0.300000,0.580000,0.070000,0.000000,0.450000,0.250000,0.200000,NOTE_HYPOTHESIS,shared_audio_intelligence_v0_2;spectral_peak;owner_supplied_audio
BE-003:pitch:01440,BE-003:onset:0338,66.037551,774.037551,109.892857,28,2.892857,45.4734,A2,113.0493,0.603719,1.000000,0.506653,0.850000,0.550000,,0.341231,883.611,6,3,0.550000,0.350000,0.030000,0.070000,0.480000,0.320000,0.000000,0.000000,NOTE_HYPOTHESIS,shared_audio_intelligence_v0_2;spectral_peak;owner_supplied_audio
BE-003:pitch:01441,BE-003:onset:0338,66.037551,774.037551,109.892857,28,2.892857,66.8047,G4,387.5977,0.487619,1.000000,0.506653,0.850000,0.580000,,0.341231,883.611,6,4,0.050000,0.300000,0.580000,0.070000,0.000000,0.450000,0.250000,0.200000,NOTE_HYPOTHESIS,shared_audio_intelligence_v0_2;spectral_peak;owner_supplied_audio
BE-003:pitch:01442,BE-003:onset:0338,66.037551,774.037551,109.892857,28,2.892857,40.7656,F2,86.1328,1.532517,1.000000,0.506653,0.850000,0.760000,,0.341231,883.611,6,5,0.760000,0.180000,0.010000,0.050000,0.480000,0.320000,0.000000,0.000000,NOTE_HYPOTHESIS,shared_audio_intelligence_v0_2;spectral_peak;owner_supplied_audio
BE-003:pitch:01443,BE-003:onset:0338,66.037551,774.037551,109.892857,28,2.892857,53.8151,F#3,183.0322,0.743039,1.000000,0.506653,0.850000,0.550000,,0.341231,883.611,6,6,0.550000,0.350000,0.030000,0.070000,0.480000,0.320000,0.000000,0.000000,NOTE_HYPOTHESIS,shared_audio_intelligence_v0_2;spectral_peak;owner_supplied_audio
BE-003:pitch:01444,BE-003:onset:0339,66.107211,774.107211,110.000000,28,3.000000,45.4734,A2,113.0493,0.348299,1.000000,0.528316,0.850000,0.550000,,0.370747,679.311,2,1,0.550000,0.350000,0.030000,0.070000,0.480000,0.320000,0.000000,0.000000,NOTE_HYPOTHESIS,shared_audio_intelligence_v0_2;spectral_peak;owner_supplied_audio
BE-003:pitch:01445,BE-003:onset:0339,66.107211,774.107211,110.000000,28,3.000000,43.7407,G#2,102.2827,0.557279,1.000000,0.528316,0.850000,0.760000,,0.370747,679.311,2,2,0.760000,0.180000,0.010000,0.050000,0.480000,0.320000,0.000000,0.000000,NOTE_HYPOTHESIS,shared_audio_intelligence_v0_2;spectral_peak;owner_supplied_audio
BE-003:pitch:01446,BE-003:onset:0340,66.223311,774.223311,110.227273,28,3.227273,45.4734,A2,113.0493,0.255420,1.000000,0.513221,0.850000,0.550000,,0.319197,1027.824,6,1,0.550000,0.350000,0.030000,0.070000,0.480000,0.320000,0.000000,0.000000,NOTE_HYPOTHESIS,shared_audio_intelligence_v0_2;spectral_peak;owner_supplied_audio
BE-003:pitch:01447,BE-003:onset:0340,66.223311,774.223311,110.227273,28,3.227273,73.8242,D5,581.3965,0.208980,1.000000,0.513221,0.850000,0.580000,,0.319197,1027.824,6,2,0.050000,0.300000,0.580000,0.070000,0.000000,0.120000,0.580000,0.220000,NOTE_HYPOTHESIS,shared_audio_intelligence_v0_2;spectral_peak;owner_supplied_audio
BE-003:pitch:01448,BE-003:onset:0340,66.223311,774.223311,110.227273,28,3.227273,42.8047,G2,96.8994,0.534059,1.000000,0.513221,0.850000,0.760000,,0.319197,1027.824,6,3,0.760000,0.180000,0.010000,0.050000,0.480000,0.320000,0.000000,0.000000,NOTE_HYPOTHESIS,shared_audio_intelligence_v0_2;spectral_peak;owner_supplied_audio
BE-003:pitch:01449,BE-003:onset:0340,66.223311,774.223311,110.227273,28,3.227273,66.8047,G4,387.5977,0.301859,1.000000,0.513221,0.850000,0.580000,,0.319197,1027.824,6,4,0.050000,0.300000,0.580000,0.070000,0.000000,0.450000,0.250000,0.200000,NOTE_HYPOTHESIS,shared_audio_intelligence_v0_2;spectral_peak;owner_supplied_audio
BE-003:pitch:01450,BE-003:onset:0340,66.223311,774.223311,110.227273,28,3.227273,54.8047,G3,193.7988,0.441179,1.000000,0.513221,0.850000,0.550000,,0.319197,1027.824,6,5,0.550000,0.350000,0.030000,0.070000,0.480000,0.320000,0.000000,0.000000,NOTE_HYPOTHESIS,shared_audio_intelligence_v0_2;spectral_peak;owner_supplied_audio
BE-003:pitch:01451,BE-003:onset:0340,66.223311,774.223311,110.227273,28,3.227273,38.4538,D2,75.3662,1.532517,1.000000,0.513221,0.850000,0.760000,,0.319197,1027.824,6,6,0.760000,0.180000,0.010000,0.050000,0.480000,0.320000,0.000000,0.000000,NOTE_HYPOTHESIS,shared_audio_intelligence_v0_2;spectral_peak;owner_supplied_audio
BE-003:pitch:01452,BE-003:onset:0341,66.618050,774.618050,111.000000,28,4.000000,40.7656,F2,86.1328,0.232200,1.000000,0.849353,0.850000,0.760000,,0.300740,540.494,1,1,0.760000,0.180000,0.010000,0.050000,0.480000,0.320000,0.000000,0.000000,NOTE_HYPOTHESIS,shared_audio_intelligence_v0_2;spectral_peak;owner_supplied_audio
BE-003:pitch:01453,BE-003:onset:0342,66.873469,774.873469,111.458333,28,4.458333,49.8242,D3,145.3491,0.301859,1.000000,0.660804,0.850000,0.550000,,0.158451,713.403,5,1,0.550000,0.350000,0.030000,0.070000,0.480000,0.320000,0.000000,0.000000,NOTE_HYPOTHESIS,shared_audio_intelligence_v0_2;spectral_peak;owner_supplied_audio
BE-003:pitch:01454,BE-003:onset:0342,66.873469,774.873469,111.458333,28,4.458333,38.4538,D2,75.3662,1.532517,1.000000,0.660804,0.850000,0.760000,,0.158451,713.403,5,2,0.760000,0.180000,0.010000,0.050000,0.480000,0.320000,0.000000,0.000000,NOTE_HYPOTHESIS,shared_audio_intelligence_v0_2;spectral_peak;owner_supplied_audio
BE-003:pitch:01455,BE-003:onset:0342,66.873469,774.873469,111.458333,28,4.458333,35.7851,C2,64.5996,1.532517,1.000000,0.660804,0.850000,0.760000,,0.158451,713.403,5,3,0.760000,0.180000,0.010000,0.050000,0.480000,0.320000,0.000000,0.000000,NOTE_HYPOTHESIS,shared_audio_intelligence_v0_2;spectral_peak;owner_supplied_audio
BE-003:pitch:01456,BE-003:onset:0342,66.873469,774.873469,111.458333,28,4.458333,42.8047,G2,96.8994,0.975238,1.000000,0.660804,0.850000,0.760000,,0.158451,713.403,5,4,0.760000,0.180000,0.010000,0.050000,0.480000,0.320000,0.000000,0.000000,NOTE_HYPOTHESIS,shared_audio_intelligence_v0_2;spectral_peak;owner_supplied_audio
BE-003:pitch:01457,BE-003:onset:0342,66.873469,774.873469,111.458333,28,4.458333,55.7407,G#3,204.5654,0.208980,1.000000,0.660804,0.850000,0.520000,,0.158451,713.403,5,5,0.250000,0.520000,0.150000,0.080000,0.000000,0.450000,0.250000,0.200000,NOTE_HYPOTHESIS,shared_audio_intelligence_v0_2;spectral_peak;owner_supplied_audio
BE-003:pitch:01458,BE-003:onset:0343,67.198549,775.198549,112.040000,29,1.040000,39.6483,E2,80.7495,0.301859,1.000000,0.482540,0.850000,0.760000,,0.278283,592.073,3,1,0.760000,0.180000,0.010000,0.050000,0.480000,0.320000,0.000000,0.000000,NOTE_HYPOTHESIS,shared_audio_intelligence_v0_2;spectral_peak;owner_supplied_audio
BE-003:pitch:01459,BE-003:onset:0343,67.198549,775.198549,112.040000,29,1.040000,51.6483,E3,161.4990,0.301859,1.000000,0.482540,0.850000,0.550000,,0.278283,592.073,3,2,0.550000,0.350000,0.030000,0.070000,0.480000,0.320000,0.000000,0.000000,NOTE_HYPOTHESIS,shared_audio_intelligence_v0_2;spectral_peak;owner_supplied_audio
BE-003:pitch:01460,BE-003:onset:0343,67.198549,775.198549,112.040000,29,1.040000,35.7851,C2,64.5996,1.532517,1.000000,0.482540,0.850000,0.760000,,0.278283,592.073,3,3,0.760000,0.180000,0.010000,0.050000,0.480000,0.320000,0.000000,0.000000,NOTE_HYPOTHESIS,shared_audio_intelligence_v0_2;spectral_peak;owner_supplied_audio
BE-003:pitch:01461,BE-003:onset:0344,67.337868,775.337868,112.280000,29,1.280000,38.4538,D2,75.3662,1.207438,1.000000,0.335348,0.850000,0.760000,,0.244720,637.180,2,1,0.760000,0.180000,0.010000,0.050000,0.480000,0.320000,0.000000,0.000000,NOTE_HYPOTHESIS,shared_audio_intelligence_v0_2;spectral_peak;owner_supplied_audio
BE-003:pitch:01462,BE-003:onset:0344,67.337868,775.337868,112.280000,29,1.280000,51.0613,D#3,156.1157,0.464399,1.000000,0.335348,0.850000,0.550000,,0.244720,637.180,2,2,0.550000,0.350000,0.030000,0.070000,0.480000,0.320000,0.000000,0.000000,NOTE_HYPOTHESIS,shared_audio_intelligence_v0_2;spectral_peak;owner_supplied_audio
BE-003:pitch:01463,BE-003:onset:0345,67.477188,775.477188,112.520000,29,1.520000,34.2788,A#1,59.2163,0.812698,1.000000,0.465504,0.850000,0.760000,,0.272426,484.827,4,1,0.760000,0.180000,0.010000,0.050000,0.480000,0.320000,0.000000,0.000000,NOTE_HYPOTHESIS,shared_audio_intelligence_v0_2;spectral_peak;owner_supplied_audio
BE-003:pitch:01464,BE-003:onset:0345,67.477188,775.477188,112.520000,29,1.520000,38.4538,D2,75.3662,1.253878,1.000000,0.465504,0.850000,0.760000,,0.272426,484.827,4,2,0.760000,0.180000,0.010000,0.050000,0.480000,0.320000,0.000000,0.000000,NOTE_HYPOTHESIS,shared_audio_intelligence_v0_2;spectral_peak;owner_supplied_audio
BE-003:pitch:01465,BE-003:onset:0345,67.477188,775.477188,112.520000,29,1.520000,43.7407,G#2,102.2827,0.139320,1.000000,0.465504,0.850000,0.760000,,0.272426,484.827,4,3,0.760000,0.180000,0.010000,0.050000,0.480000,0.320000,0.000000,0.000000,NOTE_HYPOTHESIS,shared_audio_intelligence_v0_2;spectral_peak;owner_supplied_audio
BE-003:pitch:01466,BE-003:onset:0345,67.477188,775.477188,112.520000,29,1.520000,45.4734,A2,113.0493,0.162540,1.000000,0.465504,0.850000,0.550000,,0.272426,484.827,4,4,0.550000,0.350000,0.030000,0.070000,0.480000,0.320000,0.000000,0.000000,NOTE_HYPOTHESIS,shared_audio_intelligence_v0_2;spectral_peak;owner_supplied_audio
BE-003:pitch:01467,BE-003:onset:0346,67.616508,775.616508,112.760000,29,1.760000,37.1709,C#2,69.9829,0.766259,1.000000,0.446198,0.850000,0.760000,,0.340374,456.629,2,1,0.760000,0.180000,0.010000,0.050000,0.480000,0.320000,0.000000,0.000000,NOTE_HYPOTHESIS,shared_audio_intelligence_v0_2;spectral_peak;owner_supplied_audio
BE-003:pitch:01468,BE-003:onset:0346,67.616508,775.616508,112.760000,29,1.760000,49.8242,D3,145.3491,0.208980,1.000000,0.446198,0.850000,0.550000,,0.340374,456.629,2,2,0.550000,0.350000,0.030000,0.070000,0.480000,0.320000,0.000000,0.000000,NOTE_HYPOTHESIS,shared_audio_intelligence_v0_2;spectral_peak;owner_supplied_audio
BE-003:pitch:01469,BE-003:onset:0347,67.802268,775.802268,113.076923,29,2.076923,35.7851,C2,64.5996,0.441179,1.000000,0.374277,0.850000,0.760000,,0.479321,396.249,2,1,0.760000,0.180000,0.010000,0.050000,0.480000,0.320000,0.000000,0.000000,NOTE_HYPOTHESIS,shared_audio_intelligence_v0_2;spectral_peak;owner_supplied_audio
BE-003:pitch:01470,BE-003:onset:0347,67.802268,775.802268,113.076923,29,2.076923,47.0483,B2,123.8159,0.417959,1.000000,0.374277,0.850000,0.550000,,0.479321,396.249,2,2,0.550000,0.350000,0.030000,0.070000,0.480000,0.320000,0.000000,0.000000,NOTE_HYPOTHESIS,shared_audio_intelligence_v0_2;spectral_peak;owner_supplied_audio
BE-003:pitch:01471,BE-003:onset:0348,67.964807,775.964807,113.346154,29,2.346154,35.7851,C2,64.5996,0.278639,1.000000,0.376119,0.850000,0.760000,,0.449651,556.354,2,1,0.760000,0.180000,0.010000,0.050000,0.480000,0.320000,0.000000,0.000000,NOTE_HYPOTHESIS,shared_audio_intelligence_v0_2;spectral_peak;owner_supplied_audio
BE-003:pitch:01472,BE-003:onset:0348,67.964807,775.964807,113.346154,29,2.346154,47.7851,C3,129.1992,0.232200,1.000000,0.376119,0.850000,0.550000,,0.449651,556.354,2,2,0.550000,0.350000,0.030000,0.070000,0.480000,0.320000,0.000000,0.000000,NOTE_HYPOTHESIS,shared_audio_intelligence_v0_2;spectral_peak;owner_supplied_audio
BE-003:pitch:01473,BE-003:onset:0349,68.104127,776.104127,113.576923,29,2.576923,37.1709,C#2,69.9829,0.394739,1.000000,0.546089,0.850000,0.760000,,0.242903,591.015,3,1,0.760000,0.180000,0.010000,0.050000,0.480000,0.320000,0.000000,0.000000,NOTE_HYPOTHESIS,shared_audio_intelligence_v0_2;spectral_peak;owner_supplied_audio
BE-003:pitch:01474,BE-003:onset:0349,68.104127,776.104127,113.576923,29,2.576923,49.8242,D3,145.3491,0.255420,1.000000,0.546089,0.850000,0.550000,,0.242903,591.015,3,2,0.550000,0.350000,0.030000,0.070000,0.480000,0.320000,0.000000,0.000000,NOTE_HYPOTHESIS,shared_audio_intelligence_v0_2;spectral_peak;owner_supplied_audio
BE-003:pitch:01475,BE-003:onset:0349,68.104127,776.104127,113.576923,29,2.576923,47.7851,C3,129.1992,0.185760,1.000000,0.546089,0.850000,0.550000,,0.242903,591.015,3,3,0.550000,0.350000,0.030000,0.070000,0.480000,0.320000,0.000000,0.000000,NOTE_HYPOTHESIS,shared_audio_intelligence_v0_2;spectral_peak;owner_supplied_audio
BE-003:pitch:01476,BE-003:onset:0350,68.220227,776.220227,113.769231,29,2.769231,38.4538,D2,75.3662,0.301859,1.000000,0.551904,0.850000,0.760000,,0.315682,466.204,4,1,0.760000,0.180000,0.010000,0.050000,0.480000,0.320000,0.000000,0.000000,NOTE_HYPOTHESIS,shared_audio_intelligence_v0_2;spectral_peak;owner_supplied_audio
BE-003:pitch:01477,BE-003:onset:0350,68.220227,776.220227,113.769231,29,2.769231,35.7851,C2,64.5996,0.603719,1.000000,0.551904,0.850000,0.760000,,0.315682,466.204,4,2,0.760000,0.180000,0.010000,0.050000,0.480000,0.320000,0.000000,0.000000,NOTE_HYPOTHESIS,shared_audio_intelligence_v0_2;spectral_peak;owner_supplied_audio
BE-003:pitch:01478,BE-003:onset:0350,68.220227,776.220227,113.769231,29,2.769231,51.0613,D#3,156.1157,0.162540,1.000000,0.551904,0.850000,0.550000,,0.315682,466.204,4,3,0.550000,0.350000,0.030000,0.070000,0.480000,0.320000,0.000000,0.000000,NOTE_HYPOTHESIS,shared_audio_intelligence_v0_2;spectral_peak;owner_supplied_audio
BE-003:pitch:01479,BE-003:onset:0350,68.220227,776.220227,113.769231,29,2.769231,43.7407,G#2,102.2827,1.532517,1.000000,0.551904,0.850000,0.760000,,0.315682,466.204,4,4,0.760000,0.180000,0.010000,0.050000,0.480000,0.320000,0.000000,0.000000,NOTE_HYPOTHESIS,shared_audio_intelligence_v0_2;spectral_peak;owner_supplied_audio
BE-003:pitch:01480,BE-003:onset:0351,68.359546,776.359546,114.000000,29,3.000000,40.7656,F2,86.1328,0.348299,1.000000,0.804906,0.850000,0.760000,,0.293024,567.956,2,1,0.760000,0.180000,0.010000,0.050000,0.480000,0.320000,0.000000,0.000000,NOTE_HYPOTHESIS,shared_audio_intelligence_v0_2;spectral_peak;owner_supplied_audio
BE-003:pitch:01481,BE-003:onset:0351,68.359546,776.359546,114.000000,29,3.000000,35.7851,C2,64.5996,0.766259,1.000000,0.804906,0.850000,0.760000,,0.293024,567.956,2,2,0.760000,0.180000,0.010000,0.050000,0.480000,0.320000,0.000000,0.000000,NOTE_HYPOTHESIS,shared_audio_intelligence_v0_2;spectral_peak;owner_supplied_audio
BE-003:pitch:01482,BE-003:onset:0352,68.522086,776.522086,114.280000,29,3.280000,42.8047,G2,96.8994,0.208980,1.000000,0.808602,0.850000,0.760000,,0.314925,557.908,1,1,0.760000,0.180000,0.010000,0.050000,0.480000,0.320000,0.000000,0.000000,NOTE_HYPOTHESIS,shared_audio_intelligence_v0_2;spectral_peak;owner_supplied_audio
BE-003:pitch:01483,BE-003:onset:0353,68.661406,776.661406,114.520000,29,3.520000,45.4734,A2,113.0493,0.255420,1.000000,0.829164,0.850000,0.550000,,0.568217,679.010,4,1,0.550000,0.350000,0.030000,0.070000,0.480000,0.320000,0.000000,0.000000,NOTE_HYPOTHESIS,shared_audio_intelligence_v0_2;spectral_peak;owner_supplied_audio
BE-003:pitch:01484,BE-003:onset:0353,68.661406,776.661406,114.520000,29,3.520000,42.8047,G2,96.8994,0.069660,1.000000,0.829164,0.850000,0.760000,,0.568217,679.010,4,2,0.760000,0.180000,0.010000,0.050000,0.480000,0.320000,0.000000,0.000000,NOTE_HYPOTHESIS,shared_audio_intelligence_v0_2;spectral_peak;owner_supplied_audio
BE-003:pitch:01485,BE-003:onset:0353,68.661406,776.661406,114.520000,29,3.520000,68.8438,A4,436.0474,0.255420,1.000000,0.829164,0.850000,0.580000,,0.568217,679.010,4,3,0.050000,0.300000,0.580000,0.070000,0.000000,0.450000,0.250000,0.200000,NOTE_HYPOTHESIS,shared_audio_intelligence_v0_2;spectral_peak;owner_supplied_audio
BE-003:pitch:01486,BE-003:onset:0353,68.661406,776.661406,114.520000,29,3.520000,35.7851,C2,64.5996,0.464399,1.000000,0.829164,0.850000,0.760000,,0.568217,679.010,4,4,0.760000,0.180000,0.010000,0.050000,0.480000,0.320000,0.000000,0.000000,NOTE_HYPOTHESIS,shared_audio_intelligence_v0_2;spectral_peak;owner_supplied_audio
BE-003:pitch:01487,BE-003:onset:0354,68.963265,776.963265,115.040000,29,4.040000,64.7656,F4,344.5312,0.139320,1.000000,0.926524,0.850000,0.580000,,0.362237,652.627,3,1,0.050000,0.300000,0.580000,0.070000,0.000000,0.450000,0.250000,0.200000,NOTE_HYPOTHESIS,shared_audio_intelligence_v0_2;spectral_peak;owner_supplied_audio
BE-003:pitch:01488,BE-003:onset:0354,68.963265,776.963265,115.040000,29,4.040000,42.8047,G2,96.8994,0.603719,1.000000,0.926524,0.850000,0.760000,,0.362237,652.627,3,2,0.760000,0.180000,0.010000,0.050000,0.480000,0.320000,0.000000,0.000000,NOTE_HYPOTHESIS,shared_audio_intelligence_v0_2;spectral_peak;owner_supplied_audio
BE-003:pitch:01489,BE-003:onset:0354,68.963265,776.963265,115.040000,29,4.040000,76.9003,F5,694.4458,0.092880,1.000000,0.926524,0.850000,0.840000,,0.362237,652.627,3,3,0.010000,0.080000,0.840000,0.070000,0.000000,0.120000,0.580000,0.220000,NOTE_HYPOTHESIS,shared_audio_intelligence_v0_2;spectral_peak;owner_supplied_audio
BE-003:pitch:01490,BE-003:onset:0355,69.056145,777.056145,115.200000,29,4.200000,44.6287,A2,107.6660,1.369977,1.000000,0.743258,0.850000,0.760000,,0.427644,1445.142,3,1,0.760000,0.180000,0.010000,0.050000,0.480000,0.320000,0.000000,0.000000,NOTE_HYPOTHESIS,shared_audio_intelligence_v0_2;spectral_peak;owner_supplied_audio
BE-003:pitch:01491,BE-003:onset:0355,69.056145,777.056145,115.200000,29,4.200000,65.8151,F#4,366.0645,0.255420,1.000000,0.743258,0.850000,0.580000,,0.427644,1445.142,3,2,0.050000,0.300000,0.580000,0.070000,0.000000,0.450000,0.250000,0.200000,NOTE_HYPOTHESIS,shared_audio_intelligence_v0_2;spectral_peak;owner_supplied_audio
BE-003:pitch:01492,BE-003:onset:0355,69.056145,777.056145,115.200000,29,4.200000,64.7656,F4,344.5312,0.208980,1.000000,0.743258,0.850000,0.580000,,0.427644,1445.142,3,3,0.050000,0.300000,0.580000,0.070000,0.000000,0.450000,0.250000,0.200000,NOTE_HYPOTHESIS,shared_audio_intelligence_v0_2;spectral_peak;owner_supplied_audio
BE-003:pitch:01493,BE-003:onset:0356,69.241905,777.241905,115.520000,29,4.520000,42.8047,G2,96.8994,0.325079,1.000000,0.602806,0.850000,0.760000,,0.419569,1015.094,4,1,0.760000,0.180000,0.010000,0.050000,0.480000,0.320000,0.000000,0.000000,NOTE_HYPOTHESIS,shared_audio_intelligence_v0_2;spectral_peak;owner_supplied_audio
BE-003:pitch:01494,BE-003:onset:0356,69.241905,777.241905,115.520000,29,4.520000,66.0679,F#4,371.4478,0.092880,1.000000,0.602806,0.850000,0.580000,,0.419569,1015.094,4,2,0.050000,0.300000,0.580000,0.070000,0.000000,0.450000,0.250000,0.200000,NOTE_HYPOTHESIS,shared_audio_intelligence_v0_2;spectral_peak;owner_supplied_audio
BE-003:pitch:01495,BE-003:onset:0356,69.241905,777.241905,115.520000,29,4.520000,68.8438,A4,436.0474,0.232200,1.000000,0.602806,0.850000,0.580000,,0.419569,1015.094,4,3,0.050000,0.300000,0.580000,0.070000,0.000000,0.450000,0.250000,0.200000,NOTE_HYPOTHESIS,shared_audio_intelligence_v0_2;spectral_peak;owner_supplied_audio
BE-003:pitch:01496,BE-003:onset:0356,69.241905,777.241905,115.520000,29,4.520000,35.7851,C2,64.5996,0.325079,1.000000,0.602806,0.850000,0.760000,,0.419569,1015.094,4,4,0.760000,0.180000,0.010000,0.050000,0.480000,0.320000,0.000000,0.000000,NOTE_HYPOTHESIS,shared_audio_intelligence_v0_2;spectral_peak;owner_supplied_audio
BE-003:pitch:01497,BE-003:onset:0357,69.358005,777.358005,115.720000,29,4.720000,42.8047,G2,96.8994,0.208980,1.000000,1.000000,0.850000,0.760000,,0.512267,960.499,6,1,0.760000,0.180000,0.010000,0.050000,0.480000,0.320000,0.000000,0.000000,NOTE_HYPOTHESIS,shared_audio_intelligence_v0_2;spectral_peak;owner_supplied_audio
BE-003:pitch:01498,BE-003:onset:0357,69.358005,777.358005,115.720000,29,4.720000,83.8751,C6,1038.9771,0.139320,1.000000,1.000000,0.850000,0.840000,,0.512267,960.499,6,2,0.010000,0.080000,0.840000,0.070000,0.000000,0.120000,0.580000,0.220000,NOTE_HYPOTHESIS,shared_audio_intelligence_v0_2;spectral_peak;owner_supplied_audio
BE-003:pitch:01499,BE-003:onset:0357,69.358005,777.358005,115.720000,29,4.720000,59.7851,C4,258.3984,0.162540,1.000000,1.000000,0.850000,0.520000,,0.512267,960.499,6,3,0.250000,0.520000,0.150000,0.080000,0.000000,0.450000,0.250000,0.200000,NOTE_HYPOTHESIS,shared_audio_intelligence_v0_2;spectral_peak;owner_supplied_audio
BE-003:pitch:01500,BE-003:onset:0357,69.358005,777.358005,115.720000,29,4.720000,71.9645,C5,522.1802,0.278639,1.000000,1.000000,0.850000,0.580000,,0.512267,960.499,6,4,0.050000,0.300000,0.580000,0.070000,0.000000,0.120000,0.580000,0.220000,NOTE_HYPOTHESIS,shared_audio_intelligence_v0_2;spectral_peak;owner_supplied_audio
BE-003:pitch:01501,BE-003:onset:0357,69.358005,777.358005,115.720000,29,4.720000,39.6483,E2,80.7495,0.626939,1.000000,1.000000,0.850000,0.760000,,0.512267,960.499,6,5,0.760000,0.180000,0.010000,0.050000,0.480000,0.320000,0.000000,0.000000,NOTE_HYPOTHESIS,shared_audio_intelligence_v0_2;spectral_peak;owner_supplied_audio
BE-003:pitch:01502,BE-003:onset:0357,69.358005,777.358005,115.720000,29,4.720000,90.9841,G6,1566.5405,0.139320,1.000000,1.000000,0.850000,0.840000,,0.512267,960.499,6,6,0.010000,0.080000,0.840000,0.070000,0.000000,0.120000,0.580000,0.220000,NOTE_HYPOTHESIS,shared_audio_intelligence_v0_2;spectral_peak;owner_supplied_audio
BE-003:pitch:01503,BE-003:onset:0358,69.520544,777.520544,116.000000,30,1.000000,74.9115,D#5,619.0796,0.232200,1.000000,0.755666,0.850000,0.580000,,0.809258,1109.918,4,1,0.050000,0.300000,0.580000,0.070000,0.000000,0.120000,0.580000,0.220000,NOTE_HYPOTHESIS,shared_audio_intelligence_v0_2;spectral_peak;owner_supplied_audio
BE-003:pitch:01504,BE-003:onset:0358,69.520544,777.520544,116.000000,30,1.000000,44.6287,A2,107.6660,0.905578,1.000000,0.755666,0.850000,0.760000,,0.809258,1109.918,4,2,0.760000,0.180000,0.010000,0.050000,0.480000,0.320000,0.000000,0.000000,NOTE_HYPOTHESIS,shared_audio_intelligence_v0_2;spectral_peak;owner_supplied_audio
BE-003:pitch:01505,BE-003:onset:0358,69.520544,777.520544,116.000000,30,1.000000,62.7603,D#4,306.8481,0.301859,1.000000,0.755666,0.850000,0.520000,,0.809258,1109.918,4,3,0.250000,0.520000,0.150000,0.080000,0.000000,0.450000,0.250000,0.200000,NOTE_HYPOTHESIS,shared_audio_intelligence_v0_2;spectral_peak;owner_supplied_audio
BE-003:pitch:01506,BE-003:onset:0358,69.520544,777.520544,116.000000,30,1.000000,93.9811,A#6,1862.6221,0.162540,1.000000,0.755666,0.850000,0.840000,,0.809258,1109.918,4,4,0.010000,0.080000,0.840000,0.070000,0.000000,0.120000,0.580000,0.220000,NOTE_HYPOTHESIS,shared_audio_intelligence_v0_2;spectral_peak;owner_supplied_audio
BE-003:pitch:01507,BE-003:onset:0359,69.683084,777.683084,116.269231,30,1.269231,73.8242,D5,581.3965,0.139320,1.000000,0.660695,0.850000,0.580000,,0.759802,934.627,5,1,0.050000,0.300000,0.580000,0.070000,0.000000,0.120000,0.580000,0.220000,NOTE_HYPOTHESIS,shared_audio_intelligence_v0_2;spectral_peak;owner_supplied_audio
BE-003:pitch:01508,BE-003:onset:0359,69.683084,777.683084,116.269231,30,1.269231,45.4734,A2,113.0493,0.766259,1.000000,0.660695,0.850000,0.550000,,0.759802,934.627,5,2,0.550000,0.350000,0.030000,0.070000,0.480000,0.320000,0.000000,0.000000,NOTE_HYPOTHESIS,shared_audio_intelligence_v0_2;spectral_peak;owner_supplied_audio
BE-003:pitch:01509,BE-003:onset:0359,69.683084,777.683084,116.269231,30,1.269231,61.8242,D4,290.6982,0.139320,1.000000,0.660695,0.850000,0.520000,,0.759802,934.627,5,3,0.250000,0.520000,0.150000,0.080000,0.000000,0.450000,0.250000,0.200000,NOTE_HYPOTHESIS,shared_audio_intelligence_v0_2;spectral_peak;owner_supplied_audio
BE-003:pitch:01510,BE-003:onset:0359,69.683084,777.683084,116.269231,30,1.269231,74.9115,D#5,619.0796,0.092880,1.000000,0.660695,0.850000,0.580000,,0.759802,934.627,5,4,0.050000,0.300000,0.580000,0.070000,0.000000,0.120000,0.580000,0.220000,NOTE_HYPOTHESIS,shared_audio_intelligence_v0_2;spectral_peak;owner_supplied_audio
BE-003:pitch:01511,BE-003:onset:0359,69.683084,777.683084,116.269231,30,1.269231,63.0613,D#4,312.2314,0.116100,1.000000,0.660695,0.850000,0.520000,,0.759802,934.627,5,5,0.250000,0.520000,0.150000,0.080000,0.000000,0.450000,0.250000,0.200000,NOTE_HYPOTHESIS,shared_audio_intelligence_v0_2;spectral_peak;owner_supplied_audio
BE-003:pitch:01512,BE-003:onset:0360,69.845624,777.845624,116.538462,30,1.538462,45.4734,A2,113.0493,0.696599,1.000000,0.641323,0.850000,0.550000,,0.332567,1148.221,4,1,0.550000,0.350000,0.030000,0.070000,0.480000,0.320000,0.000000,0.000000,NOTE_HYPOTHESIS,shared_audio_intelligence_v0_2;spectral_peak;owner_supplied_audio
BE-003:pitch:01513,BE-003:onset:0360,69.845624,777.845624,116.538462,30,1.538462,73.9838,D5,586.7798,0.092880,1.000000,0.641323,0.850000,0.580000,,0.332567,1148.221,4,2,0.050000,0.300000,0.580000,0.070000,0.000000,0.120000,0.580000,0.220000,NOTE_HYPOTHESIS,shared_audio_intelligence_v0_2;spectral_peak;owner_supplied_audio
BE-003:pitch:01514,BE-003:onset:0360,69.845624,777.845624,116.538462,30,1.538462,57.8808,A#3,231.4819,0.789478,1.000000,0.641323,0.850000,0.520000,,0.332567,1148.221,4,3,0.250000,0.520000,0.150000,0.080000,0.000000,0.450000,0.250000,0.200000,NOTE_HYPOTHESIS,shared_audio_intelligence_v0_2;spectral_peak;owner_supplied_audio
BE-003:pitch:01515,BE-003:onset:0360,69.845624,777.845624,116.538462,30,1.538462,85.9042,D6,1168.1763,0.092880,0.980140,0.641323,0.840070,0.840000,,0.332567,1148.221,4,4,0.010000,0.080000,0.840000,0.070000,0.000000,0.120000,0.580000,0.220000,NOTE_HYPOTHESIS,shared_audio_intelligence_v0_2;spectral_peak;owner_supplied_audio
BE-003:pitch:01516,BE-003:onset:0361,69.938503,777.938503,116.692308,30,1.692308,59.7851,C4,258.3984,0.232200,1.000000,0.790114,0.850000,0.520000,,0.497182,1146.175,6,1,0.250000,0.520000,0.150000,0.080000,0.000000,0.450000,0.250000,0.200000,NOTE_HYPOTHESIS,shared_audio_intelligence_v0_2;spectral_peak;owner_supplied_audio
BE-003:pitch:01517,BE-003:onset:0361,69.938503,777.938503,116.692308,30,1.692308,83.8751,C6,1038.9771,0.208980,1.000000,0.790114,0.850000,0.840000,,0.497182,1146.175,6,2,0.010000,0.080000,0.840000,0.070000,0.000000,0.120000,0.580000,0.220000,NOTE_HYPOTHESIS,shared_audio_intelligence_v0_2;spectral_peak;owner_supplied_audio
BE-003:pitch:01518,BE-003:onset:0361,69.938503,777.938503,116.692308,30,1.692308,71.7851,C5,516.7969,0.301859,1.000000,0.790114,0.850000,0.580000,,0.497182,1146.175,6,3,0.050000,0.300000,0.580000,0.070000,0.000000,0.120000,0.580000,0.220000,NOTE_HYPOTHESIS,shared_audio_intelligence_v0_2;spectral_peak;owner_supplied_audio
BE-003:pitch:01519,BE-003:onset:0361,69.938503,777.938503,116.692308,30,1.692308,45.4734,A2,113.0493,0.603719,1.000000,0.790114,0.850000,0.550000,,0.497182,1146.175,6,4,0.550000,0.350000,0.030000,0.070000,0.480000,0.320000,0.000000,0.000000,NOTE_HYPOTHESIS,shared_audio_intelligence_v0_2;spectral_peak;owner_supplied_audio
BE-003:pitch:01520,BE-003:onset:0361,69.938503,777.938503,116.692308,30,1.692308,57.8808,A#3,231.4819,0.696599,1.000000,0.790114,0.850000,0.520000,,0.497182,1146.175,6,5,0.250000,0.520000,0.150000,0.080000,0.000000,0.450000,0.250000,0.200000,NOTE_HYPOTHESIS,shared_audio_intelligence_v0_2;spectral_peak;owner_supplied_audio
BE-003:pitch:01521,BE-003:onset:0361,69.938503,777.938503,116.692308,30,1.692308,90.9245,G6,1561.1572,0.162540,1.000000,0.790114,0.850000,0.840000,,0.497182,1146.175,6,6,0.010000,0.080000,0.840000,0.070000,0.000000,0.120000,0.580000,0.220000,NOTE_HYPOTHESIS,shared_audio_intelligence_v0_2;spectral_peak;owner_supplied_audio
BE-003:pitch:01522,BE-003:onset:0362,70.124263,778.124263,117.000000,30,2.000000,45.4734,A2,113.0493,0.394739,1.000000,0.611985,0.850000,0.550000,,0.335501,1197.431,5,1,0.550000,0.350000,0.030000,0.070000,0.480000,0.320000,0.000000,0.000000,NOTE_HYPOTHESIS,shared_audio_intelligence_v0_2;spectral_peak;owner_supplied_audio
BE-003:pitch:01523,BE-003:onset:0362,70.124263,778.124263,117.000000,30,2.000000,71.9645,C5,522.1802,0.116100,1.000000,0.611985,0.850000,0.580000,,0.335501,1197.431,5,2,0.050000,0.300000,0.580000,0.070000,0.000000,0.120000,0.580000,0.220000,NOTE_HYPOTHESIS,shared_audio_intelligence_v0_2;spectral_peak;owner_supplied_audio
BE-003:pitch:01524,BE-003:onset:0362,70.124263,778.124263,117.000000,30,2.000000,59.7851,C4,258.3984,0.208980,1.000000,0.611985,0.850000,0.520000,,0.335501,1197.431,5,3,0.250000,0.520000,0.150000,0.080000,0.000000,0.450000,0.250000,0.200000,NOTE_HYPOTHESIS,shared_audio_intelligence_v0_2;spectral_peak;owner_supplied_audio
BE-003:pitch:01525,BE-003:onset:0362,70.124263,778.124263,117.000000,30,2.000000,83.9645,C6,1044.3604,0.046440,1.000000,0.611985,0.850000,0.840000,,0.335501,1197.431,5,4,0.010000,0.080000,0.840000,0.070000,0.000000,0.120000,0.580000,0.220000,NOTE_HYPOTHESIS,shared_audio_intelligence_v0_2;spectral_peak;owner_supplied_audio
BE-003:pitch:01526,BE-003:onset:0362,70.124263,778.124263,117.000000,30,2.000000,68.8438,A4,436.0474,0.185760,1.000000,0.611985,0.850000,0.580000,,0.335501,1197.431,5,5,0.050000,0.300000,0.580000,0.070000,0.000000,0.450000,0.250000,0.200000,NOTE_HYPOTHESIS,shared_audio_intelligence_v0_2;spectral_peak;owner_supplied_audio
BE-003:pitch:01527,BE-003:onset:0363,70.263583,778.263583,117.240000,30,2.240000,45.4734,A2,113.0493,0.255420,1.000000,1.000000,0.850000,0.550000,,0.257173,1245.508,6,1,0.550000,0.350000,0.030000,0.070000,0.480000,0.320000,0.000000,0.000000,NOTE_HYPOTHESIS,shared_audio_intelligence_v0_2;spectral_peak;owner_supplied_audio
BE-003:pitch:01528,BE-003:onset:0363,70.263583,778.263583,117.240000,30,2.240000,57.8808,A#3,231.4819,0.278639,1.000000,1.000000,0.850000,0.520000,,0.257173,1245.508,6,2,0.250000,0.520000,0.150000,0.080000,0.000000,0.450000,0.250000,0.200000,NOTE_HYPOTHESIS,shared_audio_intelligence_v0_2;spectral_peak;owner_supplied_audio
BE-003:pitch:01529,BE-003:onset:0363,70.263583,778.263583,117.240000,30,2.240000,69.8808,A#4,462.9639,0.232200,1.000000,1.000000,0.850000,0.580000,,0.257173,1245.508,6,3,0.050000,0.300000,0.580000,0.070000,0.000000,0.450000,0.250000,0.200000,NOTE_HYPOTHESIS,shared_audio_intelligence_v0_2;spectral_peak;owner_supplied_audio
BE-003:pitch:01530,BE-003:onset:0363,70.263583,778.263583,117.240000,30,2.240000,81.8808,A#5,925.9277,0.162540,1.000000,1.000000,0.850000,0.840000,,0.257173,1245.508,6,4,0.010000,0.080000,0.840000,0.070000,0.000000,0.120000,0.580000,0.220000,NOTE_HYPOTHESIS,shared_audio_intelligence_v0_2;spectral_peak;owner_supplied_audio
BE-003:pitch:01531,BE-003:onset:0363,70.263583,778.263583,117.240000,30,2.240000,59.7851,C4,258.3984,0.116100,1.000000,1.000000,0.850000,0.520000,,0.257173,1245.508,6,5,0.250000,0.520000,0.150000,0.080000,0.000000,0.450000,0.250000,0.200000,NOTE_HYPOTHESIS,shared_audio_intelligence_v0_2;spectral_peak;owner_supplied_audio
BE-003:pitch:01532,BE-003:onset:0363,70.263583,778.263583,117.240000,30,2.240000,88.9673,F6,1394.2749,0.139320,1.000000,1.000000,0.850000,0.840000,,0.257173,1245.508,6,6,0.010000,0.080000,0.840000,0.070000,0.000000,0.120000,0.580000,0.220000,NOTE_HYPOTHESIS,shared_audio_intelligence_v0_2;spectral_peak;owner_supplied_audio
BE-003:pitch:01533,BE-003:onset:0364,70.426122,778.426122,117.520000,30,2.520000,57.8808,A#3,231.4819,0.162540,1.000000,0.673295,0.850000,0.520000,,0.243565,990.186,6,1,0.250000,0.520000,0.150000,0.080000,0.000000,0.450000,0.250000,0.200000,NOTE_HYPOTHESIS,shared_audio_intelligence_v0_2;spectral_peak;owner_supplied_audio
BE-003:pitch:01534,BE-003:onset:0364,70.426122,778.426122,117.520000,30,2.520000,44.6287,A2,107.6660,1.323537,1.000000,0.673295,0.850000,0.760000,,0.243565,990.186,6,2,0.760000,0.180000,0.010000,0.050000,0.480000,0.320000,0.000000,0.000000,NOTE_HYPOTHESIS,shared_audio_intelligence_v0_2;spectral_peak;owner_supplied_audio
BE-003:pitch:01535,BE-003:onset:0364,70.426122,778.426122,117.520000,30,2.520000,66.8047,G4,387.5977,0.348299,1.000000,0.673295,0.850000,0.580000,,0.243565,990.186,6,3,0.050000,0.300000,0.580000,0.070000,0.000000,0.450000,0.250000,0.200000,NOTE_HYPOTHESIS,shared_audio_intelligence_v0_2;spectral_peak;owner_supplied_audio
BE-003:pitch:01536,BE-003:onset:0364,70.426122,778.426122,117.520000,30,2.520000,69.8808,A#4,462.9639,0.139320,1.000000,0.673295,0.850000,0.580000,,0.243565,990.186,6,4,0.050000,0.300000,0.580000,0.070000,0.000000,0.450000,0.250000,0.200000,NOTE_HYPOTHESIS,shared_audio_intelligence_v0_2;spectral_peak;owner_supplied_audio
BE-003:pitch:01537,BE-003:onset:0364,70.426122,778.426122,117.520000,30,2.520000,78.9245,G5,780.5786,0.208980,1.000000,0.673295,0.850000,0.840000,,0.243565,990.186,6,5,0.010000,0.080000,0.840000,0.070000,0.000000,0.120000,0.580000,0.220000,NOTE_HYPOTHESIS,shared_audio_intelligence_v0_2;spectral_peak;owner_supplied_audio
BE-003:pitch:01538,BE-003:onset:0364,70.426122,778.426122,117.520000,30,2.520000,85.9042,D6,1168.1763,0.139320,1.000000,0.673295,0.850000,0.840000,,0.243565,990.186,6,6,0.010000,0.080000,0.840000,0.070000,0.000000,0.120000,0.580000,0.220000,NOTE_HYPOTHESIS,shared_audio_intelligence_v0_2;spectral_peak;owner_supplied_audio
BE-003:pitch:01539,BE-003:onset:0365,70.472562,778.472562,117.600000,30,2.600000,66.8047,G4,387.5977,0.255420,1.000000,0.668554,0.850000,0.580000,,0.229807,1050.878,6,1,0.050000,0.300000,0.580000,0.070000,0.000000,0.450000,0.250000,0.200000,NOTE_HYPOTHESIS,shared_audio_intelligence_v0_2;spectral_peak;owner_supplied_audio
BE-003:pitch:01540,BE-003:onset:0365,70.472562,778.472562,117.600000,30,2.600000,78.9245,G5,780.5786,0.139320,1.000000,0.668554,0.850000,0.840000,,0.229807,1050.878,6,2,0.010000,0.080000,0.840000,0.070000,0.000000,0.120000,0.580000,0.220000,NOTE_HYPOTHESIS,shared_audio_intelligence_v0_2;spectral_peak;owner_supplied_audio
BE-003:pitch:01541,BE-003:onset:0365,70.472562,778.472562,117.600000,30,2.600000,44.6287,A2,107.6660,1.277098,1.000000,0.668554,0.850000,0.760000,,0.229807,1050.878,6,3,0.760000,0.180000,0.010000,0.050000,0.480000,0.320000,0.000000,0.000000,NOTE_HYPOTHESIS,shared_audio_intelligence_v0_2;spectral_peak;owner_supplied_audio
BE-003:pitch:01542,BE-003:onset:0365,70.472562,778.472562,117.600000,30,2.600000,57.8808,A#3,231.4819,0.162540,1.000000,0.668554,0.850000,0.520000,,0.229807,1050.878,6,4,0.250000,0.520000,0.150000,0.080000,0.000000,0.450000,0.250000,0.200000,NOTE_HYPOTHESIS,shared_audio_intelligence_v0_2;spectral_peak;owner_supplied_audio
BE-003:pitch:01543,BE-003:onset:0365,70.472562,778.472562,117.600000,30,2.600000,73.8242,D5,581.3965,0.139320,1.000000,0.668554,0.850000,0.580000,,0.229807,1050.878,6,5,0.050000,0.300000,0.580000,0.070000,0.000000,0.120000,0.580000,0.220000,NOTE_HYPOTHESIS,shared_audio_intelligence_v0_2;spectral_peak;owner_supplied_audio
BE-003:pitch:01544,BE-003:onset:0365,70.472562,778.472562,117.600000,30,2.600000,85.9042,D6,1168.1763,0.092880,1.000000,0.668554,0.850000,0.840000,,0.229807,1050.878,6,6,0.010000,0.080000,0.840000,0.070000,0.000000,0.120000,0.580000,0.220000,NOTE_HYPOTHESIS,shared_audio_intelligence_v0_2;spectral_peak;owner_supplied_audio
BE-003:pitch:01545,BE-003:onset:0366,70.565442,778.565442,117.760000,30,2.760000,66.8047,G4,387.5977,0.185760,1.000000,0.543188,0.850000,0.580000,,0.143458,1569.883,6,1,0.050000,0.300000,0.580000,0.070000,0.000000,0.450000,0.250000,0.200000,NOTE_HYPOTHESIS,shared_audio_intelligence_v0_2;spectral_peak;owner_supplied_audio
BE-003:pitch:01546,BE-003:onset:0366,70.565442,778.565442,117.760000,30,2.760000,44.6287,A2,107.6660,1.532517,1.000000,0.543188,0.850000,0.760000,,0.143458,1569.883,6,2,0.760000,0.180000,0.010000,0.050000,0.480000,0.320000,0.000000,0.000000,NOTE_HYPOTHESIS,shared_audio_intelligence_v0_2;spectral_peak;owner_supplied_audio
BE-003:pitch:01547,BE-003:onset:0366,70.565442,778.565442,117.760000,30,2.760000,73.9838,D5,586.7798,0.069660,1.000000,0.543188,0.850000,0.580000,,0.143458,1569.883,6,3,0.050000,0.300000,0.580000,0.070000,0.000000,0.120000,0.580000,0.220000,NOTE_HYPOTHESIS,shared_audio_intelligence_v0_2;spectral_peak;owner_supplied_audio
BE-003:pitch:01548,BE-003:onset:0366,70.565442,778.565442,117.760000,30,2.760000,54.8047,G3,193.7988,0.325079,1.000000,0.543188,0.850000,0.550000,,0.143458,1569.883,6,4,0.550000,0.350000,0.030000,0.070000,0.480000,0.320000,0.000000,0.000000,NOTE_HYPOTHESIS,shared_audio_intelligence_v0_2;spectral_peak;owner_supplied_audio
BE-003:pitch:01549,BE-003:onset:0366,70.565442,778.565442,117.760000,30,2.760000,78.9245,G5,780.5786,0.092880,1.000000,0.543188,0.850000,0.840000,,0.143458,1569.883,6,5,0.010000,0.080000,0.840000,0.070000,0.000000,0.120000,0.580000,0.220000,NOTE_HYPOTHESIS,shared_audio_intelligence_v0_2;spectral_peak;owner_supplied_audio
BE-003:pitch:01550,BE-003:onset:0366,70.565442,778.565442,117.760000,30,2.760000,57.8808,A#3,231.4819,0.603719,1.000000,0.543188,0.850000,0.520000,,0.143458,1569.883,6,6,0.250000,0.520000,0.150000,0.080000,0.000000,0.450000,0.250000,0.200000,NOTE_HYPOTHESIS,shared_audio_intelligence_v0_2;spectral_peak;owner_supplied_audio
BE-003:pitch:01551,BE-003:onset:0367,70.704762,778.704762,118.000000,30,3.000000,41.8151,F#2,91.5161,0.696599,1.000000,1.000000,0.850000,0.760000,,0.206244,984.298,5,1,0.760000,0.180000,0.010000,0.050000,0.480000,0.320000,0.000000,0.000000,NOTE_HYPOTHESIS,shared_audio_intelligence_v0_2;spectral_peak;owner_supplied_audio
BE-003:pitch:01552,BE-003:onset:0367,70.704762,778.704762,118.000000,30,3.000000,35.7851,C2,64.5996,0.928798,1.000000,1.000000,0.850000,0.760000,,0.206244,984.298,5,2,0.760000,0.180000,0.010000,0.050000,0.480000,0.320000,0.000000,0.000000,NOTE_HYPOTHESIS,shared_audio_intelligence_v0_2;spectral_peak;owner_supplied_audio
BE-003:pitch:01553,BE-003:onset:0367,70.704762,778.704762,118.000000,30,3.000000,44.6287,A2,107.6660,1.044898,1.000000,1.000000,0.850000,0.760000,,0.206244,984.298,5,3,0.760000,0.180000,0.010000,0.050000,0.480000,0.320000,0.000000,0.000000,NOTE_HYPOTHESIS,shared_audio_intelligence_v0_2;spectral_peak;owner_supplied_audio
BE-003:pitch:01554,BE-003:onset:0367,70.704762,778.704762,118.000000,30,3.000000,47.0483,B2,123.8159,1.369977,1.000000,1.000000,0.850000,0.550000,,0.206244,984.298,5,4,0.550000,0.350000,0.030000,0.070000,0.480000,0.320000,0.000000,0.000000,NOTE_HYPOTHESIS,shared_audio_intelligence_v0_2;spectral_peak;owner_supplied_audio
BE-003:pitch:01555,BE-003:onset:0367,70.704762,778.704762,118.000000,30,3.000000,67.0435,G4,392.9810,0.162540,1.000000,1.000000,0.850000,0.580000,,0.206244,984.298,5,5,0.050000,0.300000,0.580000,0.070000,0.000000,0.450000,0.250000,0.200000,NOTE_HYPOTHESIS,shared_audio_intelligence_v0_2;spectral_peak;owner_supplied_audio
BE-003:pitch:01556,BE-003:onset:0368,70.820862,778.820862,118.200000,30,3.200000,44.6287,A2,107.6660,0.185760,1.000000,0.650975,0.850000,0.760000,,0.523038,840.027,1,1,0.760000,0.180000,0.010000,0.050000,0.480000,0.320000,0.000000,0.000000,NOTE_HYPOTHESIS,shared_audio_intelligence_v0_2;spectral_peak;owner_supplied_audio
BE-003:pitch:01557,BE-003:onset:0369,71.006621,779.006621,118.520000,30,3.520000,41.8151,F#2,91.5161,0.371519,1.000000,0.578879,0.850000,0.760000,,0.374944,788.146,3,1,0.760000,0.180000,0.010000,0.050000,0.480000,0.320000,0.000000,0.000000,NOTE_HYPOTHESIS,shared_audio_intelligence_v0_2;spectral_peak;owner_supplied_audio
BE-003:pitch:01558,BE-003:onset:0369,71.006621,779.006621,118.520000,30,3.520000,35.7851,C2,64.5996,0.139320,1.000000,0.578879,0.850000,0.760000,,0.374944,788.146,3,2,0.760000,0.180000,0.010000,0.050000,0.480000,0.320000,0.000000,0.000000,NOTE_HYPOTHESIS,shared_audio_intelligence_v0_2;spectral_peak;owner_supplied_audio
BE-003:pitch:01559,BE-003:onset:0369,71.006621,779.006621,118.520000,30,3.520000,45.4734,A2,113.0493,0.743039,1.000000,0.578879,0.850000,0.550000,,0.374944,788.146,3,3,0.550000,0.350000,0.030000,0.070000,0.480000,0.320000,0.000000,0.000000,NOTE_HYPOTHESIS,shared_audio_intelligence_v0_2;spectral_peak;owner_supplied_audio
BE-003:pitch:01560,BE-003:onset:0370,71.122721,779.122721,118.720000,30,3.720000,42.8047,G2,96.8994,0.232200,1.000000,0.699406,0.850000,0.760000,,0.440470,926.994,1,1,0.760000,0.180000,0.010000,0.050000,0.480000,0.320000,0.000000,0.000000,NOTE_HYPOTHESIS,shared_audio_intelligence_v0_2;spectral_peak;owner_supplied_audio
BE-003:pitch:01561,BE-003:onset:0371,71.308481,779.308481,119.041667,30,4.041667,45.4734,A2,113.0493,0.208980,1.000000,0.884822,0.850000,0.550000,,0.502136,607.948,1,1,0.550000,0.350000,0.030000,0.070000,0.480000,0.320000,0.000000,0.000000,NOTE_HYPOTHESIS,shared_audio_intelligence_v0_2;spectral_peak;owner_supplied_audio
BE-003:pitch:01562,BE-003:onset:0372,71.447800,779.447800,119.291667,30,4.291667,45.4734,A2,113.0493,0.139320,1.000000,0.765438,0.850000,0.550000,,0.260018,1125.825,1,1,0.550000,0.350000,0.030000,0.070000,0.480000,0.320000,0.000000,0.000000,NOTE_HYPOTHESIS,shared_audio_intelligence_v0_2;spectral_peak;owner_supplied_audio
BE-003:pitch:01563,BE-003:onset:0373,71.587120,779.587120,119.541667,30,4.541667,47.7851,C3,129.1992,0.139320,1.000000,1.000000,0.850000,0.550000,,0.248902,954.751,2,1,0.550000,0.350000,0.030000,0.070000,0.480000,0.320000,0.000000,0.000000,NOTE_HYPOTHESIS,shared_audio_intelligence_v0_2;spectral_peak;owner_supplied_audio
BE-003:pitch:01564,BE-003:onset:0373,71.587120,779.587120,119.541667,30,4.541667,42.8047,G2,96.8994,0.162540,1.000000,1.000000,0.850000,0.760000,,0.248902,954.751,2,2,0.760000,0.180000,0.010000,0.050000,0.480000,0.320000,0.000000,0.000000,NOTE_HYPOTHESIS,shared_audio_intelligence_v0_2;spectral_peak;owner_supplied_audio
BE-003:pitch:01565,BE-003:onset:0374,71.865760,779.865760,120.041667,31,1.041667,49.8242,D3,145.3491,0.696599,1.000000,0.625247,0.850000,0.550000,,0.164789,1016.855,4,1,0.550000,0.350000,0.030000,0.070000,0.480000,0.320000,0.000000,0.000000,NOTE_HYPOTHESIS,shared_audio_intelligence_v0_2;spectral_peak;owner_supplied_audio
BE-003:pitch:01566,BE-003:onset:0374,71.865760,779.865760,120.041667,31,1.041667,43.7407,G#2,102.2827,0.116100,1.000000,0.625247,0.850000,0.760000,,0.164789,1016.855,4,2,0.760000,0.180000,0.010000,0.050000,0.480000,0.320000,0.000000,0.000000,NOTE_HYPOTHESIS,shared_audio_intelligence_v0_2;spectral_peak;owner_supplied_audio
BE-003:pitch:01567,BE-003:onset:0374,71.865760,779.865760,120.041667,31,1.041667,52.7656,F3,172.2656,1.253878,1.000000,0.625247,0.850000,0.550000,,0.164789,1016.855,4,3,0.550000,0.350000,0.030000,0.070000,0.480000,0.320000,0.000000,0.000000,NOTE_HYPOTHESIS,shared_audio_intelligence_v0_2;spectral_peak;owner_supplied_audio
BE-003:pitch:01568,BE-003:onset:0374,71.865760,779.865760,120.041667,31,1.041667,55.7407,G#3,204.5654,0.441179,1.000000,0.625247,0.850000,0.520000,,0.164789,1016.855,4,4,0.250000,0.520000,0.150000,0.080000,0.000000,0.450000,0.250000,0.200000,NOTE_HYPOTHESIS,shared_audio_intelligence_v0_2;spectral_peak;owner_supplied_audio
BE-003:pitch:01569,BE-003:onset:0375,72.005079,780.005079,120.291667,31,1.291667,53.2983,F3,177.6489,0.325079,1.000000,0.953952,0.850000,0.550000,,0.159300,716.345,6,1,0.550000,0.350000,0.030000,0.070000,0.480000,0.320000,0.000000,0.000000,NOTE_HYPOTHESIS,shared_audio_intelligence_v0_2;spectral_peak;owner_supplied_audio
BE-003:pitch:01570,BE-003:onset:0375,72.005079,780.005079,120.291667,31,1.291667,49.8242,D3,145.3491,0.696599,1.000000,0.953952,0.850000,0.550000,,0.159300,716.345,6,2,0.550000,0.350000,0.030000,0.070000,0.480000,0.320000,0.000000,0.000000,NOTE_HYPOTHESIS,shared_audio_intelligence_v0_2;spectral_peak;owner_supplied_audio
BE-003:pitch:01571,BE-003:onset:0375,72.005079,780.005079,120.291667,31,1.291667,39.6483,E2,80.7495,0.255420,1.000000,0.953952,0.850000,0.760000,,0.159300,716.345,6,3,0.760000,0.180000,0.010000,0.050000,0.480000,0.320000,0.000000,0.000000,NOTE_HYPOTHESIS,shared_audio_intelligence_v0_2;spectral_peak;owner_supplied_audio
BE-003:pitch:01572,BE-003:onset:0375,72.005079,780.005079,120.291667,31,1.291667,64.4929,E4,339.1479,1.532517,1.000000,0.953952,0.850000,0.580000,,0.159300,716.345,6,4,0.050000,0.300000,0.580000,0.070000,0.000000,0.450000,0.250000,0.200000,NOTE_HYPOTHESIS,shared_audio_intelligence_v0_2;spectral_peak;owner_supplied_audio
BE-003:pitch:01573,BE-003:onset:0375,72.005079,780.005079,120.291667,31,1.291667,71.9645,C5,522.1802,0.557279,1.000000,0.953952,0.850000,0.580000,,0.159300,716.345,6,5,0.050000,0.300000,0.580000,0.070000,0.000000,0.120000,0.580000,0.220000,NOTE_HYPOTHESIS,shared_audio_intelligence_v0_2;spectral_peak;owner_supplied_audio
BE-003:pitch:01574,BE-003:onset:0375,72.005079,780.005079,120.291667,31,1.291667,55.2790,G3,199.1821,0.301859,1.000000,0.953952,0.850000,0.520000,,0.159300,716.345,6,6,0.250000,0.520000,0.150000,0.080000,0.000000,0.450000,0.250000,0.200000,NOTE_HYPOTHESIS,shared_audio_intelligence_v0_2;spectral_peak;owner_supplied_audio
BE-003:pitch:01575,BE-003:onset:0376,72.214059,780.214059,120.666667,31,1.666667,64.7656,F4,344.5312,0.325079,1.000000,0.957728,0.850000,0.580000,,0.489075,608.054,3,1,0.050000,0.300000,0.580000,0.070000,0.000000,0.450000,0.250000,0.200000,NOTE_HYPOTHESIS,shared_audio_intelligence_v0_2;spectral_peak;owner_supplied_audio
BE-003:pitch:01576,BE-003:onset:0376,72.214059,780.214059,120.666667,31,1.666667,49.8242,D3,145.3491,0.162540,1.000000,0.957728,0.850000,0.550000,,0.489075,608.054,3,2,0.550000,0.350000,0.030000,0.070000,0.480000,0.320000,0.000000,0.000000,NOTE_HYPOTHESIS,shared_audio_intelligence_v0_2;spectral_peak;owner_supplied_audio
BE-003:pitch:01577,BE-003:onset:0376,72.214059,780.214059,120.666667,31,1.666667,76.9003,F5,694.4458,0.232200,1.000000,0.957728,0.850000,0.840000,,0.489075,608.054,3,3,0.010000,0.080000,0.840000,0.070000,0.000000,0.120000,0.580000,0.220000,NOTE_HYPOTHESIS,shared_audio_intelligence_v0_2;spectral_peak;owner_supplied_audio
BE-003:pitch:01578,BE-003:onset:0377,72.446259,780.446259,121.083333,31,2.083333,65.0340,F4,349.9146,1.021678,1.000000,0.549394,0.850000,0.580000,,0.242564,766.277,5,1,0.050000,0.300000,0.580000,0.070000,0.000000,0.450000,0.250000,0.200000,NOTE_HYPOTHESIS,shared_audio_intelligence_v0_2;spectral_peak;owner_supplied_audio
BE-003:pitch:01579,BE-003:onset:0377,72.446259,780.446259,121.083333,31,2.083333,52.7656,F3,172.2656,0.348299,1.000000,0.549394,0.850000,0.550000,,0.242564,766.277,5,2,0.550000,0.350000,0.030000,0.070000,0.480000,0.320000,0.000000,0.000000,NOTE_HYPOTHESIS,shared_audio_intelligence_v0_2;spectral_peak;owner_supplied_audio
BE-003:pitch:01580,BE-003:onset:0377,72.446259,780.446259,121.083333,31,2.083333,63.9344,E4,328.3813,0.882358,1.000000,0.549394,0.850000,0.520000,,0.242564,766.277,5,3,0.250000,0.520000,0.150000,0.080000,0.000000,0.450000,0.250000,0.200000,NOTE_HYPOTHESIS,shared_audio_intelligence_v0_2;spectral_peak;owner_supplied_audio
BE-003:pitch:01581,BE-003:onset:0377,72.446259,780.446259,121.083333,31,2.083333,43.7407,G#2,102.2827,0.185760,1.000000,0.549394,0.850000,0.760000,,0.242564,766.277,5,4,0.760000,0.180000,0.010000,0.050000,0.480000,0.320000,0.000000,0.000000,NOTE_HYPOTHESIS,shared_audio_intelligence_v0_2;spectral_peak;owner_supplied_audio
BE-003:pitch:01582,BE-003:onset:0377,72.446259,780.446259,121.083333,31,2.083333,49.8242,D3,145.3491,0.301859,1.000000,0.549394,0.850000,0.550000,,0.242564,766.277,5,5,0.550000,0.350000,0.030000,0.070000,0.480000,0.320000,0.000000,0.000000,NOTE_HYPOTHESIS,shared_audio_intelligence_v0_2;spectral_peak;owner_supplied_audio
BE-003:pitch:01583,BE-003:onset:0378,72.562358,780.562358,121.291667,31,2.291667,54.8047,G3,193.7988,0.185760,1.000000,0.624869,0.850000,0.550000,,0.304485,707.921,6,1,0.550000,0.350000,0.030000,0.070000,0.480000,0.320000,0.000000,0.000000,NOTE_HYPOTHESIS,shared_audio_intelligence_v0_2;spectral_peak;owner_supplied_audio
BE-003:pitch:01584,BE-003:onset:0378,72.562358,780.562358,121.291667,31,2.291667,65.0340,F4,349.9146,0.975238,1.000000,0.624869,0.850000,0.580000,,0.304485,707.921,6,2,0.050000,0.300000,0.580000,0.070000,0.000000,0.450000,0.250000,0.200000,NOTE_HYPOTHESIS,shared_audio_intelligence_v0_2;spectral_peak;owner_supplied_audio
BE-003:pitch:01585,BE-003:onset:0378,72.562358,780.562358,121.291667,31,2.291667,47.7851,C3,129.1992,0.394739,1.000000,0.624869,0.850000,0.550000,,0.304485,707.921,6,3,0.550000,0.350000,0.030000,0.070000,0.480000,0.320000,0.000000,0.000000,NOTE_HYPOTHESIS,shared_audio_intelligence_v0_2;spectral_peak;owner_supplied_audio
BE-003:pitch:01586,BE-003:onset:0378,72.562358,780.562358,121.291667,31,2.291667,63.6483,E4,322.9980,0.789478,1.000000,0.624869,0.850000,0.520000,,0.304485,707.921,6,4,0.250000,0.520000,0.150000,0.080000,0.000000,0.450000,0.250000,0.200000,NOTE_HYPOTHESIS,shared_audio_intelligence_v0_2;spectral_peak;owner_supplied_audio
BE-003:pitch:01587,BE-003:onset:0378,72.562358,780.562358,121.291667,31,2.291667,52.2159,E3,166.8823,0.835918,1.000000,0.624869,0.850000,0.550000,,0.304485,707.921,6,5,0.550000,0.350000,0.030000,0.070000,0.480000,0.320000,0.000000,0.000000,NOTE_HYPOTHESIS,shared_audio_intelligence_v0_2;spectral_peak;owner_supplied_audio
BE-003:pitch:01588,BE-003:onset:0378,72.562358,780.562358,121.291667,31,2.291667,43.7407,G#2,102.2827,0.092880,1.000000,0.624869,0.850000,0.760000,,0.304485,707.921,6,6,0.760000,0.180000,0.010000,0.050000,0.480000,0.320000,0.000000,0.000000,NOTE_HYPOTHESIS,shared_audio_intelligence_v0_2;spectral_peak;owner_supplied_audio
BE-003:pitch:01589,BE-003:onset:0379,72.655238,780.655238,121.458333,31,2.458333,64.7656,F4,344.5312,0.510839,1.000000,0.907414,0.850000,0.580000,,0.438477,644.521,3,1,0.050000,0.300000,0.580000,0.070000,0.000000,0.450000,0.250000,0.200000,NOTE_HYPOTHESIS,shared_audio_intelligence_v0_2;spectral_peak;owner_supplied_audio
BE-003:pitch:01590,BE-003:onset:0379,72.655238,780.655238,121.458333,31,2.458333,55.2790,G3,199.1821,0.092880,1.000000,0.907414,0.850000,0.520000,,0.438477,644.521,3,2,0.250000,0.520000,0.150000,0.080000,0.000000,0.450000,0.250000,0.200000,NOTE_HYPOTHESIS,shared_audio_intelligence_v0_2;spectral_peak;owner_supplied_audio
BE-003:pitch:01591,BE-003:onset:0379,72.655238,780.655238,121.458333,31,2.458333,76.9003,F5,694.4458,0.696599,1.000000,0.907414,0.850000,0.840000,,0.438477,644.521,3,3,0.010000,0.080000,0.840000,0.070000,0.000000,0.120000,0.580000,0.220000,NOTE_HYPOTHESIS,shared_audio_intelligence_v0_2;spectral_peak;owner_supplied_audio
BE-003:pitch:01592,BE-003:onset:0380,72.957098,780.957098,122.000000,31,3.000000,64.7656,F4,344.5312,0.162540,1.000000,1.000000,0.850000,0.580000,,0.487502,750.324,3,1,0.050000,0.300000,0.580000,0.070000,0.000000,0.450000,0.250000,0.200000,NOTE_HYPOTHESIS,shared_audio_intelligence_v0_2;spectral_peak;owner_supplied_audio
BE-003:pitch:01593,BE-003:onset:0380,72.957098,780.957098,122.000000,31,3.000000,76.9003,F5,694.4458,0.208980,1.000000,1.000000,0.850000,0.840000,,0.487502,750.324,3,2,0.010000,0.080000,0.840000,0.070000,0.000000,0.120000,0.580000,0.220000,NOTE_HYPOTHESIS,shared_audio_intelligence_v0_2;spectral_peak;owner_supplied_audio
BE-003:pitch:01594,BE-003:onset:0380,72.957098,780.957098,122.000000,31,3.000000,83.9645,C6,1044.3604,0.208980,1.000000,1.000000,0.850000,0.840000,,0.487502,750.324,3,3,0.010000,0.080000,0.840000,0.070000,0.000000,0.120000,0.580000,0.220000,NOTE_HYPOTHESIS,shared_audio_intelligence_v0_2;spectral_peak;owner_supplied_audio
BE-003:pitch:01595,BE-003:onset:0381,73.258957,781.258957,122.541667,31,3.541667,64.7656,F4,344.5312,0.139320,1.000000,0.591324,0.850000,0.580000,,0.312859,724.802,2,1,0.050000,0.300000,0.580000,0.070000,0.000000,0.450000,0.250000,0.200000,NOTE_HYPOTHESIS,shared_audio_intelligence_v0_2;spectral_peak;owner_supplied_audio
BE-003:pitch:01596,BE-003:onset:0381,73.258957,781.258957,122.541667,31,3.541667,76.9003,F5,694.4458,0.092880,1.000000,0.591324,0.850000,0.840000,,0.312859,724.802,2,2,0.010000,0.080000,0.840000,0.070000,0.000000,0.120000,0.580000,0.220000,NOTE_HYPOTHESIS,shared_audio_intelligence_v0_2;spectral_peak;owner_supplied_audio
BE-003:pitch:01597,BE-003:onset:0382,74.187755,782.187755,124.217391,32,1.217391,56.1904,G#3,209.9487,0.673379,1.000000,0.858103,0.850000,0.520000,,0.193074,839.405,2,1,0.250000,0.520000,0.150000,0.080000,0.000000,0.450000,0.250000,0.200000,NOTE_HYPOTHESIS,shared_audio_intelligence_v0_2;spectral_peak;owner_supplied_audio
BE-003:pitch:01598,BE-003:onset:0382,74.187755,782.187755,124.217391,32,1.217391,69.2660,A4,446.8140,0.417959,1.000000,0.858103,0.850000,0.580000,,0.193074,839.405,2,2,0.050000,0.300000,0.580000,0.070000,0.000000,0.450000,0.250000,0.200000,NOTE_HYPOTHESIS,shared_audio_intelligence_v0_2;spectral_peak;owner_supplied_audio
BE-003:pitch:01599,BE-003:onset:0383,74.303855,782.303855,124.434783,32,1.434783,56.1904,G#3,209.9487,0.603719,1.000000,0.842239,0.850000,0.520000,,0.195092,796.068,6,1,0.250000,0.520000,0.150000,0.080000,0.000000,0.450000,0.250000,0.200000,NOTE_HYPOTHESIS,shared_audio_intelligence_v0_2;spectral_peak;owner_supplied_audio
BE-003:pitch:01600,BE-003:onset:0383,74.303855,782.303855,124.434783,32,1.434783,57.0562,A3,220.7153,0.092880,1.000000,0.842239,0.850000,0.520000,,0.195092,796.068,6,2,0.250000,0.520000,0.150000,0.080000,0.000000,0.450000,0.250000,0.200000,NOTE_HYPOTHESIS,shared_audio_intelligence_v0_2;spectral_peak;owner_supplied_audio
BE-003:pitch:01601,BE-003:onset:0383,74.303855,782.303855,124.434783,32,1.434783,35.7851,C2,64.5996,0.092880,1.000000,0.842239,0.850000,0.760000,,0.195092,796.068,6,3,0.760000,0.180000,0.010000,0.050000,0.480000,0.320000,0.000000,0.000000,NOTE_HYPOTHESIS,shared_audio_intelligence_v0_2;spectral_peak;owner_supplied_audio
BE-003:pitch:01602,BE-003:onset:0383,74.303855,782.303855,124.434783,32,1.434783,42.8047,G2,96.8994,0.580499,1.000000,0.842239,0.850000,0.760000,,0.195092,796.068,6,4,0.760000,0.180000,0.010000,0.050000,0.480000,0.320000,0.000000,0.000000,NOTE_HYPOTHESIS,shared_audio_intelligence_v0_2;spectral_peak;owner_supplied_audio
BE-003:pitch:01603,BE-003:onset:0383,74.303855,782.303855,124.434783,32,1.434783,54.8047,G3,193.7988,0.905578,1.000000,0.842239,0.850000,0.550000,,0.195092,796.068,6,5,0.550000,0.350000,0.030000,0.070000,0.480000,0.320000,0.000000,0.000000,NOTE_HYPOTHESIS,shared_audio_intelligence_v0_2;spectral_peak;owner_supplied_audio
BE-003:pitch:01604,BE-003:onset:0383,74.303855,782.303855,124.434783,32,1.434783,85.8242,D6,1162.7930,0.092880,1.000000,0.842239,0.850000,0.840000,,0.195092,796.068,6,6,0.010000,0.080000,0.840000,0.070000,0.000000,0.120000,0.580000,0.220000,NOTE_HYPOTHESIS,shared_audio_intelligence_v0_2;spectral_peak;owner_supplied_audio
BE-003:pitch:01605,BE-003:onset:0384,74.443175,782.443175,124.695652,32,1.695652,55.7407,G#3,204.5654,0.441179,1.000000,0.784915,0.850000,0.520000,,0.152499,864.617,6,1,0.250000,0.520000,0.150000,0.080000,0.000000,0.450000,0.250000,0.200000,NOTE_HYPOTHESIS,shared_audio_intelligence_v0_2;spectral_peak;owner_supplied_audio
BE-003:pitch:01606,BE-003:onset:0384,74.443175,782.443175,124.695652,32,1.695652,43.7407,G#2,102.2827,0.417959,1.000000,0.784915,0.850000,0.760000,,0.152499,864.617,6,2,0.760000,0.180000,0.010000,0.050000,0.480000,0.320000,0.000000,0.000000,NOTE_HYPOTHESIS,shared_audio_intelligence_v0_2;spectral_peak;owner_supplied_audio
BE-003:pitch:01607,BE-003:onset:0384,74.443175,782.443175,124.695652,32,1.695652,69.2660,A4,446.8140,0.162540,1.000000,0.784915,0.850000,0.580000,,0.152499,864.617,6,3,0.050000,0.300000,0.580000,0.070000,0.000000,0.450000,0.250000,0.200000,NOTE_HYPOTHESIS,shared_audio_intelligence_v0_2;spectral_peak;owner_supplied_audio
BE-003:pitch:01608,BE-003:onset:0384,74.443175,782.443175,124.695652,32,1.695652,34.2788,A#1,59.2163,0.812698,1.000000,0.784915,0.850000,0.760000,,0.152499,864.617,6,4,0.760000,0.180000,0.010000,0.050000,0.480000,0.320000,0.000000,0.000000,NOTE_HYPOTHESIS,shared_audio_intelligence_v0_2;spectral_peak;owner_supplied_audio
BE-003:pitch:01609,BE-003:onset:0384,74.443175,782.443175,124.695652,32,1.695652,47.0483,B2,123.8159,0.534059,1.000000,0.784915,0.850000,0.550000,,0.152499,864.617,6,5,0.550000,0.350000,0.030000,0.070000,0.480000,0.320000,0.000000,0.000000,NOTE_HYPOTHESIS,shared_audio_intelligence_v0_2;spectral_peak;owner_supplied_audio
BE-003:pitch:01610,BE-003:onset:0384,74.443175,782.443175,124.695652,32,1.695652,57.8808,A#3,231.4819,0.162540,1.000000,0.784915,0.850000,0.520000,,0.152499,864.617,6,6,0.250000,0.520000,0.150000,0.080000,0.000000,0.450000,0.250000,0.200000,NOTE_HYPOTHESIS,shared_audio_intelligence_v0_2;spectral_peak;owner_supplied_audio
BE-003:pitch:01611,BE-003:onset:0385,74.512834,782.512834,124.826087,32,1.826087,56.1904,G#3,209.9487,0.325079,1.000000,0.672056,0.850000,0.520000,,0.248723,918.164,5,1,0.250000,0.520000,0.150000,0.080000,0.000000,0.450000,0.250000,0.200000,NOTE_HYPOTHESIS,shared_audio_intelligence_v0_2;spectral_peak;owner_supplied_audio
BE-003:pitch:01612,BE-003:onset:0385,74.512834,782.512834,124.826087,32,1.826087,43.7407,G#2,102.2827,0.371519,1.000000,0.672056,0.850000,0.760000,,0.248723,918.164,5,2,0.760000,0.180000,0.010000,0.050000,0.480000,0.320000,0.000000,0.000000,NOTE_HYPOTHESIS,shared_audio_intelligence_v0_2;spectral_peak;owner_supplied_audio
BE-003:pitch:01613,BE-003:onset:0385,74.512834,782.512834,124.826087,32,1.826087,34.2788,A#1,59.2163,0.743039,1.000000,0.672056,0.850000,0.760000,,0.248723,918.164,5,3,0.760000,0.180000,0.010000,0.050000,0.480000,0.320000,0.000000,0.000000,NOTE_HYPOTHESIS,shared_audio_intelligence_v0_2;spectral_peak;owner_supplied_audio
BE-003:pitch:01614,BE-003:onset:0385,74.512834,782.512834,124.826087,32,1.826087,69.2660,A4,446.8140,0.092880,1.000000,0.672056,0.850000,0.580000,,0.248723,918.164,5,4,0.050000,0.300000,0.580000,0.070000,0.000000,0.450000,0.250000,0.200000,NOTE_HYPOTHESIS,shared_audio_intelligence_v0_2;spectral_peak;owner_supplied_audio
BE-003:pitch:01615,BE-003:onset:0385,74.512834,782.512834,124.826087,32,1.826087,47.7851,C3,129.1992,0.441179,1.000000,0.672056,0.850000,0.550000,,0.248723,918.164,5,5,0.550000,0.350000,0.030000,0.070000,0.480000,0.320000,0.000000,0.000000,NOTE_HYPOTHESIS,shared_audio_intelligence_v0_2;spectral_peak;owner_supplied_audio
BE-003:pitch:01616,BE-003:onset:0386,74.628934,782.628934,125.041667,32,2.041667,54.8047,G3,193.7988,0.139320,1.000000,0.961065,0.850000,0.550000,,0.397019,610.097,2,1,0.550000,0.350000,0.030000,0.070000,0.480000,0.320000,0.000000,0.000000,NOTE_HYPOTHESIS,shared_audio_intelligence_v0_2;spectral_peak;owner_supplied_audio
BE-003:pitch:01617,BE-003:onset:0386,74.628934,782.628934,125.041667,32,2.041667,66.8047,G4,387.5977,0.162540,1.000000,0.961065,0.850000,0.580000,,0.397019,610.097,2,2,0.050000,0.300000,0.580000,0.070000,0.000000,0.450000,0.250000,0.200000,NOTE_HYPOTHESIS,shared_audio_intelligence_v0_2;spectral_peak;owner_supplied_audio
BE-003:pitch:01618,BE-003:onset:0387,74.745034,782.745034,125.250000,32,2.250000,66.8047,G4,387.5977,0.069660,1.000000,0.616590,0.850000,0.580000,,0.285240,787.033,6,1,0.050000,0.300000,0.580000,0.070000,0.000000,0.450000,0.250000,0.200000,NOTE_HYPOTHESIS,shared_audio_intelligence_v0_2;spectral_peak;owner_supplied_audio
BE-003:pitch:01619,BE-003:onset:0387,74.745034,782.745034,125.250000,32,2.250000,54.3170,F#3,188.4155,0.162540,1.000000,0.616590,0.850000,0.550000,,0.285240,787.033,6,2,0.550000,0.350000,0.030000,0.070000,0.480000,0.320000,0.000000,0.000000,NOTE_HYPOTHESIS,shared_audio_intelligence_v0_2;spectral_peak;owner_supplied_audio
BE-003:pitch:01620,BE-003:onset:0387,74.745034,782.745034,125.250000,32,2.250000,42.8047,G2,96.8994,0.139320,1.000000,0.616590,0.850000,0.760000,,0.285240,787.033,6,3,0.760000,0.180000,0.010000,0.050000,0.480000,0.320000,0.000000,0.000000,NOTE_HYPOTHESIS,shared_audio_intelligence_v0_2;spectral_peak;owner_supplied_audio
BE-003:pitch:01621,BE-003:onset:0387,74.745034,782.745034,125.250000,32,2.250000,73.6632,D5,576.0132,0.116100,1.000000,0.616590,0.850000,0.580000,,0.285240,787.033,6,4,0.050000,0.300000,0.580000,0.070000,0.000000,0.120000,0.580000,0.220000,NOTE_HYPOTHESIS,shared_audio_intelligence_v0_2;spectral_peak;owner_supplied_audio
BE-003:pitch:01622,BE-003:onset:0387,74.745034,782.745034,125.250000,32,2.250000,55.7407,G#3,204.5654,0.348299,1.000000,0.616590,0.850000,0.520000,,0.285240,787.033,6,5,0.250000,0.520000,0.150000,0.080000,0.000000,0.450000,0.250000,0.200000,NOTE_HYPOTHESIS,shared_audio_intelligence_v0_2;spectral_peak;owner_supplied_audio
BE-003:pitch:01623,BE-003:onset:0387,74.745034,782.745034,125.250000,32,2.250000,46.2788,A#2,118.4326,0.185760,1.000000,0.616590,0.850000,0.550000,,0.285240,787.033,6,6,0.550000,0.350000,0.030000,0.070000,0.480000,0.320000,0.000000,0.000000,NOTE_HYPOTHESIS,shared_audio_intelligence_v0_2;spectral_peak;owner_supplied_audio
BE-003:pitch:01624,BE-003:onset:0388,74.814694,782.814694,125.375000,32,2.375000,35.7851,C2,64.5996,0.441179,1.000000,0.587970,0.850000,0.760000,,0.204196,783.946,6,1,0.760000,0.180000,0.010000,0.050000,0.480000,0.320000,0.000000,0.000000,NOTE_HYPOTHESIS,shared_audio_intelligence_v0_2;spectral_peak;owner_supplied_audio
BE-003:pitch:01625,BE-003:onset:0388,74.814694,782.814694,125.375000,32,2.375000,54.3170,F#3,188.4155,0.116100,1.000000,0.587970,0.850000,0.550000,,0.204196,783.946,6,2,0.550000,0.350000,0.030000,0.070000,0.480000,0.320000,0.000000,0.000000,NOTE_HYPOTHESIS,shared_audio_intelligence_v0_2;spectral_peak;owner_supplied_audio
BE-003:pitch:01626,BE-003:onset:0388,74.814694,782.814694,125.375000,32,2.375000,42.8047,G2,96.8994,0.069660,1.000000,0.587970,0.850000,0.760000,,0.204196,783.946,6,3,0.760000,0.180000,0.010000,0.050000,0.480000,0.320000,0.000000,0.000000,NOTE_HYPOTHESIS,shared_audio_intelligence_v0_2;spectral_peak;owner_supplied_audio
BE-003:pitch:01627,BE-003:onset:0388,74.814694,782.814694,125.375000,32,2.375000,53.2983,F3,177.6489,0.232200,1.000000,0.587970,0.850000,0.550000,,0.204196,783.946,6,4,0.550000,0.350000,0.030000,0.070000,0.480000,0.320000,0.000000,0.000000,NOTE_HYPOTHESIS,shared_audio_intelligence_v0_2;spectral_peak;owner_supplied_audio
BE-003:pitch:01628,BE-003:onset:0388,74.814694,782.814694,125.375000,32,2.375000,55.7407,G#3,204.5654,0.278639,1.000000,0.587970,0.850000,0.520000,,0.204196,783.946,6,5,0.250000,0.520000,0.150000,0.080000,0.000000,0.450000,0.250000,0.200000,NOTE_HYPOTHESIS,shared_audio_intelligence_v0_2;spectral_peak;owner_supplied_audio
BE-003:pitch:01629,BE-003:onset:0388,74.814694,782.814694,125.375000,32,2.375000,47.7851,C3,129.1992,0.116100,1.000000,0.587970,0.850000,0.550000,,0.204196,783.946,6,6,0.550000,0.350000,0.030000,0.070000,0.480000,0.320000,0.000000,0.000000,NOTE_HYPOTHESIS,shared_audio_intelligence_v0_2;spectral_peak;owner_supplied_audio
BE-003:pitch:01630,BE-003:onset:0389,74.954014,782.954014,125.625000,32,2.625000,34.2788,A#1,59.2163,0.301859,1.000000,0.651239,0.850000,0.760000,,0.137464,1183.566,6,1,0.760000,0.180000,0.010000,0.050000,0.480000,0.320000,0.000000,0.000000,NOTE_HYPOTHESIS,shared_audio_intelligence_v0_2;spectral_peak;owner_supplied_audio
BE-003:pitch:01631,BE-003:onset:0389,74.954014,782.954014,125.625000,32,2.625000,53.2983,F3,177.6489,0.092880,1.000000,0.651239,0.850000,0.550000,,0.137464,1183.566,6,2,0.550000,0.350000,0.030000,0.070000,0.480000,0.320000,0.000000,0.000000,NOTE_HYPOTHESIS,shared_audio_intelligence_v0_2;spectral_peak;owner_supplied_audio
BE-003:pitch:01632,BE-003:onset:0389,74.954014,782.954014,125.625000,32,2.625000,49.8242,D3,145.3491,1.532517,1.000000,0.651239,0.850000,0.550000,,0.137464,1183.566,6,3,0.550000,0.350000,0.030000,0.070000,0.480000,0.320000,0.000000,0.000000,NOTE_HYPOTHESIS,shared_audio_intelligence_v0_2;spectral_peak;owner_supplied_audio
BE-003:pitch:01633,BE-003:onset:0389,74.954014,782.954014,125.625000,32,2.625000,65.0340,F4,349.9146,0.069660,1.000000,0.651239,0.850000,0.580000,,0.137464,1183.566,6,4,0.050000,0.300000,0.580000,0.070000,0.000000,0.450000,0.250000,0.200000,NOTE_HYPOTHESIS,shared_audio_intelligence_v0_2;spectral_peak;owner_supplied_audio
BE-003:pitch:01634,BE-003:onset:0389,74.954014,782.954014,125.625000,32,2.625000,42.8047,G2,96.8994,1.532517,1.000000,0.651239,0.850000,0.760000,,0.137464,1183.566,6,5,0.760000,0.180000,0.010000,0.050000,0.480000,0.320000,0.000000,0.000000,NOTE_HYPOTHESIS,shared_audio_intelligence_v0_2;spectral_peak;owner_supplied_audio
BE-003:pitch:01635,BE-003:onset:0389,74.954014,782.954014,125.625000,32,2.625000,71.9645,C5,522.1802,0.069660,1.000000,0.651239,0.850000,0.580000,,0.137464,1183.566,6,6,0.050000,0.300000,0.580000,0.070000,0.000000,0.120000,0.580000,0.220000,NOTE_HYPOTHESIS,shared_audio_intelligence_v0_2;spectral_peak;owner_supplied_audio
BE-003:pitch:01636,BE-003:onset:0390,75.046893,783.046893,125.791667,32,2.791667,42.8047,G2,96.8994,0.162540,1.000000,0.687535,0.850000,0.760000,,0.209974,693.230,2,1,0.760000,0.180000,0.010000,0.050000,0.480000,0.320000,0.000000,0.000000,NOTE_HYPOTHESIS,shared_audio_intelligence_v0_2;spectral_peak;owner_supplied_audio
BE-003:pitch:01637,BE-003:onset:0390,75.046893,783.046893,125.791667,32,2.791667,35.7851,C2,64.5996,0.208980,1.000000,0.687535,0.850000,0.760000,,0.209974,693.230,2,2,0.760000,0.180000,0.010000,0.050000,0.480000,0.320000,0.000000,0.000000,NOTE_HYPOTHESIS,shared_audio_intelligence_v0_2;spectral_peak;owner_supplied_audio
BE-003:pitch:01638,BE-003:onset:0391,75.162993,783.162993,126.000000,32,3.000000,50.4538,D3,150.7324,0.487619,1.000000,0.939883,0.850000,0.550000,,0.298969,564.451,5,1,0.550000,0.350000,0.030000,0.070000,0.480000,0.320000,0.000000,0.000000,NOTE_HYPOTHESIS,shared_audio_intelligence_v0_2;spectral_peak;owner_supplied_audio
BE-003:pitch:01639,BE-003:onset:0391,75.162993,783.162993,126.000000,32,3.000000,62.4538,D4,301.4648,0.162540,1.000000,0.939883,0.850000,0.520000,,0.298969,564.451,5,2,0.250000,0.520000,0.150000,0.080000,0.000000,0.450000,0.250000,0.200000,NOTE_HYPOTHESIS,shared_audio_intelligence_v0_2;spectral_peak;owner_supplied_audio
BE-003:pitch:01640,BE-003:onset:0391,75.162993,783.162993,126.000000,32,3.000000,43.7407,G#2,102.2827,0.069660,1.000000,0.939883,0.850000,0.760000,,0.298969,564.451,5,3,0.760000,0.180000,0.010000,0.050000,0.480000,0.320000,0.000000,0.000000,NOTE_HYPOTHESIS,shared_audio_intelligence_v0_2;spectral_peak;owner_supplied_audio
BE-003:pitch:01641,BE-003:onset:0391,75.162993,783.162993,126.000000,32,3.000000,35.7851,C2,64.5996,0.092880,1.000000,0.939883,0.850000,0.760000,,0.298969,564.451,5,4,0.760000,0.180000,0.010000,0.050000,0.480000,0.320000,0.000000,0.000000,NOTE_HYPOTHESIS,shared_audio_intelligence_v0_2;spectral_peak;owner_supplied_audio
BE-003:pitch:01642,BE-003:onset:0391,75.162993,783.162993,126.000000,32,3.000000,47.7851,C3,129.1992,0.325079,1.000000,0.939883,0.850000,0.550000,,0.298969,564.451,5,5,0.550000,0.350000,0.030000,0.070000,0.480000,0.320000,0.000000,0.000000,NOTE_HYPOTHESIS,shared_audio_intelligence_v0_2;spectral_peak;owner_supplied_audio
BE-003:pitch:01643,BE-003:onset:0392,75.325533,783.325533,126.333333,32,3.333333,63.3573,D#4,317.6147,0.487619,1.000000,0.597220,0.850000,0.520000,,0.274081,759.512,6,1,0.250000,0.520000,0.150000,0.080000,0.000000,0.450000,0.250000,0.200000,NOTE_HYPOTHESIS,shared_audio_intelligence_v0_2;spectral_peak;owner_supplied_audio
BE-003:pitch:01644,BE-003:onset:0392,75.325533,783.325533,126.333333,32,3.333333,51.6483,E3,161.4990,0.580499,1.000000,0.597220,0.850000,0.550000,,0.274081,759.512,6,2,0.550000,0.350000,0.030000,0.070000,0.480000,0.320000,0.000000,0.000000,NOTE_HYPOTHESIS,shared_audio_intelligence_v0_2;spectral_peak;owner_supplied_audio
BE-003:pitch:01645,BE-003:onset:0392,75.325533,783.325533,126.333333,32,3.333333,43.7407,G#2,102.2827,0.232200,1.000000,0.597220,0.850000,0.760000,,0.274081,759.512,6,3,0.760000,0.180000,0.010000,0.050000,0.480000,0.320000,0.000000,0.000000,NOTE_HYPOTHESIS,shared_audio_intelligence_v0_2;spectral_peak;owner_supplied_audio
BE-003:pitch:01646,BE-003:onset:0392,75.325533,783.325533,126.333333,32,3.333333,50.4538,D3,150.7324,0.603719,1.000000,0.597220,0.850000,0.550000,,0.274081,759.512,6,4,0.550000,0.350000,0.030000,0.070000,0.480000,0.320000,0.000000,0.000000,NOTE_HYPOTHESIS,shared_audio_intelligence_v0_2;spectral_peak;owner_supplied_audio
BE-003:pitch:01647,BE-003:onset:0392,75.325533,783.325533,126.333333,32,3.333333,47.7851,C3,129.1992,1.114558,1.000000,0.597220,0.850000,0.550000,,0.274081,759.512,6,5,0.550000,0.350000,0.030000,0.070000,0.480000,0.320000,0.000000,0.000000,NOTE_HYPOTHESIS,shared_audio_intelligence_v0_2;spectral_peak;owner_supplied_audio
BE-003:pitch:01648,BE-003:onset:0392,75.325533,783.325533,126.333333,32,3.333333,62.4538,D4,301.4648,0.185760,1.000000,0.597220,0.850000,0.520000,,0.274081,759.512,6,6,0.250000,0.520000,0.150000,0.080000,0.000000,0.450000,0.250000,0.200000,NOTE_HYPOTHESIS,shared_audio_intelligence_v0_2;spectral_peak;owner_supplied_audio
BE-003:pitch:01649,BE-003:onset:0393,75.371973,783.371973,126.428571,32,3.428571,63.3573,D#4,317.6147,0.371519,1.000000,0.807906,0.850000,0.520000,,0.288185,656.641,6,1,0.250000,0.520000,0.150000,0.080000,0.000000,0.450000,0.250000,0.200000,NOTE_HYPOTHESIS,shared_audio_intelligence_v0_2;spectral_peak;owner_supplied_audio
BE-003:pitch:01650,BE-003:onset:0393,75.371973,783.371973,126.428571,32,3.428571,51.6483,E3,161.4990,0.278639,1.000000,0.807906,0.850000,0.550000,,0.288185,656.641,6,2,0.550000,0.350000,0.030000,0.070000,0.480000,0.320000,0.000000,0.000000,NOTE_HYPOTHESIS,shared_audio_intelligence_v0_2;spectral_peak;owner_supplied_audio
BE-003:pitch:01651,BE-003:onset:0393,75.371973,783.371973,126.428571,32,3.428571,43.7407,G#2,102.2827,0.185760,1.000000,0.807906,0.850000,0.760000,,0.288185,656.641,6,3,0.760000,0.180000,0.010000,0.050000,0.480000,0.320000,0.000000,0.000000,NOTE_HYPOTHESIS,shared_audio_intelligence_v0_2;spectral_peak;owner_supplied_audio
BE-003:pitch:01652,BE-003:onset:0393,75.371973,783.371973,126.428571,32,3.428571,49.8242,D3,145.3491,1.137778,1.000000,0.807906,0.850000,0.550000,,0.288185,656.641,6,4,0.550000,0.350000,0.030000,0.070000,0.480000,0.320000,0.000000,0.000000,NOTE_HYPOTHESIS,shared_audio_intelligence_v0_2;spectral_peak;owner_supplied_audio
BE-003:pitch:01653,BE-003:onset:0393,75.371973,783.371973,126.428571,32,3.428571,35.7851,C2,64.5996,1.021678,1.000000,0.807906,0.850000,0.760000,,0.288185,656.641,6,5,0.760000,0.180000,0.010000,0.050000,0.480000,0.320000,0.000000,0.000000,NOTE_HYPOTHESIS,shared_audio_intelligence_v0_2;spectral_peak;owner_supplied_audio
BE-003:pitch:01654,BE-003:onset:0393,75.371973,783.371973,126.428571,32,3.428571,47.7851,C3,129.1992,1.068118,1.000000,0.807906,0.850000,0.550000,,0.288185,656.641,6,6,0.550000,0.350000,0.030000,0.070000,0.480000,0.320000,0.000000,0.000000,NOTE_HYPOTHESIS,shared_audio_intelligence_v0_2;spectral_peak;owner_supplied_audio
BE-003:pitch:01655,BE-003:onset:0394,75.604172,783.604172,126.904762,32,3.904762,64.7656,F4,344.5312,0.650159,1.000000,0.800146,0.850000,0.580000,,0.774488,890.073,4,1,0.050000,0.300000,0.580000,0.070000,0.000000,0.450000,0.250000,0.200000,NOTE_HYPOTHESIS,shared_audio_intelligence_v0_2;spectral_peak;owner_supplied_audio
BE-003:pitch:01656,BE-003:onset:0394,75.604172,783.604172,126.904762,32,3.904762,51.0613,D#3,156.1157,0.232200,1.000000,0.800146,0.850000,0.550000,,0.774488,890.073,4,2,0.550000,0.350000,0.030000,0.070000,0.480000,0.320000,0.000000,0.000000,NOTE_HYPOTHESIS,shared_audio_intelligence_v0_2;spectral_peak;owner_supplied_audio
BE-003:pitch:01657,BE-003:onset:0394,75.604172,783.604172,126.904762,32,3.904762,76.9003,F5,694.4458,0.510839,1.000000,0.800146,0.850000,0.840000,,0.774488,890.073,4,3,0.010000,0.080000,0.840000,0.070000,0.000000,0.120000,0.580000,0.220000,NOTE_HYPOTHESIS,shared_audio_intelligence_v0_2;spectral_peak;owner_supplied_audio
BE-003:pitch:01658,BE-003:onset:0394,75.604172,783.604172,126.904762,32,3.904762,63.3573,D#4,317.6147,0.232200,1.000000,0.800146,0.850000,0.520000,,0.774488,890.073,4,4,0.250000,0.520000,0.150000,0.080000,0.000000,0.450000,0.250000,0.200000,NOTE_HYPOTHESIS,shared_audio_intelligence_v0_2;spectral_peak;owner_supplied_audio
BE-003:pitch:01659,BE-003:onset:0395,75.650612,783.650612,127.000000,32,4.000000,64.7656,F4,344.5312,0.510839,1.000000,1.000000,0.850000,0.580000,,0.969398,833.343,2,1,0.050000,0.300000,0.580000,0.070000,0.000000,0.450000,0.250000,0.200000,NOTE_HYPOTHESIS,shared_audio_intelligence_v0_2;spectral_peak;owner_supplied_audio
BE-003:pitch:01660,BE-003:onset:0395,75.650612,783.650612,127.000000,32,4.000000,76.9003,F5,694.4458,0.208980,1.000000,1.000000,0.850000,0.840000,,0.969398,833.343,2,2,0.010000,0.080000,0.840000,0.070000,0.000000,0.120000,0.580000,0.220000,NOTE_HYPOTHESIS,shared_audio_intelligence_v0_2;spectral_peak;owner_supplied_audio
BE-003:pitch:01661,BE-003:onset:0396,75.952472,783.952472,127.520000,32,4.520000,64.7656,F4,344.5312,0.232200,1.000000,0.875562,0.850000,0.580000,,0.817613,678.105,2,1,0.050000,0.300000,0.580000,0.070000,0.000000,0.450000,0.250000,0.200000,NOTE_HYPOTHESIS,shared_audio_intelligence_v0_2;spectral_peak;owner_supplied_audio
BE-003:pitch:01662,BE-003:onset:0396,75.952472,783.952472,127.520000,32,4.520000,44.6287,A2,107.6660,0.441179,1.000000,0.875562,0.850000,0.760000,,0.817613,678.105,2,2,0.760000,0.180000,0.010000,0.050000,0.480000,0.320000,0.000000,0.000000,NOTE_HYPOTHESIS,shared_audio_intelligence_v0_2;spectral_peak;owner_supplied_audio
BE-003:pitch:01663,BE-003:onset:0397,76.091791,784.091791,127.760000,32,4.760000,65.0340,F4,349.9146,0.139320,1.000000,0.676619,0.850000,0.580000,,0.640331,686.399,3,1,0.050000,0.300000,0.580000,0.070000,0.000000,0.450000,0.250000,0.200000,NOTE_HYPOTHESIS,shared_audio_intelligence_v0_2;spectral_peak;owner_supplied_audio
BE-003:pitch:01664,BE-003:onset:0397,76.091791,784.091791,127.760000,32,4.760000,46.2788,A#2,118.4326,0.278639,1.000000,0.676619,0.850000,0.550000,,0.640331,686.399,3,2,0.550000,0.350000,0.030000,0.070000,0.480000,0.320000,0.000000,0.000000,NOTE_HYPOTHESIS,shared_audio_intelligence_v0_2;spectral_peak;owner_supplied_audio
BE-003:pitch:01665,BE-003:onset:0397,76.091791,784.091791,127.760000,32,4.760000,62.7603,D#4,306.8481,0.278639,1.000000,0.676619,0.850000,0.520000,,0.640331,686.399,3,3,0.250000,0.520000,0.150000,0.080000,0.000000,0.450000,0.250000,0.200000,NOTE_HYPOTHESIS,shared_audio_intelligence_v0_2;spectral_peak;owner_supplied_audio
BE-003:pitch:01666,BE-003:onset:0398,76.231111,784.231111,128.000000,33,1.000000,61.8242,D4,290.6982,0.208980,1.000000,0.809321,0.850000,0.520000,,0.597590,713.086,4,1,0.250000,0.520000,0.150000,0.080000,0.000000,0.450000,0.250000,0.200000,NOTE_HYPOTHESIS,shared_audio_intelligence_v0_2;spectral_peak;owner_supplied_audio
BE-003:pitch:01667,BE-003:onset:0398,76.231111,784.231111,128.000000,33,1.000000,73.8242,D5,581.3965,0.116100,1.000000,0.809321,0.850000,0.580000,,0.597590,713.086,4,2,0.050000,0.300000,0.580000,0.070000,0.000000,0.120000,0.580000,0.220000,NOTE_HYPOTHESIS,shared_audio_intelligence_v0_2;spectral_peak;owner_supplied_audio
BE-003:pitch:01668,BE-003:onset:0398,76.231111,784.231111,128.000000,33,1.000000,44.6287,A2,107.6660,0.185760,1.000000,0.809321,0.850000,0.760000,,0.597590,713.086,4,3,0.760000,0.180000,0.010000,0.050000,0.480000,0.320000,0.000000,0.000000,NOTE_HYPOTHESIS,shared_audio_intelligence_v0_2;spectral_peak;owner_supplied_audio
BE-003:pitch:01669,BE-003:onset:0398,76.231111,784.231111,128.000000,33,1.000000,64.7656,F4,344.5312,0.394739,1.000000,0.809321,0.850000,0.580000,,0.597590,713.086,4,4,0.050000,0.300000,0.580000,0.070000,0.000000,0.450000,0.250000,0.200000,NOTE_HYPOTHESIS,shared_audio_intelligence_v0_2;spectral_peak;owner_supplied_audio
BE-003:pitch:01670,BE-003:onset:0399,76.463311,784.463311,128.400000,33,1.400000,64.7656,F4,344.5312,0.092880,1.000000,0.774803,0.850000,0.580000,,0.452022,898.871,6,1,0.050000,0.300000,0.580000,0.070000,0.000000,0.450000,0.250000,0.200000,NOTE_HYPOTHESIS,shared_audio_intelligence_v0_2;spectral_peak;owner_supplied_audio
BE-003:pitch:01671,BE-003:onset:0399,76.463311,784.463311,128.400000,33,1.400000,42.8047,G2,96.8994,0.441179,1.000000,0.774803,0.850000,0.760000,,0.452022,898.871,6,2,0.760000,0.180000,0.010000,0.050000,0.480000,0.320000,0.000000,0.000000,NOTE_HYPOTHESIS,shared_audio_intelligence_v0_2;spectral_peak;owner_supplied_audio
BE-003:pitch:01672,BE-003:onset:0399,76.463311,784.463311,128.400000,33,1.400000,68.8438,A4,436.0474,0.185760,1.000000,0.774803,0.850000,0.580000,,0.452022,898.871,6,3,0.050000,0.300000,0.580000,0.070000,0.000000,0.450000,0.250000,0.200000,NOTE_HYPOTHESIS,shared_audio_intelligence_v0_2;spectral_peak;owner_supplied_audio
BE-003:pitch:01673,BE-003:onset:0399,76.463311,784.463311,128.400000,33,1.400000,56.6287,A3,215.3320,0.348299,1.000000,0.774803,0.850000,0.520000,,0.452022,898.871,6,4,0.250000,0.520000,0.150000,0.080000,0.000000,0.450000,0.250000,0.200000,NOTE_HYPOTHESIS,shared_audio_intelligence_v0_2;spectral_peak;owner_supplied_audio
BE-003:pitch:01674,BE-003:onset:0399,76.463311,784.463311,128.400000,33,1.400000,61.8242,D4,290.6982,0.092880,1.000000,0.774803,0.850000,0.520000,,0.452022,898.871,6,5,0.250000,0.520000,0.150000,0.080000,0.000000,0.450000,0.250000,0.200000,NOTE_HYPOTHESIS,shared_audio_intelligence_v0_2;spectral_peak;owner_supplied_audio
BE-003:pitch:01675,BE-003:onset:0399,76.463311,784.463311,128.400000,33,1.400000,83.9645,C6,1044.3604,0.301859,1.000000,0.774803,0.850000,0.840000,,0.452022,898.871,6,6,0.010000,0.080000,0.840000,0.070000,0.000000,0.120000,0.580000,0.220000,NOTE_HYPOTHESIS,shared_audio_intelligence_v0_2;spectral_peak;owner_supplied_audio
BE-003:pitch:01676,BE-003:onset:0400,76.532971,784.532971,128.520000,33,1.520000,71.9645,C5,522.1802,0.278639,1.000000,0.932646,0.850000,0.580000,,0.581822,926.226,6,1,0.050000,0.300000,0.580000,0.070000,0.000000,0.120000,0.580000,0.220000,NOTE_HYPOTHESIS,shared_audio_intelligence_v0_2;spectral_peak;owner_supplied_audio
BE-003:pitch:01677,BE-003:onset:0400,76.532971,784.532971,128.520000,33,1.520000,83.8751,C6,1038.9771,0.139320,1.000000,0.932646,0.850000,0.840000,,0.581822,926.226,6,2,0.010000,0.080000,0.840000,0.070000,0.000000,0.120000,0.580000,0.220000,NOTE_HYPOTHESIS,shared_audio_intelligence_v0_2;spectral_peak;owner_supplied_audio
BE-003:pitch:01678,BE-003:onset:0400,76.532971,784.532971,128.520000,33,1.520000,40.7656,F2,86.1328,0.185760,1.000000,0.932646,0.850000,0.760000,,0.581822,926.226,6,3,0.760000,0.180000,0.010000,0.050000,0.480000,0.320000,0.000000,0.000000,NOTE_HYPOTHESIS,shared_audio_intelligence_v0_2;spectral_peak;owner_supplied_audio
BE-003:pitch:01679,BE-003:onset:0400,76.532971,784.532971,128.520000,33,1.520000,59.7851,C4,258.3984,0.208980,1.000000,0.932646,0.850000,0.520000,,0.581822,926.226,6,4,0.250000,0.520000,0.150000,0.080000,0.000000,0.450000,0.250000,0.200000,NOTE_HYPOTHESIS,shared_audio_intelligence_v0_2;spectral_peak;owner_supplied_audio
BE-003:pitch:01680,BE-003:onset:0400,76.532971,784.532971,128.520000,33,1.520000,64.7656,F4,344.5312,0.116100,1.000000,0.932646,0.850000,0.580000,,0.581822,926.226,6,5,0.050000,0.300000,0.580000,0.070000,0.000000,0.450000,0.250000,0.200000,NOTE_HYPOTHESIS,shared_audio_intelligence_v0_2;spectral_peak;owner_supplied_audio
BE-003:pitch:01681,BE-003:onset:0400,76.532971,784.532971,128.520000,33,1.520000,35.7851,C2,64.5996,0.417959,1.000000,0.932646,0.850000,0.760000,,0.581822,926.226,6,6,0.760000,0.180000,0.010000,0.050000,0.480000,0.320000,0.000000,0.000000,NOTE_HYPOTHESIS,shared_audio_intelligence_v0_2;spectral_peak;owner_supplied_audio
BE-003:pitch:01682,BE-003:onset:0401,76.649070,784.649070,128.720000,33,1.720000,71.9645,C5,522.1802,0.162540,1.000000,1.000000,0.850000,0.580000,,0.699052,954.444,6,1,0.050000,0.300000,0.580000,0.070000,0.000000,0.120000,0.580000,0.220000,NOTE_HYPOTHESIS,shared_audio_intelligence_v0_2;spectral_peak;owner_supplied_audio
BE-003:pitch:01683,BE-003:onset:0401,76.649070,784.649070,128.720000,33,1.720000,81.8808,A#5,925.9277,0.185760,1.000000,1.000000,0.850000,0.840000,,0.699052,954.444,6,2,0.010000,0.080000,0.840000,0.070000,0.000000,0.120000,0.580000,0.220000,NOTE_HYPOTHESIS,shared_audio_intelligence_v0_2;spectral_peak;owner_supplied_audio
BE-003:pitch:01684,BE-003:onset:0401,76.649070,784.649070,128.720000,33,1.720000,69.8808,A#4,462.9639,0.301859,1.000000,1.000000,0.850000,0.580000,,0.699052,954.444,6,3,0.050000,0.300000,0.580000,0.070000,0.000000,0.450000,0.250000,0.200000,NOTE_HYPOTHESIS,shared_audio_intelligence_v0_2;spectral_peak;owner_supplied_audio
BE-003:pitch:01685,BE-003:onset:0401,76.649070,784.649070,128.720000,33,1.720000,57.8808,A#3,231.4819,0.185760,1.000000,1.000000,0.850000,0.520000,,0.699052,954.444,6,4,0.250000,0.520000,0.150000,0.080000,0.000000,0.450000,0.250000,0.200000,NOTE_HYPOTHESIS,shared_audio_intelligence_v0_2;spectral_peak;owner_supplied_audio
BE-003:pitch:01686,BE-003:onset:0401,76.649070,784.649070,128.720000,33,1.720000,37.1709,C#2,69.9829,0.301859,1.000000,1.000000,0.850000,0.760000,,0.699052,954.444,6,5,0.760000,0.180000,0.010000,0.050000,0.480000,0.320000,0.000000,0.000000,NOTE_HYPOTHESIS,shared_audio_intelligence_v0_2;spectral_peak;owner_supplied_audio
BE-003:pitch:01687,BE-003:onset:0401,76.649070,784.649070,128.720000,33,1.720000,88.9673,F6,1394.2749,0.162540,1.000000,1.000000,0.850000,0.840000,,0.699052,954.444,6,6,0.010000,0.080000,0.840000,0.070000,0.000000,0.120000,0.580000,0.220000,NOTE_HYPOTHESIS,shared_audio_intelligence_v0_2;spectral_peak;owner_supplied_audio
BE-003:pitch:01688,BE-003:onset:0402,76.811610,784.811610,129.000000,33,2.000000,77.9420,F#5,737.5122,0.162540,1.000000,0.819505,0.850000,0.840000,,0.723266,967.532,6,1,0.010000,0.080000,0.840000,0.070000,0.000000,0.120000,0.580000,0.220000,NOTE_HYPOTHESIS,shared_audio_intelligence_v0_2;spectral_peak;owner_supplied_audio
BE-003:pitch:01689,BE-003:onset:0402,76.811610,784.811610,129.000000,33,2.000000,65.8151,F#4,366.0645,0.301859,1.000000,0.819505,0.850000,0.580000,,0.723266,967.532,6,2,0.050000,0.300000,0.580000,0.070000,0.000000,0.450000,0.250000,0.200000,NOTE_HYPOTHESIS,shared_audio_intelligence_v0_2;spectral_peak;owner_supplied_audio
BE-003:pitch:01690,BE-003:onset:0402,76.811610,784.811610,129.000000,33,2.000000,84.9193,C#6,1103.5767,0.208980,1.000000,0.819505,0.850000,0.840000,,0.723266,967.532,6,3,0.010000,0.080000,0.840000,0.070000,0.000000,0.120000,0.580000,0.220000,NOTE_HYPOTHESIS,shared_audio_intelligence_v0_2;spectral_peak;owner_supplied_audio
BE-003:pitch:01691,BE-003:onset:0402,76.811610,784.811610,129.000000,33,2.000000,69.8808,A#4,462.9639,0.162540,1.000000,0.819505,0.850000,0.580000,,0.723266,967.532,6,4,0.050000,0.300000,0.580000,0.070000,0.000000,0.450000,0.250000,0.200000,NOTE_HYPOTHESIS,shared_audio_intelligence_v0_2;spectral_peak;owner_supplied_audio
BE-003:pitch:01692,BE-003:onset:0402,76.811610,784.811610,129.000000,33,2.000000,38.4538,D2,75.3662,0.139320,1.000000,0.819505,0.850000,0.760000,,0.723266,967.532,6,5,0.760000,0.180000,0.010000,0.050000,0.480000,0.320000,0.000000,0.000000,NOTE_HYPOTHESIS,shared_audio_intelligence_v0_2;spectral_peak;owner_supplied_audio
BE-003:pitch:01693,BE-003:onset:0402,76.811610,784.811610,129.000000,33,2.000000,89.9420,F#6,1475.0244,0.162540,1.000000,0.819505,0.850000,0.840000,,0.723266,967.532,6,6,0.010000,0.080000,0.840000,0.070000,0.000000,0.120000,0.580000,0.220000,NOTE_HYPOTHESIS,shared_audio_intelligence_v0_2;spectral_peak;owner_supplied_audio
BE-003:pitch:01694,BE-003:onset:0403,76.974150,784.974150,129.280000,33,2.280000,65.8151,F#4,366.0645,0.139320,1.000000,0.784366,0.850000,0.580000,,0.468935,1185.674,6,1,0.050000,0.300000,0.580000,0.070000,0.000000,0.450000,0.250000,0.200000,NOTE_HYPOTHESIS,shared_audio_intelligence_v0_2;spectral_peak;owner_supplied_audio
BE-003:pitch:01695,BE-003:onset:0403,76.974150,784.974150,129.280000,33,2.280000,66.8047,G4,387.5977,0.208980,1.000000,0.784366,0.850000,0.580000,,0.468935,1185.674,6,2,0.050000,0.300000,0.580000,0.070000,0.000000,0.450000,0.250000,0.200000,NOTE_HYPOTHESIS,shared_audio_intelligence_v0_2;spectral_peak;owner_supplied_audio
BE-003:pitch:01696,BE-003:onset:0403,76.974150,784.974150,129.280000,33,2.280000,78.9245,G5,780.5786,0.139320,1.000000,0.784366,0.850000,0.840000,,0.468935,1185.674,6,3,0.010000,0.080000,0.840000,0.070000,0.000000,0.120000,0.580000,0.220000,NOTE_HYPOTHESIS,shared_audio_intelligence_v0_2;spectral_peak;owner_supplied_audio
BE-003:pitch:01697,BE-003:onset:0403,76.974150,784.974150,129.280000,33,2.280000,85.9042,D6,1168.1763,0.092880,1.000000,0.784366,0.850000,0.840000,,0.468935,1185.674,6,4,0.010000,0.080000,0.840000,0.070000,0.000000,0.120000,0.580000,0.220000,NOTE_HYPOTHESIS,shared_audio_intelligence_v0_2;spectral_peak;owner_supplied_audio
BE-003:pitch:01698,BE-003:onset:0403,76.974150,784.974150,129.280000,33,2.280000,77.9420,F#5,737.5122,0.092880,1.000000,0.784366,0.850000,0.840000,,0.468935,1185.674,6,5,0.010000,0.080000,0.840000,0.070000,0.000000,0.120000,0.580000,0.220000,NOTE_HYPOTHESIS,shared_audio_intelligence_v0_2;spectral_peak;owner_supplied_audio
BE-003:pitch:01699,BE-003:onset:0403,76.974150,784.974150,129.280000,33,2.280000,53.8151,F#3,183.0322,0.185760,1.000000,0.784366,0.850000,0.550000,,0.468935,1185.674,6,6,0.550000,0.350000,0.030000,0.070000,0.480000,0.320000,0.000000,0.000000,NOTE_HYPOTHESIS,shared_audio_intelligence_v0_2;spectral_peak;owner_supplied_audio
BE-003:pitch:01700,BE-003:onset:0404,77.113469,785.113469,129.520000,33,2.520000,68.8438,A4,436.0474,0.255420,1.000000,1.000000,0.850000,0.580000,,0.352296,1038.398,6,1,0.050000,0.300000,0.580000,0.070000,0.000000,0.450000,0.250000,0.200000,NOTE_HYPOTHESIS,shared_audio_intelligence_v0_2;spectral_peak;owner_supplied_audio
BE-003:pitch:01701,BE-003:onset:0404,77.113469,785.113469,129.520000,33,2.520000,56.6287,A3,215.3320,0.162540,1.000000,1.000000,0.850000,0.520000,,0.352296,1038.398,6,2,0.250000,0.520000,0.150000,0.080000,0.000000,0.450000,0.250000,0.200000,NOTE_HYPOTHESIS,shared_audio_intelligence_v0_2;spectral_peak;owner_supplied_audio
BE-003:pitch:01702,BE-003:onset:0404,77.113469,785.113469,129.520000,33,2.520000,67.0435,G4,392.9810,0.278639,1.000000,1.000000,0.850000,0.580000,,0.352296,1038.398,6,3,0.050000,0.300000,0.580000,0.070000,0.000000,0.450000,0.250000,0.200000,NOTE_HYPOTHESIS,shared_audio_intelligence_v0_2;spectral_peak;owner_supplied_audio
BE-003:pitch:01703,BE-003:onset:0404,77.113469,785.113469,129.520000,33,2.520000,87.8633,E6,1308.1421,0.208980,1.000000,1.000000,0.850000,0.840000,,0.352296,1038.398,6,4,0.010000,0.080000,0.840000,0.070000,0.000000,0.120000,0.580000,0.220000,NOTE_HYPOTHESIS,shared_audio_intelligence_v0_2;spectral_peak;owner_supplied_audio
BE-003:pitch:01704,BE-003:onset:0404,77.113469,785.113469,129.520000,33,2.520000,80.8438,A5,872.0947,0.232200,1.000000,1.000000,0.850000,0.840000,,0.352296,1038.398,6,5,0.010000,0.080000,0.840000,0.070000,0.000000,0.120000,0.580000,0.220000,NOTE_HYPOTHESIS,shared_audio_intelligence_v0_2;spectral_peak;owner_supplied_audio
BE-003:pitch:01705,BE-003:onset:0404,77.113469,785.113469,129.520000,33,2.520000,96.8347,C#7,2196.3867,0.278639,1.000000,1.000000,0.850000,0.840000,,0.352296,1038.398,6,6,0.010000,0.080000,0.840000,0.070000,0.000000,0.120000,0.580000,0.220000,NOTE_HYPOTHESIS,shared_audio_intelligence_v0_2;spectral_peak;owner_supplied_audio
BE-003:pitch:01706,BE-003:onset:0405,77.252789,785.252789,129.760000,33,2.760000,38.4538,D2,75.3662,0.371519,1.000000,1.000000,0.850000,0.760000,,0.633579,832.144,6,1,0.760000,0.180000,0.010000,0.050000,0.480000,0.320000,0.000000,0.000000,NOTE_HYPOTHESIS,shared_audio_intelligence_v0_2;spectral_peak;owner_supplied_audio
BE-003:pitch:01707,BE-003:onset:0405,77.252789,785.252789,129.760000,33,2.760000,69.8808,A#4,462.9639,0.255420,1.000000,1.000000,0.850000,0.580000,,0.633579,832.144,6,2,0.050000,0.300000,0.580000,0.070000,0.000000,0.450000,0.250000,0.200000,NOTE_HYPOTHESIS,shared_audio_intelligence_v0_2;spectral_peak;owner_supplied_audio
BE-003:pitch:01708,BE-003:onset:0405,77.252789,785.252789,129.760000,33,2.760000,57.8808,A#3,231.4819,0.255420,1.000000,1.000000,0.850000,0.520000,,0.633579,832.144,6,3,0.250000,0.520000,0.150000,0.080000,0.000000,0.450000,0.250000,0.200000,NOTE_HYPOTHESIS,shared_audio_intelligence_v0_2;spectral_peak;owner_supplied_audio
BE-003:pitch:01709,BE-003:onset:0405,77.252789,785.252789,129.760000,33,2.760000,81.8808,A#5,925.9277,0.116100,1.000000,1.000000,0.850000,0.840000,,0.633579,832.144,6,4,0.010000,0.080000,0.840000,0.070000,0.000000,0.120000,0.580000,0.220000,NOTE_HYPOTHESIS,shared_audio_intelligence_v0_2;spectral_peak;owner_supplied_audio
BE-003:pitch:01710,BE-003:onset:0405,77.252789,785.252789,129.760000,33,2.760000,51.0613,D#3,156.1157,0.348299,1.000000,1.000000,0.850000,0.550000,,0.633579,832.144,6,5,0.550000,0.350000,0.030000,0.070000,0.480000,0.320000,0.000000,0.000000,NOTE_HYPOTHESIS,shared_audio_intelligence_v0_2;spectral_peak;owner_supplied_audio
BE-003:pitch:01711,BE-003:onset:0405,77.252789,785.252789,129.760000,33,2.760000,88.9673,F6,1394.2749,0.139320,1.000000,1.000000,0.850000,0.840000,,0.633579,832.144,6,6,0.010000,0.080000,0.840000,0.070000,0.000000,0.120000,0.580000,0.220000,NOTE_HYPOTHESIS,shared_audio_intelligence_v0_2;spectral_peak;owner_supplied_audio
BE-003:pitch:01712,BE-003:onset:0406,77.392109,785.392109,130.000000,33,3.000000,39.6483,E2,80.7495,0.208980,1.000000,0.986027,0.850000,0.760000,,0.983700,1038.856,6,1,0.760000,0.180000,0.010000,0.050000,0.480000,0.320000,0.000000,0.000000,NOTE_HYPOTHESIS,shared_audio_intelligence_v0_2;spectral_peak;owner_supplied_audio
BE-003:pitch:01713,BE-003:onset:0406,77.392109,785.392109,130.000000,33,3.000000,59.7851,C4,258.3984,0.208980,1.000000,0.986027,0.850000,0.520000,,0.983700,1038.856,6,2,0.250000,0.520000,0.150000,0.080000,0.000000,0.450000,0.250000,0.200000,NOTE_HYPOTHESIS,shared_audio_intelligence_v0_2;spectral_peak;owner_supplied_audio
BE-003:pitch:01714,BE-003:onset:0406,77.392109,785.392109,130.000000,33,3.000000,71.7851,C5,516.7969,0.301859,1.000000,0.986027,0.850000,0.580000,,0.983700,1038.856,6,3,0.050000,0.300000,0.580000,0.070000,0.000000,0.120000,0.580000,0.220000,NOTE_HYPOTHESIS,shared_audio_intelligence_v0_2;spectral_peak;owner_supplied_audio
BE-003:pitch:01715,BE-003:onset:0406,77.392109,785.392109,130.000000,33,3.000000,83.8751,C6,1038.9771,0.232200,1.000000,0.986027,0.850000,0.840000,,0.983700,1038.856,6,4,0.010000,0.080000,0.840000,0.070000,0.000000,0.120000,0.580000,0.220000,NOTE_HYPOTHESIS,shared_audio_intelligence_v0_2;spectral_peak;owner_supplied_audio
BE-003:pitch:01716,BE-003:onset:0406,77.392109,785.392109,130.000000,33,3.000000,57.8808,A#3,231.4819,0.116100,1.000000,0.986027,0.850000,0.520000,,0.983700,1038.856,6,5,0.250000,0.520000,0.150000,0.080000,0.000000,0.450000,0.250000,0.200000,NOTE_HYPOTHESIS,shared_audio_intelligence_v0_2;spectral_peak;owner_supplied_audio
BE-003:pitch:01717,BE-003:onset:0406,77.392109,785.392109,130.000000,33,3.000000,69.8808,A#4,462.9639,0.139320,1.000000,0.986027,0.850000,0.580000,,0.983700,1038.856,6,6,0.050000,0.300000,0.580000,0.070000,0.000000,0.450000,0.250000,0.200000,NOTE_HYPOTHESIS,shared_audio_intelligence_v0_2;spectral_peak;owner_supplied_audio
BE-003:pitch:01718,BE-003:onset:0407,77.531429,785.531429,130.230769,33,3.230769,60.8347,C#4,274.5483,0.255420,1.000000,0.729288,0.850000,0.520000,,0.888134,1111.583,6,1,0.250000,0.520000,0.150000,0.080000,0.000000,0.450000,0.250000,0.200000,NOTE_HYPOTHESIS,shared_audio_intelligence_v0_2;spectral_peak;owner_supplied_audio
BE-003:pitch:01719,BE-003:onset:0407,77.531429,785.531429,130.230769,33,3.230769,83.9645,C6,1044.3604,0.092880,1.000000,0.729288,0.850000,0.840000,,0.888134,1111.583,6,2,0.010000,0.080000,0.840000,0.070000,0.000000,0.120000,0.580000,0.220000,NOTE_HYPOTHESIS,shared_audio_intelligence_v0_2;spectral_peak;owner_supplied_audio
BE-003:pitch:01720,BE-003:onset:0407,77.531429,785.531429,130.230769,33,3.230769,71.9645,C5,522.1802,0.162540,1.000000,0.729288,0.850000,0.580000,,0.888134,1111.583,6,3,0.050000,0.300000,0.580000,0.070000,0.000000,0.120000,0.580000,0.220000,NOTE_HYPOTHESIS,shared_audio_intelligence_v0_2;spectral_peak;owner_supplied_audio
BE-003:pitch:01721,BE-003:onset:0407,77.531429,785.531429,130.230769,33,3.230769,38.4538,D2,75.3662,0.162540,1.000000,0.729288,0.850000,0.760000,,0.888134,1111.583,6,4,0.760000,0.180000,0.010000,0.050000,0.480000,0.320000,0.000000,0.000000,NOTE_HYPOTHESIS,shared_audio_intelligence_v0_2;spectral_peak;owner_supplied_audio
BE-003:pitch:01722,BE-003:onset:0407,77.531429,785.531429,130.230769,33,3.230769,59.7851,C4,258.3984,0.092880,1.000000,0.729288,0.850000,0.520000,,0.888134,1111.583,6,5,0.250000,0.520000,0.150000,0.080000,0.000000,0.450000,0.250000,0.200000,NOTE_HYPOTHESIS,shared_audio_intelligence_v0_2;spectral_peak;owner_supplied_audio
BE-003:pitch:01723,BE-003:onset:0407,77.531429,785.531429,130.230769,33,3.230769,72.8347,C#5,549.0967,0.255420,1.000000,0.729288,0.850000,0.580000,,0.888134,1111.583,6,6,0.050000,0.300000,0.580000,0.070000,0.000000,0.120000,0.580000,0.220000,NOTE_HYPOTHESIS,shared_audio_intelligence_v0_2;spectral_peak;owner_supplied_audio
BE-003:pitch:01724,BE-003:onset:0408,77.693968,785.693968,130.500000,33,3.500000,62.7603,D#4,306.8481,0.278639,1.000000,1.000000,0.850000,0.520000,,0.898496,1048.392,6,1,0.250000,0.520000,0.150000,0.080000,0.000000,0.450000,0.250000,0.200000,NOTE_HYPOTHESIS,shared_audio_intelligence_v0_2;spectral_peak;owner_supplied_audio
BE-003:pitch:01725,BE-003:onset:0408,77.693968,785.693968,130.500000,33,3.500000,74.7603,D#5,613.6963,0.116100,1.000000,1.000000,0.850000,0.580000,,0.898496,1048.392,6,2,0.050000,0.300000,0.580000,0.070000,0.000000,0.120000,0.580000,0.220000,NOTE_HYPOTHESIS,shared_audio_intelligence_v0_2;spectral_peak;owner_supplied_audio
BE-003:pitch:01726,BE-003:onset:0408,77.693968,785.693968,130.500000,33,3.500000,60.8347,C#4,274.5483,0.116100,1.000000,1.000000,0.850000,0.520000,,0.898496,1048.392,6,3,0.250000,0.520000,0.150000,0.080000,0.000000,0.450000,0.250000,0.200000,NOTE_HYPOTHESIS,shared_audio_intelligence_v0_2;spectral_peak;owner_supplied_audio
BE-003:pitch:01727,BE-003:onset:0408,77.693968,785.693968,130.500000,33,3.500000,72.8347,C#5,549.0967,0.116100,1.000000,1.000000,0.850000,0.580000,,0.898496,1048.392,6,4,0.050000,0.300000,0.580000,0.070000,0.000000,0.120000,0.580000,0.220000,NOTE_HYPOTHESIS,shared_audio_intelligence_v0_2;spectral_peak;owner_supplied_audio
BE-003:pitch:01728,BE-003:onset:0408,77.693968,785.693968,130.500000,33,3.500000,81.8808,A#5,925.9277,0.208980,1.000000,1.000000,0.850000,0.840000,,0.898496,1048.392,6,5,0.010000,0.080000,0.840000,0.070000,0.000000,0.120000,0.580000,0.220000,NOTE_HYPOTHESIS,shared_audio_intelligence_v0_2;spectral_peak;owner_supplied_audio
BE-003:pitch:01729,BE-003:onset:0408,77.693968,785.693968,130.500000,33,3.500000,86.9115,D#6,1238.1592,0.185760,1.000000,1.000000,0.850000,0.840000,,0.898496,1048.392,6,6,0.010000,0.080000,0.840000,0.070000,0.000000,0.120000,0.580000,0.220000,NOTE_HYPOTHESIS,shared_audio_intelligence_v0_2;spectral_peak;owner_supplied_audio
BE-003:pitch:01730,BE-003:onset:0409,77.810068,785.810068,130.692308,33,3.692308,64.7656,F4,344.5312,0.325079,1.000000,1.000000,0.850000,0.580000,,1.000000,1379.046,5,1,0.050000,0.300000,0.580000,0.070000,0.000000,0.450000,0.250000,0.200000,NOTE_HYPOTHESIS,shared_audio_intelligence_v0_2;spectral_peak;owner_supplied_audio
BE-003:pitch:01731,BE-003:onset:0409,77.810068,785.810068,130.692308,33,3.692308,76.9003,F5,694.4458,0.162540,1.000000,1.000000,0.850000,0.840000,,1.000000,1379.046,5,2,0.010000,0.080000,0.840000,0.070000,0.000000,0.120000,0.580000,0.220000,NOTE_HYPOTHESIS,shared_audio_intelligence_v0_2;spectral_peak;owner_supplied_audio
BE-003:pitch:01732,BE-003:onset:0409,77.810068,785.810068,130.692308,33,3.692308,63.0613,D#4,312.2314,0.162540,1.000000,1.000000,0.850000,0.520000,,1.000000,1379.046,5,3,0.250000,0.520000,0.150000,0.080000,0.000000,0.450000,0.250000,0.200000,NOTE_HYPOTHESIS,shared_audio_intelligence_v0_2;spectral_peak;owner_supplied_audio
BE-003:pitch:01733,BE-003:onset:0409,77.810068,785.810068,130.692308,33,3.692308,88.9673,F6,1394.2749,0.185760,1.000000,1.000000,0.850000,0.840000,,1.000000,1379.046,5,4,0.010000,0.080000,0.840000,0.070000,0.000000,0.120000,0.580000,0.220000,NOTE_HYPOTHESIS,shared_audio_intelligence_v0_2;spectral_peak;owner_supplied_audio
BE-003:pitch:01734,BE-003:onset:0409,77.810068,785.810068,130.692308,33,3.692308,83.9645,C6,1044.3604,0.278639,1.000000,1.000000,0.850000,0.840000,,1.000000,1379.046,5,5,0.010000,0.080000,0.840000,0.070000,0.000000,0.120000,0.580000,0.220000,NOTE_HYPOTHESIS,shared_audio_intelligence_v0_2;spectral_peak;owner_supplied_audio
BE-003:pitch:01735,BE-003:onset:0410,77.972608,785.972608,130.961538,33,3.961538,77.9420,F#5,737.5122,0.162540,1.000000,0.645983,0.850000,0.840000,,1.000000,1345.089,3,1,0.010000,0.080000,0.840000,0.070000,0.000000,0.120000,0.580000,0.220000,NOTE_HYPOTHESIS,shared_audio_intelligence_v0_2;spectral_peak;owner_supplied_audio
BE-003:pitch:01736,BE-003:onset:0410,77.972608,785.972608,130.961538,33,3.961538,64.7656,F4,344.5312,0.185760,1.000000,0.645983,0.850000,0.580000,,1.000000,1345.089,3,2,0.050000,0.300000,0.580000,0.070000,0.000000,0.450000,0.250000,0.200000,NOTE_HYPOTHESIS,shared_audio_intelligence_v0_2;spectral_peak;owner_supplied_audio
BE-003:pitch:01737,BE-003:onset:0410,77.972608,785.972608,130.961538,33,3.961538,65.8151,F#4,366.0645,0.325079,1.000000,0.645983,0.850000,0.580000,,1.000000,1345.089,3,3,0.050000,0.300000,0.580000,0.070000,0.000000,0.450000,0.250000,0.200000,NOTE_HYPOTHESIS,shared_audio_intelligence_v0_2;spectral_peak;owner_supplied_audio
BE-003:pitch:01738,BE-003:onset:0411,78.692426,786.692426,132.000000,34,1.000000,32.6287,A1,53.8330,1.532517,1.000000,0.863540,0.850000,0.695860,,0.075733,2974.056,6,1,0.695860,0.164809,0.009952,0.129379,0.480000,0.320000,0.000000,0.000000,NOTE_HYPOTHESIS,shared_audio_intelligence_v0_2;spectral_peak;owner_supplied_audio
BE-003:pitch:01739,BE-003:onset:0411,78.692426,786.692426,132.000000,34,1.000000,39.6483,E2,80.7495,1.532517,1.000000,0.863540,0.850000,0.695860,,0.075733,2974.056,6,2,0.695860,0.164809,0.009952,0.129379,0.480000,0.320000,0.000000,0.000000,NOTE_HYPOTHESIS,shared_audio_intelligence_v0_2;spectral_peak;owner_supplied_audio
BE-003:pitch:01740,BE-003:onset:0411,78.692426,786.692426,132.000000,34,1.000000,42.8047,G2,96.8994,1.532517,1.000000,0.863540,0.850000,0.695860,,0.075733,2974.056,6,3,0.695860,0.164809,0.009952,0.129379,0.480000,0.320000,0.000000,0.000000,NOTE_HYPOTHESIS,shared_audio_intelligence_v0_2;spectral_peak;owner_supplied_audio
BE-003:pitch:01741,BE-003:onset:0411,78.692426,786.692426,132.000000,34,1.000000,37.1709,C#2,69.9829,1.532517,1.000000,0.863540,0.850000,0.695860,,0.075733,2974.056,6,4,0.695860,0.164809,0.009952,0.129379,0.480000,0.320000,0.000000,0.000000,NOTE_HYPOTHESIS,shared_audio_intelligence_v0_2;spectral_peak;owner_supplied_audio
BE-003:pitch:01742,BE-003:onset:0411,78.692426,786.692426,132.000000,34,1.000000,89.8787,F#6,1469.6411,0.441179,1.000000,0.863540,0.850000,0.840000,,0.075733,2974.056,6,5,0.010000,0.080000,0.840000,0.070000,0.000000,0.120000,0.580000,0.220000,NOTE_HYPOTHESIS,shared_audio_intelligence_v0_2;spectral_peak;owner_supplied_audio
BE-003:pitch:01743,BE-003:onset:0411,78.692426,786.692426,132.000000,34,1.000000,47.0483,B2,123.8159,1.532517,0.926340,0.863540,0.813170,0.501984,,0.075733,2974.056,6,6,0.501984,0.319444,0.029762,0.148810,0.480000,0.320000,0.000000,0.000000,NOTE_HYPOTHESIS,shared_audio_intelligence_v0_2;spectral_peak;owner_supplied_audio
BE-003:pitch:01744,BE-003:onset:0412,78.831746,786.831746,132.240000,34,1.240000,50.4538,D3,150.7324,1.068118,1.000000,0.663192,0.850000,0.550000,,0.224787,1019.029,6,1,0.550000,0.350000,0.030000,0.070000,0.480000,0.320000,0.000000,0.000000,NOTE_HYPOTHESIS,shared_audio_intelligence_v0_2;spectral_peak;owner_supplied_audio
BE-003:pitch:01745,BE-003:onset:0412,78.831746,786.831746,132.240000,34,1.240000,43.7407,G#2,102.2827,1.532517,1.000000,0.663192,0.850000,0.760000,,0.224787,1019.029,6,2,0.760000,0.180000,0.010000,0.050000,0.480000,0.320000,0.000000,0.000000,NOTE_HYPOTHESIS,shared_audio_intelligence_v0_2;spectral_peak;owner_supplied_audio
BE-003:pitch:01746,BE-003:onset:0412,78.831746,786.831746,132.240000,34,1.240000,34.2788,A#1,59.2163,1.114558,1.000000,0.663192,0.850000,0.760000,,0.224787,1019.029,6,3,0.760000,0.180000,0.010000,0.050000,0.480000,0.320000,0.000000,0.000000,NOTE_HYPOTHESIS,shared_audio_intelligence_v0_2;spectral_peak;owner_supplied_audio
BE-003:pitch:01747,BE-003:onset:0412,78.831746,786.831746,132.240000,34,1.240000,62.7603,D#4,306.8481,0.185760,1.000000,0.663192,0.850000,0.520000,,0.224787,1019.029,6,4,0.250000,0.520000,0.150000,0.080000,0.000000,0.450000,0.250000,0.200000,NOTE_HYPOTHESIS,shared_audio_intelligence_v0_2;spectral_peak;owner_supplied_audio
BE-003:pitch:01748,BE-003:onset:0412,78.831746,786.831746,132.240000,34,1.240000,39.6483,E2,80.7495,1.532517,1.000000,0.663192,0.850000,0.760000,,0.224787,1019.029,6,5,0.760000,0.180000,0.010000,0.050000,0.480000,0.320000,0.000000,0.000000,NOTE_HYPOTHESIS,shared_audio_intelligence_v0_2;spectral_peak;owner_supplied_audio
BE-003:pitch:01749,BE-003:onset:0412,78.831746,786.831746,132.240000,34,1.240000,47.0483,B2,123.8159,1.532517,1.000000,0.663192,0.850000,0.550000,,0.224787,1019.029,6,6,0.550000,0.350000,0.030000,0.070000,0.480000,0.320000,0.000000,0.000000,NOTE_HYPOTHESIS,shared_audio_intelligence_v0_2;spectral_peak;owner_supplied_audio
BE-003:pitch:01750,BE-003:onset:0413,78.994286,786.994286,132.520000,34,1.520000,49.1709,C#3,139.9658,0.487619,1.000000,1.000000,0.850000,0.550000,,0.371006,731.326,3,1,0.550000,0.350000,0.030000,0.070000,0.480000,0.320000,0.000000,0.000000,NOTE_HYPOTHESIS,shared_audio_intelligence_v0_2;spectral_peak;owner_supplied_audio
BE-003:pitch:01751,BE-003:onset:0413,78.994286,786.994286,132.520000,34,1.520000,43.7407,G#2,102.2827,0.069660,1.000000,1.000000,0.850000,0.760000,,0.371006,731.326,3,2,0.760000,0.180000,0.010000,0.050000,0.480000,0.320000,0.000000,0.000000,NOTE_HYPOTHESIS,shared_audio_intelligence_v0_2;spectral_peak;owner_supplied_audio
BE-003:pitch:01752,BE-003:onset:0413,78.994286,786.994286,132.520000,34,1.520000,34.2788,A#1,59.2163,0.952018,1.000000,1.000000,0.850000,0.760000,,0.371006,731.326,3,3,0.760000,0.180000,0.010000,0.050000,0.480000,0.320000,0.000000,0.000000,NOTE_HYPOTHESIS,shared_audio_intelligence_v0_2;spectral_peak;owner_supplied_audio
BE-003:pitch:01753,BE-003:onset:0414,79.156825,787.156825,132.800000,34,1.800000,49.1709,C#3,139.9658,0.952018,1.000000,0.842691,0.850000,0.550000,,0.229886,897.632,4,1,0.550000,0.350000,0.030000,0.070000,0.480000,0.320000,0.000000,0.000000,NOTE_HYPOTHESIS,shared_audio_intelligence_v0_2;spectral_peak;owner_supplied_audio
BE-003:pitch:01754,BE-003:onset:0414,79.156825,787.156825,132.800000,34,1.800000,43.7407,G#2,102.2827,0.534059,1.000000,0.842691,0.850000,0.760000,,0.229886,897.632,4,2,0.760000,0.180000,0.010000,0.050000,0.480000,0.320000,0.000000,0.000000,NOTE_HYPOTHESIS,shared_audio_intelligence_v0_2;spectral_peak;owner_supplied_audio
BE-003:pitch:01755,BE-003:onset:0414,79.156825,787.156825,132.800000,34,1.800000,47.0483,B2,123.8159,1.532517,1.000000,0.842691,0.850000,0.550000,,0.229886,897.632,4,3,0.550000,0.350000,0.030000,0.070000,0.480000,0.320000,0.000000,0.000000,NOTE_HYPOTHESIS,shared_audio_intelligence_v0_2;spectral_peak;owner_supplied_audio
BE-003:pitch:01756,BE-003:onset:0414,79.156825,787.156825,132.800000,34,1.800000,34.2788,A#1,59.2163,1.532517,1.000000,0.842691,0.850000,0.760000,,0.229886,897.632,4,4,0.760000,0.180000,0.010000,0.050000,0.480000,0.320000,0.000000,0.000000,NOTE_HYPOTHESIS,shared_audio_intelligence_v0_2;spectral_peak;owner_supplied_audio
BE-003:pitch:01757,BE-003:onset:0415,79.203265,787.203265,132.880000,34,1.880000,49.1709,C#3,139.9658,0.835918,1.000000,0.594556,0.850000,0.550000,,0.214769,804.801,3,1,0.550000,0.350000,0.030000,0.070000,0.480000,0.320000,0.000000,0.000000,NOTE_HYPOTHESIS,shared_audio_intelligence_v0_2;spectral_peak;owner_supplied_audio
BE-003:pitch:01758,BE-003:onset:0415,79.203265,787.203265,132.880000,34,1.880000,43.7407,G#2,102.2827,0.487619,1.000000,0.594556,0.850000,0.760000,,0.214769,804.801,3,2,0.760000,0.180000,0.010000,0.050000,0.480000,0.320000,0.000000,0.000000,NOTE_HYPOTHESIS,shared_audio_intelligence_v0_2;spectral_peak;owner_supplied_audio
BE-003:pitch:01759,BE-003:onset:0415,79.203265,787.203265,132.880000,34,1.880000,34.2788,A#1,59.2163,1.532517,1.000000,0.594556,0.850000,0.760000,,0.214769,804.801,3,3,0.760000,0.180000,0.010000,0.050000,0.480000,0.320000,0.000000,0.000000,NOTE_HYPOTHESIS,shared_audio_intelligence_v0_2;spectral_peak;owner_supplied_audio
BE-003:pitch:01760,BE-003:onset:0416,79.296145,787.296145,133.041667,34,2.041667,49.1709,C#3,139.9658,0.835918,1.000000,0.866119,0.850000,0.550000,,0.211820,900.239,6,1,0.550000,0.350000,0.030000,0.070000,0.480000,0.320000,0.000000,0.000000,NOTE_HYPOTHESIS,shared_audio_intelligence_v0_2;spectral_peak;owner_supplied_audio
BE-003:pitch:01761,BE-003:onset:0416,79.296145,787.296145,133.041667,34,2.041667,47.7851,C3,129.1992,1.230658,1.000000,0.866119,0.850000,0.550000,,0.211820,900.239,6,2,0.550000,0.350000,0.030000,0.070000,0.480000,0.320000,0.000000,0.000000,NOTE_HYPOTHESIS,shared_audio_intelligence_v0_2;spectral_peak;owner_supplied_audio
BE-003:pitch:01762,BE-003:onset:0416,79.296145,787.296145,133.041667,34,2.041667,34.2788,A#1,59.2163,1.532517,1.000000,0.866119,0.850000,0.760000,,0.211820,900.239,6,3,0.760000,0.180000,0.010000,0.050000,0.480000,0.320000,0.000000,0.000000,NOTE_HYPOTHESIS,shared_audio_intelligence_v0_2;spectral_peak;owner_supplied_audio
BE-003:pitch:01763,BE-003:onset:0416,79.296145,787.296145,133.041667,34,2.041667,61.5006,D4,285.3149,0.394739,1.000000,0.866119,0.850000,0.520000,,0.211820,900.239,6,4,0.250000,0.520000,0.150000,0.080000,0.000000,0.450000,0.250000,0.200000,NOTE_HYPOTHESIS,shared_audio_intelligence_v0_2;spectral_peak;owner_supplied_audio
BE-003:pitch:01764,BE-003:onset:0416,79.296145,787.296145,133.041667,34,2.041667,51.0613,D#3,156.1157,0.673379,1.000000,0.866119,0.850000,0.550000,,0.211820,900.239,6,5,0.550000,0.350000,0.030000,0.070000,0.480000,0.320000,0.000000,0.000000,NOTE_HYPOTHESIS,shared_audio_intelligence_v0_2;spectral_peak;owner_supplied_audio
BE-003:pitch:01765,BE-003:onset:0416,79.296145,787.296145,133.041667,34,2.041667,43.7407,G#2,102.2827,1.532517,1.000000,0.866119,0.850000,0.760000,,0.211820,900.239,6,6,0.760000,0.180000,0.010000,0.050000,0.480000,0.320000,0.000000,0.000000,NOTE_HYPOTHESIS,shared_audio_intelligence_v0_2;spectral_peak;owner_supplied_audio
BE-003:pitch:01766,BE-003:onset:0417,79.528345,787.528345,133.458333,34,2.458333,49.8242,D3,145.3491,0.441179,1.000000,0.834347,0.850000,0.550000,,0.292512,868.569,6,1,0.550000,0.350000,0.030000,0.070000,0.480000,0.320000,0.000000,0.000000,NOTE_HYPOTHESIS,shared_audio_intelligence_v0_2;spectral_peak;owner_supplied_audio
BE-003:pitch:01767,BE-003:onset:0417,79.528345,787.528345,133.458333,34,2.458333,47.7851,C3,129.1992,1.021678,1.000000,0.834347,0.850000,0.550000,,0.292512,868.569,6,2,0.550000,0.350000,0.030000,0.070000,0.480000,0.320000,0.000000,0.000000,NOTE_HYPOTHESIS,shared_audio_intelligence_v0_2;spectral_peak;owner_supplied_audio
BE-003:pitch:01768,BE-003:onset:0417,79.528345,787.528345,133.458333,34,2.458333,44.6287,A2,107.6660,0.139320,1.000000,0.834347,0.850000,0.760000,,0.292512,868.569,6,3,0.760000,0.180000,0.010000,0.050000,0.480000,0.320000,0.000000,0.000000,NOTE_HYPOTHESIS,shared_audio_intelligence_v0_2;spectral_peak;owner_supplied_audio
BE-003:pitch:01769,BE-003:onset:0417,79.528345,787.528345,133.458333,34,2.458333,46.2788,A#2,118.4326,1.532517,1.000000,0.834347,0.850000,0.550000,,0.292512,868.569,6,4,0.550000,0.350000,0.030000,0.070000,0.480000,0.320000,0.000000,0.000000,NOTE_HYPOTHESIS,shared_audio_intelligence_v0_2;spectral_peak;owner_supplied_audio
BE-003:pitch:01770,BE-003:onset:0417,79.528345,787.528345,133.458333,34,2.458333,61.8242,D4,290.6982,0.162540,1.000000,0.834347,0.850000,0.520000,,0.292512,868.569,6,5,0.250000,0.520000,0.150000,0.080000,0.000000,0.450000,0.250000,0.200000,NOTE_HYPOTHESIS,shared_audio_intelligence_v0_2;spectral_peak;owner_supplied_audio
BE-003:pitch:01771,BE-003:onset:0417,79.528345,787.528345,133.458333,34,2.458333,35.7851,C2,64.5996,1.532517,1.000000,0.834347,0.850000,0.760000,,0.292512,868.569,6,6,0.760000,0.180000,0.010000,0.050000,0.480000,0.320000,0.000000,0.000000,NOTE_HYPOTHESIS,shared_audio_intelligence_v0_2;spectral_peak;owner_supplied_audio
BE-003:pitch:01772,BE-003:onset:0418,79.737324,787.737324,133.833333,34,2.833333,49.8242,D3,145.3491,0.255420,1.000000,0.483952,0.850000,0.550000,,0.269004,867.857,3,1,0.550000,0.350000,0.030000,0.070000,0.480000,0.320000,0.000000,0.000000,NOTE_HYPOTHESIS,shared_audio_intelligence_v0_2;spectral_peak;owner_supplied_audio
BE-003:pitch:01773,BE-003:onset:0418,79.737324,787.737324,133.833333,34,2.833333,48.4919,C3,134.5825,0.766259,1.000000,0.483952,0.850000,0.550000,,0.269004,867.857,3,2,0.550000,0.350000,0.030000,0.070000,0.480000,0.320000,0.000000,0.000000,NOTE_HYPOTHESIS,shared_audio_intelligence_v0_2;spectral_peak;owner_supplied_audio
BE-003:pitch:01774,BE-003:onset:0418,79.737324,787.737324,133.833333,34,2.833333,46.2788,A#2,118.4326,1.532517,1.000000,0.483952,0.850000,0.550000,,0.269004,867.857,3,3,0.550000,0.350000,0.030000,0.070000,0.480000,0.320000,0.000000,0.000000,NOTE_HYPOTHESIS,shared_audio_intelligence_v0_2;spectral_peak;owner_supplied_audio
BE-003:pitch:01775,BE-003:onset:0419,79.899864,787.899864,134.130435,34,3.130435,47.7851,C3,129.1992,0.116100,1.000000,0.508501,0.850000,0.550000,,0.319709,685.269,1,1,0.550000,0.350000,0.030000,0.070000,0.480000,0.320000,0.000000,0.000000,NOTE_HYPOTHESIS,shared_audio_intelligence_v0_2;spectral_peak;owner_supplied_audio
BE-003:pitch:01776,BE-003:onset:0420,80.085624,788.085624,134.478261,34,3.478261,44.6287,A2,107.6660,0.208980,1.000000,0.962506,0.850000,0.760000,,0.285470,571.047,3,1,0.760000,0.180000,0.010000,0.050000,0.480000,0.320000,0.000000,0.000000,NOTE_HYPOTHESIS,shared_audio_intelligence_v0_2;spectral_peak;owner_supplied_audio
BE-003:pitch:01777,BE-003:onset:0420,80.085624,788.085624,134.478261,34,3.478261,35.7851,C2,64.5996,0.789478,1.000000,0.962506,0.850000,0.760000,,0.285470,571.047,3,2,0.760000,0.180000,0.010000,0.050000,0.480000,0.320000,0.000000,0.000000,NOTE_HYPOTHESIS,shared_audio_intelligence_v0_2;spectral_peak;owner_supplied_audio
BE-003:pitch:01778,BE-003:onset:0420,80.085624,788.085624,134.478261,34,3.478261,47.7851,C3,129.1992,0.487619,1.000000,0.962506,0.850000,0.550000,,0.285470,571.047,3,3,0.550000,0.350000,0.030000,0.070000,0.480000,0.320000,0.000000,0.000000,NOTE_HYPOTHESIS,shared_audio_intelligence_v0_2;spectral_peak;owner_supplied_audio
BE-003:pitch:01779,BE-003:onset:0421,80.248163,788.248163,134.782609,34,3.782609,47.7851,C3,129.1992,0.208980,1.000000,1.000000,0.850000,0.550000,,0.424265,493.559,2,1,0.550000,0.350000,0.030000,0.070000,0.480000,0.320000,0.000000,0.000000,NOTE_HYPOTHESIS,shared_audio_intelligence_v0_2;spectral_peak;owner_supplied_audio
BE-003:pitch:01780,BE-003:onset:0421,80.248163,788.248163,134.782609,34,3.782609,43.7407,G#2,102.2827,0.069660,1.000000,1.000000,0.850000,0.760000,,0.424265,493.559,2,2,0.760000,0.180000,0.010000,0.050000,0.480000,0.320000,0.000000,0.000000,NOTE_HYPOTHESIS,shared_audio_intelligence_v0_2;spectral_peak;owner_supplied_audio
BE-003:pitch:01781,BE-003:onset:0422,80.364263,788.364263,135.000000,34,4.000000,47.7851,C3,129.1992,0.116100,1.000000,0.923303,0.850000,0.550000,,0.641233,1171.475,5,1,0.550000,0.350000,0.030000,0.070000,0.480000,0.320000,0.000000,0.000000,NOTE_HYPOTHESIS,shared_audio_intelligence_v0_2;spectral_peak;owner_supplied_audio
BE-003:pitch:01782,BE-003:onset:0422,80.364263,788.364263,135.000000,34,4.000000,84.9193,C#6,1103.5767,0.185760,1.000000,0.923303,0.850000,0.840000,,0.641233,1171.475,5,2,0.010000,0.080000,0.840000,0.070000,0.000000,0.120000,0.580000,0.220000,NOTE_HYPOTHESIS,shared_audio_intelligence_v0_2;spectral_peak;owner_supplied_audio
BE-003:pitch:01783,BE-003:onset:0422,80.364263,788.364263,135.000000,34,4.000000,60.8347,C#4,274.5483,0.278639,1.000000,0.923303,0.850000,0.520000,,0.641233,1171.475,5,3,0.250000,0.520000,0.150000,0.080000,0.000000,0.450000,0.250000,0.200000,NOTE_HYPOTHESIS,shared_audio_intelligence_v0_2;spectral_peak;owner_supplied_audio
BE-003:pitch:01784,BE-003:onset:0422,80.364263,788.364263,135.000000,34,4.000000,72.8347,C#5,549.0967,0.371519,1.000000,0.923303,0.850000,0.580000,,0.641233,1171.475,5,4,0.050000,0.300000,0.580000,0.070000,0.000000,0.120000,0.580000,0.220000,NOTE_HYPOTHESIS,shared_audio_intelligence_v0_2;spectral_peak;owner_supplied_audio
BE-003:pitch:01785,BE-003:onset:0422,80.364263,788.364263,135.000000,34,4.000000,97.0456,C#7,2223.3032,0.139320,1.000000,0.923303,0.850000,0.840000,,0.641233,1171.475,5,5,0.010000,0.080000,0.840000,0.070000,0.000000,0.120000,0.580000,0.220000,NOTE_HYPOTHESIS,shared_audio_intelligence_v0_2;spectral_peak;owner_supplied_audio
BE-003:pitch:01786,BE-003:onset:0423,80.503583,788.503583,135.222222,34,4.222222,60.8347,C#4,274.5483,0.092880,1.000000,0.941212,0.850000,0.520000,,0.552703,825.108,6,1,0.250000,0.520000,0.150000,0.080000,0.000000,0.450000,0.250000,0.200000,NOTE_HYPOTHESIS,shared_audio_intelligence_v0_2;spectral_peak;owner_supplied_audio
BE-003:pitch:01787,BE-003:onset:0423,80.503583,788.503583,135.222222,34,4.222222,61.8242,D4,290.6982,0.185760,1.000000,0.941212,0.850000,0.520000,,0.552703,825.108,6,2,0.250000,0.520000,0.150000,0.080000,0.000000,0.450000,0.250000,0.200000,NOTE_HYPOTHESIS,shared_audio_intelligence_v0_2;spectral_peak;owner_supplied_audio
BE-003:pitch:01788,BE-003:onset:0423,80.503583,788.503583,135.222222,34,4.222222,44.6287,A2,107.6660,0.139320,1.000000,0.941212,0.850000,0.760000,,0.552703,825.108,6,3,0.760000,0.180000,0.010000,0.050000,0.480000,0.320000,0.000000,0.000000,NOTE_HYPOTHESIS,shared_audio_intelligence_v0_2;spectral_peak;owner_supplied_audio
BE-003:pitch:01789,BE-003:onset:0423,80.503583,788.503583,135.222222,34,4.222222,73.8242,D5,581.3965,0.232200,1.000000,0.941212,0.850000,0.580000,,0.552703,825.108,6,4,0.050000,0.300000,0.580000,0.070000,0.000000,0.120000,0.580000,0.220000,NOTE_HYPOTHESIS,shared_audio_intelligence_v0_2;spectral_peak;owner_supplied_audio
BE-003:pitch:01790,BE-003:onset:0423,80.503583,788.503583,135.222222,34,4.222222,84.9193,C#6,1103.5767,0.116100,1.000000,0.941212,0.850000,0.840000,,0.552703,825.108,6,5,0.010000,0.080000,0.840000,0.070000,0.000000,0.120000,0.580000,0.220000,NOTE_HYPOTHESIS,shared_audio_intelligence_v0_2;spectral_peak;owner_supplied_audio
BE-003:pitch:01791,BE-003:onset:0423,80.503583,788.503583,135.222222,34,4.222222,85.9042,D6,1168.1763,0.255420,1.000000,0.941212,0.850000,0.840000,,0.552703,825.108,6,6,0.010000,0.080000,0.840000,0.070000,0.000000,0.120000,0.580000,0.220000,NOTE_HYPOTHESIS,shared_audio_intelligence_v0_2;spectral_peak;owner_supplied_audio
BE-003:pitch:01792,BE-003:onset:0424,80.689342,788.689342,135.518519,34,4.518519,66.8047,G4,387.5977,0.208980,1.000000,0.831026,0.850000,0.580000,,0.484275,746.405,6,1,0.050000,0.300000,0.580000,0.070000,0.000000,0.450000,0.250000,0.200000,NOTE_HYPOTHESIS,shared_audio_intelligence_v0_2;spectral_peak;owner_supplied_audio
BE-003:pitch:01793,BE-003:onset:0424,80.689342,788.689342,135.518519,34,4.518519,42.8047,G2,96.8994,0.208980,1.000000,0.831026,0.850000,0.760000,,0.484275,746.405,6,2,0.760000,0.180000,0.010000,0.050000,0.480000,0.320000,0.000000,0.000000,NOTE_HYPOTHESIS,shared_audio_intelligence_v0_2;spectral_peak;owner_supplied_audio
BE-003:pitch:01794,BE-003:onset:0424,80.689342,788.689342,135.518519,34,4.518519,78.9245,G5,780.5786,0.255420,1.000000,0.831026,0.850000,0.840000,,0.484275,746.405,6,3,0.010000,0.080000,0.840000,0.070000,0.000000,0.120000,0.580000,0.220000,NOTE_HYPOTHESIS,shared_audio_intelligence_v0_2;spectral_peak;owner_supplied_audio
BE-003:pitch:01795,BE-003:onset:0424,80.689342,788.689342,135.518519,34,4.518519,73.9838,D5,586.7798,0.069660,1.000000,0.831026,0.850000,0.580000,,0.484275,746.405,6,4,0.050000,0.300000,0.580000,0.070000,0.000000,0.120000,0.580000,0.220000,NOTE_HYPOTHESIS,shared_audio_intelligence_v0_2;spectral_peak;owner_supplied_audio
BE-003:pitch:01796,BE-003:onset:0424,80.689342,788.689342,135.518519,34,4.518519,85.9042,D6,1168.1763,0.069660,1.000000,0.831026,0.850000,0.840000,,0.484275,746.405,6,5,0.010000,0.080000,0.840000,0.070000,0.000000,0.120000,0.580000,0.220000,NOTE_HYPOTHESIS,shared_audio_intelligence_v0_2;spectral_peak;owner_supplied_audio
BE-003:pitch:01797,BE-003:onset:0424,80.689342,788.689342,135.518519,34,4.518519,57.8808,A#3,231.4819,0.789478,1.000000,0.831026,0.850000,0.520000,,0.484275,746.405,6,6,0.250000,0.520000,0.150000,0.080000,0.000000,0.450000,0.250000,0.200000,NOTE_HYPOTHESIS,shared_audio_intelligence_v0_2;spectral_peak;owner_supplied_audio
BE-003:pitch:01798,BE-003:onset:0425,80.805442,788.805442,135.703704,34,4.703704,71.9645,C5,522.1802,0.232200,1.000000,1.000000,0.850000,0.580000,,0.846114,1079.201,5,1,0.050000,0.300000,0.580000,0.070000,0.000000,0.120000,0.580000,0.220000,NOTE_HYPOTHESIS,shared_audio_intelligence_v0_2;spectral_peak;owner_supplied_audio
BE-003:pitch:01799,BE-003:onset:0425,80.805442,788.805442,135.703704,34,4.703704,45.4734,A2,113.0493,0.441179,1.000000,1.000000,0.850000,0.550000,,0.846114,1079.201,5,2,0.550000,0.350000,0.030000,0.070000,0.480000,0.320000,0.000000,0.000000,NOTE_HYPOTHESIS,shared_audio_intelligence_v0_2;spectral_peak;owner_supplied_audio
BE-003:pitch:01800,BE-003:onset:0425,80.805442,788.805442,135.703704,34,4.703704,83.8751,C6,1038.9771,0.185760,1.000000,1.000000,0.850000,0.840000,,0.846114,1079.201,5,3,0.010000,0.080000,0.840000,0.070000,0.000000,0.120000,0.580000,0.220000,NOTE_HYPOTHESIS,shared_audio_intelligence_v0_2;spectral_peak;owner_supplied_audio
BE-003:pitch:01801,BE-003:onset:0425,80.805442,788.805442,135.703704,34,4.703704,59.7851,C4,258.3984,0.185760,1.000000,1.000000,0.850000,0.520000,,0.846114,1079.201,5,4,0.250000,0.520000,0.150000,0.080000,0.000000,0.450000,0.250000,0.200000,NOTE_HYPOTHESIS,shared_audio_intelligence_v0_2;spectral_peak;owner_supplied_audio
BE-003:pitch:01802,BE-003:onset:0425,80.805442,788.805442,135.703704,34,4.703704,90.9841,G6,1566.5405,0.162540,1.000000,1.000000,0.850000,0.840000,,0.846114,1079.201,5,5,0.010000,0.080000,0.840000,0.070000,0.000000,0.120000,0.580000,0.220000,NOTE_HYPOTHESIS,shared_audio_intelligence_v0_2;spectral_peak;owner_supplied_audio
BE-003:pitch:01803,BE-003:onset:0426,80.991202,788.991202,136.000000,35,1.000000,71.9645,C5,522.1802,0.139320,1.000000,0.541724,0.850000,0.580000,,0.449033,775.563,6,1,0.050000,0.300000,0.580000,0.070000,0.000000,0.120000,0.580000,0.220000,NOTE_HYPOTHESIS,shared_audio_intelligence_v0_2;spectral_peak;owner_supplied_audio
BE-003:pitch:01804,BE-003:onset:0426,80.991202,788.991202,136.000000,35,1.000000,44.6287,A2,107.6660,0.417959,1.000000,0.541724,0.850000,0.760000,,0.449033,775.563,6,2,0.760000,0.180000,0.010000,0.050000,0.480000,0.320000,0.000000,0.000000,NOTE_HYPOTHESIS,shared_audio_intelligence_v0_2;spectral_peak;owner_supplied_audio
BE-003:pitch:01805,BE-003:onset:0426,80.991202,788.991202,136.000000,35,1.000000,42.8047,G2,96.8994,0.232200,1.000000,0.541724,0.850000,0.760000,,0.449033,775.563,6,3,0.760000,0.180000,0.010000,0.050000,0.480000,0.320000,0.000000,0.000000,NOTE_HYPOTHESIS,shared_audio_intelligence_v0_2;spectral_peak;owner_supplied_audio
BE-003:pitch:01806,BE-003:onset:0426,80.991202,788.991202,136.000000,35,1.000000,57.0562,A3,220.7153,0.301859,1.000000,0.541724,0.850000,0.520000,,0.449033,775.563,6,4,0.250000,0.520000,0.150000,0.080000,0.000000,0.450000,0.250000,0.200000,NOTE_HYPOTHESIS,shared_audio_intelligence_v0_2;spectral_peak;owner_supplied_audio
BE-003:pitch:01807,BE-003:onset:0426,80.991202,788.991202,136.000000,35,1.000000,68.8438,A4,436.0474,0.325079,1.000000,0.541724,0.850000,0.580000,,0.449033,775.563,6,5,0.050000,0.300000,0.580000,0.070000,0.000000,0.450000,0.250000,0.200000,NOTE_HYPOTHESIS,shared_audio_intelligence_v0_2;spectral_peak;owner_supplied_audio
BE-003:pitch:01808,BE-003:onset:0426,80.991202,788.991202,136.000000,35,1.000000,87.9344,E6,1313.5254,0.116100,1.000000,0.541724,0.850000,0.840000,,0.449033,775.563,6,6,0.010000,0.080000,0.840000,0.070000,0.000000,0.120000,0.580000,0.220000,NOTE_HYPOTHESIS,shared_audio_intelligence_v0_2;spectral_peak;owner_supplied_audio
BE-003:pitch:01809,BE-003:onset:0427,81.107302,789.107302,136.200000,35,1.200000,44.6287,A2,107.6660,0.278639,1.000000,0.949542,0.850000,0.760000,,0.499088,968.798,6,1,0.760000,0.180000,0.010000,0.050000,0.480000,0.320000,0.000000,0.000000,NOTE_HYPOTHESIS,shared_audio_intelligence_v0_2;spectral_peak;owner_supplied_audio
BE-003:pitch:01810,BE-003:onset:0427,81.107302,789.107302,136.200000,35,1.200000,81.8808,A#5,925.9277,0.185760,1.000000,0.949542,0.850000,0.840000,,0.499088,968.798,6,2,0.010000,0.080000,0.840000,0.070000,0.000000,0.120000,0.580000,0.220000,NOTE_HYPOTHESIS,shared_audio_intelligence_v0_2;spectral_peak;owner_supplied_audio
BE-003:pitch:01811,BE-003:onset:0427,81.107302,789.107302,136.200000,35,1.200000,57.8808,A#3,231.4819,0.278639,1.000000,0.949542,0.850000,0.520000,,0.499088,968.798,6,3,0.250000,0.520000,0.150000,0.080000,0.000000,0.450000,0.250000,0.200000,NOTE_HYPOTHESIS,shared_audio_intelligence_v0_2;spectral_peak;owner_supplied_audio
BE-003:pitch:01812,BE-003:onset:0427,81.107302,789.107302,136.200000,35,1.200000,69.8808,A#4,462.9639,0.301859,1.000000,0.949542,0.850000,0.580000,,0.499088,968.798,6,4,0.050000,0.300000,0.580000,0.070000,0.000000,0.450000,0.250000,0.200000,NOTE_HYPOTHESIS,shared_audio_intelligence_v0_2;spectral_peak;owner_supplied_audio
BE-003:pitch:01813,BE-003:onset:0427,81.107302,789.107302,136.200000,35,1.200000,88.9673,F6,1394.2749,0.162540,1.000000,0.949542,0.850000,0.840000,,0.499088,968.798,6,5,0.010000,0.080000,0.840000,0.070000,0.000000,0.120000,0.580000,0.220000,NOTE_HYPOTHESIS,shared_audio_intelligence_v0_2;spectral_peak;owner_supplied_audio
BE-003:pitch:01814,BE-003:onset:0427,81.107302,789.107302,136.200000,35,1.200000,71.9645,C5,522.1802,0.092880,1.000000,0.949542,0.850000,0.580000,,0.499088,968.798,6,6,0.050000,0.300000,0.580000,0.070000,0.000000,0.120000,0.580000,0.220000,NOTE_HYPOTHESIS,shared_audio_intelligence_v0_2;spectral_peak;owner_supplied_audio
BE-003:pitch:01815,BE-003:onset:0428,81.571701,789.571701,137.000000,35,2.000000,65.8151,F#4,366.0645,0.325079,1.000000,1.000000,0.850000,0.580000,,0.644709,1975.086,3,1,0.050000,0.300000,0.580000,0.070000,0.000000,0.450000,0.250000,0.200000,NOTE_HYPOTHESIS,shared_audio_intelligence_v0_2;spectral_peak;owner_supplied_audio
BE-003:pitch:01816,BE-003:onset:0428,81.571701,789.571701,137.000000,35,2.000000,84.9193,C#6,1103.5767,0.278639,1.000000,1.000000,0.850000,0.840000,,0.644709,1975.086,3,2,0.010000,0.080000,0.840000,0.070000,0.000000,0.120000,0.580000,0.220000,NOTE_HYPOTHESIS,shared_audio_intelligence_v0_2;spectral_peak;owner_supplied_audio
BE-003:pitch:01817,BE-003:onset:0428,81.571701,789.571701,137.000000,35,2.000000,77.8151,F#5,732.1289,0.232200,1.000000,1.000000,0.850000,0.840000,,0.644709,1975.086,3,3,0.010000,0.080000,0.840000,0.070000,0.000000,0.120000,0.580000,0.220000,NOTE_HYPOTHESIS,shared_audio_intelligence_v0_2;spectral_peak;owner_supplied_audio
BE-003:pitch:01818,BE-003:onset:0429,81.757460,789.757460,137.296296,35,2.296296,65.8151,F#4,366.0645,0.139320,1.000000,0.634642,0.850000,0.580000,,0.529408,1353.352,3,1,0.050000,0.300000,0.580000,0.070000,0.000000,0.450000,0.250000,0.200000,NOTE_HYPOTHESIS,shared_audio_intelligence_v0_2;spectral_peak;owner_supplied_audio
BE-003:pitch:01819,BE-003:onset:0429,81.757460,789.757460,137.296296,35,2.296296,66.8047,G4,387.5977,0.232200,1.000000,0.634642,0.850000,0.580000,,0.529408,1353.352,3,2,0.050000,0.300000,0.580000,0.070000,0.000000,0.450000,0.250000,0.200000,NOTE_HYPOTHESIS,shared_audio_intelligence_v0_2;spectral_peak;owner_supplied_audio
BE-003:pitch:01820,BE-003:onset:0429,81.757460,789.757460,137.296296,35,2.296296,78.9245,G5,780.5786,0.208980,1.000000,0.634642,0.850000,0.840000,,0.529408,1353.352,3,3,0.010000,0.080000,0.840000,0.070000,0.000000,0.120000,0.580000,0.220000,NOTE_HYPOTHESIS,shared_audio_intelligence_v0_2;spectral_peak;owner_supplied_audio
BE-003:pitch:01821,BE-003:onset:0430,81.896780,789.896780,137.518519,35,2.518519,43.7407,G#2,102.2827,0.139320,1.000000,1.000000,0.850000,0.760000,,0.473374,845.607,6,1,0.760000,0.180000,0.010000,0.050000,0.480000,0.320000,0.000000,0.000000,NOTE_HYPOTHESIS,shared_audio_intelligence_v0_2;spectral_peak;owner_supplied_audio
BE-003:pitch:01822,BE-003:onset:0430,81.896780,789.896780,137.518519,35,2.518519,68.8438,A4,436.0474,0.348299,1.000000,1.000000,0.850000,0.580000,,0.473374,845.607,6,2,0.050000,0.300000,0.580000,0.070000,0.000000,0.450000,0.250000,0.200000,NOTE_HYPOTHESIS,shared_audio_intelligence_v0_2;spectral_peak;owner_supplied_audio
BE-003:pitch:01823,BE-003:onset:0430,81.896780,789.896780,137.518519,35,2.518519,66.8047,G4,387.5977,0.162540,1.000000,1.000000,0.850000,0.580000,,0.473374,845.607,6,3,0.050000,0.300000,0.580000,0.070000,0.000000,0.450000,0.250000,0.200000,NOTE_HYPOTHESIS,shared_audio_intelligence_v0_2;spectral_peak;owner_supplied_audio
BE-003:pitch:01824,BE-003:onset:0430,81.896780,789.896780,137.518519,35,2.518519,46.2788,A#2,118.4326,1.532517,1.000000,1.000000,0.850000,0.550000,,0.473374,845.607,6,4,0.550000,0.350000,0.030000,0.070000,0.480000,0.320000,0.000000,0.000000,NOTE_HYPOTHESIS,shared_audio_intelligence_v0_2;spectral_peak;owner_supplied_audio
BE-003:pitch:01825,BE-003:onset:0430,81.896780,789.896780,137.518519,35,2.518519,87.9344,E6,1313.5254,0.278639,1.000000,1.000000,0.850000,0.840000,,0.473374,845.607,6,5,0.010000,0.080000,0.840000,0.070000,0.000000,0.120000,0.580000,0.220000,NOTE_HYPOTHESIS,shared_audio_intelligence_v0_2;spectral_peak;owner_supplied_audio
BE-003:pitch:01826,BE-003:onset:0430,81.896780,789.896780,137.518519,35,2.518519,56.6287,A3,215.3320,0.464399,1.000000,1.000000,0.850000,0.520000,,0.473374,845.607,6,6,0.250000,0.520000,0.150000,0.080000,0.000000,0.450000,0.250000,0.200000,NOTE_HYPOTHESIS,shared_audio_intelligence_v0_2;spectral_peak;owner_supplied_audio
BE-003:pitch:01827,BE-003:onset:0431,82.198639,790.198639,138.000000,35,3.000000,81.8808,A#5,925.9277,0.255420,1.000000,1.000000,0.850000,0.840000,,0.471855,922.144,6,1,0.010000,0.080000,0.840000,0.070000,0.000000,0.120000,0.580000,0.220000,NOTE_HYPOTHESIS,shared_audio_intelligence_v0_2;spectral_peak;owner_supplied_audio
BE-003:pitch:01828,BE-003:onset:0431,82.198639,790.198639,138.000000,35,3.000000,45.4734,A2,113.0493,1.300317,1.000000,1.000000,0.850000,0.550000,,0.471855,922.144,6,2,0.550000,0.350000,0.030000,0.070000,0.480000,0.320000,0.000000,0.000000,NOTE_HYPOTHESIS,shared_audio_intelligence_v0_2;spectral_peak;owner_supplied_audio
BE-003:pitch:01829,BE-003:onset:0431,82.198639,790.198639,138.000000,35,3.000000,57.8808,A#3,231.4819,0.417959,1.000000,1.000000,0.850000,0.520000,,0.471855,922.144,6,3,0.250000,0.520000,0.150000,0.080000,0.000000,0.450000,0.250000,0.200000,NOTE_HYPOTHESIS,shared_audio_intelligence_v0_2;spectral_peak;owner_supplied_audio
BE-003:pitch:01830,BE-003:onset:0431,82.198639,790.198639,138.000000,35,3.000000,88.9673,F6,1394.2749,0.255420,1.000000,1.000000,0.850000,0.840000,,0.471855,922.144,6,4,0.010000,0.080000,0.840000,0.070000,0.000000,0.120000,0.580000,0.220000,NOTE_HYPOTHESIS,shared_audio_intelligence_v0_2;spectral_peak;owner_supplied_audio
BE-003:pitch:01831,BE-003:onset:0431,82.198639,790.198639,138.000000,35,3.000000,69.8808,A#4,462.9639,0.835918,1.000000,1.000000,0.850000,0.580000,,0.471855,922.144,6,5,0.050000,0.300000,0.580000,0.070000,0.000000,0.450000,0.250000,0.200000,NOTE_HYPOTHESIS,shared_audio_intelligence_v0_2;spectral_peak;owner_supplied_audio
BE-003:pitch:01832,BE-003:onset:0431,82.198639,790.198639,138.000000,35,3.000000,68.8438,A4,436.0474,0.092880,1.000000,1.000000,0.850000,0.580000,,0.471855,922.144,6,6,0.050000,0.300000,0.580000,0.070000,0.000000,0.450000,0.250000,0.200000,NOTE_HYPOTHESIS,shared_audio_intelligence_v0_2;spectral_peak;owner_supplied_audio
BE-003:pitch:01833,BE-003:onset:0432,82.477279,790.477279,138.480000,35,3.480000,83.8751,C6,1038.9771,0.255420,1.000000,1.000000,0.850000,0.840000,,0.758422,1067.369,6,1,0.010000,0.080000,0.840000,0.070000,0.000000,0.120000,0.580000,0.220000,NOTE_HYPOTHESIS,shared_audio_intelligence_v0_2;spectral_peak;owner_supplied_audio
BE-003:pitch:01834,BE-003:onset:0432,82.477279,790.477279,138.480000,35,3.480000,71.9645,C5,522.1802,0.348299,1.000000,1.000000,0.850000,0.580000,,0.758422,1067.369,6,2,0.050000,0.300000,0.580000,0.070000,0.000000,0.120000,0.580000,0.220000,NOTE_HYPOTHESIS,shared_audio_intelligence_v0_2;spectral_peak;owner_supplied_audio
BE-003:pitch:01835,BE-003:onset:0432,82.477279,790.477279,138.480000,35,3.480000,59.7851,C4,258.3984,0.301859,1.000000,1.000000,0.850000,0.520000,,0.758422,1067.369,6,3,0.250000,0.520000,0.150000,0.080000,0.000000,0.450000,0.250000,0.200000,NOTE_HYPOTHESIS,shared_audio_intelligence_v0_2;spectral_peak;owner_supplied_audio
BE-003:pitch:01836,BE-003:onset:0432,82.477279,790.477279,138.480000,35,3.480000,57.8808,A#3,231.4819,0.139320,1.000000,1.000000,0.850000,0.520000,,0.758422,1067.369,6,4,0.250000,0.520000,0.150000,0.080000,0.000000,0.450000,0.250000,0.200000,NOTE_HYPOTHESIS,shared_audio_intelligence_v0_2;spectral_peak;owner_supplied_audio
BE-003:pitch:01837,BE-003:onset:0432,82.477279,790.477279,138.480000,35,3.480000,45.4734,A2,113.0493,1.068118,1.000000,1.000000,0.850000,0.550000,,0.758422,1067.369,6,5,0.550000,0.350000,0.030000,0.070000,0.480000,0.320000,0.000000,0.000000,NOTE_HYPOTHESIS,shared_audio_intelligence_v0_2;spectral_peak;owner_supplied_audio
BE-003:pitch:01838,BE-003:onset:0432,82.477279,790.477279,138.480000,35,3.480000,42.8047,G2,96.8994,0.255420,1.000000,1.000000,0.850000,0.760000,,0.758422,1067.369,6,6,0.760000,0.180000,0.010000,0.050000,0.480000,0.320000,0.000000,0.000000,NOTE_HYPOTHESIS,shared_audio_intelligence_v0_2;spectral_peak;owner_supplied_audio
BE-003:pitch:01839,BE-003:onset:0433,82.639819,790.639819,138.760000,35,3.760000,71.9645,C5,522.1802,0.139320,1.000000,0.639477,0.850000,0.580000,,0.666436,832.451,5,1,0.050000,0.300000,0.580000,0.070000,0.000000,0.120000,0.580000,0.220000,NOTE_HYPOTHESIS,shared_audio_intelligence_v0_2;spectral_peak;owner_supplied_audio
BE-003:pitch:01840,BE-003:onset:0433,82.639819,790.639819,138.760000,35,3.760000,83.9645,C6,1044.3604,0.092880,1.000000,0.639477,0.850000,0.840000,,0.666436,832.451,5,2,0.010000,0.080000,0.840000,0.070000,0.000000,0.120000,0.580000,0.220000,NOTE_HYPOTHESIS,shared_audio_intelligence_v0_2;spectral_peak;owner_supplied_audio
BE-003:pitch:01841,BE-003:onset:0433,82.639819,790.639819,138.760000,35,3.760000,45.4734,A2,113.0493,0.812698,1.000000,0.639477,0.850000,0.550000,,0.666436,832.451,5,3,0.550000,0.350000,0.030000,0.070000,0.480000,0.320000,0.000000,0.000000,NOTE_HYPOTHESIS,shared_audio_intelligence_v0_2;spectral_peak;owner_supplied_audio
BE-003:pitch:01842,BE-003:onset:0433,82.639819,790.639819,138.760000,35,3.760000,59.7851,C4,258.3984,0.116100,1.000000,0.639477,0.850000,0.520000,,0.666436,832.451,5,4,0.250000,0.520000,0.150000,0.080000,0.000000,0.450000,0.250000,0.200000,NOTE_HYPOTHESIS,shared_audio_intelligence_v0_2;spectral_peak;owner_supplied_audio
BE-003:pitch:01843,BE-003:onset:0433,82.639819,790.639819,138.760000,35,3.760000,78.9245,G5,780.5786,0.116100,1.000000,0.639477,0.850000,0.840000,,0.666436,832.451,5,5,0.010000,0.080000,0.840000,0.070000,0.000000,0.120000,0.580000,0.220000,NOTE_HYPOTHESIS,shared_audio_intelligence_v0_2;spectral_peak;owner_supplied_audio
BE-003:pitch:01844,BE-003:onset:0434,82.779138,790.779138,139.000000,35,4.000000,57.8808,A#3,231.4819,0.301859,1.000000,1.000000,0.850000,0.520000,,0.475297,2326.863,6,1,0.250000,0.520000,0.150000,0.080000,0.000000,0.450000,0.250000,0.200000,NOTE_HYPOTHESIS,shared_audio_intelligence_v0_2;spectral_peak;owner_supplied_audio
BE-003:pitch:01845,BE-003:onset:0434,82.779138,790.779138,139.000000,35,4.000000,81.8808,A#5,925.9277,0.185760,1.000000,1.000000,0.850000,0.840000,,0.475297,2326.863,6,2,0.010000,0.080000,0.840000,0.070000,0.000000,0.120000,0.580000,0.220000,NOTE_HYPOTHESIS,shared_audio_intelligence_v0_2;spectral_peak;owner_supplied_audio
BE-003:pitch:01846,BE-003:onset:0434,82.779138,790.779138,139.000000,35,4.000000,45.4734,A2,113.0493,0.743039,1.000000,1.000000,0.850000,0.550000,,0.475297,2326.863,6,3,0.550000,0.350000,0.030000,0.070000,0.480000,0.320000,0.000000,0.000000,NOTE_HYPOTHESIS,shared_audio_intelligence_v0_2;spectral_peak;owner_supplied_audio
BE-003:pitch:01847,BE-003:onset:0434,82.779138,790.779138,139.000000,35,4.000000,71.9645,C5,522.1802,0.116100,1.000000,1.000000,0.850000,0.580000,,0.475297,2326.863,6,4,0.050000,0.300000,0.580000,0.070000,0.000000,0.120000,0.580000,0.220000,NOTE_HYPOTHESIS,shared_audio_intelligence_v0_2;spectral_peak;owner_supplied_audio
BE-003:pitch:01848,BE-003:onset:0434,82.779138,790.779138,139.000000,35,4.000000,69.8808,A#4,462.9639,0.278639,1.000000,1.000000,0.850000,0.580000,,0.475297,2326.863,6,5,0.050000,0.300000,0.580000,0.070000,0.000000,0.450000,0.250000,0.200000,NOTE_HYPOTHESIS,shared_audio_intelligence_v0_2;spectral_peak;owner_supplied_audio
BE-003:pitch:01849,BE-003:onset:0434,82.779138,790.779138,139.000000,35,4.000000,88.9673,F6,1394.2749,0.116100,0.984530,1.000000,0.842265,0.840000,,0.475297,2326.863,6,6,0.010000,0.080000,0.840000,0.070000,0.000000,0.120000,0.580000,0.220000,NOTE_HYPOTHESIS,shared_audio_intelligence_v0_2;spectral_peak;owner_supplied_audio
BE-003:pitch:01850,BE-003:onset:0435,82.941678,790.941678,139.280000,35,4.280000,45.4734,A2,113.0493,0.603719,1.000000,0.558825,0.850000,0.501984,,0.322505,2681.203,6,1,0.501984,0.319444,0.029762,0.148810,0.480000,0.320000,0.000000,0.000000,NOTE_HYPOTHESIS,shared_audio_intelligence_v0_2;spectral_peak;owner_supplied_audio
BE-003:pitch:01851,BE-003:onset:0435,82.941678,790.941678,139.280000,35,4.280000,57.0562,A3,220.7153,0.116100,1.000000,0.558825,0.850000,0.469756,,0.322505,2681.203,6,2,0.225844,0.469756,0.147290,0.157109,0.000000,0.450000,0.250000,0.200000,NOTE_HYPOTHESIS,shared_audio_intelligence_v0_2;spectral_peak;owner_supplied_audio
BE-003:pitch:01852,BE-003:onset:0435,82.941678,790.941678,139.280000,35,4.280000,68.8438,A4,436.0474,0.185760,1.000000,0.558825,0.850000,0.580000,,0.322505,2681.203,6,3,0.050000,0.300000,0.580000,0.070000,0.000000,0.450000,0.250000,0.200000,NOTE_HYPOTHESIS,shared_audio_intelligence_v0_2;spectral_peak;owner_supplied_audio
BE-003:pitch:01853,BE-003:onset:0435,82.941678,790.941678,139.280000,35,4.280000,57.8808,A#3,231.4819,0.208980,1.000000,0.558825,0.850000,0.469756,,0.322505,2681.203,6,4,0.225844,0.469756,0.147290,0.157109,0.000000,0.450000,0.250000,0.200000,NOTE_HYPOTHESIS,shared_audio_intelligence_v0_2;spectral_peak;owner_supplied_audio
BE-003:pitch:01854,BE-003:onset:0435,82.941678,790.941678,139.280000,35,4.280000,69.8808,A#4,462.9639,0.185760,1.000000,0.558825,0.850000,0.580000,,0.322505,2681.203,6,5,0.050000,0.300000,0.580000,0.070000,0.000000,0.450000,0.250000,0.200000,NOTE_HYPOTHESIS,shared_audio_intelligence_v0_2;spectral_peak;owner_supplied_audio
BE-003:pitch:01855,BE-003:onset:0435,82.941678,790.941678,139.280000,35,4.280000,81.8808,A#5,925.9277,0.139320,1.000000,0.558825,0.850000,0.840000,,0.322505,2681.203,6,6,0.010000,0.080000,0.840000,0.070000,0.000000,0.120000,0.580000,0.220000,NOTE_HYPOTHESIS,shared_audio_intelligence_v0_2;spectral_peak;owner_supplied_audio
BE-003:pitch:01856,BE-003:onset:0436,83.080998,791.080998,139.520000,35,4.520000,66.8047,G4,387.5977,0.232200,1.000000,0.893209,0.850000,0.580000,,0.329625,1034.866,5,1,0.050000,0.300000,0.580000,0.070000,0.000000,0.450000,0.250000,0.200000,NOTE_HYPOTHESIS,shared_audio_intelligence_v0_2;spectral_peak;owner_supplied_audio
BE-003:pitch:01857,BE-003:onset:0436,83.080998,791.080998,139.520000,35,4.520000,78.8047,G5,775.1953,0.185760,1.000000,0.893209,0.850000,0.840000,,0.329625,1034.866,5,2,0.010000,0.080000,0.840000,0.070000,0.000000,0.120000,0.580000,0.220000,NOTE_HYPOTHESIS,shared_audio_intelligence_v0_2;spectral_peak;owner_supplied_audio
BE-003:pitch:01858,BE-003:onset:0436,83.080998,791.080998,139.520000,35,4.520000,45.4734,A2,113.0493,0.487619,1.000000,0.893209,0.850000,0.550000,,0.329625,1034.866,5,3,0.550000,0.350000,0.030000,0.070000,0.480000,0.320000,0.000000,0.000000,NOTE_HYPOTHESIS,shared_audio_intelligence_v0_2;spectral_peak;owner_supplied_audio
BE-003:pitch:01859,BE-003:onset:0436,83.080998,791.080998,139.520000,35,4.520000,85.9042,D6,1168.1763,0.139320,1.000000,0.893209,0.850000,0.840000,,0.329625,1034.866,5,4,0.010000,0.080000,0.840000,0.070000,0.000000,0.120000,0.580000,0.220000,NOTE_HYPOTHESIS,shared_audio_intelligence_v0_2;spectral_peak;owner_supplied_audio
BE-003:pitch:01860,BE-003:onset:0436,83.080998,791.080998,139.520000,35,4.520000,68.8438,A4,436.0474,0.092880,1.000000,0.893209,0.850000,0.580000,,0.329625,1034.866,5,5,0.050000,0.300000,0.580000,0.070000,0.000000,0.450000,0.250000,0.200000,NOTE_HYPOTHESIS,shared_audio_intelligence_v0_2;spectral_peak;owner_supplied_audio
BE-003:pitch:01861,BE-003:onset:0437,83.197098,791.197098,139.720000,35,4.720000,65.8151,F#4,366.0645,0.232200,1.000000,0.944713,0.850000,0.580000,,0.514157,828.789,5,1,0.050000,0.300000,0.580000,0.070000,0.000000,0.450000,0.250000,0.200000,NOTE_HYPOTHESIS,shared_audio_intelligence_v0_2;spectral_peak;owner_supplied_audio
BE-003:pitch:01862,BE-003:onset:0437,83.197098,791.197098,139.720000,35,4.720000,77.8151,F#5,732.1289,0.139320,1.000000,0.944713,0.850000,0.840000,,0.514157,828.789,5,2,0.010000,0.080000,0.840000,0.070000,0.000000,0.120000,0.580000,0.220000,NOTE_HYPOTHESIS,shared_audio_intelligence_v0_2;spectral_peak;owner_supplied_audio
BE-003:pitch:01863,BE-003:onset:0437,83.197098,791.197098,139.720000,35,4.720000,66.8047,G4,387.5977,0.116100,1.000000,0.944713,0.850000,0.580000,,0.514157,828.789,5,3,0.050000,0.300000,0.580000,0.070000,0.000000,0.450000,0.250000,0.200000,NOTE_HYPOTHESIS,shared_audio_intelligence_v0_2;spectral_peak;owner_supplied_audio
BE-003:pitch:01864,BE-003:onset:0437,83.197098,791.197098,139.720000,35,4.720000,84.9193,C#6,1103.5767,0.139320,1.000000,0.944713,0.850000,0.840000,,0.514157,828.789,5,4,0.010000,0.080000,0.840000,0.070000,0.000000,0.120000,0.580000,0.220000,NOTE_HYPOTHESIS,shared_audio_intelligence_v0_2;spectral_peak;owner_supplied_audio
BE-003:pitch:01865,BE-003:onset:0437,83.197098,791.197098,139.720000,35,4.720000,45.4734,A2,113.0493,1.509297,1.000000,0.944713,0.850000,0.550000,,0.514157,828.789,5,5,0.550000,0.350000,0.030000,0.070000,0.480000,0.320000,0.000000,0.000000,NOTE_HYPOTHESIS,shared_audio_intelligence_v0_2;spectral_peak;owner_supplied_audio
BE-003:pitch:01866,BE-003:onset:0438,83.359637,791.359637,140.000000,36,1.000000,62.7603,D#4,306.8481,0.278639,1.000000,0.852092,0.850000,0.520000,,0.486841,818.159,6,1,0.250000,0.520000,0.150000,0.080000,0.000000,0.450000,0.250000,0.200000,NOTE_HYPOTHESIS,shared_audio_intelligence_v0_2;spectral_peak;owner_supplied_audio
BE-003:pitch:01867,BE-003:onset:0438,83.359637,791.359637,140.000000,36,1.000000,66.0679,F#4,371.4478,0.116100,1.000000,0.852092,0.850000,0.580000,,0.486841,818.159,6,2,0.050000,0.300000,0.580000,0.070000,0.000000,0.450000,0.250000,0.200000,NOTE_HYPOTHESIS,shared_audio_intelligence_v0_2;spectral_peak;owner_supplied_audio
BE-003:pitch:01868,BE-003:onset:0438,83.359637,791.359637,140.000000,36,1.000000,81.8808,A#5,925.9277,0.185760,1.000000,0.852092,0.850000,0.840000,,0.486841,818.159,6,3,0.010000,0.080000,0.840000,0.070000,0.000000,0.120000,0.580000,0.220000,NOTE_HYPOTHESIS,shared_audio_intelligence_v0_2;spectral_peak;owner_supplied_audio
BE-003:pitch:01869,BE-003:onset:0438,83.359637,791.359637,140.000000,36,1.000000,74.7603,D#5,613.6963,0.208980,1.000000,0.852092,0.850000,0.580000,,0.486841,818.159,6,4,0.050000,0.300000,0.580000,0.070000,0.000000,0.120000,0.580000,0.220000,NOTE_HYPOTHESIS,shared_audio_intelligence_v0_2;spectral_peak;owner_supplied_audio
BE-003:pitch:01870,BE-003:onset:0438,83.359637,791.359637,140.000000,36,1.000000,45.4734,A2,113.0493,1.346757,1.000000,0.852092,0.850000,0.550000,,0.486841,818.159,6,5,0.550000,0.350000,0.030000,0.070000,0.480000,0.320000,0.000000,0.000000,NOTE_HYPOTHESIS,shared_audio_intelligence_v0_2;spectral_peak;owner_supplied_audio
BE-003:pitch:01871,BE-003:onset:0438,83.359637,791.359637,140.000000,36,1.000000,86.9115,D#6,1238.1592,0.185760,1.000000,0.852092,0.850000,0.840000,,0.486841,818.159,6,6,0.010000,0.080000,0.840000,0.070000,0.000000,0.120000,0.580000,0.220000,NOTE_HYPOTHESIS,shared_audio_intelligence_v0_2;spectral_peak;owner_supplied_audio
BE-003:pitch:01872,BE-003:onset:0439,83.498957,791.498957,140.230769,36,1.230769,61.8242,D4,290.6982,0.162540,1.000000,0.689017,0.850000,0.520000,,0.463367,772.406,6,1,0.250000,0.520000,0.150000,0.080000,0.000000,0.450000,0.250000,0.200000,NOTE_HYPOTHESIS,shared_audio_intelligence_v0_2;spectral_peak;owner_supplied_audio
BE-003:pitch:01873,BE-003:onset:0439,83.498957,791.498957,140.230769,36,1.230769,63.0613,D#4,312.2314,0.139320,1.000000,0.689017,0.850000,0.520000,,0.463367,772.406,6,2,0.250000,0.520000,0.150000,0.080000,0.000000,0.450000,0.250000,0.200000,NOTE_HYPOTHESIS,shared_audio_intelligence_v0_2;spectral_peak;owner_supplied_audio
BE-003:pitch:01874,BE-003:onset:0439,83.498957,791.498957,140.230769,36,1.230769,73.8242,D5,581.3965,0.092880,1.000000,0.689017,0.850000,0.580000,,0.463367,772.406,6,3,0.050000,0.300000,0.580000,0.070000,0.000000,0.120000,0.580000,0.220000,NOTE_HYPOTHESIS,shared_audio_intelligence_v0_2;spectral_peak;owner_supplied_audio
BE-003:pitch:01875,BE-003:onset:0439,83.498957,791.498957,140.230769,36,1.230769,81.8808,A#5,925.9277,0.069660,1.000000,0.689017,0.850000,0.840000,,0.463367,772.406,6,4,0.010000,0.080000,0.840000,0.070000,0.000000,0.120000,0.580000,0.220000,NOTE_HYPOTHESIS,shared_audio_intelligence_v0_2;spectral_peak;owner_supplied_audio
BE-003:pitch:01876,BE-003:onset:0439,83.498957,791.498957,140.230769,36,1.230769,45.4734,A2,113.0493,1.532517,1.000000,0.689017,0.850000,0.550000,,0.463367,772.406,6,5,0.550000,0.350000,0.030000,0.070000,0.480000,0.320000,0.000000,0.000000,NOTE_HYPOTHESIS,shared_audio_intelligence_v0_2;spectral_peak;owner_supplied_audio
BE-003:pitch:01877,BE-003:onset:0439,83.498957,791.498957,140.230769,36,1.230769,74.9115,D#5,619.0796,0.116100,1.000000,0.689017,0.850000,0.580000,,0.463367,772.406,6,6,0.050000,0.300000,0.580000,0.070000,0.000000,0.120000,0.580000,0.220000,NOTE_HYPOTHESIS,shared_audio_intelligence_v0_2;spectral_peak;owner_supplied_audio
BE-003:pitch:01878,BE-003:onset:0440,83.661497,791.661497,140.500000,36,1.500000,44.6287,A2,107.6660,0.975238,1.000000,1.000000,0.850000,0.760000,,0.475258,638.293,4,1,0.760000,0.180000,0.010000,0.050000,0.480000,0.320000,0.000000,0.000000,NOTE_HYPOTHESIS,shared_audio_intelligence_v0_2;spectral_peak;owner_supplied_audio
BE-003:pitch:01879,BE-003:onset:0440,83.661497,791.661497,140.500000,36,1.500000,59.7851,C4,258.3984,0.139320,1.000000,1.000000,0.850000,0.520000,,0.475258,638.293,4,2,0.250000,0.520000,0.150000,0.080000,0.000000,0.450000,0.250000,0.200000,NOTE_HYPOTHESIS,shared_audio_intelligence_v0_2;spectral_peak;owner_supplied_audio
BE-003:pitch:01880,BE-003:onset:0440,83.661497,791.661497,140.500000,36,1.500000,71.7851,C5,516.7969,0.116100,1.000000,1.000000,0.850000,0.580000,,0.475258,638.293,4,3,0.050000,0.300000,0.580000,0.070000,0.000000,0.120000,0.580000,0.220000,NOTE_HYPOTHESIS,shared_audio_intelligence_v0_2;spectral_peak;owner_supplied_audio
BE-003:pitch:01881,BE-003:onset:0440,83.661497,791.661497,140.500000,36,1.500000,35.7851,C2,64.5996,1.091338,1.000000,1.000000,0.850000,0.760000,,0.475258,638.293,4,4,0.760000,0.180000,0.010000,0.050000,0.480000,0.320000,0.000000,0.000000,NOTE_HYPOTHESIS,shared_audio_intelligence_v0_2;spectral_peak;owner_supplied_audio
BE-003:pitch:01882,BE-003:onset:0441,83.777596,791.777596,140.692308,36,1.692308,45.4734,A2,113.0493,0.301859,1.000000,0.597140,0.850000,0.550000,,0.496443,655.983,2,1,0.550000,0.350000,0.030000,0.070000,0.480000,0.320000,0.000000,0.000000,NOTE_HYPOTHESIS,shared_audio_intelligence_v0_2;spectral_peak;owner_supplied_audio
BE-003:pitch:01883,BE-003:onset:0441,83.777596,791.777596,140.692308,36,1.692308,59.7851,C4,258.3984,0.348299,1.000000,0.597140,0.850000,0.520000,,0.496443,655.983,2,2,0.250000,0.520000,0.150000,0.080000,0.000000,0.450000,0.250000,0.200000,NOTE_HYPOTHESIS,shared_audio_intelligence_v0_2;spectral_peak;owner_supplied_audio
BE-003:pitch:01884,BE-003:onset:0442,83.963356,791.963356,141.000000,36,2.000000,42.8047,G2,96.8994,0.534059,1.000000,1.000000,0.850000,0.695860,,0.406405,2703.546,6,1,0.695860,0.164809,0.009952,0.129379,0.480000,0.320000,0.000000,0.000000,NOTE_HYPOTHESIS,shared_audio_intelligence_v0_2;spectral_peak;owner_supplied_audio
BE-003:pitch:01885,BE-003:onset:0442,83.963356,791.963356,141.000000,36,2.000000,45.4734,A2,113.0493,0.278639,1.000000,1.000000,0.850000,0.501984,,0.406405,2703.546,6,2,0.501984,0.319444,0.029762,0.148810,0.480000,0.320000,0.000000,0.000000,NOTE_HYPOTHESIS,shared_audio_intelligence_v0_2;spectral_peak;owner_supplied_audio
BE-003:pitch:01886,BE-003:onset:0442,83.963356,791.963356,141.000000,36,2.000000,59.7851,C4,258.3984,0.116100,1.000000,1.000000,0.850000,0.469756,,0.406405,2703.546,6,3,0.225844,0.469756,0.147290,0.157109,0.000000,0.450000,0.250000,0.200000,NOTE_HYPOTHESIS,shared_audio_intelligence_v0_2;spectral_peak;owner_supplied_audio
BE-003:pitch:01887,BE-003:onset:0442,83.963356,791.963356,141.000000,36,2.000000,71.7851,C5,516.7969,0.092880,1.000000,1.000000,0.850000,0.580000,,0.406405,2703.546,6,4,0.050000,0.300000,0.580000,0.070000,0.000000,0.120000,0.580000,0.220000,NOTE_HYPOTHESIS,shared_audio_intelligence_v0_2;spectral_peak;owner_supplied_audio
BE-003:pitch:01888,BE-003:onset:0442,83.963356,791.963356,141.000000,36,2.000000,47.7851,C3,129.1992,0.232200,1.000000,1.000000,0.850000,0.501984,,0.406405,2703.546,6,5,0.501984,0.319444,0.029762,0.148810,0.480000,0.320000,0.000000,0.000000,NOTE_HYPOTHESIS,shared_audio_intelligence_v0_2;spectral_peak;owner_supplied_audio
BE-003:pitch:01889,BE-003:onset:0442,83.963356,791.963356,141.000000,36,2.000000,35.7851,C2,64.5996,1.532517,1.000000,1.000000,0.850000,0.695860,,0.406405,2703.546,6,6,0.695860,0.164809,0.009952,0.129379,0.480000,0.320000,0.000000,0.000000,NOTE_HYPOTHESIS,shared_audio_intelligence_v0_2;spectral_peak;owner_supplied_audio
BE-003:pitch:01890,BE-003:onset:0443,84.079456,792.079456,141.200000,36,2.200000,61.8242,D4,290.6982,0.162540,1.000000,1.000000,0.850000,0.520000,,0.560826,1867.362,4,1,0.250000,0.520000,0.150000,0.080000,0.000000,0.450000,0.250000,0.200000,NOTE_HYPOTHESIS,shared_audio_intelligence_v0_2;spectral_peak;owner_supplied_audio
BE-003:pitch:01891,BE-003:onset:0443,84.079456,792.079456,141.200000,36,2.200000,43.7407,G#2,102.2827,0.557279,1.000000,1.000000,0.850000,0.760000,,0.560826,1867.362,4,2,0.760000,0.180000,0.010000,0.050000,0.480000,0.320000,0.000000,0.000000,NOTE_HYPOTHESIS,shared_audio_intelligence_v0_2;spectral_peak;owner_supplied_audio
BE-003:pitch:01892,BE-003:onset:0443,84.079456,792.079456,141.200000,36,2.200000,73.8242,D5,581.3965,0.092880,1.000000,1.000000,0.850000,0.580000,,0.560826,1867.362,4,3,0.050000,0.300000,0.580000,0.070000,0.000000,0.120000,0.580000,0.220000,NOTE_HYPOTHESIS,shared_audio_intelligence_v0_2;spectral_peak;owner_supplied_audio
BE-003:pitch:01893,BE-003:onset:0443,84.079456,792.079456,141.200000,36,2.200000,45.4734,A2,113.0493,0.626939,1.000000,1.000000,0.850000,0.550000,,0.560826,1867.362,4,4,0.550000,0.350000,0.030000,0.070000,0.480000,0.320000,0.000000,0.000000,NOTE_HYPOTHESIS,shared_audio_intelligence_v0_2;spectral_peak;owner_supplied_audio
BE-003:pitch:01894,BE-003:onset:0444,84.265215,792.265215,141.520000,36,2.520000,41.8151,F#2,91.5161,0.139320,1.000000,1.000000,0.850000,0.760000,,0.405010,1817.997,6,1,0.760000,0.180000,0.010000,0.050000,0.480000,0.320000,0.000000,0.000000,NOTE_HYPOTHESIS,shared_audio_intelligence_v0_2;spectral_peak;owner_supplied_audio
BE-003:pitch:01895,BE-003:onset:0444,84.265215,792.265215,141.520000,36,2.520000,73.8242,D5,581.3965,0.162540,1.000000,1.000000,0.850000,0.580000,,0.405010,1817.997,6,2,0.050000,0.300000,0.580000,0.070000,0.000000,0.120000,0.580000,0.220000,NOTE_HYPOTHESIS,shared_audio_intelligence_v0_2;spectral_peak;owner_supplied_audio
BE-003:pitch:01896,BE-003:onset:0444,84.265215,792.265215,141.520000,36,2.520000,54.8047,G3,193.7988,0.162540,1.000000,1.000000,0.850000,0.550000,,0.405010,1817.997,6,3,0.550000,0.350000,0.030000,0.070000,0.480000,0.320000,0.000000,0.000000,NOTE_HYPOTHESIS,shared_audio_intelligence_v0_2;spectral_peak;owner_supplied_audio
BE-003:pitch:01897,BE-003:onset:0444,84.265215,792.265215,141.520000,36,2.520000,43.7407,G#2,102.2827,0.441179,1.000000,1.000000,0.850000,0.760000,,0.405010,1817.997,6,4,0.760000,0.180000,0.010000,0.050000,0.480000,0.320000,0.000000,0.000000,NOTE_HYPOTHESIS,shared_audio_intelligence_v0_2;spectral_peak;owner_supplied_audio
BE-003:pitch:01898,BE-003:onset:0444,84.265215,792.265215,141.520000,36,2.520000,67.0435,G4,392.9810,0.162540,1.000000,1.000000,0.850000,0.580000,,0.405010,1817.997,6,5,0.050000,0.300000,0.580000,0.070000,0.000000,0.450000,0.250000,0.200000,NOTE_HYPOTHESIS,shared_audio_intelligence_v0_2;spectral_peak;owner_supplied_audio
BE-003:pitch:01899,BE-003:onset:0444,84.265215,792.265215,141.520000,36,2.520000,34.2788,A#1,59.2163,1.532517,0.979064,1.000000,0.839532,0.760000,,0.405010,1817.997,6,6,0.760000,0.180000,0.010000,0.050000,0.480000,0.320000,0.000000,0.000000,NOTE_HYPOTHESIS,shared_audio_intelligence_v0_2;spectral_peak;owner_supplied_audio
BE-003:pitch:01900,BE-003:onset:0445,84.845714,792.845714,142.520000,36,3.520000,42.8047,G2,96.8994,0.696599,1.000000,1.000000,0.850000,0.695860,,0.466856,2847.570,3,1,0.695860,0.164809,0.009952,0.129379,0.480000,0.320000,0.000000,0.000000,NOTE_HYPOTHESIS,shared_audio_intelligence_v0_2;spectral_peak;owner_supplied_audio
BE-003:pitch:01901,BE-003:onset:0445,84.845714,792.845714,142.520000,36,3.520000,39.6483,E2,80.7495,0.441179,1.000000,1.000000,0.850000,0.695860,,0.466856,2847.570,3,2,0.695860,0.164809,0.009952,0.129379,0.480000,0.320000,0.000000,0.000000,NOTE_HYPOTHESIS,shared_audio_intelligence_v0_2;spectral_peak;owner_supplied_audio
BE-003:pitch:01902,BE-003:onset:0445,84.845714,792.845714,142.520000,36,3.520000,35.7851,C2,64.5996,0.441179,1.000000,1.000000,0.850000,0.695860,,0.466856,2847.570,3,3,0.695860,0.164809,0.009952,0.129379,0.480000,0.320000,0.000000,0.000000,NOTE_HYPOTHESIS,shared_audio_intelligence_v0_2;spectral_peak;owner_supplied_audio
BE-003:pitch:01903,BE-003:onset:0446,85.054694,793.054694,142.880000,36,3.880000,42.8047,G2,96.8994,0.441179,1.000000,1.000000,0.850000,0.760000,,0.615254,1409.333,1,1,0.760000,0.180000,0.010000,0.050000,0.480000,0.320000,0.000000,0.000000,NOTE_HYPOTHESIS,shared_audio_intelligence_v0_2;spectral_peak;owner_supplied_audio
BE-003:pitch:01904,BE-003:onset:0447,85.124354,793.124354,143.000000,36,4.000000,41.8151,F#2,91.5161,0.417959,1.000000,0.867591,0.850000,0.760000,,0.423744,1012.646,2,1,0.760000,0.180000,0.010000,0.050000,0.480000,0.320000,0.000000,0.000000,NOTE_HYPOTHESIS,shared_audio_intelligence_v0_2;spectral_peak;owner_supplied_audio
BE-003:pitch:01905,BE-003:onset:0447,85.124354,793.124354,143.000000,36,4.000000,35.7851,C2,64.5996,0.162540,1.000000,0.867591,0.850000,0.760000,,0.423744,1012.646,2,2,0.760000,0.180000,0.010000,0.050000,0.480000,0.320000,0.000000,0.000000,NOTE_HYPOTHESIS,shared_audio_intelligence_v0_2;spectral_peak;owner_supplied_audio
BE-003:pitch:01906,BE-003:onset:0448,85.263673,793.263673,143.230769,36,4.230769,42.8047,G2,96.8994,0.255420,1.000000,0.434076,0.850000,0.760000,,0.333856,685.675,1,1,0.760000,0.180000,0.010000,0.050000,0.480000,0.320000,0.000000,0.000000,NOTE_HYPOTHESIS,shared_audio_intelligence_v0_2;spectral_peak;owner_supplied_audio
BE-003:pitch:01907,BE-003:onset:0449,85.426213,793.426213,143.500000,36,4.500000,44.6287,A2,107.6660,0.255420,1.000000,1.000000,0.850000,0.760000,,0.494601,2597.718,1,1,0.760000,0.180000,0.010000,0.050000,0.480000,0.320000,0.000000,0.000000,NOTE_HYPOTHESIS,shared_audio_intelligence_v0_2;spectral_peak;owner_supplied_audio
BE-003:pitch:01908,BE-003:onset:0450,85.542313,793.542313,143.692308,36,4.692308,45.4734,A2,113.0493,0.162540,1.000000,1.000000,0.850000,0.501984,,0.474417,2903.214,2,1,0.501984,0.319444,0.029762,0.148810,0.480000,0.320000,0.000000,0.000000,NOTE_HYPOTHESIS,shared_audio_intelligence_v0_2;spectral_peak;owner_supplied_audio
BE-003:pitch:01909,BE-003:onset:0450,85.542313,793.542313,143.692308,36,4.692308,57.4734,A3,226.0986,0.162540,1.000000,1.000000,0.850000,0.469756,,0.474417,2903.214,2,2,0.225844,0.469756,0.147290,0.157109,0.000000,0.450000,0.250000,0.200000,NOTE_HYPOTHESIS,shared_audio_intelligence_v0_2;spectral_peak;owner_supplied_audio
BE-003:pitch:01910,BE-003:onset:0451,85.588753,793.588753,143.769231,36,4.769231,45.4734,A2,113.0493,0.116100,1.000000,0.870705,0.850000,0.550000,,0.413280,2454.561,2,1,0.550000,0.350000,0.030000,0.070000,0.480000,0.320000,0.000000,0.000000,NOTE_HYPOTHESIS,shared_audio_intelligence_v0_2;spectral_peak;owner_supplied_audio
BE-003:pitch:01911,BE-003:onset:0451,85.588753,793.588753,143.769231,36,4.769231,57.4734,A3,226.0986,0.394739,0.978327,0.870705,0.839164,0.520000,,0.413280,2454.561,2,2,0.250000,0.520000,0.150000,0.080000,0.000000,0.450000,0.250000,0.200000,NOTE_HYPOTHESIS,shared_audio_intelligence_v0_2;spectral_peak;owner_supplied_audio
BE-003:pitch:01912,BE-003:onset:0452,85.728073,793.728073,144.000000,37,1.000000,41.8151,F#2,91.5161,0.162540,1.000000,1.000000,0.850000,0.760000,,0.520457,2510.725,4,1,0.760000,0.180000,0.010000,0.050000,0.480000,0.320000,0.000000,0.000000,NOTE_HYPOTHESIS,shared_audio_intelligence_v0_2;spectral_peak;owner_supplied_audio
BE-003:pitch:01913,BE-003:onset:0452,85.728073,793.728073,144.000000,37,1.000000,35.7851,C2,64.5996,0.116100,1.000000,1.000000,0.850000,0.760000,,0.520457,2510.725,4,2,0.760000,0.180000,0.010000,0.050000,0.480000,0.320000,0.000000,0.000000,NOTE_HYPOTHESIS,shared_audio_intelligence_v0_2;spectral_peak;owner_supplied_audio
BE-003:pitch:01914,BE-003:onset:0452,85.728073,793.728073,144.000000,37,1.000000,39.6483,E2,80.7495,0.673379,1.000000,1.000000,0.850000,0.760000,,0.520457,2510.725,4,3,0.760000,0.180000,0.010000,0.050000,0.480000,0.320000,0.000000,0.000000,NOTE_HYPOTHESIS,shared_audio_intelligence_v0_2;spectral_peak;owner_supplied_audio
BE-003:pitch:01915,BE-003:onset:0452,85.728073,793.728073,144.000000,37,1.000000,47.0483,B2,123.8159,1.207438,0.970178,1.000000,0.835089,0.550000,,0.520457,2510.725,4,4,0.550000,0.350000,0.030000,0.070000,0.480000,0.320000,0.000000,0.000000,NOTE_HYPOTHESIS,shared_audio_intelligence_v0_2;spectral_peak;owner_supplied_audio
BE-003:pitch:01916,BE-003:onset:0453,85.890612,793.890612,144.280000,37,1.280000,44.6287,A2,107.6660,0.673379,1.000000,0.502307,0.850000,0.760000,,0.638514,1999.357,1,1,0.760000,0.180000,0.010000,0.050000,0.480000,0.320000,0.000000,0.000000,NOTE_HYPOTHESIS,shared_audio_intelligence_v0_2;spectral_peak;owner_supplied_audio
BE-003:pitch:01917,BE-003:onset:0454,86.122812,794.122812,144.680000,37,1.680000,42.8047,G2,96.8994,0.255420,1.000000,0.741133,0.850000,0.760000,,0.647008,477.290,1,1,0.760000,0.180000,0.010000,0.050000,0.480000,0.320000,0.000000,0.000000,NOTE_HYPOTHESIS,shared_audio_intelligence_v0_2;spectral_peak;owner_supplied_audio
BE-003:pitch:01918,BE-003:onset:0455,86.331791,794.331791,145.038462,37,2.038462,44.6287,A2,107.6660,0.232200,1.000000,0.510220,0.850000,0.760000,,0.743843,424.725,2,1,0.760000,0.180000,0.010000,0.050000,0.480000,0.320000,0.000000,0.000000,NOTE_HYPOTHESIS,shared_audio_intelligence_v0_2;spectral_peak;owner_supplied_audio
BE-003:pitch:01919,BE-003:onset:0455,86.331791,794.331791,145.038462,37,2.038462,41.8151,F#2,91.5161,0.092880,1.000000,0.510220,0.850000,0.760000,,0.743843,424.725,2,2,0.760000,0.180000,0.010000,0.050000,0.480000,0.320000,0.000000,0.000000,NOTE_HYPOTHESIS,shared_audio_intelligence_v0_2;spectral_peak;owner_supplied_audio
BE-003:pitch:01920,BE-003:onset:0456,86.378231,794.378231,145.115385,37,2.115385,45.4734,A2,113.0493,0.185760,1.000000,0.476314,0.850000,0.550000,,0.705918,448.796,1,1,0.550000,0.350000,0.030000,0.070000,0.480000,0.320000,0.000000,0.000000,NOTE_HYPOTHESIS,shared_audio_intelligence_v0_2;spectral_peak;owner_supplied_audio
BE-003:pitch:01921,BE-003:onset:0457,86.563991,794.563991,145.423077,37,2.423077,41.8151,F#2,91.5161,0.185760,1.000000,0.497721,0.850000,0.760000,,0.332169,463.595,3,1,0.760000,0.180000,0.010000,0.050000,0.480000,0.320000,0.000000,0.000000,NOTE_HYPOTHESIS,shared_audio_intelligence_v0_2;spectral_peak;owner_supplied_audio
BE-003:pitch:01922,BE-003:onset:0457,86.563991,794.563991,145.423077,37,2.423077,45.4734,A2,113.0493,0.441179,1.000000,0.497721,0.850000,0.550000,,0.332169,463.595,3,2,0.550000,0.350000,0.030000,0.070000,0.480000,0.320000,0.000000,0.000000,NOTE_HYPOTHESIS,shared_audio_intelligence_v0_2;spectral_peak;owner_supplied_audio
BE-003:pitch:01923,BE-003:onset:0457,86.563991,794.563991,145.423077,37,2.423077,35.7851,C2,64.5996,0.673379,1.000000,0.497721,0.850000,0.760000,,0.332169,463.595,3,3,0.760000,0.180000,0.010000,0.050000,0.480000,0.320000,0.000000,0.000000,NOTE_HYPOTHESIS,shared_audio_intelligence_v0_2;spectral_peak;owner_supplied_audio
BE-003:pitch:01924,BE-003:onset:0458,86.680091,794.680091,145.615385,37,2.615385,44.6287,A2,107.6660,0.208980,1.000000,0.685126,0.850000,0.760000,,0.580652,480.382,1,1,0.760000,0.180000,0.010000,0.050000,0.480000,0.320000,0.000000,0.000000,NOTE_HYPOTHESIS,shared_audio_intelligence_v0_2;spectral_peak;owner_supplied_audio
BE-003:pitch:01925,BE-003:onset:0459,86.749751,794.749751,145.730769,37,2.730769,44.6287,A2,107.6660,0.162540,1.000000,0.741843,0.850000,0.760000,,0.622908,585.057,3,1,0.760000,0.180000,0.010000,0.050000,0.480000,0.320000,0.000000,0.000000,NOTE_HYPOTHESIS,shared_audio_intelligence_v0_2;spectral_peak;owner_supplied_audio
BE-003:pitch:01926,BE-003:onset:0459,86.749751,794.749751,145.730769,37,2.730769,78.9245,G5,780.5786,0.139320,1.000000,0.741843,0.850000,0.840000,,0.622908,585.057,3,2,0.010000,0.080000,0.840000,0.070000,0.000000,0.120000,0.580000,0.220000,NOTE_HYPOTHESIS,shared_audio_intelligence_v0_2;spectral_peak;owner_supplied_audio
BE-003:pitch:01927,BE-003:onset:0459,86.749751,794.749751,145.730769,37,2.730769,66.8047,G4,387.5977,0.534059,1.000000,0.741843,0.850000,0.580000,,0.622908,585.057,3,3,0.050000,0.300000,0.580000,0.070000,0.000000,0.450000,0.250000,0.200000,NOTE_HYPOTHESIS,shared_audio_intelligence_v0_2;spectral_peak;owner_supplied_audio
BE-003:pitch:01928,BE-003:onset:0460,86.912290,794.912290,146.000000,37,3.000000,42.8047,G2,96.8994,0.325079,1.000000,1.000000,0.850000,0.760000,,0.477107,633.290,6,1,0.760000,0.180000,0.010000,0.050000,0.480000,0.320000,0.000000,0.000000,NOTE_HYPOTHESIS,shared_audio_intelligence_v0_2;spectral_peak;owner_supplied_audio
BE-003:pitch:01929,BE-003:onset:0460,86.912290,794.912290,146.000000,37,3.000000,65.8151,F#4,366.0645,0.255420,1.000000,1.000000,0.850000,0.580000,,0.477107,633.290,6,2,0.050000,0.300000,0.580000,0.070000,0.000000,0.450000,0.250000,0.200000,NOTE_HYPOTHESIS,shared_audio_intelligence_v0_2;spectral_peak;owner_supplied_audio
BE-003:pitch:01930,BE-003:onset:0460,86.912290,794.912290,146.000000,37,3.000000,77.9420,F#5,737.5122,0.232200,1.000000,1.000000,0.850000,0.840000,,0.477107,633.290,6,3,0.010000,0.080000,0.840000,0.070000,0.000000,0.120000,0.580000,0.220000,NOTE_HYPOTHESIS,shared_audio_intelligence_v0_2;spectral_peak;owner_supplied_audio
BE-003:pitch:01931,BE-003:onset:0460,86.912290,794.912290,146.000000,37,3.000000,44.6287,A2,107.6660,0.719819,1.000000,1.000000,0.850000,0.760000,,0.477107,633.290,6,4,0.760000,0.180000,0.010000,0.050000,0.480000,0.320000,0.000000,0.000000,NOTE_HYPOTHESIS,shared_audio_intelligence_v0_2;spectral_peak;owner_supplied_audio
BE-003:pitch:01932,BE-003:onset:0460,86.912290,794.912290,146.000000,37,3.000000,35.7851,C2,64.5996,0.487619,1.000000,1.000000,0.850000,0.760000,,0.477107,633.290,6,5,0.760000,0.180000,0.010000,0.050000,0.480000,0.320000,0.000000,0.000000,NOTE_HYPOTHESIS,shared_audio_intelligence_v0_2;spectral_peak;owner_supplied_audio
BE-003:pitch:01933,BE-003:onset:0460,86.912290,794.912290,146.000000,37,3.000000,39.6483,E2,80.7495,0.325079,1.000000,1.000000,0.850000,0.760000,,0.477107,633.290,6,6,0.760000,0.180000,0.010000,0.050000,0.480000,0.320000,0.000000,0.000000,NOTE_HYPOTHESIS,shared_audio_intelligence_v0_2;spectral_peak;owner_supplied_audio
BE-003:pitch:01934,BE-003:onset:0461,87.028390,795.028390,146.178571,37,3.178571,42.8047,G2,96.8994,0.185760,1.000000,0.835754,0.850000,0.760000,,0.507983,731.174,5,1,0.760000,0.180000,0.010000,0.050000,0.480000,0.320000,0.000000,0.000000,NOTE_HYPOTHESIS,shared_audio_intelligence_v0_2;spectral_peak;owner_supplied_audio
BE-003:pitch:01935,BE-003:onset:0461,87.028390,795.028390,146.178571,37,3.178571,78.9245,G5,780.5786,0.116100,1.000000,0.835754,0.850000,0.840000,,0.507983,731.174,5,2,0.010000,0.080000,0.840000,0.070000,0.000000,0.120000,0.580000,0.220000,NOTE_HYPOTHESIS,shared_audio_intelligence_v0_2;spectral_peak;owner_supplied_audio
BE-003:pitch:01936,BE-003:onset:0461,87.028390,795.028390,146.178571,37,3.178571,65.8151,F#4,366.0645,0.139320,1.000000,0.835754,0.850000,0.580000,,0.507983,731.174,5,3,0.050000,0.300000,0.580000,0.070000,0.000000,0.450000,0.250000,0.200000,NOTE_HYPOTHESIS,shared_audio_intelligence_v0_2;spectral_peak;owner_supplied_audio
BE-003:pitch:01937,BE-003:onset:0461,87.028390,795.028390,146.178571,37,3.178571,66.8047,G4,387.5977,0.255420,1.000000,0.835754,0.850000,0.580000,,0.507983,731.174,5,4,0.050000,0.300000,0.580000,0.070000,0.000000,0.450000,0.250000,0.200000,NOTE_HYPOTHESIS,shared_audio_intelligence_v0_2;spectral_peak;owner_supplied_audio
BE-003:pitch:01938,BE-003:onset:0461,87.028390,795.028390,146.178571,37,3.178571,77.9420,F#5,737.5122,0.139320,1.000000,0.835754,0.850000,0.840000,,0.507983,731.174,5,5,0.010000,0.080000,0.840000,0.070000,0.000000,0.120000,0.580000,0.220000,NOTE_HYPOTHESIS,shared_audio_intelligence_v0_2;spectral_peak;owner_supplied_audio
BE-003:pitch:01939,BE-003:onset:0462,87.167710,795.167710,146.392857,37,3.392857,80.9503,A5,877.4780,0.185760,1.000000,1.000000,0.850000,0.840000,,0.941214,945.725,2,1,0.010000,0.080000,0.840000,0.070000,0.000000,0.120000,0.580000,0.220000,NOTE_HYPOTHESIS,shared_audio_intelligence_v0_2;spectral_peak;owner_supplied_audio
BE-003:pitch:01940,BE-003:onset:0462,87.167710,795.167710,146.392857,37,3.392857,44.6287,A2,107.6660,0.278639,1.000000,1.000000,0.850000,0.760000,,0.941214,945.725,2,2,0.760000,0.180000,0.010000,0.050000,0.480000,0.320000,0.000000,0.000000,NOTE_HYPOTHESIS,shared_audio_intelligence_v0_2;spectral_peak;owner_supplied_audio
BE-003:pitch:01941,BE-003:onset:0463,87.283810,795.283810,146.571429,37,3.571429,81.8808,A#5,925.9277,0.116100,1.000000,1.000000,0.850000,0.840000,,0.998965,1431.986,4,1,0.010000,0.080000,0.840000,0.070000,0.000000,0.120000,0.580000,0.220000,NOTE_HYPOTHESIS,shared_audio_intelligence_v0_2;spectral_peak;owner_supplied_audio
BE-003:pitch:01942,BE-003:onset:0463,87.283810,795.283810,146.571429,37,3.571429,80.9503,A5,877.4780,0.371519,1.000000,1.000000,0.850000,0.840000,,0.998965,1431.986,4,2,0.010000,0.080000,0.840000,0.070000,0.000000,0.120000,0.580000,0.220000,NOTE_HYPOTHESIS,shared_audio_intelligence_v0_2;spectral_peak;owner_supplied_audio
BE-003:pitch:01943,BE-003:onset:0463,87.283810,795.283810,146.571429,37,3.571429,45.4734,A2,113.0493,0.301859,1.000000,1.000000,0.850000,0.550000,,0.998965,1431.986,4,3,0.550000,0.350000,0.030000,0.070000,0.480000,0.320000,0.000000,0.000000,NOTE_HYPOTHESIS,shared_audio_intelligence_v0_2;spectral_peak;owner_supplied_audio
BE-003:pitch:01944,BE-003:onset:0463,87.283810,795.283810,146.571429,37,3.571429,68.8438,A4,436.0474,0.417959,1.000000,1.000000,0.850000,0.580000,,0.998965,1431.986,4,4,0.050000,0.300000,0.580000,0.070000,0.000000,0.450000,0.250000,0.200000,NOTE_HYPOTHESIS,shared_audio_intelligence_v0_2;spectral_peak;owner_supplied_audio
BE-003:pitch:01945,BE-003:onset:0464,87.446349,795.446349,146.821429,37,3.821429,80.9503,A5,877.4780,0.162540,1.000000,1.000000,0.850000,0.840000,,1.000000,1207.264,2,1,0.010000,0.080000,0.840000,0.070000,0.000000,0.120000,0.580000,0.220000,NOTE_HYPOTHESIS,shared_audio_intelligence_v0_2;spectral_peak;owner_supplied_audio
BE-003:pitch:01946,BE-003:onset:0464,87.446349,795.446349,146.821429,37,3.821429,47.7851,C3,129.1992,0.301859,1.000000,1.000000,0.850000,0.550000,,1.000000,1207.264,2,2,0.550000,0.350000,0.030000,0.070000,0.480000,0.320000,0.000000,0.000000,NOTE_HYPOTHESIS,shared_audio_intelligence_v0_2;spectral_peak;owner_supplied_audio
BE-003:pitch:01947,BE-003:onset:0465,87.585669,795.585669,147.040000,37,4.040000,78.9245,G5,780.5786,0.139320,1.000000,1.000000,0.850000,0.840000,,1.000000,1247.683,4,1,0.010000,0.080000,0.840000,0.070000,0.000000,0.120000,0.580000,0.220000,NOTE_HYPOTHESIS,shared_audio_intelligence_v0_2;spectral_peak;owner_supplied_audio
BE-003:pitch:01948,BE-003:onset:0465,87.585669,795.585669,147.040000,37,4.040000,80.9503,A5,877.4780,0.092880,1.000000,1.000000,0.850000,0.840000,,1.000000,1247.683,4,2,0.010000,0.080000,0.840000,0.070000,0.000000,0.120000,0.580000,0.220000,NOTE_HYPOTHESIS,shared_audio_intelligence_v0_2;spectral_peak;owner_supplied_audio
BE-003:pitch:01949,BE-003:onset:0465,87.585669,795.585669,147.040000,37,4.040000,66.8047,G4,387.5977,0.232200,1.000000,1.000000,0.850000,0.580000,,1.000000,1247.683,4,3,0.050000,0.300000,0.580000,0.070000,0.000000,0.450000,0.250000,0.200000,NOTE_HYPOTHESIS,shared_audio_intelligence_v0_2;spectral_peak;owner_supplied_audio
BE-003:pitch:01950,BE-003:onset:0465,87.585669,795.585669,147.040000,37,4.040000,49.1709,C#3,139.9658,0.510839,1.000000,1.000000,0.850000,0.550000,,1.000000,1247.683,4,4,0.550000,0.350000,0.030000,0.070000,0.480000,0.320000,0.000000,0.000000,NOTE_HYPOTHESIS,shared_audio_intelligence_v0_2;spectral_peak;owner_supplied_audio
BE-003:pitch:01951,BE-003:onset:0466,87.724989,795.724989,147.280000,37,4.280000,77.9420,F#5,737.5122,0.185760,1.000000,0.846277,0.850000,0.840000,,1.000000,1269.890,2,1,0.010000,0.080000,0.840000,0.070000,0.000000,0.120000,0.580000,0.220000,NOTE_HYPOTHESIS,shared_audio_intelligence_v0_2;spectral_peak;owner_supplied_audio
BE-003:pitch:01952,BE-003:onset:0466,87.724989,795.724989,147.280000,37,4.280000,65.8151,F#4,366.0645,0.255420,1.000000,0.846277,0.850000,0.580000,,1.000000,1269.890,2,2,0.050000,0.300000,0.580000,0.070000,0.000000,0.450000,0.250000,0.200000,NOTE_HYPOTHESIS,shared_audio_intelligence_v0_2;spectral_peak;owner_supplied_audio
BE-003:pitch:01953,BE-003:onset:0467,87.887528,795.887528,147.560000,37,4.560000,64.7656,F4,344.5312,0.208980,1.000000,1.000000,0.850000,0.580000,,0.782595,1538.137,6,1,0.050000,0.300000,0.580000,0.070000,0.000000,0.450000,0.250000,0.200000,NOTE_HYPOTHESIS,shared_audio_intelligence_v0_2;spectral_peak;owner_supplied_audio
BE-003:pitch:01954,BE-003:onset:0467,87.887528,795.887528,147.560000,37,4.560000,77.9420,F#5,737.5122,0.069660,1.000000,1.000000,0.850000,0.840000,,0.782595,1538.137,6,2,0.010000,0.080000,0.840000,0.070000,0.000000,0.120000,0.580000,0.220000,NOTE_HYPOTHESIS,shared_audio_intelligence_v0_2;spectral_peak;owner_supplied_audio
BE-003:pitch:01955,BE-003:onset:0467,87.887528,795.887528,147.560000,37,4.560000,76.9003,F5,694.4458,0.116100,1.000000,1.000000,0.850000,0.840000,,0.782595,1538.137,6,3,0.010000,0.080000,0.840000,0.070000,0.000000,0.120000,0.580000,0.220000,NOTE_HYPOTHESIS,shared_audio_intelligence_v0_2;spectral_peak;owner_supplied_audio
BE-003:pitch:01956,BE-003:onset:0467,87.887528,795.887528,147.560000,37,4.560000,65.8151,F#4,366.0645,0.116100,1.000000,1.000000,0.850000,0.580000,,0.782595,1538.137,6,4,0.050000,0.300000,0.580000,0.070000,0.000000,0.450000,0.250000,0.200000,NOTE_HYPOTHESIS,shared_audio_intelligence_v0_2;spectral_peak;owner_supplied_audio
BE-003:pitch:01957,BE-003:onset:0467,87.887528,795.887528,147.560000,37,4.560000,88.9673,F6,1394.2749,0.116100,1.000000,1.000000,0.850000,0.840000,,0.782595,1538.137,6,5,0.010000,0.080000,0.840000,0.070000,0.000000,0.120000,0.580000,0.220000,NOTE_HYPOTHESIS,shared_audio_intelligence_v0_2;spectral_peak;owner_supplied_audio
BE-003:pitch:01958,BE-003:onset:0467,87.887528,795.887528,147.560000,37,4.560000,49.8242,D3,145.3491,0.812698,1.000000,1.000000,0.850000,0.550000,,0.782595,1538.137,6,6,0.550000,0.350000,0.030000,0.070000,0.480000,0.320000,0.000000,0.000000,NOTE_HYPOTHESIS,shared_audio_intelligence_v0_2;spectral_peak;owner_supplied_audio
BE-003:pitch:01959,BE-003:onset:0468,88.026848,796.026848,147.800000,37,4.800000,65.0340,F4,349.9146,0.092880,1.000000,0.657459,0.850000,0.580000,,0.410258,1103.116,6,1,0.050000,0.300000,0.580000,0.070000,0.000000,0.450000,0.250000,0.200000,NOTE_HYPOTHESIS,shared_audio_intelligence_v0_2;spectral_peak;owner_supplied_audio
BE-003:pitch:01960,BE-003:onset:0468,88.026848,796.026848,147.800000,37,4.800000,63.6483,E4,322.9980,0.185760,1.000000,0.657459,0.850000,0.520000,,0.410258,1103.116,6,2,0.250000,0.520000,0.150000,0.080000,0.000000,0.450000,0.250000,0.200000,NOTE_HYPOTHESIS,shared_audio_intelligence_v0_2;spectral_peak;owner_supplied_audio
BE-003:pitch:01961,BE-003:onset:0468,88.026848,796.026848,147.800000,37,4.800000,87.9344,E6,1313.5254,0.116100,1.000000,0.657459,0.850000,0.840000,,0.410258,1103.116,6,3,0.010000,0.080000,0.840000,0.070000,0.000000,0.120000,0.580000,0.220000,NOTE_HYPOTHESIS,shared_audio_intelligence_v0_2;spectral_peak;owner_supplied_audio
BE-003:pitch:01962,BE-003:onset:0468,88.026848,796.026848,147.800000,37,4.800000,51.0613,D#3,156.1157,0.487619,1.000000,0.657459,0.850000,0.550000,,0.410258,1103.116,6,4,0.550000,0.350000,0.030000,0.070000,0.480000,0.320000,0.000000,0.000000,NOTE_HYPOTHESIS,shared_audio_intelligence_v0_2;spectral_peak;owner_supplied_audio
BE-003:pitch:01963,BE-003:onset:0468,88.026848,796.026848,147.800000,37,4.800000,75.7919,E5,651.3794,0.232200,0.953353,0.657459,0.826677,0.580000,,0.410258,1103.116,6,5,0.050000,0.300000,0.580000,0.070000,0.000000,0.120000,0.580000,0.220000,NOTE_HYPOTHESIS,shared_audio_intelligence_v0_2;spectral_peak;owner_supplied_audio
BE-003:pitch:01964,BE-003:onset:0468,88.026848,796.026848,147.800000,37,4.800000,35.7851,C2,64.5996,0.116100,0.908583,0.657459,0.804292,0.760000,,0.410258,1103.116,6,6,0.760000,0.180000,0.010000,0.050000,0.480000,0.320000,0.000000,0.000000,NOTE_HYPOTHESIS,shared_audio_intelligence_v0_2;spectral_peak;owner_supplied_audio
BE-003:pitch:01965,BE-003:onset:0469,88.166168,796.166168,148.038462,38,1.038462,62.7603,D#4,306.8481,0.232200,1.000000,1.000000,0.850000,0.520000,,0.336363,1805.874,5,1,0.250000,0.520000,0.150000,0.080000,0.000000,0.450000,0.250000,0.200000,NOTE_HYPOTHESIS,shared_audio_intelligence_v0_2;spectral_peak;owner_supplied_audio
BE-003:pitch:01966,BE-003:onset:0469,88.166168,796.166168,148.038462,38,1.038462,74.7603,D#5,613.6963,0.255420,1.000000,1.000000,0.850000,0.580000,,0.336363,1805.874,5,2,0.050000,0.300000,0.580000,0.070000,0.000000,0.120000,0.580000,0.220000,NOTE_HYPOTHESIS,shared_audio_intelligence_v0_2;spectral_peak;owner_supplied_audio
BE-003:pitch:01967,BE-003:onset:0469,88.166168,796.166168,148.038462,38,1.038462,50.4538,D3,150.7324,0.162540,1.000000,1.000000,0.850000,0.550000,,0.336363,1805.874,5,3,0.550000,0.350000,0.030000,0.070000,0.480000,0.320000,0.000000,0.000000,NOTE_HYPOTHESIS,shared_audio_intelligence_v0_2;spectral_peak;owner_supplied_audio
BE-003:pitch:01968,BE-003:onset:0469,88.166168,796.166168,148.038462,38,1.038462,63.9344,E4,328.3813,0.208980,1.000000,1.000000,0.850000,0.520000,,0.336363,1805.874,5,4,0.250000,0.520000,0.150000,0.080000,0.000000,0.450000,0.250000,0.200000,NOTE_HYPOTHESIS,shared_audio_intelligence_v0_2;spectral_peak;owner_supplied_audio
BE-003:pitch:01969,BE-003:onset:0469,88.166168,796.166168,148.038462,38,1.038462,81.8808,A#5,925.9277,0.232200,1.000000,1.000000,0.850000,0.840000,,0.336363,1805.874,5,5,0.010000,0.080000,0.840000,0.070000,0.000000,0.120000,0.580000,0.220000,NOTE_HYPOTHESIS,shared_audio_intelligence_v0_2;spectral_peak;owner_supplied_audio
BE-003:pitch:01970,BE-003:onset:0470,88.328707,796.328707,148.307692,38,1.307692,42.8047,G2,96.8994,0.116100,1.000000,1.000000,0.850000,0.760000,,0.289464,1992.671,5,1,0.760000,0.180000,0.010000,0.050000,0.480000,0.320000,0.000000,0.000000,NOTE_HYPOTHESIS,shared_audio_intelligence_v0_2;spectral_peak;owner_supplied_audio
BE-003:pitch:01971,BE-003:onset:0470,88.328707,796.328707,148.307692,38,1.307692,74.9115,D#5,619.0796,0.092880,1.000000,1.000000,0.850000,0.580000,,0.289464,1992.671,5,2,0.050000,0.300000,0.580000,0.070000,0.000000,0.120000,0.580000,0.220000,NOTE_HYPOTHESIS,shared_audio_intelligence_v0_2;spectral_peak;owner_supplied_audio
BE-003:pitch:01972,BE-003:onset:0470,88.328707,796.328707,148.307692,38,1.307692,63.0613,D#4,312.2314,0.116100,1.000000,1.000000,0.850000,0.520000,,0.289464,1992.671,5,3,0.250000,0.520000,0.150000,0.080000,0.000000,0.450000,0.250000,0.200000,NOTE_HYPOTHESIS,shared_audio_intelligence_v0_2;spectral_peak;owner_supplied_audio
BE-003:pitch:01973,BE-003:onset:0470,88.328707,796.328707,148.307692,38,1.307692,37.1709,C#2,69.9829,0.882358,1.000000,1.000000,0.850000,0.760000,,0.289464,1992.671,5,4,0.760000,0.180000,0.010000,0.050000,0.480000,0.320000,0.000000,0.000000,NOTE_HYPOTHESIS,shared_audio_intelligence_v0_2;spectral_peak;owner_supplied_audio
BE-003:pitch:01974,BE-003:onset:0470,88.328707,796.328707,148.307692,38,1.307692,81.8808,A#5,925.9277,0.069660,0.955604,1.000000,0.827802,0.840000,,0.289464,1992.671,5,5,0.010000,0.080000,0.840000,0.070000,0.000000,0.120000,0.580000,0.220000,NOTE_HYPOTHESIS,shared_audio_intelligence_v0_2;spectral_peak;owner_supplied_audio
BE-003:pitch:01975,BE-003:onset:0471,88.468027,796.468027,148.538462,38,1.538462,49.1709,C#3,139.9658,0.325079,1.000000,0.668836,0.850000,0.550000,,0.286557,1984.323,1,1,0.550000,0.350000,0.030000,0.070000,0.480000,0.320000,0.000000,0.000000,NOTE_HYPOTHESIS,shared_audio_intelligence_v0_2;spectral_peak;owner_supplied_audio
BE-003:pitch:01976,BE-003:onset:0472,88.607347,796.607347,148.769231,38,1.769231,47.7851,C3,129.1992,0.348299,1.000000,0.710907,0.850000,0.550000,,0.304192,1837.743,3,1,0.550000,0.350000,0.030000,0.070000,0.480000,0.320000,0.000000,0.000000,NOTE_HYPOTHESIS,shared_audio_intelligence_v0_2;spectral_peak;owner_supplied_audio
BE-003:pitch:01977,BE-003:onset:0472,88.607347,796.607347,148.769231,38,1.769231,49.1709,C#3,139.9658,0.278639,1.000000,0.710907,0.850000,0.550000,,0.304192,1837.743,3,2,0.550000,0.350000,0.030000,0.070000,0.480000,0.320000,0.000000,0.000000,NOTE_HYPOTHESIS,shared_audio_intelligence_v0_2;spectral_peak;owner_supplied_audio
BE-003:pitch:01978,BE-003:onset:0472,88.607347,796.607347,148.769231,38,1.769231,42.8047,G2,96.8994,0.162540,1.000000,0.710907,0.850000,0.760000,,0.304192,1837.743,3,3,0.760000,0.180000,0.010000,0.050000,0.480000,0.320000,0.000000,0.000000,NOTE_HYPOTHESIS,shared_audio_intelligence_v0_2;spectral_peak;owner_supplied_audio
BE-003:pitch:01979,BE-003:onset:0473,88.769887,796.769887,149.041667,38,2.041667,47.7851,C3,129.1992,0.139320,1.000000,0.862622,0.850000,0.550000,,0.283857,1975.094,1,1,0.550000,0.350000,0.030000,0.070000,0.480000,0.320000,0.000000,0.000000,NOTE_HYPOTHESIS,shared_audio_intelligence_v0_2;spectral_peak;owner_supplied_audio
BE-003:pitch:01980,BE-003:onset:0474,88.909206,796.909206,149.291667,38,2.291667,43.7407,G#2,102.2827,1.068118,1.000000,1.000000,0.850000,0.760000,,0.221933,1979.689,3,1,0.760000,0.180000,0.010000,0.050000,0.480000,0.320000,0.000000,0.000000,NOTE_HYPOTHESIS,shared_audio_intelligence_v0_2;spectral_peak;owner_supplied_audio
BE-003:pitch:01981,BE-003:onset:0474,88.909206,796.909206,149.291667,38,2.291667,34.2788,A#1,59.2163,0.325079,1.000000,1.000000,0.850000,0.760000,,0.221933,1979.689,3,2,0.760000,0.180000,0.010000,0.050000,0.480000,0.320000,0.000000,0.000000,NOTE_HYPOTHESIS,shared_audio_intelligence_v0_2;spectral_peak;owner_supplied_audio
BE-003:pitch:01982,BE-003:onset:0474,88.909206,796.909206,149.291667,38,2.291667,47.7851,C3,129.1992,0.162540,1.000000,1.000000,0.850000,0.550000,,0.221933,1979.689,3,3,0.550000,0.350000,0.030000,0.070000,0.480000,0.320000,0.000000,0.000000,NOTE_HYPOTHESIS,shared_audio_intelligence_v0_2;spectral_peak;owner_supplied_audio
BE-003:pitch:01983,BE-003:onset:0475,89.025306,797.025306,149.500000,38,2.500000,44.6287,A2,107.6660,0.278639,1.000000,1.000000,0.850000,0.760000,,0.332965,1762.008,1,1,0.760000,0.180000,0.010000,0.050000,0.480000,0.320000,0.000000,0.000000,NOTE_HYPOTHESIS,shared_audio_intelligence_v0_2;spectral_peak;owner_supplied_audio
BE-003:pitch:01984,BE-003:onset:0476,89.187846,797.187846,149.791667,38,2.791667,45.4734,A2,113.0493,0.185760,1.000000,1.000000,0.850000,0.550000,,0.156039,2445.944,3,1,0.550000,0.350000,0.030000,0.070000,0.480000,0.320000,0.000000,0.000000,NOTE_HYPOTHESIS,shared_audio_intelligence_v0_2;spectral_peak;owner_supplied_audio
BE-003:pitch:01985,BE-003:onset:0476,89.187846,797.187846,149.791667,38,2.791667,57.8808,A#3,231.4819,0.116100,0.968049,1.000000,0.834024,0.520000,,0.156039,2445.944,3,2,0.250000,0.520000,0.150000,0.080000,0.000000,0.450000,0.250000,0.200000,NOTE_HYPOTHESIS,shared_audio_intelligence_v0_2;spectral_peak;owner_supplied_audio
BE-003:pitch:01986,BE-003:onset:0476,89.187846,797.187846,149.791667,38,2.791667,34.2788,A#1,59.2163,1.532517,0.916901,1.000000,0.808451,0.760000,,0.156039,2445.944,3,3,0.760000,0.180000,0.010000,0.050000,0.480000,0.320000,0.000000,0.000000,NOTE_HYPOTHESIS,shared_audio_intelligence_v0_2;spectral_peak;owner_supplied_audio
BE-003:pitch:01987,BE-003:onset:0477,89.327166,797.327166,150.045455,38,3.045455,47.7851,C3,129.1992,0.185760,1.000000,0.567210,0.850000,0.501984,,0.370218,3088.745,2,1,0.501984,0.319444,0.029762,0.148810,0.480000,0.320000,0.000000,0.000000,NOTE_HYPOTHESIS,shared_audio_intelligence_v0_2;spectral_peak;owner_supplied_audio
BE-003:pitch:01988,BE-003:onset:0477,89.327166,797.327166,150.045455,38,3.045455,42.8047,G2,96.8994,0.650159,1.000000,0.567210,0.850000,0.695860,,0.370218,3088.745,2,2,0.695860,0.164809,0.009952,0.129379,0.480000,0.320000,0.000000,0.000000,NOTE_HYPOTHESIS,shared_audio_intelligence_v0_2;spectral_peak;owner_supplied_audio
BE-003:pitch:01989,BE-003:onset:0478,89.420045,797.420045,150.227273,38,3.227273,48.4919,C3,134.5825,0.092880,1.000000,0.756503,0.850000,0.550000,,0.364161,1652.387,2,1,0.550000,0.350000,0.030000,0.070000,0.480000,0.320000,0.000000,0.000000,NOTE_HYPOTHESIS,shared_audio_intelligence_v0_2;spectral_peak;owner_supplied_audio
BE-003:pitch:01990,BE-003:onset:0478,89.420045,797.420045,150.227273,38,3.227273,43.7407,G#2,102.2827,0.603719,1.000000,0.756503,0.850000,0.760000,,0.364161,1652.387,2,2,0.760000,0.180000,0.010000,0.050000,0.480000,0.320000,0.000000,0.000000,NOTE_HYPOTHESIS,shared_audio_intelligence_v0_2;spectral_peak;owner_supplied_audio
BE-003:pitch:01991,BE-003:onset:0479,89.512925,797.512925,150.409091,38,3.409091,44.6287,A2,107.6660,0.278639,1.000000,0.758555,0.850000,0.760000,,0.331004,1042.433,1,1,0.760000,0.180000,0.010000,0.050000,0.480000,0.320000,0.000000,0.000000,NOTE_HYPOTHESIS,shared_audio_intelligence_v0_2;spectral_peak;owner_supplied_audio
BE-003:pitch:01992,BE-003:onset:0480,89.745125,797.745125,150.863636,38,3.863636,45.4734,A2,113.0493,0.232200,1.000000,0.772620,0.850000,0.550000,,0.260971,1710.835,4,1,0.550000,0.350000,0.030000,0.070000,0.480000,0.320000,0.000000,0.000000,NOTE_HYPOTHESIS,shared_audio_intelligence_v0_2;spectral_peak;owner_supplied_audio
BE-003:pitch:01993,BE-003:onset:0480,89.745125,797.745125,150.863636,38,3.863636,47.0483,B2,123.8159,0.394739,1.000000,0.772620,0.850000,0.550000,,0.260971,1710.835,4,2,0.550000,0.350000,0.030000,0.070000,0.480000,0.320000,0.000000,0.000000,NOTE_HYPOTHESIS,shared_audio_intelligence_v0_2;spectral_peak;owner_supplied_audio
BE-003:pitch:01994,BE-003:onset:0480,89.745125,797.745125,150.863636,38,3.863636,48.4919,C3,134.5825,0.534059,1.000000,0.772620,0.850000,0.550000,,0.260971,1710.835,4,3,0.550000,0.350000,0.030000,0.070000,0.480000,0.320000,0.000000,0.000000,NOTE_HYPOTHESIS,shared_audio_intelligence_v0_2;spectral_peak;owner_supplied_audio
BE-003:pitch:01995,BE-003:onset:0480,89.745125,797.745125,150.863636,38,3.863636,42.8047,G2,96.8994,0.255420,1.000000,0.772620,0.850000,0.760000,,0.260971,1710.835,4,4,0.760000,0.180000,0.010000,0.050000,0.480000,0.320000,0.000000,0.000000,NOTE_HYPOTHESIS,shared_audio_intelligence_v0_2;spectral_peak;owner_supplied_audio
BE-003:pitch:01996,BE-003:onset:0481,89.814785,797.814785,151.000000,38,4.000000,47.7851,C3,129.1992,0.255420,1.000000,0.774641,0.850000,0.550000,,0.361158,2409.442,2,1,0.550000,0.350000,0.030000,0.070000,0.480000,0.320000,0.000000,0.000000,NOTE_HYPOTHESIS,shared_audio_intelligence_v0_2;spectral_peak;owner_supplied_audio
BE-003:pitch:01997,BE-003:onset:0481,89.814785,797.814785,151.000000,38,4.000000,43.7407,G#2,102.2827,0.185760,1.000000,0.774641,0.850000,0.760000,,0.361158,2409.442,2,2,0.760000,0.180000,0.010000,0.050000,0.480000,0.320000,0.000000,0.000000,NOTE_HYPOTHESIS,shared_audio_intelligence_v0_2;spectral_peak;owner_supplied_audio
BE-003:pitch:01998,BE-003:onset:0482,89.977324,797.977324,151.291667,38,4.291667,49.1709,C#3,139.9658,0.208980,1.000000,0.824402,0.850000,0.550000,,0.345652,1859.856,4,1,0.550000,0.350000,0.030000,0.070000,0.480000,0.320000,0.000000,0.000000,NOTE_HYPOTHESIS,shared_audio_intelligence_v0_2;spectral_peak;owner_supplied_audio
BE-003:pitch:01999,BE-003:onset:0482,89.977324,797.977324,151.291667,38,4.291667,57.8808,A#3,231.4819,0.116100,0.957255,0.824402,0.828627,0.520000,,0.345652,1859.856,4,2,0.250000,0.520000,0.150000,0.080000,0.000000,0.450000,0.250000,0.200000,NOTE_HYPOTHESIS,shared_audio_intelligence_v0_2;spectral_peak;owner_supplied_audio
BE-003:pitch:02000,BE-003:onset:0482,89.977324,797.977324,151.291667,38,4.291667,47.0483,B2,123.8159,0.325079,0.953971,0.824402,0.826986,0.550000,,0.345652,1859.856,4,3,0.550000,0.350000,0.030000,0.070000,0.480000,0.320000,0.000000,0.000000,NOTE_HYPOTHESIS,shared_audio_intelligence_v0_2;spectral_peak;owner_supplied_audio